Command line invocation:
    /Applications/Xcode.app/Contents/Developer/usr/bin/xcodebuild -project NeuroForge.xcodeproj -scheme NeuroForgeUISmoke -destination "platform=iOS Simulator,id=064C7C8F-D941-4D8C-9B55-958F4123AF02" -derivedDataPath /tmp/NeuroForge-improvement-ios -resultBundlePath /tmp/nf-advanced-coordinate-five-installed-20260905.xcresult -collect-test-diagnostics never "-only-testing:NeuroForgeUITests/NavigationSmokeUITests/testAdvancedCoordinatePublicLaunchSavesOriginalAnswerAndSeparateWorkedMap" "-only-testing:NeuroForgeUITests/NavigationSmokeUITests/testAdvancedReflectionPublicLaunchSavesOriginalAnswerAndSeparateWorkedMap" "-only-testing:NeuroForgeUITests/NavigationSmokeUITests/testGeneratedSetCreatesSeparateRunAndPreservesExactColdSkipAndEnd" "-only-testing:NeuroForgeUITests/NavigationSmokeUITests/testSourceRecallColdRelaunchPreservesDraftReferenceAndNeutralResult" "-only-testing:NeuroForgeUITests/NavigationSmokeUITests/testCubeNetRetainsPrintedGivensAcrossCameraAndCommittedFolding" CODE_SIGNING_ALLOWED=NO test-without-building

Build settings from command line:
    CODE_SIGNING_ALLOWED = NO

Resolve Package Graph


Resolved source packages:
  SwiftMath: https://github.com/mgriebling/SwiftMath.git @ 1d2c908

Writing result bundle at path:
	/tmp/nf-advanced-coordinate-five-installed-20260905.xcresult

2026-09-05 18:36:54.653064-0400 NeuroForgeUITests-Runner[6529:6375793] [Default] Running tests...
objc[6529]: Class UIAccessibilityLoaderWebShared is implemented in both /Library/Developer/CoreSimulator/Volumes/iOS_23F77/Library/Developer/CoreSimulator/Profiles/Runtimes/iOS 26.5.simruntime/Contents/Resources/RuntimeRoot/System/Library/AccessibilityBundles/WebCore.axbundle/WebCore (0x105cf8310) and /Library/Developer/CoreSimulator/Volumes/iOS_23F77/Library/Developer/CoreSimulator/Profiles/Runtimes/iOS 26.5.simruntime/Contents/Resources/RuntimeRoot/System/Library/AccessibilityBundles/WebKit.axbundle/WebKit (0x105d74398). This may cause spurious casting failures and mysterious crashes. One of the duplicates must be removed or renamed.
    t =      nans Interface orientation changed to Portrait
Test Suite 'Selected tests' started at 2026-09-05 18:36:56.825.
Test Suite 'NeuroForgeUITests.xctest' started at 2026-09-05 18:36:56.826.
Test Suite 'NavigationSmokeUITests' started at 2026-09-05 18:36:56.826.
Test Case '-[NeuroForgeUITests.NavigationSmokeUITests testAdvancedCoordinatePublicLaunchSavesOriginalAnswerAndSeparateWorkedMap]' started.
    t =     0.00s Start Test at 2026-09-05 18:36:56.827
    t =     0.36s Set Up
    t =     0.37s Open com.zacrotech.NeuroForge
    t =     0.37s     Launch com.zacrotech.NeuroForge
2026-09-05 18:36:57.607 xcodebuild[6491:6375319] [MT] IDELaunchParametersSnapshot: The operation couldn’t be completed. (DebuggerLLDB.DebuggerVersionStore.StoreError error 0.)
2026-09-05 18:36:57.607 xcodebuild[6491:6375319] [MT] IDELaunchParametersSnapshot: no debugger version
    t =     2.30s         Setting up automation session
    t =     3.93s         Wait for com.zacrotech.NeuroForge to idle
    t =     6.56s Waiting 15.0s for "Practice" Button to exist
    t =     7.63s     Checking `Expect predicate `existsNoRetry == 1` for object "Practice" Button`
    t =     7.64s         Checking existence of `"Practice" Button`
    t =     7.94s Press "Practice" Button for 0.1 seconds
    t =     7.94s     Wait for com.zacrotech.NeuroForge to idle
    t =     7.94s     Find the "Practice" Button
    t =     8.00s     Check for interrupting elements affecting "Practice" Button
    t =     8.10s     Synthesize event
    t =     8.61s     Wait for com.zacrotech.NeuroForge to idle
    t =     9.97s Waiting 8.0s for "destination-train" Any to exist
    t =    11.04s     Checking `Expect predicate `existsNoRetry == 1` for object "destination-train" Any`
    t =    11.05s         Checking existence of `"destination-train" Any`
    t =    11.10s Get all elements bound by index for: Descendants matching type ScrollView
    t =    11.13s Find the ScrollView (Element at index 0)
    t =    11.16s Find the Target Application 'com.zacrotech.NeuroForge'
    t =    11.18s Checking existence of `Keyboard (First Match)`
    t =    11.24s Get all elements bound by index for: Descendants matching type NavigationBar
    t =    11.26s Find the NavigationBar (Element at index 0)
    t =    11.30s Find the "Practice" NavigationBar
    t =    11.32s Find the ScrollView at {{0.0, 0.0}, {375.0, 667.0}}
    t =    11.35s Find the ScrollView at {{0.0, 0.0}, {375.0, 667.0}}
    t =    11.38s Get all elements bound by index for: Descendants matching type TabBar
    t =    11.40s Find the TabBar (Element at index 0)
    t =    11.44s Find the "Tab Bar" TabBar
    t =    11.47s Checking existence of `Button (First Match)`
    t =    11.53s Find the Button (First Match)
    t =    11.58s Checking existence of `"session-submit" Any`
    t =    11.61s Checking existence of `"session-next" Any`
    t =    11.64s Checking existence of `"train-start-practice" Any`
    t =    11.67s Checking existence of `"train-start-graph-construction" Any`
    t =    11.70s Checking existence of `"Spatial Reasoning, Transformations across diagrams and 3D forms, Unassessed, No practice yet" Button`
    t =    11.75s Find the "Spatial Reasoning, Transformations across diagrams and 3D forms, Unassessed, No practice yet" Button
    t =    11.85s Find the "Spatial Reasoning, Transformations across diagrams and 3D forms, Unassessed, No practice yet" Button
    t =    11.91s Find the ScrollView at {{0.0, 0.0}, {375.0, 667.0}}
    t =    11.94s Checking existence of `"Spatial Reasoning, Transformations across diagrams and 3D forms, Unassessed, No practice yet" Button`
    t =    11.99s Find the "Spatial Reasoning, Transformations across diagrams and 3D forms, Unassessed, No practice yet" Button
    t =    12.06s Checking existence of `"Spatial Reasoning, Transformations across diagrams and 3D forms, Unassessed, No practice yet" Button`
    t =    12.10s Find the "Spatial Reasoning, Transformations across diagrams and 3D forms, Unassessed, No practice yet" Button
    t =    12.16s Find the ScrollView at {{0.0, 0.0}, {375.0, 667.0}}
    t =    12.19s Checking existence of `"Spatial Reasoning, Transformations across diagrams and 3D forms, Unassessed, No practice yet" Button`
    t =    12.24s Find the "Spatial Reasoning, Transformations across diagrams and 3D forms, Unassessed, No practice yet" Button
    t =    12.31s Press Target Application 'com.zacrotech.NeuroForge'[0.00, 0.00] -> (12.0, 503.2) for 0.1 seconds, then drag to Target Application 'com.zacrotech.NeuroForge'[0.00, 0.00] -> (12.0, 266.8) with velocity of 250.00 pixels per second, and then hold for 0.2 seconds 
    t =    12.31s     Wait for com.zacrotech.NeuroForge to idle
    t =    12.31s     Find the Target Application 'com.zacrotech.NeuroForge'
    t =    12.34s     Check for interrupting elements affecting "NeuroForge" Application
    t =    12.38s     Synthesize event
    t =    12.38s         Find the Target Application 'com.zacrotech.NeuroForge'
    t =    12.40s         Find the Target Application 'com.zacrotech.NeuroForge'
    t =    12.43s         Find the Target Application 'com.zacrotech.NeuroForge'
    t =    12.45s         Find the Target Application 'com.zacrotech.NeuroForge'
    t =    12.49s         Find the Target Application 'com.zacrotech.NeuroForge'
    t =    13.97s     Wait for com.zacrotech.NeuroForge to idle
    t =    14.18s Get all elements bound by index for: Descendants matching type ScrollView
    t =    14.22s Find the ScrollView (Element at index 0)
    t =    14.25s Find the Target Application 'com.zacrotech.NeuroForge'
    t =    14.27s Checking existence of `Keyboard (First Match)`
    t =    14.33s Get all elements bound by index for: Descendants matching type NavigationBar
    t =    14.36s Find the NavigationBar (Element at index 0)
    t =    14.40s Find the "Practice" NavigationBar
    t =    14.43s Find the ScrollView at {{0.0, 0.0}, {375.0, 667.0}}
    t =    14.46s Find the ScrollView at {{0.0, 0.0}, {375.0, 667.0}}
    t =    14.48s Get all elements bound by index for: Descendants matching type TabBar
    t =    14.51s Find the TabBar (Element at index 0)
    t =    14.54s Find the "Tab Bar" TabBar
    t =    14.58s Checking existence of `"Spatial Reasoning, Transformations across diagrams and 3D forms, Unassessed, No practice yet" Button`
    t =    14.63s Find the "Spatial Reasoning, Transformations across diagrams and 3D forms, Unassessed, No practice yet" Button
    t =    14.68s Checking existence of `"session-submit" Any`
    t =    14.71s Checking existence of `"session-next" Any`
    t =    14.74s Checking existence of `"train-start-practice" Any`
    t =    14.77s Checking existence of `"train-start-graph-construction" Any`
    t =    14.81s Checking existence of `"Spatial Reasoning, Transformations across diagrams and 3D forms, Unassessed, No practice yet" Button`
    t =    14.85s Find the "Spatial Reasoning, Transformations across diagrams and 3D forms, Unassessed, No practice yet" Button
    t =    14.91s Find the "Spatial Reasoning, Transformations across diagrams and 3D forms, Unassessed, No practice yet" Button
    t =    14.97s Find the ScrollView at {{0.0, 0.0}, {375.0, 667.0}}
    t =    15.00s Checking existence of `"Spatial Reasoning, Transformations across diagrams and 3D forms, Unassessed, No practice yet" Button`
    t =    15.05s Find the "Spatial Reasoning, Transformations across diagrams and 3D forms, Unassessed, No practice yet" Button
    t =    15.11s Checking existence of `"Spatial Reasoning, Transformations across diagrams and 3D forms, Unassessed, No practice yet" Button`
    t =    15.16s Find the "Spatial Reasoning, Transformations across diagrams and 3D forms, Unassessed, No practice yet" Button
    t =    15.21s Find the ScrollView at {{0.0, 0.0}, {375.0, 667.0}}
    t =    15.24s Checking existence of `"Spatial Reasoning, Transformations across diagrams and 3D forms, Unassessed, No practice yet" Button`
    t =    15.29s Find the "Spatial Reasoning, Transformations across diagrams and 3D forms, Unassessed, No practice yet" Button
    t =    15.34s Press Target Application 'com.zacrotech.NeuroForge'[0.00, 0.00] -> (12.0, 480.8) for 0.1 seconds, then drag to Target Application 'com.zacrotech.NeuroForge'[0.00, 0.00] -> (12.0, 188.8) with velocity of 250.00 pixels per second, and then hold for 0.2 seconds 
    t =    15.34s     Wait for com.zacrotech.NeuroForge to idle
    t =    15.34s     Find the Target Application 'com.zacrotech.NeuroForge'
    t =    15.36s     Check for interrupting elements affecting "NeuroForge" Application
    t =    15.39s     Synthesize event
    t =    15.39s         Find the Target Application 'com.zacrotech.NeuroForge'
    t =    15.42s         Find the Target Application 'com.zacrotech.NeuroForge'
    t =    15.44s         Find the Target Application 'com.zacrotech.NeuroForge'
    t =    15.46s         Find the Target Application 'com.zacrotech.NeuroForge'
    t =    15.48s         Find the Target Application 'com.zacrotech.NeuroForge'
    t =    17.18s     Wait for com.zacrotech.NeuroForge to idle
    t =    17.19s Get all elements bound by index for: Descendants matching type ScrollView
    t =    17.22s Find the ScrollView (Element at index 0)
    t =    17.26s Find the Target Application 'com.zacrotech.NeuroForge'
    t =    17.28s Checking existence of `Keyboard (First Match)`
    t =    17.35s Get all elements bound by index for: Descendants matching type NavigationBar
    t =    17.38s Find the NavigationBar (Element at index 0)
    t =    17.42s Find the "Practice" NavigationBar
    t =    17.45s Find the ScrollView at {{0.0, 0.0}, {375.0, 667.0}}
    t =    17.48s Find the ScrollView at {{0.0, 0.0}, {375.0, 667.0}}
    t =    17.51s Get all elements bound by index for: Descendants matching type TabBar
    t =    17.53s Find the TabBar (Element at index 0)
    t =    17.57s Find the "Tab Bar" TabBar
    t =    17.60s Checking existence of `"Spatial Reasoning, Transformations across diagrams and 3D forms, Unassessed, No practice yet" Button`
    t =    17.65s Find the "Spatial Reasoning, Transformations across diagrams and 3D forms, Unassessed, No practice yet" Button
    t =    17.69s Checking existence of `"session-submit" Any`
    t =    17.73s Checking existence of `"session-next" Any`
    t =    17.77s Checking existence of `"train-start-practice" Any`
    t =    17.80s Checking existence of `"train-start-graph-construction" Any`
    t =    17.84s Checking existence of `"Spatial Reasoning, Transformations across diagrams and 3D forms, Unassessed, No practice yet" Button`
    t =    17.88s Find the "Spatial Reasoning, Transformations across diagrams and 3D forms, Unassessed, No practice yet" Button
    t =    17.94s Find the "Spatial Reasoning, Transformations across diagrams and 3D forms, Unassessed, No practice yet" Button
    t =    18.00s Find the ScrollView at {{0.0, 0.0}, {375.0, 667.0}}
    t =    18.03s Checking existence of `"Spatial Reasoning, Transformations across diagrams and 3D forms, Unassessed, No practice yet" Button`
    t =    18.08s Find the "Spatial Reasoning, Transformations across diagrams and 3D forms, Unassessed, No practice yet" Button
    t =    18.14s Find the "Spatial Reasoning, Transformations across diagrams and 3D forms, Unassessed, No practice yet" Button
    t =    18.20s Find the "Spatial Reasoning, Transformations across diagrams and 3D forms, Unassessed, No practice yet" Button
    t =    18.25s Checking existence of `"Spatial Reasoning, Transformations across diagrams and 3D forms, Unassessed, No practice yet" Button`
    t =    18.30s Find the "Spatial Reasoning, Transformations across diagrams and 3D forms, Unassessed, No practice yet" Button
    t =    18.35s Find the ScrollView at {{0.0, 0.0}, {375.0, 667.0}}
    t =    18.39s Checking existence of `"Spatial Reasoning, Transformations across diagrams and 3D forms, Unassessed, No practice yet" Button`
    t =    18.43s Find the "Spatial Reasoning, Transformations across diagrams and 3D forms, Unassessed, No practice yet" Button
    t =    18.48s Press Target Application 'com.zacrotech.NeuroForge'[0.00, 0.00] -> (12.0, 480.8) for 0.1 seconds, then drag to Target Application 'com.zacrotech.NeuroForge'[0.00, 0.00] -> (12.0, 464.8) with velocity of 250.00 pixels per second, and then hold for 0.2 seconds 
    t =    18.48s     Wait for com.zacrotech.NeuroForge to idle
    t =    18.68s     Find the Target Application 'com.zacrotech.NeuroForge'
    t =    18.70s     Check for interrupting elements affecting "NeuroForge" Application
    t =    18.73s     Synthesize event
    t =    18.74s         Find the Target Application 'com.zacrotech.NeuroForge'
    t =    18.76s         Find the Target Application 'com.zacrotech.NeuroForge'
    t =    18.78s         Find the Target Application 'com.zacrotech.NeuroForge'
    t =    18.80s         Find the Target Application 'com.zacrotech.NeuroForge'
    t =    18.83s         Find the Target Application 'com.zacrotech.NeuroForge'
    t =    19.42s     Wait for com.zacrotech.NeuroForge to idle
    t =    19.43s Get all elements bound by index for: Descendants matching type ScrollView
    t =    19.46s Find the ScrollView (Element at index 0)
    t =    19.50s Find the Target Application 'com.zacrotech.NeuroForge'
    t =    19.52s Checking existence of `Keyboard (First Match)`
    t =    19.59s Get all elements bound by index for: Descendants matching type NavigationBar
    t =    19.61s Find the NavigationBar (Element at index 0)
    t =    19.65s Find the "Practice" NavigationBar
    t =    19.68s Find the ScrollView at {{0.0, 0.0}, {375.0, 667.0}}
    t =    19.71s Find the ScrollView at {{0.0, 0.0}, {375.0, 667.0}}
    t =    19.74s Get all elements bound by index for: Descendants matching type TabBar
    t =    19.76s Find the TabBar (Element at index 0)
    t =    19.80s Find the "Tab Bar" TabBar
    t =    19.83s Checking existence of `"Spatial Reasoning, Transformations across diagrams and 3D forms, Unassessed, No practice yet" Button`
    t =    19.87s Find the "Spatial Reasoning, Transformations across diagrams and 3D forms, Unassessed, No practice yet" Button
    t =    19.92s Checking existence of `"session-submit" Any`
    t =    19.96s Checking existence of `"session-next" Any`
    t =    19.99s Checking existence of `"train-start-practice" Any`
    t =    20.02s Checking existence of `"train-start-graph-construction" Any`
    t =    20.06s Checking existence of `"Spatial Reasoning, Transformations across diagrams and 3D forms, Unassessed, No practice yet" Button`
    t =    20.11s Find the "Spatial Reasoning, Transformations across diagrams and 3D forms, Unassessed, No practice yet" Button
    t =    20.16s Find the "Spatial Reasoning, Transformations across diagrams and 3D forms, Unassessed, No practice yet" Button
    t =    20.24s Find the ScrollView at {{0.0, 0.0}, {375.0, 667.0}}
    t =    20.27s Checking existence of `"Spatial Reasoning, Transformations across diagrams and 3D forms, Unassessed, No practice yet" Button`
    t =    20.32s Find the "Spatial Reasoning, Transformations across diagrams and 3D forms, Unassessed, No practice yet" Button
    t =    20.38s Find the "Spatial Reasoning, Transformations across diagrams and 3D forms, Unassessed, No practice yet" Button
    t =    20.43s Find the "Spatial Reasoning, Transformations across diagrams and 3D forms, Unassessed, No practice yet" Button
    t =    20.48s Press "Spatial Reasoning, Transformations across diagrams and 3D forms, Unassessed, No practice yet" Button for 0.1 seconds
    t =    20.48s     Wait for com.zacrotech.NeuroForge to idle
    t =    20.49s     Find the "Spatial Reasoning, Transformations across diagrams and 3D forms, Unassessed, No practice yet" Button
    t =    20.53s     Check for interrupting elements affecting "Spatial Reasoning, Transformations across diagrams and 3D forms, Unassessed, No practice yet" Button
    t =    20.57s     Synthesize event
    t =    20.94s     Wait for com.zacrotech.NeuroForge to idle
    t =    21.20s Waiting 8.0s for "Spatial" NavigationBar to exist
    t =    22.27s     Checking `Expect predicate `existsNoRetry == 1` for object "Spatial" NavigationBar`
    t =    22.27s         Checking existence of `"Spatial" NavigationBar`
    t =    22.34s Get all elements bound by index for: Descendants matching type ScrollView
    t =    22.38s Find the ScrollView (Element at index 0)
    t =    22.43s Find the Target Application 'com.zacrotech.NeuroForge'
    t =    22.46s Checking existence of `Keyboard (First Match)`
    t =    22.53s Get all elements bound by index for: Descendants matching type NavigationBar
    t =    22.57s Find the NavigationBar (Element at index 0)
    t =    22.63s Find the "Spatial" NavigationBar
    t =    22.68s Find the ScrollView at {{0.0, 0.0}, {375.0, 667.0}}
    t =    22.74s Find the ScrollView at {{0.0, 0.0}, {375.0, 667.0}}
    t =    22.79s Get all elements bound by index for: Descendants matching type TabBar
    t =    22.83s Find the TabBar (Element at index 0)
    t =    22.88s Find the "Tab Bar" TabBar
    t =    22.92s Checking existence of `Button (First Match)`
    t =    22.99s Find the Button (First Match)
    t =    23.05s Checking existence of `"session-submit" Any`
    t =    23.10s Checking existence of `"session-next" Any`
    t =    23.14s Checking existence of `"train-start-practice" Any`
    t =    23.19s Find the "train-start-practice" Any
    t =    23.26s Find the "train-start-practice" Button
    t =    23.32s Find the "train-start-practice" Button
    t =    23.37s Checking existence of `"train-start-graph-construction" Any`
    t =    23.43s Checking existence of `"Coordinate Rotation, Rotate a 2D coordinate counterclockwise while preserving its distance from the origin., Puzzle" Button`
    t =    23.48s Find the "Coordinate Rotation, Rotate a 2D coordinate counterclockwise while preserving its distance from the origin., Puzzle" Button
    t =    23.55s Find the "Coordinate Rotation, Rotate a 2D coordinate counterclockwise while preserving its distance from the origin., Puzzle" Button
    t =    23.62s Find the ScrollView at {{0.0, 0.0}, {375.0, 667.0}}
    t =    23.66s Checking existence of `"Coordinate Rotation, Rotate a 2D coordinate counterclockwise while preserving its distance from the origin., Puzzle" Button`
    t =    23.71s Find the "Coordinate Rotation, Rotate a 2D coordinate counterclockwise while preserving its distance from the origin., Puzzle" Button
    t =    23.78s Checking existence of `"Coordinate Rotation, Rotate a 2D coordinate counterclockwise while preserving its distance from the origin., Puzzle" Button`
    t =    23.84s Find the "Coordinate Rotation, Rotate a 2D coordinate counterclockwise while preserving its distance from the origin., Puzzle" Button
    t =    23.91s Find the ScrollView at {{0.0, 0.0}, {375.0, 667.0}}
    t =    23.94s Checking existence of `"Coordinate Rotation, Rotate a 2D coordinate counterclockwise while preserving its distance from the origin., Puzzle" Button`
    t =    24.00s Find the "Coordinate Rotation, Rotate a 2D coordinate counterclockwise while preserving its distance from the origin., Puzzle" Button
    t =    24.06s Press Target Application 'com.zacrotech.NeuroForge'[0.00, 0.00] -> (12.0, 438.0) for 0.1 seconds, then drag to Target Application 'com.zacrotech.NeuroForge'[0.00, 0.00] -> (12.0, 205.5) with velocity of 250.00 pixels per second, and then hold for 0.2 seconds 
    t =    24.06s     Wait for com.zacrotech.NeuroForge to idle
    t =    24.06s     Find the Target Application 'com.zacrotech.NeuroForge'
    t =    24.10s     Check for interrupting elements affecting "NeuroForge" Application
    t =    24.18s     Synthesize event
    t =    24.19s         Find the Target Application 'com.zacrotech.NeuroForge'
    t =    24.21s         Find the Target Application 'com.zacrotech.NeuroForge'
    t =    24.24s         Find the Target Application 'com.zacrotech.NeuroForge'
    t =    24.27s         Find the Target Application 'com.zacrotech.NeuroForge'
    t =    24.31s         Find the Target Application 'com.zacrotech.NeuroForge'
    t =    25.78s     Wait for com.zacrotech.NeuroForge to idle
    t =    26.35s Get all elements bound by index for: Descendants matching type ScrollView
    t =    26.41s Find the ScrollView (Element at index 0)
    t =    26.47s Find the Target Application 'com.zacrotech.NeuroForge'
    t =    26.50s Checking existence of `Keyboard (First Match)`
    t =    26.59s Get all elements bound by index for: Descendants matching type NavigationBar
    t =    26.62s Find the NavigationBar (Element at index 0)
    t =    26.67s Find the "Spatial" NavigationBar
    t =    26.72s Find the ScrollView at {{0.0, 0.0}, {375.0, 667.0}}
    t =    26.77s Find the ScrollView at {{0.0, 0.0}, {375.0, 667.0}}
    t =    26.81s Get all elements bound by index for: Descendants matching type TabBar
    t =    26.84s Find the TabBar (Element at index 0)
    t =    26.89s Find the "Tab Bar" TabBar
    t =    26.94s Checking existence of `"Coordinate Rotation, Rotate a 2D coordinate counterclockwise while preserving its distance from the origin., Puzzle" Button`
    t =    26.99s Find the "Coordinate Rotation, Rotate a 2D coordinate counterclockwise while preserving its distance from the origin., Puzzle" Button
    t =    27.05s Checking existence of `"session-submit" Any`
    t =    27.10s Checking existence of `"session-next" Any`
    t =    27.15s Checking existence of `"train-start-practice" Any`
    t =    27.19s Find the "train-start-practice" Any
    t =    27.25s Find the "train-start-practice" Button
    t =    27.31s Find the "train-start-practice" Button
    t =    27.36s Checking existence of `"train-start-graph-construction" Any`
    t =    27.41s Checking existence of `"Coordinate Rotation, Rotate a 2D coordinate counterclockwise while preserving its distance from the origin., Puzzle" Button`
    t =    27.46s Find the "Coordinate Rotation, Rotate a 2D coordinate counterclockwise while preserving its distance from the origin., Puzzle" Button
    t =    27.52s Find the "Coordinate Rotation, Rotate a 2D coordinate counterclockwise while preserving its distance from the origin., Puzzle" Button
    t =    27.61s Find the ScrollView at {{0.0, 0.0}, {375.0, 667.0}}
    t =    27.65s Checking existence of `"Coordinate Rotation, Rotate a 2D coordinate counterclockwise while preserving its distance from the origin., Puzzle" Button`
    t =    27.70s Find the "Coordinate Rotation, Rotate a 2D coordinate counterclockwise while preserving its distance from the origin., Puzzle" Button
    t =    27.77s Find the "Coordinate Rotation, Rotate a 2D coordinate counterclockwise while preserving its distance from the origin., Puzzle" Button
    t =    27.84s Find the "Coordinate Rotation, Rotate a 2D coordinate counterclockwise while preserving its distance from the origin., Puzzle" Button
    t =    27.90s Checking existence of `"Coordinate Rotation, Rotate a 2D coordinate counterclockwise while preserving its distance from the origin., Puzzle" Button`
    t =    27.95s Find the "Coordinate Rotation, Rotate a 2D coordinate counterclockwise while preserving its distance from the origin., Puzzle" Button
    t =    28.01s Find the ScrollView at {{0.0, 0.0}, {375.0, 667.0}}
    t =    28.05s Checking existence of `"Coordinate Rotation, Rotate a 2D coordinate counterclockwise while preserving its distance from the origin., Puzzle" Button`
    t =    28.11s Find the "Coordinate Rotation, Rotate a 2D coordinate counterclockwise while preserving its distance from the origin., Puzzle" Button
    t =    28.17s Press Target Application 'com.zacrotech.NeuroForge'[0.00, 0.00] -> (12.0, 427.6) for 0.1 seconds, then drag to Target Application 'com.zacrotech.NeuroForge'[0.00, 0.00] -> (12.0, 283.6) with velocity of 250.00 pixels per second, and then hold for 0.2 seconds 
    t =    28.17s     Wait for com.zacrotech.NeuroForge to idle
    t =    28.17s     Find the Target Application 'com.zacrotech.NeuroForge'
    t =    28.20s     Check for interrupting elements affecting "NeuroForge" Application
    t =    28.24s     Synthesize event
    t =    28.25s         Find the Target Application 'com.zacrotech.NeuroForge'
    t =    28.28s         Find the Target Application 'com.zacrotech.NeuroForge'
    t =    28.32s         Find the Target Application 'com.zacrotech.NeuroForge'
    t =    28.35s         Find the Target Application 'com.zacrotech.NeuroForge'
    t =    28.38s         Find the Target Application 'com.zacrotech.NeuroForge'
    t =    29.52s     Wait for com.zacrotech.NeuroForge to idle
    t =    29.73s Get all elements bound by index for: Descendants matching type ScrollView
    t =    29.78s Find the ScrollView (Element at index 0)
    t =    29.83s Find the Target Application 'com.zacrotech.NeuroForge'
    t =    29.86s Checking existence of `Keyboard (First Match)`
    t =    29.95s Get all elements bound by index for: Descendants matching type NavigationBar
    t =    29.98s Find the NavigationBar (Element at index 0)
    t =    30.03s Find the "Spatial" NavigationBar
    t =    30.08s Find the ScrollView at {{0.0, 0.0}, {375.0, 667.0}}
    t =    30.12s Find the ScrollView at {{0.0, 0.0}, {375.0, 667.0}}
    t =    30.16s Get all elements bound by index for: Descendants matching type TabBar
    t =    30.19s Find the TabBar (Element at index 0)
    t =    30.24s Find the "Tab Bar" TabBar
    t =    30.29s Checking existence of `"Coordinate Rotation, Rotate a 2D coordinate counterclockwise while preserving its distance from the origin., Puzzle" Button`
    t =    30.34s Find the "Coordinate Rotation, Rotate a 2D coordinate counterclockwise while preserving its distance from the origin., Puzzle" Button
    t =    30.40s Checking existence of `"session-submit" Any`
    t =    30.45s Checking existence of `"session-next" Any`
    t =    30.50s Checking existence of `"train-start-practice" Any`
    t =    30.55s Find the "train-start-practice" Any
    t =    30.61s Find the "train-start-practice" Button
    t =    30.67s Find the "train-start-practice" Button
    t =    30.72s Checking existence of `"train-start-graph-construction" Any`
    t =    30.77s Checking existence of `"Coordinate Rotation, Rotate a 2D coordinate counterclockwise while preserving its distance from the origin., Puzzle" Button`
    t =    30.83s Find the "Coordinate Rotation, Rotate a 2D coordinate counterclockwise while preserving its distance from the origin., Puzzle" Button
    t =    30.89s Find the "Coordinate Rotation, Rotate a 2D coordinate counterclockwise while preserving its distance from the origin., Puzzle" Button
    t =    30.96s Find the ScrollView at {{0.0, 0.0}, {375.0, 667.0}}
    t =    31.00s Checking existence of `"Coordinate Rotation, Rotate a 2D coordinate counterclockwise while preserving its distance from the origin., Puzzle" Button`
    t =    31.05s Find the "Coordinate Rotation, Rotate a 2D coordinate counterclockwise while preserving its distance from the origin., Puzzle" Button
    t =    31.12s Find the "Coordinate Rotation, Rotate a 2D coordinate counterclockwise while preserving its distance from the origin., Puzzle" Button
    t =    31.18s Find the "Coordinate Rotation, Rotate a 2D coordinate counterclockwise while preserving its distance from the origin., Puzzle" Button
    t =    31.25s Checking existence of `"Coordinate Rotation, Rotate a 2D coordinate counterclockwise while preserving its distance from the origin., Puzzle" Button`
    t =    31.31s Find the "Coordinate Rotation, Rotate a 2D coordinate counterclockwise while preserving its distance from the origin., Puzzle" Button
    t =    31.37s Find the ScrollView at {{0.0, 0.0}, {375.0, 667.0}}
    t =    31.41s Checking existence of `"Coordinate Rotation, Rotate a 2D coordinate counterclockwise while preserving its distance from the origin., Puzzle" Button`
    t =    31.46s Find the "Coordinate Rotation, Rotate a 2D coordinate counterclockwise while preserving its distance from the origin., Puzzle" Button
    t =    31.52s Press Target Application 'com.zacrotech.NeuroForge'[0.00, 0.00] -> (12.0, 427.6) for 0.1 seconds, then drag to Target Application 'com.zacrotech.NeuroForge'[0.00, 0.00] -> (12.0, 411.6) with velocity of 250.00 pixels per second, and then hold for 0.2 seconds 
    t =    31.52s     Wait for com.zacrotech.NeuroForge to idle
    t =    31.52s     Find the Target Application 'com.zacrotech.NeuroForge'
    t =    31.56s     Check for interrupting elements affecting "NeuroForge" Application
    t =    31.60s     Synthesize event
    t =    31.60s         Find the Target Application 'com.zacrotech.NeuroForge'
    t =    31.63s         Find the Target Application 'com.zacrotech.NeuroForge'
    t =    31.67s         Find the Target Application 'com.zacrotech.NeuroForge'
    t =    31.70s         Find the Target Application 'com.zacrotech.NeuroForge'
    t =    31.74s         Find the Target Application 'com.zacrotech.NeuroForge'
    t =    32.34s     Wait for com.zacrotech.NeuroForge to idle
    t =    33.79s Get all elements bound by index for: Descendants matching type ScrollView
    t =    33.84s Find the ScrollView (Element at index 0)
    t =    33.89s Find the Target Application 'com.zacrotech.NeuroForge'
    t =    33.92s Checking existence of `Keyboard (First Match)`
    t =    34.01s Get all elements bound by index for: Descendants matching type NavigationBar
    t =    34.05s Find the NavigationBar (Element at index 0)
    t =    34.10s Find the "Spatial" NavigationBar
    t =    34.15s Find the ScrollView at {{0.0, 0.0}, {375.0, 667.0}}
    t =    34.20s Find the ScrollView at {{0.0, 0.0}, {375.0, 667.0}}
    t =    34.24s Get all elements bound by index for: Descendants matching type TabBar
    t =    34.28s Find the TabBar (Element at index 0)
    t =    34.33s Find the "Tab Bar" TabBar
    t =    34.37s Checking existence of `"Coordinate Rotation, Rotate a 2D coordinate counterclockwise while preserving its distance from the origin., Puzzle" Button`
    t =    34.43s Find the "Coordinate Rotation, Rotate a 2D coordinate counterclockwise while preserving its distance from the origin., Puzzle" Button
    t =    34.48s Checking existence of `"session-submit" Any`
    t =    34.53s Checking existence of `"session-next" Any`
    t =    34.59s Checking existence of `"train-start-practice" Any`
    t =    34.64s Find the "train-start-practice" Any
    t =    34.71s Find the "train-start-practice" Button
    t =    34.77s Find the "train-start-practice" Button
    t =    34.82s Checking existence of `"train-start-graph-construction" Any`
    t =    34.88s Checking existence of `"Coordinate Rotation, Rotate a 2D coordinate counterclockwise while preserving its distance from the origin., Puzzle" Button`
    t =    34.94s Find the "Coordinate Rotation, Rotate a 2D coordinate counterclockwise while preserving its distance from the origin., Puzzle" Button
    t =    35.02s Find the "Coordinate Rotation, Rotate a 2D coordinate counterclockwise while preserving its distance from the origin., Puzzle" Button
    t =    35.10s Find the ScrollView at {{0.0, 0.0}, {375.0, 667.0}}
    t =    35.14s Checking existence of `"Coordinate Rotation, Rotate a 2D coordinate counterclockwise while preserving its distance from the origin., Puzzle" Button`
    t =    35.21s Find the "Coordinate Rotation, Rotate a 2D coordinate counterclockwise while preserving its distance from the origin., Puzzle" Button
    t =    35.28s Find the "Coordinate Rotation, Rotate a 2D coordinate counterclockwise while preserving its distance from the origin., Puzzle" Button
    t =    35.35s Find the "Coordinate Rotation, Rotate a 2D coordinate counterclockwise while preserving its distance from the origin., Puzzle" Button
    t =    35.41s Press "Coordinate Rotation, Rotate a 2D coordinate counterclockwise while preserving its distance from the origin., Puzzle" Button for 0.1 seconds
    t =    35.41s     Wait for com.zacrotech.NeuroForge to idle
    t =    35.41s     Find the "Coordinate Rotation, Rotate a 2D coordinate counterclockwise while preserving its distance from the origin., Puzzle" Button
    t =    35.47s     Check for interrupting elements affecting "Coordinate Rotation, Rotate a 2D coordinate counterclockwise while preserving its distance from the origin., Puzzle" Button
    t =    35.52s     Synthesize event
    t =    35.91s     Wait for com.zacrotech.NeuroForge to idle
    t =    37.10s Waiting 8.0s for "Coordinate Rotation" NavigationBar to exist
    t =    38.17s     Checking `Expect predicate `existsNoRetry == 1` for object "Coordinate Rotation" NavigationBar`
    t =    38.18s         Checking existence of `"Coordinate Rotation" NavigationBar`
    t =    38.26s Get all elements bound by index for: Descendants matching type ScrollView
    t =    38.30s Find the ScrollView (Element at index 0)
    t =    38.36s Find the Target Application 'com.zacrotech.NeuroForge'
    t =    38.40s Checking existence of `Keyboard (First Match)`
    t =    38.49s Get all elements bound by index for: Descendants matching type NavigationBar
    t =    38.53s Find the NavigationBar (Element at index 0)
    t =    38.59s Find the "Coordinate Rotation" NavigationBar
    t =    38.64s Find the ScrollView at {{0.0, 0.0}, {375.0, 667.0}}
    t =    38.69s Find the ScrollView at {{0.0, 0.0}, {375.0, 667.0}}
    t =    38.73s Get all elements bound by index for: Descendants matching type TabBar
    t =    38.77s Find the TabBar (Element at index 0)
    t =    38.83s Find the "Tab Bar" TabBar
    t =    38.87s Checking existence of `"5 questions" Button`
    t =    38.93s Checking existence of `"session-submit" Any`
    t =    38.99s Checking existence of `"session-next" Any`
    t =    39.05s Checking existence of `"train-start-practice" Any`
    t =    39.12s Find the "train-start-practice" Any
    t =    39.19s Find the "train-start-practice" Button
    t =    39.26s Find the "train-start-practice" Button
    t =    39.33s Checking existence of `"train-start-graph-construction" Any`
    t =    39.39s Checking existence of `"5 questions" Button`
    t =    39.44s Find the "5 questions" Button
    t =    40.50s     Find the "5 questions" Button (retry 1)
    t =    41.56s     Find the "5 questions" Button (retry 2)
    t =    41.62s Find the ScrollView at {{0.0, 0.0}, {375.0, 667.0}}
    t =    41.67s Checking existence of `"5 questions" Button`
    t =    41.72s Checking existence of `"5 questions" Button`
    t =    41.78s Find the ScrollView at {{0.0, 0.0}, {375.0, 667.0}}
    t =    41.83s Checking existence of `"5 questions" Button`
    t =    41.89s Press Target Application 'com.zacrotech.NeuroForge'[0.00, 0.00] -> (12.0, 362.0) for 0.1 seconds, then drag to Target Application 'com.zacrotech.NeuroForge'[0.00, 0.00] -> (12.0, 175.2) with velocity of 250.00 pixels per second, and then hold for 0.2 seconds 
    t =    41.89s     Wait for com.zacrotech.NeuroForge to idle
    t =    41.89s     Find the Target Application 'com.zacrotech.NeuroForge'
    t =    41.94s     Check for interrupting elements affecting "NeuroForge" Application
    t =    42.00s     Synthesize event
    t =    42.00s         Find the Target Application 'com.zacrotech.NeuroForge'
    t =    42.04s         Find the Target Application 'com.zacrotech.NeuroForge'
    t =    42.08s         Find the Target Application 'com.zacrotech.NeuroForge'
    t =    42.12s         Find the Target Application 'com.zacrotech.NeuroForge'
    t =    42.16s         Find the Target Application 'com.zacrotech.NeuroForge'
    t =    43.46s     Wait for com.zacrotech.NeuroForge to idle
    t =    43.88s Get all elements bound by index for: Descendants matching type ScrollView
    t =    43.93s Find the ScrollView (Element at index 0)
    t =    43.99s Find the Target Application 'com.zacrotech.NeuroForge'
    t =    44.03s Checking existence of `Keyboard (First Match)`
    t =    44.13s Get all elements bound by index for: Descendants matching type NavigationBar
    t =    44.17s Find the NavigationBar (Element at index 0)
    t =    44.23s Find the "Coordinate Rotation" NavigationBar
    t =    44.28s Find the ScrollView at {{0.0, 0.0}, {375.0, 667.0}}
    t =    44.33s Find the ScrollView at {{0.0, 0.0}, {375.0, 667.0}}
    t =    44.37s Get all elements bound by index for: Descendants matching type TabBar
    t =    44.42s Find the TabBar (Element at index 0)
    t =    44.48s Find the "Tab Bar" TabBar
    t =    44.52s Checking existence of `"5 questions" Button`
    t =    44.57s Checking existence of `"session-submit" Any`
    t =    44.63s Checking existence of `"session-next" Any`
    t =    44.69s Checking existence of `"train-start-practice" Any`
    t =    44.76s Find the "train-start-practice" Any
    t =    44.86s Find the "train-start-practice" Button
    t =    44.92s Find the "train-start-practice" Button
    t =    44.98s Checking existence of `"train-start-graph-construction" Any`
    t =    45.04s Checking existence of `"5 questions" Button`
    t =    45.09s Find the "5 questions" Button
    t =    46.15s     Find the "5 questions" Button (retry 1)
    t =    47.22s     Find the "5 questions" Button (retry 2)
    t =    47.28s Find the ScrollView at {{0.0, 0.0}, {375.0, 667.0}}
    t =    47.32s Checking existence of `"5 questions" Button`
    t =    47.37s Checking existence of `"5 questions" Button`
    t =    47.43s Find the ScrollView at {{0.0, 0.0}, {375.0, 667.0}}
    t =    47.48s Checking existence of `"5 questions" Button`
    t =    47.53s Press Target Application 'com.zacrotech.NeuroForge'[0.00, 0.00] -> (12.0, 362.0) for 0.1 seconds, then drag to Target Application 'com.zacrotech.NeuroForge'[0.00, 0.00] -> (12.0, 175.2) with velocity of 250.00 pixels per second, and then hold for 0.2 seconds 
    t =    47.53s     Wait for com.zacrotech.NeuroForge to idle
    t =    47.53s     Find the Target Application 'com.zacrotech.NeuroForge'
    t =    47.57s     Check for interrupting elements affecting "NeuroForge" Application
    t =    47.62s     Synthesize event
    t =    47.62s         Find the Target Application 'com.zacrotech.NeuroForge'
    t =    47.66s         Find the Target Application 'com.zacrotech.NeuroForge'
    t =    47.70s         Find the Target Application 'com.zacrotech.NeuroForge'
    t =    47.74s         Find the Target Application 'com.zacrotech.NeuroForge'
    t =    47.78s         Find the Target Application 'com.zacrotech.NeuroForge'
    t =    49.08s     Wait for com.zacrotech.NeuroForge to idle
    t =    49.23s Get all elements bound by index for: Descendants matching type ScrollView
    t =    49.28s Find the ScrollView (Element at index 0)
    t =    49.34s Find the Target Application 'com.zacrotech.NeuroForge'
    t =    49.37s Checking existence of `Keyboard (First Match)`
    t =    49.47s Get all elements bound by index for: Descendants matching type NavigationBar
    t =    49.51s Find the NavigationBar (Element at index 0)
    t =    49.58s Find the "Coordinate Rotation" NavigationBar
    t =    49.63s Find the ScrollView at {{0.0, 0.0}, {375.0, 667.0}}
    t =    49.68s Find the ScrollView at {{0.0, 0.0}, {375.0, 667.0}}
    t =    49.72s Get all elements bound by index for: Descendants matching type TabBar
    t =    49.76s Find the TabBar (Element at index 0)
    t =    49.81s Find the "Tab Bar" TabBar
    t =    49.86s Checking existence of `"5 questions" Button`
    t =    49.91s Checking existence of `"session-submit" Any`
    t =    49.96s Checking existence of `"session-next" Any`
    t =    50.02s Checking existence of `"train-start-practice" Any`
    t =    50.08s Find the "train-start-practice" Any
    t =    50.15s Find the "train-start-practice" Button
    t =    50.22s Find the "train-start-practice" Button
    t =    50.28s Checking existence of `"train-start-graph-construction" Any`
    t =    50.35s Checking existence of `"5 questions" Button`
    t =    50.40s Find the "5 questions" Button
    t =    51.46s     Find the "5 questions" Button (retry 1)
    t =    52.53s     Find the "5 questions" Button (retry 2)
    t =    52.59s Find the ScrollView at {{0.0, 0.0}, {375.0, 667.0}}
    t =    52.64s Checking existence of `"5 questions" Button`
    t =    52.69s Checking existence of `"5 questions" Button`
    t =    52.74s Find the ScrollView at {{0.0, 0.0}, {375.0, 667.0}}
    t =    52.79s Checking existence of `"5 questions" Button`
    t =    52.84s Press Target Application 'com.zacrotech.NeuroForge'[0.00, 0.00] -> (12.0, 362.0) for 0.1 seconds, then drag to Target Application 'com.zacrotech.NeuroForge'[0.00, 0.00] -> (12.0, 175.2) with velocity of 250.00 pixels per second, and then hold for 0.2 seconds 
    t =    52.84s     Wait for com.zacrotech.NeuroForge to idle
    t =    52.84s     Find the Target Application 'com.zacrotech.NeuroForge'
    t =    52.88s     Check for interrupting elements affecting "NeuroForge" Application
    t =    52.93s     Synthesize event
    t =    52.93s         Find the Target Application 'com.zacrotech.NeuroForge'
    t =    52.97s         Find the Target Application 'com.zacrotech.NeuroForge'
    t =    53.01s         Find the Target Application 'com.zacrotech.NeuroForge'
    t =    53.05s         Find the Target Application 'com.zacrotech.NeuroForge'
    t =    53.09s         Find the Target Application 'com.zacrotech.NeuroForge'
    t =    54.39s     Wait for com.zacrotech.NeuroForge to idle
    t =    55.15s Get all elements bound by index for: Descendants matching type ScrollView
    t =    55.20s Find the ScrollView (Element at index 0)
    t =    55.25s Find the Target Application 'com.zacrotech.NeuroForge'
    t =    55.29s Checking existence of `Keyboard (First Match)`
    t =    55.38s Get all elements bound by index for: Descendants matching type NavigationBar
    t =    55.42s Find the NavigationBar (Element at index 0)
    t =    55.48s Find the "Coordinate Rotation" NavigationBar
    t =    55.53s Find the ScrollView at {{0.0, 0.0}, {375.0, 667.0}}
    t =    55.58s Find the ScrollView at {{0.0, 0.0}, {375.0, 667.0}}
    t =    55.63s Get all elements bound by index for: Descendants matching type TabBar
    t =    55.67s Find the TabBar (Element at index 0)
    t =    55.72s Find the "Tab Bar" TabBar
    t =    55.77s Checking existence of `"5 questions" Button`
    t =    55.82s Checking existence of `"session-submit" Any`
    t =    55.87s Checking existence of `"session-next" Any`
    t =    55.92s Checking existence of `"train-start-practice" Any`
    t =    55.98s Find the "train-start-practice" Any
    t =    56.05s Find the "train-start-practice" Button
    t =    56.11s Find the "train-start-practice" Button
    t =    56.17s Checking existence of `"train-start-graph-construction" Any`
    t =    56.23s Checking existence of `"5 questions" Button`
    t =    56.28s Find the "5 questions" Button
    t =    57.33s     Find the "5 questions" Button (retry 1)
    t =    58.40s     Find the "5 questions" Button (retry 2)
    t =    58.47s Find the ScrollView at {{0.0, 0.0}, {375.0, 667.0}}
    t =    58.52s Checking existence of `"5 questions" Button`
    t =    58.57s Checking existence of `"5 questions" Button`
    t =    58.62s Find the ScrollView at {{0.0, 0.0}, {375.0, 667.0}}
    t =    58.66s Checking existence of `"5 questions" Button`
    t =    58.72s Press Target Application 'com.zacrotech.NeuroForge'[0.00, 0.00] -> (12.0, 362.0) for 0.1 seconds, then drag to Target Application 'com.zacrotech.NeuroForge'[0.00, 0.00] -> (12.0, 175.2) with velocity of 250.00 pixels per second, and then hold for 0.2 seconds 
    t =    58.72s     Wait for com.zacrotech.NeuroForge to idle
    t =    58.72s     Find the Target Application 'com.zacrotech.NeuroForge'
    t =    58.76s     Check for interrupting elements affecting "NeuroForge" Application
    t =    58.81s     Synthesize event
    t =    58.81s         Find the Target Application 'com.zacrotech.NeuroForge'
    t =    58.85s         Find the Target Application 'com.zacrotech.NeuroForge'
    t =    58.89s         Find the Target Application 'com.zacrotech.NeuroForge'
    t =    58.92s         Find the Target Application 'com.zacrotech.NeuroForge'
    t =    58.97s         Find the Target Application 'com.zacrotech.NeuroForge'
    t =    60.26s     Wait for com.zacrotech.NeuroForge to idle
    t =    60.48s Get all elements bound by index for: Descendants matching type ScrollView
    t =    60.53s Find the ScrollView (Element at index 0)
    t =    60.58s Find the Target Application 'com.zacrotech.NeuroForge'
    t =    60.62s Checking existence of `Keyboard (First Match)`
    t =    60.71s Get all elements bound by index for: Descendants matching type NavigationBar
    t =    60.75s Find the NavigationBar (Element at index 0)
    t =    60.81s Find the "Coordinate Rotation" NavigationBar
    t =    60.86s Find the ScrollView at {{0.0, 0.0}, {375.0, 667.0}}
    t =    60.92s Find the ScrollView at {{0.0, 0.0}, {375.0, 667.0}}
    t =    60.97s Get all elements bound by index for: Descendants matching type TabBar
    t =    61.01s Find the TabBar (Element at index 0)
    t =    61.06s Find the "Tab Bar" TabBar
    t =    61.11s Checking existence of `"5 questions" Button`
    t =    61.17s Checking existence of `"session-submit" Any`
    t =    61.23s Checking existence of `"session-next" Any`
    t =    61.28s Checking existence of `"train-start-practice" Any`
    t =    61.34s Find the "train-start-practice" Any
    t =    61.41s Find the "train-start-practice" Button
    t =    61.47s Find the "train-start-practice" Button
    t =    61.54s Checking existence of `"train-start-graph-construction" Any`
    t =    61.59s Checking existence of `"5 questions" Button`
    t =    61.64s Find the "5 questions" Button
    t =    62.71s     Find the "5 questions" Button (retry 1)
    t =    63.79s     Find the "5 questions" Button (retry 2)
    t =    63.94s Find the ScrollView at {{0.0, 0.0}, {375.0, 667.0}}
    t =    64.00s Checking existence of `"5 questions" Button`
    t =    64.06s Checking existence of `"5 questions" Button`
    t =    64.12s Find the ScrollView at {{0.0, 0.0}, {375.0, 667.0}}
    t =    64.17s Checking existence of `"5 questions" Button`
    t =    64.22s Press Target Application 'com.zacrotech.NeuroForge'[0.00, 0.00] -> (12.0, 362.0) for 0.1 seconds, then drag to Target Application 'com.zacrotech.NeuroForge'[0.00, 0.00] -> (12.0, 175.2) with velocity of 250.00 pixels per second, and then hold for 0.2 seconds 
    t =    64.22s     Wait for com.zacrotech.NeuroForge to idle
    t =    64.22s     Find the Target Application 'com.zacrotech.NeuroForge'
    t =    64.26s     Check for interrupting elements affecting "NeuroForge" Application
    t =    64.31s     Synthesize event
    t =    64.31s         Find the Target Application 'com.zacrotech.NeuroForge'
    t =    64.35s         Find the Target Application 'com.zacrotech.NeuroForge'
    t =    64.39s         Find the Target Application 'com.zacrotech.NeuroForge'
    t =    64.43s         Find the Target Application 'com.zacrotech.NeuroForge'
    t =    64.47s         Find the Target Application 'com.zacrotech.NeuroForge'
    t =    65.76s     Wait for com.zacrotech.NeuroForge to idle
    t =    66.18s Get all elements bound by index for: Descendants matching type ScrollView
    t =    66.23s Find the ScrollView (Element at index 0)
    t =    66.29s Find the Target Application 'com.zacrotech.NeuroForge'
    t =    66.32s Checking existence of `Keyboard (First Match)`
    t =    66.41s Get all elements bound by index for: Descendants matching type NavigationBar
    t =    66.45s Find the NavigationBar (Element at index 0)
    t =    66.51s Find the "Coordinate Rotation" NavigationBar
    t =    66.55s Find the ScrollView at {{0.0, 0.0}, {375.0, 667.0}}
    t =    66.60s Find the ScrollView at {{0.0, 0.0}, {375.0, 667.0}}
    t =    66.64s Get all elements bound by index for: Descendants matching type TabBar
    t =    66.68s Find the TabBar (Element at index 0)
    t =    66.73s Find the "Tab Bar" TabBar
    t =    66.77s Checking existence of `"5 questions" Button`
    t =    66.82s Find the "5 questions" Button
    t =    66.87s Checking existence of `"session-submit" Any`
    t =    66.93s Checking existence of `"session-next" Any`
    t =    66.98s Checking existence of `"train-start-practice" Any`
    t =    67.04s Find the "train-start-practice" Any
    t =    67.10s Find the "train-start-practice" Button
    t =    67.16s Find the "train-start-practice" Button
    t =    67.22s Checking existence of `"train-start-graph-construction" Any`
    t =    67.27s Checking existence of `"5 questions" Button`
    t =    67.32s Find the "5 questions" Button
    t =    67.37s Find the "5 questions" Button
    t =    67.45s Find the ScrollView at {{0.0, 0.0}, {375.0, 667.0}}
    t =    67.49s Checking existence of `"5 questions" Button`
    t =    67.54s Find the "5 questions" Button
    t =    67.61s Checking existence of `"5 questions" Button`
    t =    67.65s Find the "5 questions" Button
    t =    67.71s Find the ScrollView at {{0.0, 0.0}, {375.0, 667.0}}
    t =    67.75s Checking existence of `"5 questions" Button`
    t =    67.80s Find the "5 questions" Button
    t =    67.85s Press Target Application 'com.zacrotech.NeuroForge'[0.00, 0.00] -> (12.0, 362.0) for 0.1 seconds, then drag to Target Application 'com.zacrotech.NeuroForge'[0.00, 0.00] -> (12.0, 147.5) with velocity of 250.00 pixels per second, and then hold for 0.2 seconds 
    t =    67.85s     Wait for com.zacrotech.NeuroForge to idle
    t =    67.85s     Find the Target Application 'com.zacrotech.NeuroForge'
    t =    67.89s     Check for interrupting elements affecting "NeuroForge" Application
    t =    67.93s     Synthesize event
    t =    67.93s         Find the Target Application 'com.zacrotech.NeuroForge'
    t =    67.97s         Find the Target Application 'com.zacrotech.NeuroForge'
    t =    68.00s         Find the Target Application 'com.zacrotech.NeuroForge'
    t =    68.04s         Find the Target Application 'com.zacrotech.NeuroForge'
    t =    68.08s         Find the Target Application 'com.zacrotech.NeuroForge'
    t =    69.48s     Wait for com.zacrotech.NeuroForge to idle
    t =    70.15s Get all elements bound by index for: Descendants matching type ScrollView
    t =    70.19s Find the ScrollView (Element at index 0)
    t =    70.24s Find the Target Application 'com.zacrotech.NeuroForge'
    t =    70.28s Checking existence of `Keyboard (First Match)`
    t =    70.36s Get all elements bound by index for: Descendants matching type NavigationBar
    t =    70.40s Find the NavigationBar (Element at index 0)
    t =    70.45s Find the "Coordinate Rotation" NavigationBar
    t =    70.49s Find the ScrollView at {{0.0, 0.0}, {375.0, 667.0}}
    t =    70.54s Find the ScrollView at {{0.0, 0.0}, {375.0, 667.0}}
    t =    70.58s Get all elements bound by index for: Descendants matching type TabBar
    t =    70.62s Find the TabBar (Element at index 0)
    t =    70.66s Find the "Tab Bar" TabBar
    t =    70.71s Checking existence of `"5 questions" Button`
    t =    70.75s Find the "5 questions" Button
    t =    70.80s Checking existence of `"session-submit" Any`
    t =    70.85s Checking existence of `"session-next" Any`
    t =    70.90s Checking existence of `"train-start-practice" Any`
    t =    70.95s Find the "train-start-practice" Any
    t =    71.01s Find the "train-start-practice" Button
    t =    71.06s Find the "train-start-practice" Button
    t =    71.12s Checking existence of `"train-start-graph-construction" Any`
    t =    71.17s Checking existence of `"5 questions" Button`
    t =    71.21s Find the "5 questions" Button
    t =    71.27s Find the "5 questions" Button
    t =    71.33s Find the ScrollView at {{0.0, 0.0}, {375.0, 667.0}}
    t =    71.37s Checking existence of `"5 questions" Button`
    t =    71.42s Find the "5 questions" Button
    t =    71.47s Find the "5 questions" Button
    t =    71.53s Find the "5 questions" Button
    t =    71.58s Checking existence of `"5 questions" Button`
    t =    71.62s Find the "5 questions" Button
    t =    71.67s Find the ScrollView at {{0.0, 0.0}, {375.0, 667.0}}
    t =    71.71s Checking existence of `"5 questions" Button`
    t =    71.76s Find the "5 questions" Button
    t =    71.81s Press Target Application 'com.zacrotech.NeuroForge'[0.00, 0.00] -> (12.0, 362.0) for 0.1 seconds, then drag to Target Application 'com.zacrotech.NeuroForge'[0.00, 0.00] -> (12.0, 287.0) with velocity of 250.00 pixels per second, and then hold for 0.2 seconds 
    t =    71.81s     Wait for com.zacrotech.NeuroForge to idle
    t =    71.81s     Find the Target Application 'com.zacrotech.NeuroForge'
    t =    71.85s     Check for interrupting elements affecting "NeuroForge" Application
    t =    71.89s     Synthesize event
    t =    71.89s         Find the Target Application 'com.zacrotech.NeuroForge'
    t =    71.93s         Find the Target Application 'com.zacrotech.NeuroForge'
    t =    71.96s         Find the Target Application 'com.zacrotech.NeuroForge'
    t =    72.00s         Find the Target Application 'com.zacrotech.NeuroForge'
    t =    72.03s         Find the Target Application 'com.zacrotech.NeuroForge'
    t =    72.89s     Wait for com.zacrotech.NeuroForge to idle
    t =    73.00s Get all elements bound by index for: Descendants matching type ScrollView
    t =    73.04s Find the ScrollView (Element at index 0)
    t =    73.09s Find the Target Application 'com.zacrotech.NeuroForge'
    t =    73.13s Checking existence of `Keyboard (First Match)`
    t =    73.21s Get all elements bound by index for: Descendants matching type NavigationBar
    t =    73.25s Find the NavigationBar (Element at index 0)
    t =    73.30s Find the "Coordinate Rotation" NavigationBar
    t =    73.35s Find the ScrollView at {{0.0, 0.0}, {375.0, 667.0}}
    t =    73.39s Find the ScrollView at {{0.0, 0.0}, {375.0, 667.0}}
    t =    73.43s Get all elements bound by index for: Descendants matching type TabBar
    t =    73.47s Find the TabBar (Element at index 0)
    t =    73.52s Find the "Tab Bar" TabBar
    t =    73.56s Checking existence of `"5 questions" Button`
    t =    73.61s Find the "5 questions" Button
    t =    73.66s Checking existence of `"session-submit" Any`
    t =    73.70s Checking existence of `"session-next" Any`
    t =    73.75s Checking existence of `"train-start-practice" Any`
    t =    73.80s Find the "train-start-practice" Any
    t =    73.87s Find the "train-start-practice" Button
    t =    73.93s Find the "train-start-practice" Button
    t =    73.99s Checking existence of `"train-start-graph-construction" Any`
    t =    74.04s Checking existence of `"5 questions" Button`
    t =    74.09s Find the "5 questions" Button
    t =    74.14s Find the "5 questions" Button
    t =    74.20s Find the ScrollView at {{0.0, 0.0}, {375.0, 667.0}}
    t =    74.24s Checking existence of `"5 questions" Button`
    t =    74.29s Find the "5 questions" Button
    t =    74.34s Find the "5 questions" Button
    t =    74.39s Find the "5 questions" Button
    t =    74.44s Checking existence of `"5 questions" Button`
    t =    74.49s Find the "5 questions" Button
    t =    74.54s Find the ScrollView at {{0.0, 0.0}, {375.0, 667.0}}
    t =    74.58s Checking existence of `"5 questions" Button`
    t =    74.63s Find the "5 questions" Button
    t =    74.67s Press Target Application 'com.zacrotech.NeuroForge'[0.00, 0.00] -> (12.0, 362.0) for 0.1 seconds, then drag to Target Application 'com.zacrotech.NeuroForge'[0.00, 0.00] -> (12.0, 346.0) with velocity of 250.00 pixels per second, and then hold for 0.2 seconds 
    t =    74.68s     Wait for com.zacrotech.NeuroForge to idle
    t =    74.68s     Find the Target Application 'com.zacrotech.NeuroForge'
    t =    74.71s     Check for interrupting elements affecting "NeuroForge" Application
    t =    74.75s     Synthesize event
    t =    74.75s         Find the Target Application 'com.zacrotech.NeuroForge'
    t =    74.79s         Find the Target Application 'com.zacrotech.NeuroForge'
    t =    74.82s         Find the Target Application 'com.zacrotech.NeuroForge'
    t =    74.86s         Find the Target Application 'com.zacrotech.NeuroForge'
    t =    74.89s         Find the Target Application 'com.zacrotech.NeuroForge'
    t =    75.50s     Wait for com.zacrotech.NeuroForge to idle
    t =    76.82s Get all elements bound by index for: Descendants matching type ScrollView
    t =    76.86s Find the ScrollView (Element at index 0)
    t =    76.90s Find the Target Application 'com.zacrotech.NeuroForge'
    t =    76.94s Checking existence of `Keyboard (First Match)`
    t =    77.02s Get all elements bound by index for: Descendants matching type NavigationBar
    t =    77.05s Find the NavigationBar (Element at index 0)
    t =    77.11s Find the "Coordinate Rotation" NavigationBar
    t =    77.15s Find the ScrollView at {{0.0, 0.0}, {375.0, 667.0}}
    t =    77.19s Find the ScrollView at {{0.0, 0.0}, {375.0, 667.0}}
    t =    77.23s Get all elements bound by index for: Descendants matching type TabBar
    t =    77.27s Find the TabBar (Element at index 0)
    t =    77.32s Find the "Tab Bar" TabBar
    t =    77.36s Checking existence of `"5 questions" Button`
    t =    77.41s Find the "5 questions" Button
    t =    77.45s Checking existence of `"session-submit" Any`
    t =    77.50s Checking existence of `"session-next" Any`
    t =    77.54s Checking existence of `"train-start-practice" Any`
    t =    77.59s Find the "train-start-practice" Any
    t =    77.65s Find the "train-start-practice" Button
    t =    77.70s Find the "train-start-practice" Button
    t =    77.75s Checking existence of `"train-start-graph-construction" Any`
    t =    77.80s Checking existence of `"5 questions" Button`
    t =    77.84s Find the "5 questions" Button
    t =    77.89s Find the "5 questions" Button
    t =    77.95s Find the ScrollView at {{0.0, 0.0}, {375.0, 667.0}}
    t =    77.99s Checking existence of `"5 questions" Button`
    t =    78.04s Find the "5 questions" Button
    t =    78.09s Find the "5 questions" Button
    t =    78.14s Find the "5 questions" Button
    t =    78.20s Press "5 questions" Button for 0.1 seconds
    t =    78.20s     Wait for com.zacrotech.NeuroForge to idle
    t =    78.20s     Find the "5 questions" Button
    t =    78.26s     Check for interrupting elements affecting "5 questions" Button
    t =    78.30s     Synthesize event
    t =    78.69s     Wait for com.zacrotech.NeuroForge to idle
    t =    79.72s Checking `Expect predicate `selected == 1` for object "5 questions" Button`
    t =    79.73s     Find the "5 questions" Button
    t =    79.78s Waiting 5.0s for "train-start-coordinate-reasoning" Button to exist
    t =    80.78s     Checking `Expect predicate `existsNoRetry == 1` for object "train-start-coordinate-reasoning" Button`
    t =    80.79s         Checking existence of `"train-start-coordinate-reasoning" Button`
    t =    80.84s Find the "train-start-coordinate-reasoning" Button
    t =    80.90s Find the "train-start-coordinate-reasoning" Button
    t =    80.94s Find the "Start practice" Button
    t =    80.99s Press "train-start-coordinate-reasoning" Button for 0.1 seconds
    t =    80.99s     Wait for com.zacrotech.NeuroForge to idle
    t =    80.99s     Find the "train-start-coordinate-reasoning" Button
    t =    81.04s     Check for interrupting elements affecting "train-start-coordinate-reasoning" Button
    t =    81.08s     Synthesize event
    t =    81.47s     Wait for com.zacrotech.NeuroForge to idle
    t =    82.38s Waiting 15.0s for "universal-session" Any to exist
    t =    83.40s     Checking `Expect predicate `existsNoRetry == 1` for object "universal-session" Any`
    t =    83.40s         Checking existence of `"universal-session" Any`
    t =    83.50s Waiting 3.0s for "session-resume" Any to exist
    t =    84.52s     Checking `Expect predicate `existsNoRetry == 1` for object "session-resume" Any`
    t =    84.52s         Checking existence of `"session-resume" Any`
    t =    84.58s         Capturing element debug description
    t =    85.52s     Checking `Expect predicate `existsNoRetry == 1` for object "session-resume" Any`
    t =    85.52s         Checking existence of `"session-resume" Any`
    t =    85.59s         Capturing element debug description
    t =    86.50s     Checking `Expect predicate `existsNoRetry == 1` for object "session-resume" Any`
    t =    86.50s         Checking existence of `"session-resume" Any`
    t =    86.57s         Capturing element debug description
    t =    86.57s     Checking existence of `"session-resume" Any`
    t =    86.64s Collecting debug information to assist test failure triage
    t =    86.64s     Requesting snapshot of accessibility hierarchy for app with pid 6566
    t =    86.92s Waiting 8.0s for "session-position" Any to exist
    t =    87.97s     Checking `Expect predicate `existsNoRetry == 1` for object "session-position" Any`
    t =    87.97s         Checking existence of `"session-position" Any`
    t =    88.04s Find the "session-position" Any
    t =    88.10s Waiting 8.0s for "session-prompt" Any to exist
    t =    89.12s     Checking `Expect predicate `existsNoRetry == 1` for object "session-prompt" Any`
    t =    89.12s         Checking existence of `"session-prompt" Any`
    t =    89.20s Find the "session-prompt" Any
    t =    89.27s Checking existence of `"coordinate-reasoning-original" Any`
    t =    89.35s Find the "coordinate-reasoning-original" Any
    t =    89.41s Find the "coordinate-reasoning-original" StaticText
    t =    89.47s Checking existence of `"coordinate-reasoning-show" Button`
    t =    89.53s Checking existence of `"coordinate-reasoning-worked" Any`
    t =    89.61s Added attachment named 'advanced-coordinate-public-oracle-Coordinate Rotation-en'
    t =    89.61s Waiting 8.0s for "Response for x (grid units)" TextField to exist
    t =    90.67s     Checking `Expect predicate `existsNoRetry == 1` for object "Response for x (grid units)" TextField`
    t =    90.67s         Checking existence of `"Response for x (grid units)" TextField`
    t =    90.75s Get all elements bound by index for: Descendants matching type ScrollView
    t =    90.81s Find the ScrollView (Element at index 0)
    t =    90.87s Find the Target Application 'com.zacrotech.NeuroForge'
    t =    90.91s Checking existence of `Keyboard (First Match)`
    t =    91.01s Get all elements bound by index for: Descendants matching type NavigationBar
    t =    91.05s Find the NavigationBar (Element at index 0)
    t =    91.11s Find the ScrollView at {{0.0, 169.5}, {375.0, 497.5}}
    t =    91.16s Find the ScrollView at {{0.0, 169.5}, {375.0, 497.5}}
    t =    91.21s Get all elements bound by index for: Descendants matching type TabBar
    t =    91.26s Find the TabBar (Element at index 0)
    t =    91.32s Checking existence of `"Response for x (grid units)" TextField`
    t =    91.38s Find the "Response for x (grid units)" TextField
    t =    91.43s Checking existence of `"session-submit" Any`
    t =    91.49s Find the "session-submit" Any
    t =    91.56s Find the "session-submit" Button
    t =    91.63s Find the "session-submit" Button
    t =    91.69s Checking existence of `"session-next" Any`
    t =    91.76s Checking existence of `"train-start-practice" Any`
    t =    91.82s Find the "train-start-practice" Any
    t =    91.90s Checking existence of `"train-start-graph-construction" Any`
    t =    91.96s Checking existence of `"Response for x (grid units)" TextField`
    t =    92.02s Find the "Response for x (grid units)" TextField
    t =    92.08s Find the "Response for x (grid units)" TextField
    t =    92.14s Find the ScrollView at {{0.0, 169.5}, {375.0, 497.5}}
    t =    92.20s Checking existence of `"Response for x (grid units)" TextField`
    t =    92.25s Find the "Response for x (grid units)" TextField
    t =    92.32s Checking existence of `"Response for x (grid units)" TextField`
    t =    92.37s Find the "Response for x (grid units)" TextField
    t =    92.43s Find the ScrollView at {{0.0, 169.5}, {375.0, 497.5}}
    t =    92.48s Checking existence of `"Response for x (grid units)" TextField`
    t =    92.54s Find the "Response for x (grid units)" TextField
    t =    92.60s Press Target Application 'com.zacrotech.NeuroForge'[0.00, 0.00] -> (12.0, 516.3) for 0.1 seconds, then drag to Target Application 'com.zacrotech.NeuroForge'[0.00, 0.00] -> (12.0, 257.7) with velocity of 250.00 pixels per second, and then hold for 0.2 seconds 
    t =    92.60s     Wait for com.zacrotech.NeuroForge to idle
    t =    92.60s     Find the Target Application 'com.zacrotech.NeuroForge'
    t =    92.64s     Check for interrupting elements affecting "NeuroForge" Application
    t =    92.71s     Synthesize event
    t =    92.71s         Find the Target Application 'com.zacrotech.NeuroForge'
    t =    92.75s         Find the Target Application 'com.zacrotech.NeuroForge'
    t =    92.79s         Find the Target Application 'com.zacrotech.NeuroForge'
    t =    92.83s         Find the Target Application 'com.zacrotech.NeuroForge'
    t =    92.88s         Find the Target Application 'com.zacrotech.NeuroForge'
    t =    94.47s     Wait for com.zacrotech.NeuroForge to idle
    t =    94.47s Get all elements bound by index for: Descendants matching type ScrollView
    t =    94.52s Find the ScrollView (Element at index 0)
    t =    94.58s Find the Target Application 'com.zacrotech.NeuroForge'
    t =    94.62s Checking existence of `Keyboard (First Match)`
    t =    94.72s Get all elements bound by index for: Descendants matching type NavigationBar
    t =    94.77s Find the NavigationBar (Element at index 0)
    t =    94.82s Find the ScrollView at {{0.0, 169.5}, {375.0, 497.5}}
    t =    94.88s Find the ScrollView at {{0.0, 169.5}, {375.0, 497.5}}
    t =    94.93s Get all elements bound by index for: Descendants matching type TabBar
    t =    94.97s Find the TabBar (Element at index 0)
    t =    95.04s Checking existence of `"Response for x (grid units)" TextField`
    t =    95.09s Find the "Response for x (grid units)" TextField
    t =    95.15s Checking existence of `"session-submit" Any`
    t =    95.21s Find the "session-submit" Any
    t =    95.28s Find the "session-submit" Button
    t =    95.35s Find the "session-submit" Button
    t =    95.42s Checking existence of `"session-next" Any`
    t =    95.48s Checking existence of `"train-start-practice" Any`
    t =    95.54s Find the "train-start-practice" Any
    t =    95.62s Checking existence of `"train-start-graph-construction" Any`
    t =    95.68s Checking existence of `"Response for x (grid units)" TextField`
    t =    95.74s Find the "Response for x (grid units)" TextField
    t =    95.80s Find the "Response for x (grid units)" TextField
    t =    95.86s Find the ScrollView at {{0.0, 169.5}, {375.0, 497.5}}
    t =    95.91s Checking existence of `"Response for x (grid units)" TextField`
    t =    95.97s Find the "Response for x (grid units)" TextField
    t =    96.03s Checking existence of `"Response for x (grid units)" TextField`
    t =    96.08s Find the "Response for x (grid units)" TextField
    t =    96.14s Find the ScrollView at {{0.0, 169.5}, {375.0, 497.5}}
    t =    96.19s Checking existence of `"Response for x (grid units)" TextField`
    t =    96.25s Find the "Response for x (grid units)" TextField
    t =    96.30s Press Target Application 'com.zacrotech.NeuroForge'[0.00, 0.00] -> (12.0, 516.3) for 0.1 seconds, then drag to Target Application 'com.zacrotech.NeuroForge'[0.00, 0.00] -> (12.0, 257.7) with velocity of 250.00 pixels per second, and then hold for 0.2 seconds 
    t =    96.30s     Wait for com.zacrotech.NeuroForge to idle
    t =    96.30s     Find the Target Application 'com.zacrotech.NeuroForge'
    t =    96.35s     Check for interrupting elements affecting "NeuroForge" Application
    t =    96.40s     Synthesize event
    t =    96.40s         Find the Target Application 'com.zacrotech.NeuroForge'
    t =    96.44s         Find the Target Application 'com.zacrotech.NeuroForge'
    t =    96.48s         Find the Target Application 'com.zacrotech.NeuroForge'
    t =    96.53s         Find the Target Application 'com.zacrotech.NeuroForge'
    t =    96.57s         Find the Target Application 'com.zacrotech.NeuroForge'
    t =    98.16s     Wait for com.zacrotech.NeuroForge to idle
    t =    98.16s Get all elements bound by index for: Descendants matching type ScrollView
    t =    98.22s Find the ScrollView (Element at index 0)
    t =    98.27s Find the Target Application 'com.zacrotech.NeuroForge'
    t =    98.32s Checking existence of `Keyboard (First Match)`
    t =    98.42s Get all elements bound by index for: Descendants matching type NavigationBar
    t =    98.46s Find the NavigationBar (Element at index 0)
    t =    98.52s Find the ScrollView at {{0.0, 169.5}, {375.0, 497.5}}
    t =    98.58s Find the ScrollView at {{0.0, 169.5}, {375.0, 497.5}}
    t =    98.63s Get all elements bound by index for: Descendants matching type TabBar
    t =    98.69s Find the TabBar (Element at index 0)
    t =    98.76s Checking existence of `"Response for x (grid units)" TextField`
    t =    98.81s Find the "Response for x (grid units)" TextField
    t =    98.87s Checking existence of `"session-submit" Any`
    t =    98.92s Find the "session-submit" Any
    t =    98.99s Find the "session-submit" Button
    t =    99.06s Find the "session-submit" Button
    t =    99.12s Checking existence of `"session-next" Any`
    t =    99.18s Checking existence of `"train-start-practice" Any`
    t =    99.24s Find the "train-start-practice" Any
    t =    99.32s Checking existence of `"train-start-graph-construction" Any`
    t =    99.39s Checking existence of `"Response for x (grid units)" TextField`
    t =    99.44s Find the "Response for x (grid units)" TextField
    t =    99.50s Find the "Response for x (grid units)" TextField
    t =    99.56s Find the ScrollView at {{0.0, 169.5}, {375.0, 497.5}}
    t =    99.61s Checking existence of `"Response for x (grid units)" TextField`
    t =    99.66s Find the "Response for x (grid units)" TextField
    t =    99.73s Checking existence of `"Response for x (grid units)" TextField`
    t =    99.78s Find the "Response for x (grid units)" TextField
    t =    99.84s Find the ScrollView at {{0.0, 169.5}, {375.0, 497.5}}
    t =    99.89s Checking existence of `"Response for x (grid units)" TextField`
    t =    99.95s Find the "Response for x (grid units)" TextField
    t =   100.01s Press Target Application 'com.zacrotech.NeuroForge'[0.00, 0.00] -> (12.0, 516.3) for 0.1 seconds, then drag to Target Application 'com.zacrotech.NeuroForge'[0.00, 0.00] -> (12.0, 342.8) with velocity of 250.00 pixels per second, and then hold for 0.2 seconds 
    t =   100.01s     Wait for com.zacrotech.NeuroForge to idle
    t =   100.01s     Find the Target Application 'com.zacrotech.NeuroForge'
    t =   100.05s     Check for interrupting elements affecting "NeuroForge" Application
    t =   100.11s     Synthesize event
    t =   100.11s         Find the Target Application 'com.zacrotech.NeuroForge'
    t =   100.15s         Find the Target Application 'com.zacrotech.NeuroForge'
    t =   100.19s         Find the Target Application 'com.zacrotech.NeuroForge'
    t =   100.23s         Find the Target Application 'com.zacrotech.NeuroForge'
    t =   100.28s         Find the Target Application 'com.zacrotech.NeuroForge'
    t =   101.51s     Wait for com.zacrotech.NeuroForge to idle
    t =   101.51s Get all elements bound by index for: Descendants matching type ScrollView
    t =   101.56s Find the ScrollView (Element at index 0)
    t =   101.61s Find the Target Application 'com.zacrotech.NeuroForge'
    t =   101.65s Checking existence of `Keyboard (First Match)`
    t =   101.76s Get all elements bound by index for: Descendants matching type NavigationBar
    t =   101.80s Find the NavigationBar (Element at index 0)
    t =   101.86s Find the ScrollView at {{0.0, 169.5}, {375.0, 497.5}}
    t =   101.91s Find the ScrollView at {{0.0, 169.5}, {375.0, 497.5}}
    t =   101.96s Get all elements bound by index for: Descendants matching type TabBar
    t =   102.01s Find the TabBar (Element at index 0)
    t =   102.07s Checking existence of `"Response for x (grid units)" TextField`
    t =   102.13s Find the "Response for x (grid units)" TextField
    t =   102.18s Checking existence of `"session-submit" Any`
    t =   102.25s Find the "session-submit" Any
    t =   102.32s Find the "session-submit" Button
    t =   102.38s Find the "session-submit" Button
    t =   102.44s Checking existence of `"session-next" Any`
    t =   102.50s Checking existence of `"train-start-practice" Any`
    t =   102.56s Find the "train-start-practice" Any
    t =   102.64s Checking existence of `"train-start-graph-construction" Any`
    t =   102.70s Checking existence of `"Response for x (grid units)" TextField`
    t =   102.76s Find the "Response for x (grid units)" TextField
    t =   102.81s Find the "Response for x (grid units)" TextField
    t =   102.88s Find the ScrollView at {{0.0, 169.5}, {375.0, 497.5}}
    t =   102.93s Checking existence of `"Response for x (grid units)" TextField`
    t =   102.98s Find the "Response for x (grid units)" TextField
    t =   103.05s Find the "Response for x (grid units)" TextField
    t =   103.11s Find the "Response for x (grid units)" TextField
    t =   103.17s Checking existence of `"Response for x (grid units)" TextField`
    t =   103.22s Find the "Response for x (grid units)" TextField
    t =   103.29s Find the ScrollView at {{0.0, 169.5}, {375.0, 497.5}}
    t =   103.34s Checking existence of `"Response for x (grid units)" TextField`
    t =   103.39s Find the "Response for x (grid units)" TextField
    t =   103.45s Press Target Application 'com.zacrotech.NeuroForge'[0.00, 0.00] -> (12.0, 516.3) for 0.1 seconds, then drag to Target Application 'com.zacrotech.NeuroForge'[0.00, 0.00] -> (12.0, 500.3) with velocity of 250.00 pixels per second, and then hold for 0.2 seconds 
    t =   103.45s     Wait for com.zacrotech.NeuroForge to idle
    t =   103.45s     Find the Target Application 'com.zacrotech.NeuroForge'
    t =   103.50s     Check for interrupting elements affecting "NeuroForge" Application
    t =   103.55s     Synthesize event
    t =   103.55s         Find the Target Application 'com.zacrotech.NeuroForge'
    t =   103.59s         Find the Target Application 'com.zacrotech.NeuroForge'
    t =   103.64s         Find the Target Application 'com.zacrotech.NeuroForge'
    t =   103.68s         Find the Target Application 'com.zacrotech.NeuroForge'
    t =   103.72s         Find the Target Application 'com.zacrotech.NeuroForge'
    t =   104.34s     Wait for com.zacrotech.NeuroForge to idle
    t =   104.34s Get all elements bound by index for: Descendants matching type ScrollView
    t =   104.39s Find the ScrollView (Element at index 0)
    t =   104.45s Find the Target Application 'com.zacrotech.NeuroForge'
    t =   104.49s Checking existence of `Keyboard (First Match)`
    t =   104.60s Get all elements bound by index for: Descendants matching type NavigationBar
    t =   104.65s Find the NavigationBar (Element at index 0)
    t =   104.71s Find the ScrollView at {{0.0, 169.5}, {375.0, 497.5}}
    t =   104.77s Find the ScrollView at {{0.0, 169.5}, {375.0, 497.5}}
    t =   104.81s Get all elements bound by index for: Descendants matching type TabBar
    t =   104.86s Find the TabBar (Element at index 0)
    t =   104.93s Checking existence of `"Response for x (grid units)" TextField`
    t =   104.98s Find the "Response for x (grid units)" TextField
    t =   105.04s Checking existence of `"session-submit" Any`
    t =   105.10s Find the "session-submit" Any
    t =   105.17s Find the "session-submit" Button
    t =   105.23s Find the "session-submit" Button
    t =   105.30s Checking existence of `"session-next" Any`
    t =   105.36s Checking existence of `"train-start-practice" Any`
    t =   105.42s Find the "train-start-practice" Any
    t =   105.50s Checking existence of `"train-start-graph-construction" Any`
    t =   105.56s Checking existence of `"Response for x (grid units)" TextField`
    t =   105.62s Find the "Response for x (grid units)" TextField
    t =   105.67s Find the "Response for x (grid units)" TextField
    t =   105.74s Find the ScrollView at {{0.0, 169.5}, {375.0, 497.5}}
    t =   105.79s Checking existence of `"Response for x (grid units)" TextField`
    t =   105.84s Find the "Response for x (grid units)" TextField
    t =   105.91s Find the "Response for x (grid units)" TextField
    t =   105.96s Find the "Response for x (grid units)" TextField
    t =   106.02s Find the "Response for x (grid units)" TextField
    t =   106.08s Press "Response for x (grid units)" TextField for 0.1 seconds
    t =   106.08s     Wait for com.zacrotech.NeuroForge to idle
    t =   106.08s     Find the "Response for x (grid units)" TextField
    t =   106.14s     Check for interrupting elements affecting "Response for x (grid units)" TextField
    t =   106.20s     Synthesize event
    t =   106.58s     Wait for com.zacrotech.NeuroForge to idle
    t =   107.57s Waiting 5.0s for Keyboard (First Match) to exist
    t =   108.57s     Checking `Expect predicate `existsNoRetry == 1` for object Keyboard (First Match)`
    t =   108.57s         Checking existence of `Keyboard (First Match)`
    t =   108.59s Type '-3' into "Response for x (grid units)" TextField
    t =   108.60s     Wait for com.zacrotech.NeuroForge to idle
    t =   108.60s     Find the "Response for x (grid units)" TextField
    t =   108.69s     Check for interrupting elements affecting "Response for x (grid units)" TextField
    t =   108.76s     Synthesize event
    t =   108.99s     Wait for com.zacrotech.NeuroForge to idle
    t =   110.03s Checking `Expect predicate `value == "-3"` for object "Response for x (grid units)" TextField`
    t =   110.03s     Find the "Response for x (grid units)" TextField
    t =   110.12s Waiting 8.0s for "Response for y (grid units)" TextField to exist
    t =   111.17s     Checking `Expect predicate `existsNoRetry == 1` for object "Response for y (grid units)" TextField`
    t =   111.17s         Checking existence of `"Response for y (grid units)" TextField`
    t =   111.25s Get all elements bound by index for: Descendants matching type ScrollView
    t =   111.31s Find the ScrollView (Element at index 0)
    t =   111.37s Find the Target Application 'com.zacrotech.NeuroForge'
    t =   111.42s Checking existence of `Keyboard (First Match)`
    t =   111.43s Find the Keyboard (First Match)
    t =   111.45s Get all elements bound by index for: Descendants matching type NavigationBar
    t =   111.50s Find the NavigationBar (Element at index 0)
    t =   111.56s Find the ScrollView at {{0.0, 169.5}, {375.0, 497.5}}
    t =   111.62s Find the ScrollView at {{0.0, 169.5}, {375.0, 497.5}}
    t =   111.68s Get all elements bound by index for: Descendants matching type TabBar
    t =   111.74s Find the TabBar (Element at index 0)
    t =   111.80s Checking existence of `"Response for y (grid units)" TextField`
    t =   111.87s Find the "Response for y (grid units)" TextField
    t =   111.94s Checking existence of `"session-submit" Any`
    t =   112.01s Find the "session-submit" Any
    t =   112.10s Find the "session-submit" Button
    t =   112.17s Find the "session-submit" Button
    t =   112.25s Checking existence of `"session-next" Any`
    t =   112.32s Checking existence of `"train-start-practice" Any`
    t =   112.39s Find the "train-start-practice" Any
    t =   112.48s Checking existence of `"train-start-graph-construction" Any`
    t =   112.55s Checking existence of `"Response for y (grid units)" TextField`
    t =   112.62s Find the "Response for y (grid units)" TextField
    t =   112.69s Find the "Response for y (grid units)" TextField
    t =   112.77s Find the ScrollView at {{0.0, 169.5}, {375.0, 497.5}}
    t =   112.83s Checking existence of `"Response for y (grid units)" TextField`
    t =   112.89s Find the "Response for y (grid units)" TextField
    t =   112.97s Find the "Response for y (grid units)" TextField
    t =   113.04s Find the "Response for y (grid units)" TextField
    t =   113.11s Checking existence of `"Response for y (grid units)" TextField`
    t =   113.17s Find the "Response for y (grid units)" TextField
    t =   113.25s Find the ScrollView at {{0.0, 169.5}, {375.0, 497.5}}
    t =   113.30s Checking existence of `"Response for y (grid units)" TextField`
    t =   113.37s Find the "Response for y (grid units)" TextField
    t =   113.44s Press Target Application 'com.zacrotech.NeuroForge'[0.00, 0.00] -> (12.0, 308.3) for 0.1 seconds, then drag to Target Application 'com.zacrotech.NeuroForge'[0.00, 0.00] -> (12.0, 231.3) with velocity of 250.00 pixels per second, and then hold for 0.2 seconds 
    t =   113.44s     Wait for com.zacrotech.NeuroForge to idle
    t =   113.44s     Find the Target Application 'com.zacrotech.NeuroForge'
    t =   113.49s     Check for interrupting elements affecting "NeuroForge" Application
    t =   113.56s     Synthesize event
    t =   113.56s         Find the Target Application 'com.zacrotech.NeuroForge'
    t =   113.61s         Find the Target Application 'com.zacrotech.NeuroForge'
    t =   113.67s         Find the Target Application 'com.zacrotech.NeuroForge'
    t =   113.71s         Find the Target Application 'com.zacrotech.NeuroForge'
    t =   113.77s         Find the Target Application 'com.zacrotech.NeuroForge'
    t =   114.63s     Wait for com.zacrotech.NeuroForge to idle
    t =   114.64s Get all elements bound by index for: Descendants matching type ScrollView
    t =   114.71s Find the ScrollView (Element at index 0)
    t =   114.78s Find the Target Application 'com.zacrotech.NeuroForge'
    t =   114.84s Checking existence of `Keyboard (First Match)`
    t =   114.85s Find the Keyboard (First Match)
    t =   114.87s Get all elements bound by index for: Descendants matching type NavigationBar
    t =   114.93s Find the NavigationBar (Element at index 0)
    t =   115.00s Find the ScrollView at {{0.0, 169.5}, {375.0, 497.5}}
    t =   115.06s Find the ScrollView at {{0.0, 169.5}, {375.0, 497.5}}
    t =   115.12s Get all elements bound by index for: Descendants matching type TabBar
    t =   115.17s Find the TabBar (Element at index 0)
    t =   115.24s Checking existence of `"Response for y (grid units)" TextField`
    t =   115.30s Find the "Response for y (grid units)" TextField
    t =   115.37s Checking existence of `"session-submit" Any`
    t =   115.44s Find the "session-submit" Any
    t =   115.52s Find the "session-submit" Button
    t =   115.60s Find the "session-submit" Button
    t =   115.67s Checking existence of `"session-next" Any`
    t =   115.75s Checking existence of `"train-start-practice" Any`
    t =   115.82s Find the "train-start-practice" Any
    t =   115.92s Checking existence of `"train-start-graph-construction" Any`
    t =   115.99s Checking existence of `"Response for y (grid units)" TextField`
    t =   116.05s Find the "Response for y (grid units)" TextField
    t =   116.12s Find the "Response for y (grid units)" TextField
    t =   116.20s Find the ScrollView at {{0.0, 169.5}, {375.0, 497.5}}
    t =   116.26s Checking existence of `"Response for y (grid units)" TextField`
    t =   116.32s Find the "Response for y (grid units)" TextField
    t =   116.40s Find the "Response for y (grid units)" TextField
    t =   116.47s Find the "Response for y (grid units)" TextField
    t =   116.54s Checking existence of `"Response for y (grid units)" TextField`
    t =   116.60s Find the "Response for y (grid units)" TextField
    t =   116.67s Find the ScrollView at {{0.0, 169.5}, {375.0, 497.5}}
    t =   116.73s Checking existence of `"Response for y (grid units)" TextField`
    t =   116.80s Find the "Response for y (grid units)" TextField
    t =   116.87s Press Target Application 'com.zacrotech.NeuroForge'[0.00, 0.00] -> (12.0, 308.3) for 0.1 seconds, then drag to Target Application 'com.zacrotech.NeuroForge'[0.00, 0.00] -> (12.0, 292.3) with velocity of 250.00 pixels per second, and then hold for 0.2 seconds 
    t =   116.87s     Wait for com.zacrotech.NeuroForge to idle
    t =   116.87s     Find the Target Application 'com.zacrotech.NeuroForge'
    t =   116.92s     Check for interrupting elements affecting "NeuroForge" Application
    t =   116.99s     Synthesize event
    t =   116.99s         Find the Target Application 'com.zacrotech.NeuroForge'
    t =   117.04s         Find the Target Application 'com.zacrotech.NeuroForge'
    t =   117.09s         Find the Target Application 'com.zacrotech.NeuroForge'
    t =   117.14s         Find the Target Application 'com.zacrotech.NeuroForge'
    t =   117.19s         Find the Target Application 'com.zacrotech.NeuroForge'
    t =   117.82s     Wait for com.zacrotech.NeuroForge to idle
    t =   117.82s Get all elements bound by index for: Descendants matching type ScrollView
    t =   117.89s Find the ScrollView (Element at index 0)
    t =   117.95s Find the Target Application 'com.zacrotech.NeuroForge'
    t =   118.00s Checking existence of `Keyboard (First Match)`
    t =   118.01s Find the Keyboard (First Match)
    t =   118.03s Get all elements bound by index for: Descendants matching type NavigationBar
    t =   118.08s Find the NavigationBar (Element at index 0)
    t =   118.15s Find the ScrollView at {{0.0, 169.5}, {375.0, 497.5}}
    t =   118.21s Find the ScrollView at {{0.0, 169.5}, {375.0, 497.5}}
    t =   118.26s Get all elements bound by index for: Descendants matching type TabBar
    t =   118.32s Find the TabBar (Element at index 0)
    t =   118.39s Checking existence of `"Response for y (grid units)" TextField`
    t =   118.45s Find the "Response for y (grid units)" TextField
    t =   118.52s Checking existence of `"session-submit" Any`
    t =   118.59s Find the "session-submit" Any
    t =   118.68s Find the "session-submit" Button
    t =   118.76s Find the "session-submit" Button
    t =   118.83s Checking existence of `"session-next" Any`
    t =   118.91s Checking existence of `"train-start-practice" Any`
    t =   118.98s Find the "train-start-practice" Any
    t =   119.07s Checking existence of `"train-start-graph-construction" Any`
    t =   119.14s Checking existence of `"Response for y (grid units)" TextField`
    t =   119.20s Find the "Response for y (grid units)" TextField
    t =   119.26s Find the "Response for y (grid units)" TextField
    t =   119.34s Find the ScrollView at {{0.0, 169.5}, {375.0, 497.5}}
    t =   119.39s Checking existence of `"Response for y (grid units)" TextField`
    t =   119.46s Find the "Response for y (grid units)" TextField
    t =   119.53s Find the "Response for y (grid units)" TextField
    t =   119.60s Find the "Response for y (grid units)" TextField
    t =   119.67s Find the "Response for y (grid units)" TextField
    t =   119.74s Press "Response for y (grid units)" TextField for 0.1 seconds
    t =   119.74s     Wait for com.zacrotech.NeuroForge to idle
    t =   119.74s     Find the "Response for y (grid units)" TextField
    t =   119.80s     Check for interrupting elements affecting "Response for y (grid units)" TextField
    t =   119.87s     Synthesize event
    t =   120.25s     Wait for com.zacrotech.NeuroForge to idle
    t =   120.44s Waiting 5.0s for Keyboard (First Match) to exist
    t =   121.45s     Checking `Expect predicate `existsNoRetry == 1` for object Keyboard (First Match)`
    t =   121.46s         Checking existence of `Keyboard (First Match)`
    t =   121.47s Type '2' into "Response for y (grid units)" TextField
    t =   121.47s     Wait for com.zacrotech.NeuroForge to idle
    t =   121.48s     Find the "Response for y (grid units)" TextField
    t =   121.57s     Check for interrupting elements affecting "Response for y (grid units)" TextField
    t =   121.64s     Synthesize event
    t =   121.86s     Wait for com.zacrotech.NeuroForge to idle
    t =   122.87s Checking `Expect predicate `value == "2"` for object "Response for y (grid units)" TextField`
    t =   122.87s     Find the "Response for y (grid units)" TextField
    t =   122.95s Get all elements bound by index for: Descendants matching type TextField
    t =   123.01s Find the TextField (Element at index 0)
    t =   123.07s Find the "Response for x (grid units)" TextField
    t =   123.13s Find the "Response for x (grid units)" TextField
    t =   123.20s Find the "Response for x (grid units)" TextField
    t =   123.27s Find the TextField (Element at index 1)
    t =   123.33s Find the "Response for y (grid units)" TextField
    t =   123.39s Find the "Response for y (grid units)" TextField
    t =   123.45s Find the "Response for y (grid units)" TextField
    t =   123.50s Get all elements bound by index for: Descendants matching type TextView
    t =   123.56s Waiting 8.0s for "session-submit" Any to exist
    t =   124.59s     Checking `Expect predicate `existsNoRetry == 1` for object "session-submit" Any`
    t =   124.59s         Checking existence of `"session-submit" Any`
    t =   124.67s Get all elements bound by index for: Descendants matching type ScrollView
    t =   124.73s Find the ScrollView (Element at index 0)
    t =   124.79s Find the Target Application 'com.zacrotech.NeuroForge'
    t =   124.84s Checking existence of `Keyboard (First Match)`
    t =   124.85s Find the Keyboard (First Match)
    t =   124.87s Get all elements bound by index for: Descendants matching type NavigationBar
    t =   124.92s Find the NavigationBar (Element at index 0)
    t =   124.99s Find the ScrollView at {{0.0, 169.5}, {375.0, 497.5}}
    t =   125.06s Find the ScrollView at {{0.0, 169.5}, {375.0, 497.5}}
    t =   125.13s Get all elements bound by index for: Descendants matching type TabBar
    t =   125.19s Find the TabBar (Element at index 0)
    t =   125.26s Checking existence of `"session-submit" Any`
    t =   125.33s Find the "session-submit" Any
    t =   125.40s Checking existence of `"session-submit" Button`
    t =   125.47s Find the "session-submit" Button
    t =   125.56s Find the "session-submit" Button
    t =   125.64s Find the "session-submit" Button
    t =   126.72s Checking `Expect predicate `enabled == 1` for object "session-submit" Button`
    t =   126.72s     Find the "session-submit" Button
    t =   126.81s Tap "session-submit" Button
    t =   126.81s     Wait for com.zacrotech.NeuroForge to idle
    t =   126.81s     Find the "session-submit" Button
    t =   126.89s     Check for interrupting elements affecting "session-submit" Button
    t =   126.96s     Synthesize event
    t =   127.26s     Wait for com.zacrotech.NeuroForge to idle
    t =   127.72s Waiting 8.0s for "session-next" Any to exist
    t =   128.76s     Checking `Expect predicate `existsNoRetry == 1` for object "session-next" Any`
    t =   128.76s         Checking existence of `"session-next" Any`
    t =   128.85s Find the "session-position" ProgressIndicator
    t =   128.91s Find the "session-prompt" Any
    t =   128.97s Checking existence of `"Your answer" StaticText`
    t =   129.03s Checking existence of `TextField (First Match)`
    t =   129.05s Find the TextField (First Match)
    t =   129.08s Find the "Response for x (grid units)" TextField
    t =   129.10s Checking existence of `TextField (First Match)`
    t =   129.12s Find the TextField (First Match)
    t =   129.15s Find the "Response for y (grid units)" TextField
    t =   129.17s Waiting 8.0s for "session-feedback-title" Any to exist
    t =   130.17s     Checking `Expect predicate `existsNoRetry == 1` for object "session-feedback-title" Any`
    t =   130.17s         Checking existence of `"session-feedback-title" Any`
    t =   130.24s Get all elements bound by index for: Descendants matching type ScrollView
    t =   130.29s Find the ScrollView (Element at index 0)
    t =   130.36s Find the Target Application 'com.zacrotech.NeuroForge'
    t =   130.40s Checking existence of `Keyboard (First Match)`
    t =   130.50s Get all elements bound by index for: Descendants matching type NavigationBar
    t =   130.55s Find the NavigationBar (Element at index 0)
    t =   130.60s Find the ScrollView at {{0.0, 169.5}, {375.0, 497.5}}
    t =   130.66s Find the ScrollView at {{0.0, 169.5}, {375.0, 497.5}}
    t =   130.70s Get all elements bound by index for: Descendants matching type TabBar
    t =   130.75s Find the TabBar (Element at index 0)
    t =   130.82s Checking existence of `"session-feedback-title" Any`
    t =   130.88s Find the "session-feedback-title" Any
    t =   130.99s Checking existence of `"session-submit" Any`
    t =   131.06s Checking existence of `"session-next" Any`
    t =   131.12s Find the "session-next" Any
    t =   131.20s Find the "session-next" Button
    t =   131.26s Find the "session-next" Button
    t =   131.33s Checking existence of `"train-start-practice" Any`
    t =   131.39s Find the "train-start-practice" Any
    t =   131.50s Checking existence of `"train-start-graph-construction" Any`
    t =   131.57s Checking existence of `"session-feedback-title" StaticText`
    t =   131.64s Find the "session-feedback-title" StaticText
    t =   131.70s Find the "session-feedback-title" StaticText
    t =   131.78s Find the ScrollView at {{0.0, 169.5}, {375.0, 497.5}}
    t =   131.84s Checking existence of `"session-feedback-title" StaticText`
    t =   131.90s Find the "session-feedback-title" StaticText
    t =   131.97s Find the "session-feedback-title" StaticText
    t =   132.04s Find the "session-feedback-title" StaticText
    t =   132.11s Find the "session-feedback-title" StaticText
    t =   132.19s Find the "session-feedback-title" StaticText
    t =   132.26s Find the "session-feedback-title" StaticText
    t =   132.32s Find the "coordinate-reasoning-original" Any
    t =   132.39s Get all elements bound by index for: Descendants matching type ScrollView
    t =   132.44s Find the ScrollView (Element at index 0)
    t =   132.50s Find the Target Application 'com.zacrotech.NeuroForge'
    t =   132.55s Checking existence of `Keyboard (First Match)`
    t =   132.65s Get all elements bound by index for: Descendants matching type NavigationBar
    t =   132.69s Find the NavigationBar (Element at index 0)
    t =   132.75s Find the ScrollView at {{0.0, 169.5}, {375.0, 497.5}}
    t =   132.80s Find the ScrollView at {{0.0, 169.5}, {375.0, 497.5}}
    t =   132.85s Get all elements bound by index for: Descendants matching type TabBar
    t =   132.90s Find the TabBar (Element at index 0)
    t =   132.97s Checking existence of `"coordinate-reasoning-show" Button`
    t =   133.02s Find the "coordinate-reasoning-show" Button
    t =   133.08s Checking existence of `"session-submit" Any`
    t =   133.14s Checking existence of `"session-next" Any`
    t =   133.20s Find the "session-next" Any
    t =   133.28s Find the "session-next" Button
    t =   133.34s Find the "session-next" Button
    t =   133.42s Checking existence of `"train-start-practice" Any`
    t =   133.48s Find the "train-start-practice" Any
    t =   133.56s Checking existence of `"train-start-graph-construction" Any`
    t =   133.62s Checking existence of `"coordinate-reasoning-show" Button`
    t =   133.69s Find the "coordinate-reasoning-show" Button
    t =   133.75s Find the "coordinate-reasoning-show" Button
    t =   133.81s Find the ScrollView at {{0.0, 169.5}, {375.0, 497.5}}
    t =   133.87s Checking existence of `"coordinate-reasoning-show" Button`
    t =   133.92s Find the "coordinate-reasoning-show" Button
    t =   133.99s Checking existence of `"coordinate-reasoning-show" Button`
    t =   134.05s Find the "coordinate-reasoning-show" Button
    t =   134.12s Find the ScrollView at {{0.0, 169.5}, {375.0, 497.5}}
    t =   134.17s Checking existence of `"coordinate-reasoning-show" Button`
    t =   134.24s Find the "coordinate-reasoning-show" Button
    t =   134.30s Press Target Application 'com.zacrotech.NeuroForge'[0.00, 0.00] -> (12.0, 257.7) for 0.1 seconds, then drag to Target Application 'com.zacrotech.NeuroForge'[0.00, 0.00] -> (12.0, 516.3) with velocity of 250.00 pixels per second, and then hold for 0.2 seconds 
    t =   134.30s     Wait for com.zacrotech.NeuroForge to idle
    t =   134.30s     Find the Target Application 'com.zacrotech.NeuroForge'
    t =   134.35s     Check for interrupting elements affecting "NeuroForge" Application
    t =   134.42s     Synthesize event
    t =   134.43s         Find the Target Application 'com.zacrotech.NeuroForge'
    t =   134.47s         Find the Target Application 'com.zacrotech.NeuroForge'
    t =   134.51s         Find the Target Application 'com.zacrotech.NeuroForge'
    t =   134.56s         Find the Target Application 'com.zacrotech.NeuroForge'
    t =   134.60s         Find the Target Application 'com.zacrotech.NeuroForge'
    t =   136.19s     Wait for com.zacrotech.NeuroForge to idle
    t =   136.20s Get all elements bound by index for: Descendants matching type ScrollView
    t =   136.27s Find the ScrollView (Element at index 0)
    t =   136.33s Find the Target Application 'com.zacrotech.NeuroForge'
    t =   136.37s Checking existence of `Keyboard (First Match)`
    t =   136.47s Get all elements bound by index for: Descendants matching type NavigationBar
    t =   136.52s Find the NavigationBar (Element at index 0)
    t =   136.58s Find the ScrollView at {{0.0, 169.5}, {375.0, 497.5}}
    t =   136.63s Find the ScrollView at {{0.0, 169.5}, {375.0, 497.5}}
    t =   136.68s Get all elements bound by index for: Descendants matching type TabBar
    t =   136.73s Find the TabBar (Element at index 0)
    t =   136.80s Checking existence of `"coordinate-reasoning-show" Button`
    t =   136.86s Find the "coordinate-reasoning-show" Button
    t =   136.92s Checking existence of `"session-submit" Any`
    t =   136.98s Checking existence of `"session-next" Any`
    t =   137.04s Find the "session-next" Any
    t =   137.12s Find the "session-next" Button
    t =   137.19s Find the "session-next" Button
    t =   137.25s Checking existence of `"train-start-practice" Any`
    t =   137.31s Find the "train-start-practice" Any
    t =   137.40s Checking existence of `"train-start-graph-construction" Any`
    t =   137.46s Checking existence of `"coordinate-reasoning-show" Button`
    t =   137.52s Find the "coordinate-reasoning-show" Button
    t =   137.59s Find the "coordinate-reasoning-show" Button
    t =   137.66s Find the ScrollView at {{0.0, 169.5}, {375.0, 497.5}}
    t =   137.71s Checking existence of `"coordinate-reasoning-show" Button`
    t =   137.77s Find the "coordinate-reasoning-show" Button
    t =   137.83s Find the "coordinate-reasoning-show" Button
    t =   137.89s Checking existence of `"coordinate-reasoning-show" Button`
    t =   137.95s Find the "coordinate-reasoning-show" Button
    t =   138.01s Find the ScrollView at {{0.0, 169.5}, {375.0, 497.5}}
    t =   138.07s Checking existence of `"coordinate-reasoning-show" Button`
    t =   138.13s Find the "coordinate-reasoning-show" Button
    t =   138.19s Press Target Application 'com.zacrotech.NeuroForge'[0.00, 0.00] -> (12.0, 257.7) for 0.1 seconds, then drag to Target Application 'com.zacrotech.NeuroForge'[0.00, 0.00] -> (12.0, 321.2) with velocity of 250.00 pixels per second, and then hold for 0.2 seconds 
    t =   138.19s     Wait for com.zacrotech.NeuroForge to idle
    t =   138.19s     Find the Target Application 'com.zacrotech.NeuroForge'
    t =   138.24s     Check for interrupting elements affecting "NeuroForge" Application
    t =   138.30s     Synthesize event
    t =   138.30s         Find the Target Application 'com.zacrotech.NeuroForge'
    t =   138.34s         Find the Target Application 'com.zacrotech.NeuroForge'
    t =   138.39s         Find the Target Application 'com.zacrotech.NeuroForge'
    t =   138.43s         Find the Target Application 'com.zacrotech.NeuroForge'
    t =   138.47s         Find the Target Application 'com.zacrotech.NeuroForge'
    t =   139.29s     Wait for com.zacrotech.NeuroForge to idle
    t =   139.29s Get all elements bound by index for: Descendants matching type ScrollView
    t =   139.35s Find the ScrollView (Element at index 0)
    t =   139.40s Find the Target Application 'com.zacrotech.NeuroForge'
    t =   139.44s Checking existence of `Keyboard (First Match)`
    t =   139.54s Get all elements bound by index for: Descendants matching type NavigationBar
    t =   139.59s Find the NavigationBar (Element at index 0)
    t =   139.65s Find the ScrollView at {{0.0, 169.5}, {375.0, 497.5}}
    t =   139.70s Find the ScrollView at {{0.0, 169.5}, {375.0, 497.5}}
    t =   139.75s Get all elements bound by index for: Descendants matching type TabBar
    t =   139.79s Find the TabBar (Element at index 0)
    t =   139.86s Checking existence of `"coordinate-reasoning-show" Button`
    t =   139.92s Find the "coordinate-reasoning-show" Button
    t =   139.98s Checking existence of `"session-submit" Any`
    t =   140.04s Checking existence of `"session-next" Any`
    t =   140.10s Find the "session-next" Any
    t =   140.17s Find the "session-next" Button
    t =   140.24s Find the "session-next" Button
    t =   140.30s Checking existence of `"train-start-practice" Any`
    t =   140.36s Find the "train-start-practice" Any
    t =   140.44s Checking existence of `"train-start-graph-construction" Any`
    t =   140.51s Checking existence of `"coordinate-reasoning-show" Button`
    t =   140.56s Find the "coordinate-reasoning-show" Button
    t =   140.62s Find the "coordinate-reasoning-show" Button
    t =   140.69s Find the ScrollView at {{0.0, 169.5}, {375.0, 497.5}}
    t =   140.75s Checking existence of `"coordinate-reasoning-show" Button`
    t =   140.80s Find the "coordinate-reasoning-show" Button
    t =   140.87s Find the "coordinate-reasoning-show" Button
    t =   140.93s Checking existence of `"coordinate-reasoning-show" Button`
    t =   140.99s Find the "coordinate-reasoning-show" Button
    t =   141.05s Find the ScrollView at {{0.0, 169.5}, {375.0, 497.5}}
    t =   141.10s Checking existence of `"coordinate-reasoning-show" Button`
    t =   141.16s Find the "coordinate-reasoning-show" Button
    t =   141.22s Press Target Application 'com.zacrotech.NeuroForge'[0.00, 0.00] -> (12.0, 257.7) for 0.1 seconds, then drag to Target Application 'com.zacrotech.NeuroForge'[0.00, 0.00] -> (12.0, 273.7) with velocity of 250.00 pixels per second, and then hold for 0.2 seconds 
    t =   141.22s     Wait for com.zacrotech.NeuroForge to idle
    t =   141.23s     Find the Target Application 'com.zacrotech.NeuroForge'
    t =   141.27s     Check for interrupting elements affecting "NeuroForge" Application
    t =   141.33s     Synthesize event
    t =   141.33s         Find the Target Application 'com.zacrotech.NeuroForge'
    t =   141.37s         Find the Target Application 'com.zacrotech.NeuroForge'
    t =   141.41s         Find the Target Application 'com.zacrotech.NeuroForge'
    t =   141.45s         Find the Target Application 'com.zacrotech.NeuroForge'
    t =   141.50s         Find the Target Application 'com.zacrotech.NeuroForge'
    t =   142.11s     Wait for com.zacrotech.NeuroForge to idle
    t =   142.12s Get all elements bound by index for: Descendants matching type ScrollView
    t =   142.18s Find the ScrollView (Element at index 0)
    t =   142.23s Find the Target Application 'com.zacrotech.NeuroForge'
    t =   142.27s Checking existence of `Keyboard (First Match)`
    t =   142.38s Get all elements bound by index for: Descendants matching type NavigationBar
    t =   142.42s Find the NavigationBar (Element at index 0)
    t =   142.48s Find the ScrollView at {{0.0, 169.5}, {375.0, 497.5}}
    t =   142.53s Find the ScrollView at {{0.0, 169.5}, {375.0, 497.5}}
    t =   142.58s Get all elements bound by index for: Descendants matching type TabBar
    t =   142.62s Find the TabBar (Element at index 0)
    t =   142.69s Checking existence of `"coordinate-reasoning-show" Button`
    t =   142.75s Find the "coordinate-reasoning-show" Button
    t =   142.81s Checking existence of `"session-submit" Any`
    t =   142.87s Checking existence of `"session-next" Any`
    t =   142.94s Find the "session-next" Any
    t =   143.02s Find the "session-next" Button
    t =   143.09s Find the "session-next" Button
    t =   143.16s Checking existence of `"train-start-practice" Any`
    t =   143.22s Find the "train-start-practice" Any
    t =   143.31s Checking existence of `"train-start-graph-construction" Any`
    t =   143.38s Checking existence of `"coordinate-reasoning-show" Button`
    t =   143.44s Find the "coordinate-reasoning-show" Button
    t =   143.50s Find the "coordinate-reasoning-show" Button
    t =   143.57s Find the ScrollView at {{0.0, 169.5}, {375.0, 497.5}}
    t =   143.62s Checking existence of `"coordinate-reasoning-show" Button`
    t =   143.68s Find the "coordinate-reasoning-show" Button
    t =   143.75s Find the "coordinate-reasoning-show" Button
    t =   143.81s Find the "coordinate-reasoning-show" Button
    t =   143.87s Find the "coordinate-reasoning-show" Button
    t =   143.96s Press "coordinate-reasoning-show" Button for 0.1 seconds
    t =   143.96s     Wait for com.zacrotech.NeuroForge to idle
    t =   143.97s     Find the "coordinate-reasoning-show" Button
    t =   144.03s     Check for interrupting elements affecting "coordinate-reasoning-show" Button
    t =   144.09s     Synthesize event
    t =   144.47s     Wait for com.zacrotech.NeuroForge to idle
    t =   144.48s Get all elements bound by index for: Descendants matching type ScrollView
    t =   144.54s Find the ScrollView (Element at index 0)
    t =   144.60s Find the Target Application 'com.zacrotech.NeuroForge'
    t =   144.65s Checking existence of `Keyboard (First Match)`
    t =   144.75s Get all elements bound by index for: Descendants matching type NavigationBar
    t =   144.80s Find the NavigationBar (Element at index 0)
    t =   144.87s Find the ScrollView at {{0.0, 169.5}, {375.0, 497.5}}
    t =   144.92s Find the ScrollView at {{0.0, 169.5}, {375.0, 497.5}}
    t =   144.98s Get all elements bound by index for: Descendants matching type TabBar
    t =   145.03s Find the TabBar (Element at index 0)
    t =   145.10s Checking existence of `"coordinate-reasoning-worked" Any`
    t =   145.17s Find the "coordinate-reasoning-worked" Any
    t =   145.23s Checking existence of `"session-submit" Any`
    t =   145.29s Checking existence of `"session-next" Any`
    t =   145.36s Find the "session-next" Any
    t =   145.43s Find the "session-next" Button
    t =   145.51s Find the "session-next" Button
    t =   145.58s Checking existence of `"train-start-practice" Any`
    t =   145.65s Find the "train-start-practice" Any
    t =   145.73s Checking existence of `"train-start-graph-construction" Any`
    t =   145.80s Checking existence of `"coordinate-reasoning-worked" StaticText`
    t =   145.86s Find the "coordinate-reasoning-worked" StaticText
    t =   145.93s Find the "coordinate-reasoning-worked" StaticText
    t =   146.01s Find the ScrollView at {{0.0, 169.5}, {375.0, 497.5}}
    t =   146.06s Checking existence of `"coordinate-reasoning-worked" StaticText`
    t =   146.12s Find the "coordinate-reasoning-worked" StaticText
    t =   146.20s Find the "coordinate-reasoning-worked" StaticText
    t =   146.27s Find the "coordinate-reasoning-worked" StaticText
    t =   146.33s Checking existence of `"coordinate-reasoning-worked" StaticText`
    t =   146.40s Find the "coordinate-reasoning-worked" StaticText
    t =   146.47s Find the ScrollView at {{0.0, 169.5}, {375.0, 497.5}}
    t =   146.52s Checking existence of `"coordinate-reasoning-worked" StaticText`
    t =   146.59s Find the "coordinate-reasoning-worked" StaticText
    t =   146.66s Press Target Application 'com.zacrotech.NeuroForge'[0.00, 0.00] -> (12.0, 516.3) for 0.1 seconds, then drag to Target Application 'com.zacrotech.NeuroForge'[0.00, 0.00] -> (12.0, 430.8) with velocity of 250.00 pixels per second, and then hold for 0.2 seconds 
    t =   146.66s     Wait for com.zacrotech.NeuroForge to idle
    t =   146.66s     Find the Target Application 'com.zacrotech.NeuroForge'
    t =   146.70s     Check for interrupting elements affecting "NeuroForge" Application
    t =   146.76s     Synthesize event
    t =   146.77s         Find the Target Application 'com.zacrotech.NeuroForge'
    t =   146.81s         Find the Target Application 'com.zacrotech.NeuroForge'
    t =   146.85s         Find the Target Application 'com.zacrotech.NeuroForge'
    t =   146.90s         Find the Target Application 'com.zacrotech.NeuroForge'
    t =   146.94s         Find the Target Application 'com.zacrotech.NeuroForge'
    t =   147.83s     Wait for com.zacrotech.NeuroForge to idle
    t =   147.84s Get all elements bound by index for: Descendants matching type ScrollView
    t =   147.91s Find the ScrollView (Element at index 0)
    t =   147.97s Find the Target Application 'com.zacrotech.NeuroForge'
    t =   148.02s Checking existence of `Keyboard (First Match)`
    t =   148.12s Get all elements bound by index for: Descendants matching type NavigationBar
    t =   148.16s Find the NavigationBar (Element at index 0)
    t =   148.22s Find the ScrollView at {{0.0, 169.5}, {375.0, 497.5}}
    t =   148.28s Find the ScrollView at {{0.0, 169.5}, {375.0, 497.5}}
    t =   148.33s Get all elements bound by index for: Descendants matching type TabBar
    t =   148.37s Find the TabBar (Element at index 0)
    t =   148.44s Checking existence of `"coordinate-reasoning-worked" StaticText`
    t =   148.50s Find the "coordinate-reasoning-worked" StaticText
    t =   148.56s Checking existence of `"session-submit" Any`
    t =   148.63s Checking existence of `"session-next" Any`
    t =   148.69s Find the "session-next" Any
    t =   148.76s Find the "session-next" Button
    t =   148.84s Find the "session-next" Button
    t =   148.91s Checking existence of `"train-start-practice" Any`
    t =   148.97s Find the "train-start-practice" Any
    t =   149.05s Checking existence of `"train-start-graph-construction" Any`
    t =   149.12s Checking existence of `"coordinate-reasoning-worked" StaticText`
    t =   149.19s Find the "coordinate-reasoning-worked" StaticText
    t =   149.26s Find the "coordinate-reasoning-worked" StaticText
    t =   149.34s Find the ScrollView at {{0.0, 169.5}, {375.0, 497.5}}
    t =   149.40s Checking existence of `"coordinate-reasoning-worked" StaticText`
    t =   149.46s Find the "coordinate-reasoning-worked" StaticText
    t =   149.55s Find the "coordinate-reasoning-worked" StaticText
    t =   149.62s Find the "coordinate-reasoning-worked" StaticText
    t =   149.69s Checking existence of `"coordinate-reasoning-worked" StaticText`
    t =   149.75s Find the "coordinate-reasoning-worked" StaticText
    t =   149.82s Find the ScrollView at {{0.0, 169.5}, {375.0, 497.5}}
    t =   149.88s Checking existence of `"coordinate-reasoning-worked" StaticText`
    t =   149.94s Find the "coordinate-reasoning-worked" StaticText
    t =   150.01s Press Target Application 'com.zacrotech.NeuroForge'[0.00, 0.00] -> (12.0, 516.3) for 0.1 seconds, then drag to Target Application 'com.zacrotech.NeuroForge'[0.00, 0.00] -> (12.0, 500.3) with velocity of 250.00 pixels per second, and then hold for 0.2 seconds 
    t =   150.01s     Wait for com.zacrotech.NeuroForge to idle
    t =   150.01s     Find the Target Application 'com.zacrotech.NeuroForge'
    t =   150.05s     Check for interrupting elements affecting "NeuroForge" Application
    t =   150.11s     Synthesize event
    t =   150.11s         Find the Target Application 'com.zacrotech.NeuroForge'
    t =   150.16s         Find the Target Application 'com.zacrotech.NeuroForge'
    t =   150.20s         Find the Target Application 'com.zacrotech.NeuroForge'
    t =   150.24s         Find the Target Application 'com.zacrotech.NeuroForge'
    t =   150.29s         Find the Target Application 'com.zacrotech.NeuroForge'
    t =   150.90s     Wait for com.zacrotech.NeuroForge to idle
    t =   150.91s Get all elements bound by index for: Descendants matching type ScrollView
    t =   150.98s Find the ScrollView (Element at index 0)
    t =   151.04s Find the Target Application 'com.zacrotech.NeuroForge'
    t =   151.09s Checking existence of `Keyboard (First Match)`
    t =   151.19s Get all elements bound by index for: Descendants matching type NavigationBar
    t =   151.24s Find the NavigationBar (Element at index 0)
    t =   151.29s Find the ScrollView at {{0.0, 169.5}, {375.0, 497.5}}
    t =   151.35s Find the ScrollView at {{0.0, 169.5}, {375.0, 497.5}}
    t =   151.40s Get all elements bound by index for: Descendants matching type TabBar
    t =   151.44s Find the TabBar (Element at index 0)
    t =   151.51s Checking existence of `"coordinate-reasoning-worked" StaticText`
    t =   151.57s Find the "coordinate-reasoning-worked" StaticText
    t =   151.64s Checking existence of `"session-submit" Any`
    t =   151.71s Checking existence of `"session-next" Any`
    t =   151.77s Find the "session-next" Any
    t =   151.84s Find the "session-next" Button
    t =   151.91s Find the "session-next" Button
    t =   151.98s Checking existence of `"train-start-practice" Any`
    t =   152.04s Find the "train-start-practice" Any
    t =   152.12s Checking existence of `"train-start-graph-construction" Any`
    t =   152.19s Checking existence of `"coordinate-reasoning-worked" StaticText`
    t =   152.25s Find the "coordinate-reasoning-worked" StaticText
    t =   152.32s Find the "coordinate-reasoning-worked" StaticText
    t =   152.40s Find the ScrollView at {{0.0, 169.5}, {375.0, 497.5}}
    t =   152.45s Checking existence of `"coordinate-reasoning-worked" StaticText`
    t =   152.51s Find the "coordinate-reasoning-worked" StaticText
    t =   152.58s Find the "coordinate-reasoning-worked" StaticText
    t =   152.65s Find the "coordinate-reasoning-worked" StaticText
    t =   152.72s Find the "coordinate-reasoning-worked" StaticText
    t =   152.78s Find the "coordinate-reasoning-original" StaticText
    t =   152.85s Find the Target Application 'com.zacrotech.NeuroForge'
    t =   153.07s Added attachment named 'advanced-coordinate-worked-Coordinate Rotation-en'
    t =   153.08s Get all elements bound by index for: Descendants matching type ScrollView
    t =   153.12s Find the ScrollView (Element at index 0)
    t =   153.18s Find the Target Application 'com.zacrotech.NeuroForge'
    t =   153.22s Checking existence of `Keyboard (First Match)`
    t =   153.33s Get all elements bound by index for: Descendants matching type NavigationBar
    t =   153.38s Find the NavigationBar (Element at index 0)
    t =   153.44s Find the ScrollView at {{0.0, 169.5}, {375.0, 497.5}}
    t =   153.49s Find the ScrollView at {{0.0, 169.5}, {375.0, 497.5}}
    t =   153.54s Get all elements bound by index for: Descendants matching type TabBar
    t =   153.59s Find the TabBar (Element at index 0)
    t =   153.65s Checking existence of `"coordinate-reasoning-reset" Button`
    t =   153.71s Find the "coordinate-reasoning-reset" Button
    t =   153.77s Checking existence of `"session-submit" Any`
    t =   153.84s Checking existence of `"session-next" Any`
    t =   153.90s Find the "session-next" Any
    t =   153.97s Find the "session-next" Button
    t =   154.04s Find the "session-next" Button
    t =   154.11s Checking existence of `"train-start-practice" Any`
    t =   154.18s Find the "train-start-practice" Any
    t =   154.26s Checking existence of `"train-start-graph-construction" Any`
    t =   154.33s Checking existence of `"coordinate-reasoning-reset" Button`
    t =   154.39s Find the "coordinate-reasoning-reset" Button
    t =   154.45s Find the "coordinate-reasoning-reset" Button
    t =   154.52s Find the ScrollView at {{0.0, 169.5}, {375.0, 497.5}}
    t =   154.57s Checking existence of `"coordinate-reasoning-reset" Button`
    t =   154.63s Find the "coordinate-reasoning-reset" Button
    t =   154.70s Checking existence of `"coordinate-reasoning-reset" Button`
    t =   154.75s Find the "coordinate-reasoning-reset" Button
    t =   154.82s Find the ScrollView at {{0.0, 169.5}, {375.0, 497.5}}
    t =   154.87s Checking existence of `"coordinate-reasoning-reset" Button`
    t =   154.93s Find the "coordinate-reasoning-reset" Button
    t =   154.99s Press Target Application 'com.zacrotech.NeuroForge'[0.00, 0.00] -> (12.0, 257.7) for 0.1 seconds, then drag to Target Application 'com.zacrotech.NeuroForge'[0.00, 0.00] -> (12.0, 343.2) with velocity of 250.00 pixels per second, and then hold for 0.2 seconds 
    t =   154.99s     Wait for com.zacrotech.NeuroForge to idle
    t =   154.99s     Find the Target Application 'com.zacrotech.NeuroForge'
    t =   155.03s     Check for interrupting elements affecting "NeuroForge" Application
    t =   155.09s     Synthesize event
    t =   155.09s         Find the Target Application 'com.zacrotech.NeuroForge'
    t =   155.14s         Find the Target Application 'com.zacrotech.NeuroForge'
    t =   155.18s         Find the Target Application 'com.zacrotech.NeuroForge'
    t =   155.22s         Find the Target Application 'com.zacrotech.NeuroForge'
    t =   155.27s         Find the Target Application 'com.zacrotech.NeuroForge'
    t =   156.16s     Wait for com.zacrotech.NeuroForge to idle
    t =   156.16s Get all elements bound by index for: Descendants matching type ScrollView
    t =   156.21s Find the ScrollView (Element at index 0)
    t =   156.27s Find the Target Application 'com.zacrotech.NeuroForge'
    t =   156.32s Checking existence of `Keyboard (First Match)`
    t =   156.42s Get all elements bound by index for: Descendants matching type NavigationBar
    t =   156.46s Find the NavigationBar (Element at index 0)
    t =   156.52s Find the ScrollView at {{0.0, 169.5}, {375.0, 497.5}}
    t =   156.58s Find the ScrollView at {{0.0, 169.5}, {375.0, 497.5}}
    t =   156.63s Get all elements bound by index for: Descendants matching type TabBar
    t =   156.68s Find the TabBar (Element at index 0)
    t =   156.75s Checking existence of `"coordinate-reasoning-reset" Button`
    t =   156.81s Find the "coordinate-reasoning-reset" Button
    t =   156.87s Checking existence of `"session-submit" Any`
    t =   156.93s Checking existence of `"session-next" Any`
    t =   156.99s Find the "session-next" Any
    t =   157.07s Find the "session-next" Button
    t =   157.14s Find the "session-next" Button
    t =   157.20s Checking existence of `"train-start-practice" Any`
    t =   157.26s Find the "train-start-practice" Any
    t =   157.35s Checking existence of `"train-start-graph-construction" Any`
    t =   157.42s Checking existence of `"coordinate-reasoning-reset" Button`
    t =   157.48s Find the "coordinate-reasoning-reset" Button
    t =   157.54s Find the "coordinate-reasoning-reset" Button
    t =   157.61s Find the ScrollView at {{0.0, 169.5}, {375.0, 497.5}}
    t =   157.66s Checking existence of `"coordinate-reasoning-reset" Button`
    t =   157.72s Find the "coordinate-reasoning-reset" Button
    t =   157.79s Find the "coordinate-reasoning-reset" Button
    t =   157.85s Checking existence of `"coordinate-reasoning-reset" Button`
    t =   157.91s Find the "coordinate-reasoning-reset" Button
    t =   157.98s Find the ScrollView at {{0.0, 169.5}, {375.0, 497.5}}
    t =   158.03s Checking existence of `"coordinate-reasoning-reset" Button`
    t =   158.09s Find the "coordinate-reasoning-reset" Button
    t =   158.15s Press Target Application 'com.zacrotech.NeuroForge'[0.00, 0.00] -> (12.0, 257.7) for 0.1 seconds, then drag to Target Application 'com.zacrotech.NeuroForge'[0.00, 0.00] -> (12.0, 273.7) with velocity of 250.00 pixels per second, and then hold for 0.2 seconds 
    t =   158.15s     Wait for com.zacrotech.NeuroForge to idle
    t =   158.15s     Find the Target Application 'com.zacrotech.NeuroForge'
    t =   158.20s     Check for interrupting elements affecting "NeuroForge" Application
    t =   158.26s     Synthesize event
    t =   158.26s         Find the Target Application 'com.zacrotech.NeuroForge'
    t =   158.30s         Find the Target Application 'com.zacrotech.NeuroForge'
    t =   158.35s         Find the Target Application 'com.zacrotech.NeuroForge'
    t =   158.39s         Find the Target Application 'com.zacrotech.NeuroForge'
    t =   158.43s         Find the Target Application 'com.zacrotech.NeuroForge'
    t =   159.05s     Wait for com.zacrotech.NeuroForge to idle
    t =   159.06s Get all elements bound by index for: Descendants matching type ScrollView
    t =   159.14s Find the ScrollView (Element at index 0)
    t =   159.20s Find the Target Application 'com.zacrotech.NeuroForge'
    t =   159.24s Checking existence of `Keyboard (First Match)`
    t =   159.35s Get all elements bound by index for: Descendants matching type NavigationBar
    t =   159.40s Find the NavigationBar (Element at index 0)
    t =   159.45s Find the ScrollView at {{0.0, 169.5}, {375.0, 497.5}}
    t =   159.51s Find the ScrollView at {{0.0, 169.5}, {375.0, 497.5}}
    t =   159.56s Get all elements bound by index for: Descendants matching type TabBar
    t =   159.60s Find the TabBar (Element at index 0)
    t =   159.67s Checking existence of `"coordinate-reasoning-reset" Button`
    t =   159.73s Find the "coordinate-reasoning-reset" Button
    t =   159.79s Checking existence of `"session-submit" Any`
    t =   159.85s Checking existence of `"session-next" Any`
    t =   159.92s Find the "session-next" Any
    t =   159.99s Find the "session-next" Button
    t =   160.06s Find the "session-next" Button
    t =   160.13s Checking existence of `"train-start-practice" Any`
    t =   160.19s Find the "train-start-practice" Any
    t =   160.28s Checking existence of `"train-start-graph-construction" Any`
    t =   160.34s Checking existence of `"coordinate-reasoning-reset" Button`
    t =   160.40s Find the "coordinate-reasoning-reset" Button
    t =   160.46s Find the "coordinate-reasoning-reset" Button
    t =   160.53s Find the ScrollView at {{0.0, 169.5}, {375.0, 497.5}}
    t =   160.59s Checking existence of `"coordinate-reasoning-reset" Button`
    t =   160.64s Find the "coordinate-reasoning-reset" Button
    t =   160.71s Find the "coordinate-reasoning-reset" Button
    t =   160.78s Find the "coordinate-reasoning-reset" Button
    t =   160.84s Find the "coordinate-reasoning-reset" Button
    t =   160.91s Press "coordinate-reasoning-reset" Button for 0.1 seconds
    t =   160.91s     Wait for com.zacrotech.NeuroForge to idle
    t =   160.91s     Find the "coordinate-reasoning-reset" Button
    t =   160.97s     Check for interrupting elements affecting "coordinate-reasoning-reset" Button
    t =   161.03s     Synthesize event
    t =   161.41s     Wait for com.zacrotech.NeuroForge to idle
    t =   162.43s Checking `Expect predicate `exists == 0` for object "coordinate-reasoning-worked" StaticText`
    t =   162.43s     Checking existence of `"coordinate-reasoning-worked" StaticText`
    t =   162.52s Find the "coordinate-reasoning-original" StaticText
    t =   162.60s Find the "session-feedback-title" StaticText
    t =   162.66s Get all elements bound by index for: Descendants matching type ScrollView
    t =   162.71s Find the ScrollView (Element at index 0)
    t =   162.77s Find the Target Application 'com.zacrotech.NeuroForge'
    t =   162.81s Checking existence of `Keyboard (First Match)`
    t =   162.92s Get all elements bound by index for: Descendants matching type NavigationBar
    t =   162.96s Find the NavigationBar (Element at index 0)
    t =   163.02s Find the ScrollView at {{0.0, 169.5}, {375.0, 497.5}}
    t =   163.07s Find the ScrollView at {{0.0, 169.5}, {375.0, 497.5}}
    t =   163.13s Get all elements bound by index for: Descendants matching type TabBar
    t =   163.17s Find the TabBar (Element at index 0)
    t =   163.24s Checking existence of `"session-next" Any`
    t =   163.30s Find the "session-next" Any
    t =   163.36s Checking existence of `"session-next" Button`
    t =   163.42s Find the "session-next" Button
    t =   163.50s Find the "session-next" Button
    t =   163.56s Find the "session-next" Button
    t =   163.63s Find the "session-next" Button
    t =   163.70s Find the Target Application 'com.zacrotech.NeuroForge'
    t =   163.83s Added attachment named 'lab-response-feedback-spatial.coordinate-rotation-en'
    t =   163.83s Press "session-next" Button for 0.1 seconds
    t =   163.83s     Wait for com.zacrotech.NeuroForge to idle
    t =   163.83s     Find the "session-next" Button
    t =   163.90s     Check for interrupting elements affecting "session-next" Button
    t =   163.96s     Synthesize event
    t =   164.34s     Wait for com.zacrotech.NeuroForge to idle
    t =   165.73s Checking `Expect predicate `value == "2 / 5"` for object "session-position" ProgressIndicator`
    t =   165.73s     Find the "session-position" ProgressIndicator
    t =   165.82s Waiting 8.0s for "session-submit" Any to exist
    t =   166.85s     Checking `Expect predicate `existsNoRetry == 1` for object "session-submit" Any`
    t =   166.87s         Checking existence of `"session-submit" Any`
    t =   166.95s Terminate com.zacrotech.NeuroForge:6566
    t =   168.09s Tear Down
Test Case '-[NeuroForgeUITests.NavigationSmokeUITests testAdvancedCoordinatePublicLaunchSavesOriginalAnswerAndSeparateWorkedMap]' passed (168.357 seconds).
Test Case '-[NeuroForgeUITests.NavigationSmokeUITests testAdvancedReflectionPublicLaunchSavesOriginalAnswerAndSeparateWorkedMap]' started.
    t =     0.00s Start Test at 2026-09-05 18:39:45.192
    t =     0.05s Set Up
    t =     0.05s Open com.zacrotech.NeuroForge
    t =     0.05s     Launch com.zacrotech.NeuroForge
2026-09-05 18:39:45.329 xcodebuild[6491:6375319] [MT] IDELaunchParametersSnapshot: The operation couldn’t be completed. (DebuggerLLDB.DebuggerVersionStore.StoreError error 0.)
2026-09-05 18:39:45.329 xcodebuild[6491:6375319] [MT] IDELaunchParametersSnapshot: no debugger version
    t =     0.55s         Setting up automation session
    t =     1.93s         Wait for com.zacrotech.NeuroForge to idle
    t =     4.69s Waiting 15.0s for "Practice" Button to exist
    t =     5.69s     Checking `Expect predicate `existsNoRetry == 1` for object "Practice" Button`
    t =     5.69s         Checking existence of `"Practice" Button`
    t =     5.94s Press "Practice" Button for 0.1 seconds
    t =     5.94s     Wait for com.zacrotech.NeuroForge to idle
    t =     5.95s     Find the "Practice" Button
    t =     5.98s     Check for interrupting elements affecting "Practice" Button
    t =     6.01s     Synthesize event
    t =     6.40s     Wait for com.zacrotech.NeuroForge to idle
    t =     7.69s Waiting 8.0s for "destination-train" Any to exist
    t =     8.69s     Checking `Expect predicate `existsNoRetry == 1` for object "destination-train" Any`
    t =     8.69s         Checking existence of `"destination-train" Any`
    t =     8.76s Get all elements bound by index for: Descendants matching type ScrollView
    t =     8.79s Find the ScrollView (Element at index 0)
    t =     8.82s Find the Target Application 'com.zacrotech.NeuroForge'
    t =     8.84s Checking existence of `Keyboard (First Match)`
    t =     8.89s Get all elements bound by index for: Descendants matching type NavigationBar
    t =     8.92s Find the NavigationBar (Element at index 0)
    t =     8.95s Find the "Practice" NavigationBar
    t =     8.98s Find the ScrollView at {{0.0, 0.0}, {375.0, 667.0}}
    t =     9.01s Find the ScrollView at {{0.0, 0.0}, {375.0, 667.0}}
    t =     9.03s Get all elements bound by index for: Descendants matching type TabBar
    t =     9.05s Find the TabBar (Element at index 0)
    t =     9.08s Find the "Tab Bar" TabBar
    t =     9.11s Checking existence of `Button (First Match)`
    t =     9.16s Find the Button (First Match)
    t =     9.20s Checking existence of `"session-submit" Any`
    t =     9.23s Checking existence of `"session-next" Any`
    t =     9.26s Checking existence of `"train-start-practice" Any`
    t =     9.29s Checking existence of `"train-start-graph-construction" Any`
    t =     9.32s Checking existence of `"Spatial Reasoning, Transformations across diagrams and 3D forms, Unassessed, No practice yet" Button`
    t =     9.37s Find the "Spatial Reasoning, Transformations across diagrams and 3D forms, Unassessed, No practice yet" Button
    t =     9.42s Find the "Spatial Reasoning, Transformations across diagrams and 3D forms, Unassessed, No practice yet" Button
    t =     9.48s Find the ScrollView at {{0.0, 0.0}, {375.0, 667.0}}
    t =     9.50s Checking existence of `"Spatial Reasoning, Transformations across diagrams and 3D forms, Unassessed, No practice yet" Button`
    t =     9.55s Find the "Spatial Reasoning, Transformations across diagrams and 3D forms, Unassessed, No practice yet" Button
    t =     9.61s Checking existence of `"Spatial Reasoning, Transformations across diagrams and 3D forms, Unassessed, No practice yet" Button`
    t =     9.66s Find the "Spatial Reasoning, Transformations across diagrams and 3D forms, Unassessed, No practice yet" Button
    t =     9.73s Find the ScrollView at {{0.0, 0.0}, {375.0, 667.0}}
    t =     9.76s Checking existence of `"Spatial Reasoning, Transformations across diagrams and 3D forms, Unassessed, No practice yet" Button`
    t =     9.80s Find the "Spatial Reasoning, Transformations across diagrams and 3D forms, Unassessed, No practice yet" Button
    t =     9.86s Press Target Application 'com.zacrotech.NeuroForge'[0.00, 0.00] -> (12.0, 503.2) for 0.1 seconds, then drag to Target Application 'com.zacrotech.NeuroForge'[0.00, 0.00] -> (12.0, 266.8) with velocity of 250.00 pixels per second, and then hold for 0.2 seconds 
    t =     9.86s     Wait for com.zacrotech.NeuroForge to idle
    t =     9.86s     Find the Target Application 'com.zacrotech.NeuroForge'
    t =     9.89s     Check for interrupting elements affecting "NeuroForge" Application
    t =     9.91s     Synthesize event
    t =     9.92s         Find the Target Application 'com.zacrotech.NeuroForge'
    t =     9.93s         Find the Target Application 'com.zacrotech.NeuroForge'
    t =     9.96s         Find the Target Application 'com.zacrotech.NeuroForge'
    t =     9.97s         Find the Target Application 'com.zacrotech.NeuroForge'
    t =    10.00s         Find the Target Application 'com.zacrotech.NeuroForge'
    t =    11.48s     Wait for com.zacrotech.NeuroForge to idle
    t =    11.74s Get all elements bound by index for: Descendants matching type ScrollView
    t =    11.77s Find the ScrollView (Element at index 0)
    t =    11.80s Find the Target Application 'com.zacrotech.NeuroForge'
    t =    11.82s Checking existence of `Keyboard (First Match)`
    t =    11.88s Get all elements bound by index for: Descendants matching type NavigationBar
    t =    11.90s Find the NavigationBar (Element at index 0)
    t =    11.94s Find the "Practice" NavigationBar
    t =    11.97s Find the ScrollView at {{0.0, 0.0}, {375.0, 667.0}}
    t =    12.00s Find the ScrollView at {{0.0, 0.0}, {375.0, 667.0}}
    t =    12.03s Get all elements bound by index for: Descendants matching type TabBar
    t =    12.05s Find the TabBar (Element at index 0)
    t =    12.09s Find the "Tab Bar" TabBar
    t =    12.12s Checking existence of `"Spatial Reasoning, Transformations across diagrams and 3D forms, Unassessed, No practice yet" Button`
    t =    12.16s Find the "Spatial Reasoning, Transformations across diagrams and 3D forms, Unassessed, No practice yet" Button
    t =    12.21s Checking existence of `"session-submit" Any`
    t =    12.24s Checking existence of `"session-next" Any`
    t =    12.27s Checking existence of `"train-start-practice" Any`
    t =    12.31s Checking existence of `"train-start-graph-construction" Any`
    t =    12.34s Checking existence of `"Spatial Reasoning, Transformations across diagrams and 3D forms, Unassessed, No practice yet" Button`
    t =    12.38s Find the "Spatial Reasoning, Transformations across diagrams and 3D forms, Unassessed, No practice yet" Button
    t =    12.44s Find the "Spatial Reasoning, Transformations across diagrams and 3D forms, Unassessed, No practice yet" Button
    t =    12.50s Find the ScrollView at {{0.0, 0.0}, {375.0, 667.0}}
    t =    12.53s Checking existence of `"Spatial Reasoning, Transformations across diagrams and 3D forms, Unassessed, No practice yet" Button`
    t =    12.58s Find the "Spatial Reasoning, Transformations across diagrams and 3D forms, Unassessed, No practice yet" Button
    t =    12.64s Checking existence of `"Spatial Reasoning, Transformations across diagrams and 3D forms, Unassessed, No practice yet" Button`
    t =    12.70s Find the "Spatial Reasoning, Transformations across diagrams and 3D forms, Unassessed, No practice yet" Button
    t =    12.75s Find the ScrollView at {{0.0, 0.0}, {375.0, 667.0}}
    t =    12.78s Checking existence of `"Spatial Reasoning, Transformations across diagrams and 3D forms, Unassessed, No practice yet" Button`
    t =    12.83s Find the "Spatial Reasoning, Transformations across diagrams and 3D forms, Unassessed, No practice yet" Button
    t =    12.88s Press Target Application 'com.zacrotech.NeuroForge'[0.00, 0.00] -> (12.0, 480.8) for 0.1 seconds, then drag to Target Application 'com.zacrotech.NeuroForge'[0.00, 0.00] -> (12.0, 188.8) with velocity of 250.00 pixels per second, and then hold for 0.2 seconds 
    t =    12.88s     Wait for com.zacrotech.NeuroForge to idle
    t =    12.88s     Find the Target Application 'com.zacrotech.NeuroForge'
    t =    12.90s     Check for interrupting elements affecting "NeuroForge" Application
    t =    12.93s     Synthesize event
    t =    12.93s         Find the Target Application 'com.zacrotech.NeuroForge'
    t =    12.95s         Find the Target Application 'com.zacrotech.NeuroForge'
    t =    12.98s         Find the Target Application 'com.zacrotech.NeuroForge'
    t =    13.00s         Find the Target Application 'com.zacrotech.NeuroForge'
    t =    13.02s         Find the Target Application 'com.zacrotech.NeuroForge'
    t =    14.72s     Wait for com.zacrotech.NeuroForge to idle
    t =    15.26s Get all elements bound by index for: Descendants matching type ScrollView
    t =    15.32s Find the ScrollView (Element at index 0)
    t =    15.37s Find the Target Application 'com.zacrotech.NeuroForge'
    t =    15.39s Checking existence of `Keyboard (First Match)`
    t =    15.46s Get all elements bound by index for: Descendants matching type NavigationBar
    t =    15.48s Find the NavigationBar (Element at index 0)
    t =    15.52s Find the "Practice" NavigationBar
    t =    15.56s Find the ScrollView at {{0.0, 0.0}, {375.0, 667.0}}
    t =    15.59s Find the ScrollView at {{0.0, 0.0}, {375.0, 667.0}}
    t =    15.62s Get all elements bound by index for: Descendants matching type TabBar
    t =    15.64s Find the TabBar (Element at index 0)
    t =    15.68s Find the "Tab Bar" TabBar
    t =    15.71s Checking existence of `"Spatial Reasoning, Transformations across diagrams and 3D forms, Unassessed, No practice yet" Button`
    t =    15.76s Find the "Spatial Reasoning, Transformations across diagrams and 3D forms, Unassessed, No practice yet" Button
    t =    15.81s Checking existence of `"session-submit" Any`
    t =    15.85s Checking existence of `"session-next" Any`
    t =    15.89s Checking existence of `"train-start-practice" Any`
    t =    15.92s Checking existence of `"train-start-graph-construction" Any`
    t =    15.96s Checking existence of `"Spatial Reasoning, Transformations across diagrams and 3D forms, Unassessed, No practice yet" Button`
    t =    16.01s Find the "Spatial Reasoning, Transformations across diagrams and 3D forms, Unassessed, No practice yet" Button
    t =    16.06s Find the "Spatial Reasoning, Transformations across diagrams and 3D forms, Unassessed, No practice yet" Button
    t =    16.12s Find the ScrollView at {{0.0, 0.0}, {375.0, 667.0}}
    t =    16.16s Checking existence of `"Spatial Reasoning, Transformations across diagrams and 3D forms, Unassessed, No practice yet" Button`
    t =    16.21s Find the "Spatial Reasoning, Transformations across diagrams and 3D forms, Unassessed, No practice yet" Button
    t =    16.26s Find the "Spatial Reasoning, Transformations across diagrams and 3D forms, Unassessed, No practice yet" Button
    t =    16.34s Find the "Spatial Reasoning, Transformations across diagrams and 3D forms, Unassessed, No practice yet" Button
    t =    16.40s Checking existence of `"Spatial Reasoning, Transformations across diagrams and 3D forms, Unassessed, No practice yet" Button`
    t =    16.44s Find the "Spatial Reasoning, Transformations across diagrams and 3D forms, Unassessed, No practice yet" Button
    t =    16.50s Find the ScrollView at {{0.0, 0.0}, {375.0, 667.0}}
    t =    16.53s Checking existence of `"Spatial Reasoning, Transformations across diagrams and 3D forms, Unassessed, No practice yet" Button`
    t =    16.58s Find the "Spatial Reasoning, Transformations across diagrams and 3D forms, Unassessed, No practice yet" Button
    t =    16.63s Press Target Application 'com.zacrotech.NeuroForge'[0.00, 0.00] -> (12.0, 480.8) for 0.1 seconds, then drag to Target Application 'com.zacrotech.NeuroForge'[0.00, 0.00] -> (12.0, 464.8) with velocity of 250.00 pixels per second, and then hold for 0.2 seconds 
    t =    16.63s     Wait for com.zacrotech.NeuroForge to idle
    t =    16.63s     Find the Target Application 'com.zacrotech.NeuroForge'
    t =    16.65s     Check for interrupting elements affecting "NeuroForge" Application
    t =    16.68s     Synthesize event
    t =    16.68s         Find the Target Application 'com.zacrotech.NeuroForge'
    t =    16.71s         Find the Target Application 'com.zacrotech.NeuroForge'
    t =    16.73s         Find the Target Application 'com.zacrotech.NeuroForge'
    t =    16.75s         Find the Target Application 'com.zacrotech.NeuroForge'
    t =    16.78s         Find the Target Application 'com.zacrotech.NeuroForge'
    t =    17.37s     Wait for com.zacrotech.NeuroForge to idle
    t =    17.38s Get all elements bound by index for: Descendants matching type ScrollView
    t =    17.41s Find the ScrollView (Element at index 0)
    t =    17.44s Find the Target Application 'com.zacrotech.NeuroForge'
    t =    17.47s Checking existence of `Keyboard (First Match)`
    t =    17.53s Get all elements bound by index for: Descendants matching type NavigationBar
    t =    17.55s Find the NavigationBar (Element at index 0)
    t =    17.59s Find the "Practice" NavigationBar
    t =    17.62s Find the ScrollView at {{0.0, 0.0}, {375.0, 667.0}}
    t =    17.65s Find the ScrollView at {{0.0, 0.0}, {375.0, 667.0}}
    t =    17.68s Get all elements bound by index for: Descendants matching type TabBar
    t =    17.70s Find the TabBar (Element at index 0)
    t =    17.74s Find the "Tab Bar" TabBar
    t =    17.77s Checking existence of `"Spatial Reasoning, Transformations across diagrams and 3D forms, Unassessed, No practice yet" Button`
    t =    17.82s Find the "Spatial Reasoning, Transformations across diagrams and 3D forms, Unassessed, No practice yet" Button
    t =    17.87s Checking existence of `"session-submit" Any`
    t =    17.90s Checking existence of `"session-next" Any`
    t =    17.93s Checking existence of `"train-start-practice" Any`
    t =    17.97s Checking existence of `"train-start-graph-construction" Any`
    t =    18.02s Checking existence of `"Spatial Reasoning, Transformations across diagrams and 3D forms, Unassessed, No practice yet" Button`
    t =    18.07s Find the "Spatial Reasoning, Transformations across diagrams and 3D forms, Unassessed, No practice yet" Button
    t =    18.12s Find the "Spatial Reasoning, Transformations across diagrams and 3D forms, Unassessed, No practice yet" Button
    t =    18.18s Find the ScrollView at {{0.0, 0.0}, {375.0, 667.0}}
    t =    18.21s Checking existence of `"Spatial Reasoning, Transformations across diagrams and 3D forms, Unassessed, No practice yet" Button`
    t =    18.26s Find the "Spatial Reasoning, Transformations across diagrams and 3D forms, Unassessed, No practice yet" Button
    t =    18.32s Find the "Spatial Reasoning, Transformations across diagrams and 3D forms, Unassessed, No practice yet" Button
    t =    18.37s Find the "Spatial Reasoning, Transformations across diagrams and 3D forms, Unassessed, No practice yet" Button
    t =    18.42s Press "Spatial Reasoning, Transformations across diagrams and 3D forms, Unassessed, No practice yet" Button for 0.1 seconds
    t =    18.42s     Wait for com.zacrotech.NeuroForge to idle
    t =    18.43s     Find the "Spatial Reasoning, Transformations across diagrams and 3D forms, Unassessed, No practice yet" Button
    t =    18.48s     Check for interrupting elements affecting "Spatial Reasoning, Transformations across diagrams and 3D forms, Unassessed, No practice yet" Button
    t =    18.51s     Synthesize event
    t =    18.89s     Wait for com.zacrotech.NeuroForge to idle
    t =    19.26s Waiting 8.0s for "Spatial" NavigationBar to exist
    t =    20.27s     Checking `Expect predicate `existsNoRetry == 1` for object "Spatial" NavigationBar`
    t =    20.28s         Checking existence of `"Spatial" NavigationBar`
    t =    20.36s Get all elements bound by index for: Descendants matching type ScrollView
    t =    20.40s Find the ScrollView (Element at index 0)
    t =    20.44s Find the Target Application 'com.zacrotech.NeuroForge'
    t =    20.47s Checking existence of `Keyboard (First Match)`
    t =    20.54s Get all elements bound by index for: Descendants matching type NavigationBar
    t =    20.58s Find the NavigationBar (Element at index 0)
    t =    20.63s Find the "Spatial" NavigationBar
    t =    20.66s Find the ScrollView at {{0.0, 0.0}, {375.0, 667.0}}
    t =    20.70s Find the ScrollView at {{0.0, 0.0}, {375.0, 667.0}}
    t =    20.74s Get all elements bound by index for: Descendants matching type TabBar
    t =    20.77s Find the TabBar (Element at index 0)
    t =    20.81s Find the "Tab Bar" TabBar
    t =    20.84s Checking existence of `Button (First Match)`
    t =    20.92s Checking existence of `"session-submit" Any`
    t =    20.96s Checking existence of `"session-next" Any`
    t =    21.00s Checking existence of `"train-start-practice" Any`
    t =    21.04s Find the "train-start-practice" Any
    t =    21.09s Find the "train-start-practice" Button
    t =    21.14s Find the "train-start-practice" Button
    t =    21.18s Checking existence of `"train-start-graph-construction" Any`
    t =    21.23s Checking existence of `Button (First Match)`
    t =    21.30s Find the Button (First Match)
    t =    22.39s     Find the Button (First Match) (retry 1)
    t =    23.51s     Find the Button (First Match) (retry 2)
    t =    23.60s Find the ScrollView at {{0.0, 0.0}, {375.0, 667.0}}
    t =    23.63s Checking existence of `Button (First Match)`
    t =    23.71s Checking existence of `Button (First Match)`
    t =    23.79s Find the ScrollView at {{0.0, 0.0}, {375.0, 667.0}}
    t =    23.83s Checking existence of `Button (First Match)`
    t =    23.90s Press Target Application 'com.zacrotech.NeuroForge'[0.00, 0.00] -> (12.0, 438.0) for 0.1 seconds, then drag to Target Application 'com.zacrotech.NeuroForge'[0.00, 0.00] -> (12.0, 236.2) with velocity of 250.00 pixels per second, and then hold for 0.2 seconds 
    t =    23.90s     Wait for com.zacrotech.NeuroForge to idle
    t =    23.91s     Find the Target Application 'com.zacrotech.NeuroForge'
    t =    23.94s     Check for interrupting elements affecting "NeuroForge" Application
    t =    23.97s     Synthesize event
    t =    23.97s         Find the Target Application 'com.zacrotech.NeuroForge'
    t =    24.00s         Find the Target Application 'com.zacrotech.NeuroForge'
    t =    24.03s         Find the Target Application 'com.zacrotech.NeuroForge'
    t =    24.06s         Find the Target Application 'com.zacrotech.NeuroForge'
    t =    24.09s         Find the Target Application 'com.zacrotech.NeuroForge'
    t =    25.44s     Wait for com.zacrotech.NeuroForge to idle
    t =    26.04s Get all elements bound by index for: Descendants matching type ScrollView
    t =    26.09s Find the ScrollView (Element at index 0)
    t =    26.14s Find the Target Application 'com.zacrotech.NeuroForge'
    t =    26.18s Checking existence of `Keyboard (First Match)`
    t =    26.26s Get all elements bound by index for: Descendants matching type NavigationBar
    t =    26.30s Find the NavigationBar (Element at index 0)
    t =    26.36s Find the "Spatial" NavigationBar
    t =    26.40s Find the ScrollView at {{0.0, 0.0}, {375.0, 667.0}}
    t =    26.44s Find the ScrollView at {{0.0, 0.0}, {375.0, 667.0}}
    t =    26.48s Get all elements bound by index for: Descendants matching type TabBar
    t =    26.52s Find the TabBar (Element at index 0)
    t =    26.57s Find the "Tab Bar" TabBar
    t =    26.61s Checking existence of `Button (First Match)`
    t =    26.69s Checking existence of `"session-submit" Any`
    t =    26.74s Checking existence of `"session-next" Any`
    t =    26.79s Checking existence of `"train-start-practice" Any`
    t =    26.84s Find the "train-start-practice" Any
    t =    26.90s Find the "train-start-practice" Button
    t =    26.96s Find the "train-start-practice" Button
    t =    27.02s Checking existence of `"train-start-graph-construction" Any`
    t =    27.07s Checking existence of `Button (First Match)`
    t =    27.17s Find the Button (First Match)
    t =    28.27s     Find the Button (First Match) (retry 1)
    t =    29.39s     Find the Button (First Match) (retry 2)
    t =    29.49s Find the ScrollView at {{0.0, 0.0}, {375.0, 667.0}}
    t =    29.53s Checking existence of `Button (First Match)`
    t =    29.62s Checking existence of `Button (First Match)`
    t =    29.71s Find the ScrollView at {{0.0, 0.0}, {375.0, 667.0}}
    t =    29.75s Checking existence of `Button (First Match)`
    t =    29.84s Press Target Application 'com.zacrotech.NeuroForge'[0.00, 0.00] -> (12.0, 427.6) for 0.1 seconds, then drag to Target Application 'com.zacrotech.NeuroForge'[0.00, 0.00] -> (12.0, 199.9) with velocity of 250.00 pixels per second, and then hold for 0.2 seconds 
    t =    29.84s     Wait for com.zacrotech.NeuroForge to idle
    t =    29.84s     Find the Target Application 'com.zacrotech.NeuroForge'
    t =    29.87s     Check for interrupting elements affecting "NeuroForge" Application
    t =    29.92s     Synthesize event
    t =    29.92s         Find the Target Application 'com.zacrotech.NeuroForge'
    t =    29.95s         Find the Target Application 'com.zacrotech.NeuroForge'
    t =    29.99s         Find the Target Application 'com.zacrotech.NeuroForge'
    t =    30.02s         Find the Target Application 'com.zacrotech.NeuroForge'
    t =    30.05s         Find the Target Application 'com.zacrotech.NeuroForge'
    t =    31.51s     Wait for com.zacrotech.NeuroForge to idle
    t =    32.05s Get all elements bound by index for: Descendants matching type ScrollView
    t =    32.09s Find the ScrollView (Element at index 0)
    t =    32.15s Find the Target Application 'com.zacrotech.NeuroForge'
    t =    32.19s Checking existence of `Keyboard (First Match)`
    t =    32.28s Get all elements bound by index for: Descendants matching type NavigationBar
    t =    32.31s Find the NavigationBar (Element at index 0)
    t =    32.37s Find the "Spatial" NavigationBar
    t =    32.41s Find the ScrollView at {{0.0, 0.0}, {375.0, 667.0}}
    t =    32.45s Find the ScrollView at {{0.0, 0.0}, {375.0, 667.0}}
    t =    32.49s Get all elements bound by index for: Descendants matching type TabBar
    t =    32.53s Find the TabBar (Element at index 0)
    t =    32.58s Find the "Tab Bar" TabBar
    t =    32.62s Checking existence of `Button (First Match)`
    t =    32.68s Find the Button (First Match)
    t =    32.74s Checking existence of `"session-submit" Any`
    t =    32.78s Checking existence of `"session-next" Any`
    t =    32.83s Checking existence of `"train-start-practice" Any`
    t =    32.89s Find the "train-start-practice" Any
    t =    32.95s Find the "train-start-practice" Button
    t =    33.00s Find the "train-start-practice" Button
    t =    33.06s Checking existence of `"train-start-graph-construction" Any`
    t =    33.11s Checking existence of `"Vector Reflection, Reflect a vector across the y-axis by changing its horizontal component and preserving its vertical component., Puzzle" Button`
    t =    33.17s Find the "Vector Reflection, Reflect a vector across the y-axis by changing its horizontal component and preserving its vertical component., Puzzle" Button
    t =    33.23s Find the "Vector Reflection, Reflect a vector across the y-axis by changing its horizontal component and preserving its vertical component., Puzzle" Button
    t =    33.30s Find the ScrollView at {{0.0, 0.0}, {375.0, 667.0}}
    t =    33.34s Checking existence of `"Vector Reflection, Reflect a vector across the y-axis by changing its horizontal component and preserving its vertical component., Puzzle" Button`
    t =    33.40s Find the "Vector Reflection, Reflect a vector across the y-axis by changing its horizontal component and preserving its vertical component., Puzzle" Button
    t =    33.47s Checking existence of `"Vector Reflection, Reflect a vector across the y-axis by changing its horizontal component and preserving its vertical component., Puzzle" Button`
    t =    33.53s Find the "Vector Reflection, Reflect a vector across the y-axis by changing its horizontal component and preserving its vertical component., Puzzle" Button
    t =    33.59s Find the ScrollView at {{0.0, 0.0}, {375.0, 667.0}}
    t =    33.63s Checking existence of `"Vector Reflection, Reflect a vector across the y-axis by changing its horizontal component and preserving its vertical component., Puzzle" Button`
    t =    33.69s Find the "Vector Reflection, Reflect a vector across the y-axis by changing its horizontal component and preserving its vertical component., Puzzle" Button
    t =    33.75s Press Target Application 'com.zacrotech.NeuroForge'[0.00, 0.00] -> (12.0, 427.6) for 0.1 seconds, then drag to Target Application 'com.zacrotech.NeuroForge'[0.00, 0.00] -> (12.0, 163.9) with velocity of 250.00 pixels per second, and then hold for 0.2 seconds 
    t =    33.75s     Wait for com.zacrotech.NeuroForge to idle
    t =    33.75s     Find the Target Application 'com.zacrotech.NeuroForge'
    t =    33.79s     Check for interrupting elements affecting "NeuroForge" Application
    t =    33.83s     Synthesize event
    t =    33.83s         Find the Target Application 'com.zacrotech.NeuroForge'
    t =    33.87s         Find the Target Application 'com.zacrotech.NeuroForge'
    t =    33.90s         Find the Target Application 'com.zacrotech.NeuroForge'
    t =    33.94s         Find the Target Application 'com.zacrotech.NeuroForge'
    t =    33.97s         Find the Target Application 'com.zacrotech.NeuroForge'
    t =    35.56s     Wait for com.zacrotech.NeuroForge to idle
    t =    36.04s Get all elements bound by index for: Descendants matching type ScrollView
    t =    36.08s Find the ScrollView (Element at index 0)
    t =    36.13s Find the Target Application 'com.zacrotech.NeuroForge'
    t =    36.16s Checking existence of `Keyboard (First Match)`
    t =    36.25s Get all elements bound by index for: Descendants matching type NavigationBar
    t =    36.28s Find the NavigationBar (Element at index 0)
    t =    36.35s Find the "Spatial" NavigationBar
    t =    36.39s Find the ScrollView at {{0.0, 0.0}, {375.0, 667.0}}
    t =    36.44s Find the ScrollView at {{0.0, 0.0}, {375.0, 667.0}}
    t =    36.48s Get all elements bound by index for: Descendants matching type TabBar
    t =    36.51s Find the TabBar (Element at index 0)
    t =    36.56s Find the "Tab Bar" TabBar
    t =    36.60s Checking existence of `"Vector Reflection, Reflect a vector across the y-axis by changing its horizontal component and preserving its vertical component., Puzzle" Button`
    t =    36.66s Find the "Vector Reflection, Reflect a vector across the y-axis by changing its horizontal component and preserving its vertical component., Puzzle" Button
    t =    36.72s Checking existence of `"session-submit" Any`
    t =    36.78s Checking existence of `"session-next" Any`
    t =    36.83s Checking existence of `"train-start-practice" Any`
    t =    36.88s Find the "train-start-practice" Any
    t =    36.94s Find the "train-start-practice" Button
    t =    37.00s Find the "train-start-practice" Button
    t =    37.05s Checking existence of `"train-start-graph-construction" Any`
    t =    37.10s Checking existence of `"Vector Reflection, Reflect a vector across the y-axis by changing its horizontal component and preserving its vertical component., Puzzle" Button`
    t =    37.16s Find the "Vector Reflection, Reflect a vector across the y-axis by changing its horizontal component and preserving its vertical component., Puzzle" Button
    t =    37.22s Find the "Vector Reflection, Reflect a vector across the y-axis by changing its horizontal component and preserving its vertical component., Puzzle" Button
    t =    37.29s Find the ScrollView at {{0.0, 0.0}, {375.0, 667.0}}
    t =    37.33s Checking existence of `"Vector Reflection, Reflect a vector across the y-axis by changing its horizontal component and preserving its vertical component., Puzzle" Button`
    t =    37.39s Find the "Vector Reflection, Reflect a vector across the y-axis by changing its horizontal component and preserving its vertical component., Puzzle" Button
    t =    37.46s Checking existence of `"Vector Reflection, Reflect a vector across the y-axis by changing its horizontal component and preserving its vertical component., Puzzle" Button`
    t =    37.52s Find the "Vector Reflection, Reflect a vector across the y-axis by changing its horizontal component and preserving its vertical component., Puzzle" Button
    t =    37.59s Find the ScrollView at {{0.0, 0.0}, {375.0, 667.0}}
    t =    37.63s Checking existence of `"Vector Reflection, Reflect a vector across the y-axis by changing its horizontal component and preserving its vertical component., Puzzle" Button`
    t =    37.69s Find the "Vector Reflection, Reflect a vector across the y-axis by changing its horizontal component and preserving its vertical component., Puzzle" Button
    t =    37.75s Press Target Application 'com.zacrotech.NeuroForge'[0.00, 0.00] -> (12.0, 427.6) for 0.1 seconds, then drag to Target Application 'com.zacrotech.NeuroForge'[0.00, 0.00] -> (12.0, 163.9) with velocity of 250.00 pixels per second, and then hold for 0.2 seconds 
    t =    37.75s     Wait for com.zacrotech.NeuroForge to idle
    t =    37.75s     Find the Target Application 'com.zacrotech.NeuroForge'
    t =    37.78s     Check for interrupting elements affecting "NeuroForge" Application
    t =    37.83s     Synthesize event
    t =    37.83s         Find the Target Application 'com.zacrotech.NeuroForge'
    t =    37.87s         Find the Target Application 'com.zacrotech.NeuroForge'
    t =    37.90s         Find the Target Application 'com.zacrotech.NeuroForge'
    t =    37.93s         Find the Target Application 'com.zacrotech.NeuroForge'
    t =    37.97s         Find the Target Application 'com.zacrotech.NeuroForge'
    t =    39.56s     Wait for com.zacrotech.NeuroForge to idle
    t =    39.57s Get all elements bound by index for: Descendants matching type ScrollView
    t =    39.60s Find the ScrollView (Element at index 0)
    t =    39.65s Find the Target Application 'com.zacrotech.NeuroForge'
    t =    39.68s Checking existence of `Keyboard (First Match)`
    t =    39.77s Get all elements bound by index for: Descendants matching type NavigationBar
    t =    39.81s Find the NavigationBar (Element at index 0)
    t =    39.86s Find the "Spatial" NavigationBar
    t =    39.91s Find the ScrollView at {{0.0, 0.0}, {375.0, 667.0}}
    t =    39.95s Find the ScrollView at {{0.0, 0.0}, {375.0, 667.0}}
    t =    39.99s Get all elements bound by index for: Descendants matching type TabBar
    t =    40.02s Find the TabBar (Element at index 0)
    t =    40.07s Find the "Tab Bar" TabBar
    t =    40.12s Checking existence of `"Vector Reflection, Reflect a vector across the y-axis by changing its horizontal component and preserving its vertical component., Puzzle" Button`
    t =    40.17s Find the "Vector Reflection, Reflect a vector across the y-axis by changing its horizontal component and preserving its vertical component., Puzzle" Button
    t =    40.23s Checking existence of `"session-submit" Any`
    t =    40.28s Checking existence of `"session-next" Any`
    t =    40.33s Checking existence of `"train-start-practice" Any`
    t =    40.38s Find the "train-start-practice" Any
    t =    40.44s Find the "train-start-practice" Button
    t =    40.49s Find the "train-start-practice" Button
    t =    40.55s Checking existence of `"train-start-graph-construction" Any`
    t =    40.60s Checking existence of `"Vector Reflection, Reflect a vector across the y-axis by changing its horizontal component and preserving its vertical component., Puzzle" Button`
    t =    40.66s Find the "Vector Reflection, Reflect a vector across the y-axis by changing its horizontal component and preserving its vertical component., Puzzle" Button
    t =    40.73s Find the "Vector Reflection, Reflect a vector across the y-axis by changing its horizontal component and preserving its vertical component., Puzzle" Button
    t =    40.80s Find the ScrollView at {{0.0, 0.0}, {375.0, 667.0}}
    t =    40.84s Checking existence of `"Vector Reflection, Reflect a vector across the y-axis by changing its horizontal component and preserving its vertical component., Puzzle" Button`
    t =    40.90s Find the "Vector Reflection, Reflect a vector across the y-axis by changing its horizontal component and preserving its vertical component., Puzzle" Button
    t =    40.97s Find the "Vector Reflection, Reflect a vector across the y-axis by changing its horizontal component and preserving its vertical component., Puzzle" Button
    t =    41.03s Find the "Vector Reflection, Reflect a vector across the y-axis by changing its horizontal component and preserving its vertical component., Puzzle" Button
    t =    41.10s Checking existence of `"Vector Reflection, Reflect a vector across the y-axis by changing its horizontal component and preserving its vertical component., Puzzle" Button`
    t =    41.15s Find the "Vector Reflection, Reflect a vector across the y-axis by changing its horizontal component and preserving its vertical component., Puzzle" Button
    t =    41.22s Find the ScrollView at {{0.0, 0.0}, {375.0, 667.0}}
    t =    41.28s Checking existence of `"Vector Reflection, Reflect a vector across the y-axis by changing its horizontal component and preserving its vertical component., Puzzle" Button`
    t =    41.34s Find the "Vector Reflection, Reflect a vector across the y-axis by changing its horizontal component and preserving its vertical component., Puzzle" Button
    t =    41.40s Press Target Application 'com.zacrotech.NeuroForge'[0.00, 0.00] -> (12.0, 427.6) for 0.1 seconds, then drag to Target Application 'com.zacrotech.NeuroForge'[0.00, 0.00] -> (12.0, 382.6) with velocity of 250.00 pixels per second, and then hold for 0.2 seconds 
    t =    41.40s     Wait for com.zacrotech.NeuroForge to idle
    t =    41.40s     Find the Target Application 'com.zacrotech.NeuroForge'
    t =    41.44s     Check for interrupting elements affecting "NeuroForge" Application
    t =    41.48s     Synthesize event
    t =    41.48s         Find the Target Application 'com.zacrotech.NeuroForge'
    t =    41.51s         Find the Target Application 'com.zacrotech.NeuroForge'
    t =    41.55s         Find the Target Application 'com.zacrotech.NeuroForge'
    t =    41.58s         Find the Target Application 'com.zacrotech.NeuroForge'
    t =    41.62s         Find the Target Application 'com.zacrotech.NeuroForge'
    t =    42.34s     Wait for com.zacrotech.NeuroForge to idle
    t =    42.50s Get all elements bound by index for: Descendants matching type ScrollView
    t =    42.55s Find the ScrollView (Element at index 0)
    t =    42.60s Find the Target Application 'com.zacrotech.NeuroForge'
    t =    42.63s Checking existence of `Keyboard (First Match)`
    t =    42.72s Get all elements bound by index for: Descendants matching type NavigationBar
    t =    42.75s Find the NavigationBar (Element at index 0)
    t =    42.80s Find the "Spatial" NavigationBar
    t =    42.85s Find the ScrollView at {{0.0, 0.0}, {375.0, 667.0}}
    t =    42.89s Find the ScrollView at {{0.0, 0.0}, {375.0, 667.0}}
    t =    42.93s Get all elements bound by index for: Descendants matching type TabBar
    t =    42.97s Find the TabBar (Element at index 0)
    t =    43.02s Find the "Tab Bar" TabBar
    t =    43.06s Checking existence of `"Vector Reflection, Reflect a vector across the y-axis by changing its horizontal component and preserving its vertical component., Puzzle" Button`
    t =    43.12s Find the "Vector Reflection, Reflect a vector across the y-axis by changing its horizontal component and preserving its vertical component., Puzzle" Button
    t =    43.18s Checking existence of `"session-submit" Any`
    t =    43.23s Checking existence of `"session-next" Any`
    t =    43.28s Checking existence of `"train-start-practice" Any`
    t =    43.33s Find the "train-start-practice" Any
    t =    43.39s Find the "train-start-practice" Button
    t =    43.44s Find the "train-start-practice" Button
    t =    43.50s Checking existence of `"train-start-graph-construction" Any`
    t =    43.55s Checking existence of `"Vector Reflection, Reflect a vector across the y-axis by changing its horizontal component and preserving its vertical component., Puzzle" Button`
    t =    43.61s Find the "Vector Reflection, Reflect a vector across the y-axis by changing its horizontal component and preserving its vertical component., Puzzle" Button
    t =    43.67s Find the "Vector Reflection, Reflect a vector across the y-axis by changing its horizontal component and preserving its vertical component., Puzzle" Button
    t =    43.74s Find the ScrollView at {{0.0, 0.0}, {375.0, 667.0}}
    t =    43.79s Checking existence of `"Vector Reflection, Reflect a vector across the y-axis by changing its horizontal component and preserving its vertical component., Puzzle" Button`
    t =    43.84s Find the "Vector Reflection, Reflect a vector across the y-axis by changing its horizontal component and preserving its vertical component., Puzzle" Button
    t =    43.91s Find the "Vector Reflection, Reflect a vector across the y-axis by changing its horizontal component and preserving its vertical component., Puzzle" Button
    t =    43.98s Find the "Vector Reflection, Reflect a vector across the y-axis by changing its horizontal component and preserving its vertical component., Puzzle" Button
    t =    44.04s Checking existence of `"Vector Reflection, Reflect a vector across the y-axis by changing its horizontal component and preserving its vertical component., Puzzle" Button`
    t =    44.09s Find the "Vector Reflection, Reflect a vector across the y-axis by changing its horizontal component and preserving its vertical component., Puzzle" Button
    t =    44.16s Find the ScrollView at {{0.0, 0.0}, {375.0, 667.0}}
    t =    44.20s Checking existence of `"Vector Reflection, Reflect a vector across the y-axis by changing its horizontal component and preserving its vertical component., Puzzle" Button`
    t =    44.26s Find the "Vector Reflection, Reflect a vector across the y-axis by changing its horizontal component and preserving its vertical component., Puzzle" Button
    t =    44.31s Press Target Application 'com.zacrotech.NeuroForge'[0.00, 0.00] -> (12.0, 427.6) for 0.1 seconds, then drag to Target Application 'com.zacrotech.NeuroForge'[0.00, 0.00] -> (12.0, 411.6) with velocity of 250.00 pixels per second, and then hold for 0.2 seconds 
    t =    44.31s     Wait for com.zacrotech.NeuroForge to idle
    t =    44.32s     Find the Target Application 'com.zacrotech.NeuroForge'
    t =    44.35s     Check for interrupting elements affecting "NeuroForge" Application
    t =    44.39s     Synthesize event
    t =    44.39s         Find the Target Application 'com.zacrotech.NeuroForge'
    t =    44.43s         Find the Target Application 'com.zacrotech.NeuroForge'
    t =    44.46s         Find the Target Application 'com.zacrotech.NeuroForge'
    t =    44.49s         Find the Target Application 'com.zacrotech.NeuroForge'
    t =    44.53s         Find the Target Application 'com.zacrotech.NeuroForge'
    t =    45.13s     Wait for com.zacrotech.NeuroForge to idle
    t =    46.70s Get all elements bound by index for: Descendants matching type ScrollView
    t =    46.75s Find the ScrollView (Element at index 0)
    t =    46.80s Find the Target Application 'com.zacrotech.NeuroForge'
    t =    46.83s Checking existence of `Keyboard (First Match)`
    t =    46.92s Get all elements bound by index for: Descendants matching type NavigationBar
    t =    46.96s Find the NavigationBar (Element at index 0)
    t =    47.01s Find the "Spatial" NavigationBar
    t =    47.05s Find the ScrollView at {{0.0, 0.0}, {375.0, 667.0}}
    t =    47.10s Find the ScrollView at {{0.0, 0.0}, {375.0, 667.0}}
    t =    47.14s Get all elements bound by index for: Descendants matching type TabBar
    t =    47.17s Find the TabBar (Element at index 0)
    t =    47.22s Find the "Tab Bar" TabBar
    t =    47.26s Checking existence of `"Vector Reflection, Reflect a vector across the y-axis by changing its horizontal component and preserving its vertical component., Puzzle" Button`
    t =    47.32s Find the "Vector Reflection, Reflect a vector across the y-axis by changing its horizontal component and preserving its vertical component., Puzzle" Button
    t =    47.38s Checking existence of `"session-submit" Any`
    t =    47.43s Checking existence of `"session-next" Any`
    t =    47.48s Checking existence of `"train-start-practice" Any`
    t =    47.53s Find the "train-start-practice" Any
    t =    47.59s Find the "train-start-practice" Button
    t =    47.64s Find the "train-start-practice" Button
    t =    47.70s Checking existence of `"train-start-graph-construction" Any`
    t =    47.75s Checking existence of `"Vector Reflection, Reflect a vector across the y-axis by changing its horizontal component and preserving its vertical component., Puzzle" Button`
    t =    47.81s Find the "Vector Reflection, Reflect a vector across the y-axis by changing its horizontal component and preserving its vertical component., Puzzle" Button
    t =    47.88s Find the "Vector Reflection, Reflect a vector across the y-axis by changing its horizontal component and preserving its vertical component., Puzzle" Button
    t =    47.95s Find the ScrollView at {{0.0, 0.0}, {375.0, 667.0}}
    t =    47.99s Checking existence of `"Vector Reflection, Reflect a vector across the y-axis by changing its horizontal component and preserving its vertical component., Puzzle" Button`
    t =    48.05s Find the "Vector Reflection, Reflect a vector across the y-axis by changing its horizontal component and preserving its vertical component., Puzzle" Button
    t =    48.12s Find the "Vector Reflection, Reflect a vector across the y-axis by changing its horizontal component and preserving its vertical component., Puzzle" Button
    t =    48.19s Find the "Vector Reflection, Reflect a vector across the y-axis by changing its horizontal component and preserving its vertical component., Puzzle" Button
    t =    48.25s Press "Vector Reflection, Reflect a vector across the y-axis by changing its horizontal component and preserving its vertical component., Puzzle" Button for 0.1 seconds
    t =    48.25s     Wait for com.zacrotech.NeuroForge to idle
    t =    48.26s     Find the "Vector Reflection, Reflect a vector across the y-axis by changing its horizontal component and preserving its vertical component., Puzzle" Button
    t =    48.31s     Check for interrupting elements affecting "Vector Reflection, Reflect a vector across the y-axis by changing its horizontal component and preserving its vertical component., Puzzle" Button
    t =    48.36s     Synthesize event
    t =    48.74s     Wait for com.zacrotech.NeuroForge to idle
    t =    49.32s Waiting 8.0s for "Vector Reflection" NavigationBar to exist
    t =    50.36s     Checking `Expect predicate `existsNoRetry == 1` for object "Vector Reflection" NavigationBar`
    t =    50.37s         Checking existence of `"Vector Reflection" NavigationBar`
    t =    50.45s Get all elements bound by index for: Descendants matching type ScrollView
    t =    50.50s Find the ScrollView (Element at index 0)
    t =    50.55s Find the Target Application 'com.zacrotech.NeuroForge'
    t =    50.59s Checking existence of `Keyboard (First Match)`
    t =    50.68s Get all elements bound by index for: Descendants matching type NavigationBar
    t =    50.72s Find the NavigationBar (Element at index 0)
    t =    50.78s Find the "Vector Reflection" NavigationBar
    t =    50.83s Find the ScrollView at {{0.0, 0.0}, {375.0, 667.0}}
    t =    50.88s Find the ScrollView at {{0.0, 0.0}, {375.0, 667.0}}
    t =    50.92s Get all elements bound by index for: Descendants matching type TabBar
    t =    50.96s Find the TabBar (Element at index 0)
    t =    51.02s Find the "Tab Bar" TabBar
    t =    51.07s Checking existence of `"5 questions" Button`
    t =    51.12s Checking existence of `"session-submit" Any`
    t =    51.18s Checking existence of `"session-next" Any`
    t =    51.23s Checking existence of `"train-start-practice" Any`
    t =    51.29s Find the "train-start-practice" Any
    t =    51.35s Find the "train-start-practice" Button
    t =    51.41s Find the "train-start-practice" Button
    t =    51.48s Checking existence of `"train-start-graph-construction" Any`
    t =    51.53s Checking existence of `"5 questions" Button`
    t =    51.58s Find the "5 questions" Button
    t =    52.64s     Find the "5 questions" Button (retry 1)
    t =    53.72s     Find the "5 questions" Button (retry 2)
    t =    53.80s Find the ScrollView at {{0.0, 0.0}, {375.0, 667.0}}
    t =    53.85s Checking existence of `"5 questions" Button`
    t =    53.91s Checking existence of `"5 questions" Button`
    t =    53.96s Find the ScrollView at {{0.0, 0.0}, {375.0, 667.0}}
    t =    54.00s Checking existence of `"5 questions" Button`
    t =    54.05s Press Target Application 'com.zacrotech.NeuroForge'[0.00, 0.00] -> (12.0, 362.0) for 0.1 seconds, then drag to Target Application 'com.zacrotech.NeuroForge'[0.00, 0.00] -> (12.0, 175.2) with velocity of 250.00 pixels per second, and then hold for 0.2 seconds 
    t =    54.05s     Wait for com.zacrotech.NeuroForge to idle
    t =    54.06s     Find the Target Application 'com.zacrotech.NeuroForge'
    t =    54.09s     Check for interrupting elements affecting "NeuroForge" Application
    t =    54.14s     Synthesize event
    t =    54.14s         Find the Target Application 'com.zacrotech.NeuroForge'
    t =    54.18s         Find the Target Application 'com.zacrotech.NeuroForge'
    t =    54.21s         Find the Target Application 'com.zacrotech.NeuroForge'
    t =    54.25s         Find the Target Application 'com.zacrotech.NeuroForge'
    t =    54.29s         Find the Target Application 'com.zacrotech.NeuroForge'
    t =    55.58s     Wait for com.zacrotech.NeuroForge to idle
    t =    55.92s Get all elements bound by index for: Descendants matching type ScrollView
    t =    56.00s Find the ScrollView (Element at index 0)
    t =    56.05s Find the Target Application 'com.zacrotech.NeuroForge'
    t =    56.09s Checking existence of `Keyboard (First Match)`
    t =    56.17s Get all elements bound by index for: Descendants matching type NavigationBar
    t =    56.21s Find the NavigationBar (Element at index 0)
    t =    56.28s Find the "Vector Reflection" NavigationBar
    t =    56.32s Find the ScrollView at {{0.0, 0.0}, {375.0, 667.0}}
    t =    56.37s Find the ScrollView at {{0.0, 0.0}, {375.0, 667.0}}
    t =    56.42s Get all elements bound by index for: Descendants matching type TabBar
    t =    56.46s Find the TabBar (Element at index 0)
    t =    56.52s Find the "Tab Bar" TabBar
    t =    56.56s Checking existence of `"5 questions" Button`
    t =    56.62s Checking existence of `"session-submit" Any`
    t =    56.67s Checking existence of `"session-next" Any`
    t =    56.72s Checking existence of `"train-start-practice" Any`
    t =    56.77s Find the "train-start-practice" Any
    t =    56.84s Find the "train-start-practice" Button
    t =    56.90s Find the "train-start-practice" Button
    t =    56.95s Checking existence of `"train-start-graph-construction" Any`
    t =    57.01s Checking existence of `"5 questions" Button`
    t =    57.06s Find the "5 questions" Button
    t =    58.12s     Find the "5 questions" Button (retry 1)
    t =    59.19s     Find the "5 questions" Button (retry 2)
    t =    59.24s Find the ScrollView at {{0.0, 0.0}, {375.0, 667.0}}
    t =    59.29s Checking existence of `"5 questions" Button`
    t =    59.33s Checking existence of `"5 questions" Button`
    t =    59.39s Find the ScrollView at {{0.0, 0.0}, {375.0, 667.0}}
    t =    59.43s Checking existence of `"5 questions" Button`
    t =    59.48s Press Target Application 'com.zacrotech.NeuroForge'[0.00, 0.00] -> (12.0, 362.0) for 0.1 seconds, then drag to Target Application 'com.zacrotech.NeuroForge'[0.00, 0.00] -> (12.0, 175.2) with velocity of 250.00 pixels per second, and then hold for 0.2 seconds 
    t =    59.48s     Wait for com.zacrotech.NeuroForge to idle
    t =    59.48s     Find the Target Application 'com.zacrotech.NeuroForge'
    t =    59.52s     Check for interrupting elements affecting "NeuroForge" Application
    t =    59.56s     Synthesize event
    t =    59.57s         Find the Target Application 'com.zacrotech.NeuroForge'
    t =    59.60s         Find the Target Application 'com.zacrotech.NeuroForge'
    t =    59.64s         Find the Target Application 'com.zacrotech.NeuroForge'
    t =    59.68s         Find the Target Application 'com.zacrotech.NeuroForge'
    t =    59.72s         Find the Target Application 'com.zacrotech.NeuroForge'
    t =    61.02s     Wait for com.zacrotech.NeuroForge to idle
    t =    61.25s Get all elements bound by index for: Descendants matching type ScrollView
    t =    61.32s Find the ScrollView (Element at index 0)
    t =    61.38s Find the Target Application 'com.zacrotech.NeuroForge'
    t =    61.42s Checking existence of `Keyboard (First Match)`
    t =    61.52s Get all elements bound by index for: Descendants matching type NavigationBar
    t =    61.56s Find the NavigationBar (Element at index 0)
    t =    61.62s Find the "Vector Reflection" NavigationBar
    t =    61.67s Find the ScrollView at {{0.0, 0.0}, {375.0, 667.0}}
    t =    61.72s Find the ScrollView at {{0.0, 0.0}, {375.0, 667.0}}
    t =    61.76s Get all elements bound by index for: Descendants matching type TabBar
    t =    61.80s Find the TabBar (Element at index 0)
    t =    61.86s Find the "Tab Bar" TabBar
    t =    61.90s Checking existence of `"5 questions" Button`
    t =    61.95s Find the "5 questions" Button
    t =    62.00s Checking existence of `"session-submit" Any`
    t =    62.05s Checking existence of `"session-next" Any`
    t =    62.10s Checking existence of `"train-start-practice" Any`
    t =    62.16s Find the "train-start-practice" Any
    t =    62.23s Find the "train-start-practice" Button
    t =    62.29s Find the "train-start-practice" Button
    t =    62.35s Checking existence of `"train-start-graph-construction" Any`
    t =    62.40s Checking existence of `"5 questions" Button`
    t =    62.45s Find the "5 questions" Button
    t =    62.51s Find the "5 questions" Button
    t =    62.59s Find the ScrollView at {{0.0, 0.0}, {375.0, 667.0}}
    t =    62.63s Checking existence of `"5 questions" Button`
    t =    62.68s Find the "5 questions" Button
    t =    62.75s Checking existence of `"5 questions" Button`
    t =    62.80s Find the "5 questions" Button
    t =    62.85s Find the ScrollView at {{0.0, 0.0}, {375.0, 667.0}}
    t =    62.90s Checking existence of `"5 questions" Button`
    t =    62.95s Find the "5 questions" Button
    t =    63.00s Press Target Application 'com.zacrotech.NeuroForge'[0.00, 0.00] -> (12.0, 362.0) for 0.1 seconds, then drag to Target Application 'com.zacrotech.NeuroForge'[0.00, 0.00] -> (12.0, 147.5) with velocity of 250.00 pixels per second, and then hold for 0.2 seconds 
    t =    63.00s     Wait for com.zacrotech.NeuroForge to idle
    t =    63.00s     Find the Target Application 'com.zacrotech.NeuroForge'
    t =    63.04s     Check for interrupting elements affecting "NeuroForge" Application
    t =    63.08s     Synthesize event
    t =    63.08s         Find the Target Application 'com.zacrotech.NeuroForge'
    t =    63.12s         Find the Target Application 'com.zacrotech.NeuroForge'
    t =    63.15s         Find the Target Application 'com.zacrotech.NeuroForge'
    t =    63.19s         Find the Target Application 'com.zacrotech.NeuroForge'
    t =    63.23s         Find the Target Application 'com.zacrotech.NeuroForge'
    t =    64.63s     Wait for com.zacrotech.NeuroForge to idle
    t =    65.30s Get all elements bound by index for: Descendants matching type ScrollView
    t =    65.37s Find the ScrollView (Element at index 0)
    t =    65.42s Find the Target Application 'com.zacrotech.NeuroForge'
    t =    65.45s Checking existence of `Keyboard (First Match)`
    t =    65.53s Get all elements bound by index for: Descendants matching type NavigationBar
    t =    65.57s Find the NavigationBar (Element at index 0)
    t =    65.63s Find the "Vector Reflection" NavigationBar
    t =    65.67s Find the ScrollView at {{0.0, 0.0}, {375.0, 667.0}}
    t =    65.72s Find the ScrollView at {{0.0, 0.0}, {375.0, 667.0}}
    t =    65.76s Get all elements bound by index for: Descendants matching type TabBar
    t =    65.79s Find the TabBar (Element at index 0)
    t =    65.84s Find the "Tab Bar" TabBar
    t =    65.88s Checking existence of `"5 questions" Button`
    t =    65.93s Find the "5 questions" Button
    t =    65.98s Checking existence of `"session-submit" Any`
    t =    66.02s Checking existence of `"session-next" Any`
    t =    66.07s Checking existence of `"train-start-practice" Any`
    t =    66.12s Find the "train-start-practice" Any
    t =    66.18s Find the "train-start-practice" Button
    t =    66.23s Find the "train-start-practice" Button
    t =    66.28s Checking existence of `"train-start-graph-construction" Any`
    t =    66.33s Checking existence of `"5 questions" Button`
    t =    66.37s Find the "5 questions" Button
    t =    66.42s Find the "5 questions" Button
    t =    66.48s Find the ScrollView at {{0.0, 0.0}, {375.0, 667.0}}
    t =    66.52s Checking existence of `"5 questions" Button`
    t =    66.57s Find the "5 questions" Button
    t =    66.62s Find the "5 questions" Button
    t =    66.67s Find the "5 questions" Button
    t =    66.72s Checking existence of `"5 questions" Button`
    t =    66.77s Find the "5 questions" Button
    t =    66.82s Find the ScrollView at {{0.0, 0.0}, {375.0, 667.0}}
    t =    66.86s Checking existence of `"5 questions" Button`
    t =    66.91s Find the "5 questions" Button
    t =    66.96s Press Target Application 'com.zacrotech.NeuroForge'[0.00, 0.00] -> (12.0, 362.0) for 0.1 seconds, then drag to Target Application 'com.zacrotech.NeuroForge'[0.00, 0.00] -> (12.0, 272.5) with velocity of 250.00 pixels per second, and then hold for 0.2 seconds 
    t =    66.96s     Wait for com.zacrotech.NeuroForge to idle
    t =    66.97s     Find the Target Application 'com.zacrotech.NeuroForge'
    t =    67.00s     Check for interrupting elements affecting "NeuroForge" Application
    t =    67.05s     Synthesize event
    t =    67.05s         Find the Target Application 'com.zacrotech.NeuroForge'
    t =    67.08s         Find the Target Application 'com.zacrotech.NeuroForge'
    t =    67.12s         Find the Target Application 'com.zacrotech.NeuroForge'
    t =    67.15s         Find the Target Application 'com.zacrotech.NeuroForge'
    t =    67.19s         Find the Target Application 'com.zacrotech.NeuroForge'
    t =    68.09s     Wait for com.zacrotech.NeuroForge to idle
    t =    68.36s Get all elements bound by index for: Descendants matching type ScrollView
    t =    68.42s Find the ScrollView (Element at index 0)
    t =    68.47s Find the Target Application 'com.zacrotech.NeuroForge'
    t =    68.50s Checking existence of `Keyboard (First Match)`
    t =    68.58s Get all elements bound by index for: Descendants matching type NavigationBar
    t =    68.62s Find the NavigationBar (Element at index 0)
    t =    68.67s Find the "Vector Reflection" NavigationBar
    t =    68.72s Find the ScrollView at {{0.0, 0.0}, {375.0, 667.0}}
    t =    68.76s Find the ScrollView at {{0.0, 0.0}, {375.0, 667.0}}
    t =    68.80s Get all elements bound by index for: Descendants matching type TabBar
    t =    68.84s Find the TabBar (Element at index 0)
    t =    68.89s Find the "Tab Bar" TabBar
    t =    68.93s Checking existence of `"5 questions" Button`
    t =    68.97s Find the "5 questions" Button
    t =    69.02s Checking existence of `"session-submit" Any`
    t =    69.07s Checking existence of `"session-next" Any`
    t =    69.12s Checking existence of `"train-start-practice" Any`
    t =    69.17s Find the "train-start-practice" Any
    t =    69.24s Find the "train-start-practice" Button
    t =    69.30s Find the "train-start-practice" Button
    t =    69.35s Checking existence of `"train-start-graph-construction" Any`
    t =    69.40s Checking existence of `"5 questions" Button`
    t =    69.45s Find the "5 questions" Button
    t =    69.50s Find the "5 questions" Button
    t =    69.55s Find the ScrollView at {{0.0, 0.0}, {375.0, 667.0}}
    t =    69.60s Checking existence of `"5 questions" Button`
    t =    69.64s Find the "5 questions" Button
    t =    69.70s Find the "5 questions" Button
    t =    69.74s Find the "5 questions" Button
    t =    69.79s Checking existence of `"5 questions" Button`
    t =    69.84s Find the "5 questions" Button
    t =    69.89s Find the ScrollView at {{0.0, 0.0}, {375.0, 667.0}}
    t =    69.93s Checking existence of `"5 questions" Button`
    t =    69.98s Find the "5 questions" Button
    t =    70.02s Press Target Application 'com.zacrotech.NeuroForge'[0.00, 0.00] -> (12.0, 362.0) for 0.1 seconds, then drag to Target Application 'com.zacrotech.NeuroForge'[0.00, 0.00] -> (12.0, 346.0) with velocity of 250.00 pixels per second, and then hold for 0.2 seconds 
    t =    70.03s     Wait for com.zacrotech.NeuroForge to idle
    t =    70.03s     Find the Target Application 'com.zacrotech.NeuroForge'
    t =    70.06s     Check for interrupting elements affecting "NeuroForge" Application
    t =    70.10s     Synthesize event
    t =    70.11s         Find the Target Application 'com.zacrotech.NeuroForge'
    t =    70.14s         Find the Target Application 'com.zacrotech.NeuroForge'
    t =    70.18s         Find the Target Application 'com.zacrotech.NeuroForge'
    t =    70.21s         Find the Target Application 'com.zacrotech.NeuroForge'
    t =    70.25s         Find the Target Application 'com.zacrotech.NeuroForge'
    t =    70.86s     Wait for com.zacrotech.NeuroForge to idle
    t =    72.31s Get all elements bound by index for: Descendants matching type ScrollView
    t =    72.37s Find the ScrollView (Element at index 0)
    t =    72.43s Find the Target Application 'com.zacrotech.NeuroForge'
    t =    72.47s Checking existence of `Keyboard (First Match)`
    t =    72.54s Get all elements bound by index for: Descendants matching type NavigationBar
    t =    72.58s Find the NavigationBar (Element at index 0)
    t =    72.64s Find the "Vector Reflection" NavigationBar
    t =    72.68s Find the ScrollView at {{0.0, 0.0}, {375.0, 667.0}}
    t =    72.72s Find the ScrollView at {{0.0, 0.0}, {375.0, 667.0}}
    t =    72.76s Get all elements bound by index for: Descendants matching type TabBar
    t =    72.80s Find the TabBar (Element at index 0)
    t =    72.85s Find the "Tab Bar" TabBar
    t =    72.89s Checking existence of `"5 questions" Button`
    t =    72.93s Find the "5 questions" Button
    t =    72.97s Checking existence of `"session-submit" Any`
    t =    73.02s Checking existence of `"session-next" Any`
    t =    73.07s Checking existence of `"train-start-practice" Any`
    t =    73.11s Find the "train-start-practice" Any
    t =    73.17s Find the "train-start-practice" Button
    t =    73.22s Find the "train-start-practice" Button
    t =    73.28s Checking existence of `"train-start-graph-construction" Any`
    t =    73.33s Checking existence of `"5 questions" Button`
    t =    73.37s Find the "5 questions" Button
    t =    73.42s Find the "5 questions" Button
    t =    73.48s Find the ScrollView at {{0.0, 0.0}, {375.0, 667.0}}
    t =    73.52s Checking existence of `"5 questions" Button`
    t =    73.57s Find the "5 questions" Button
    t =    73.63s Find the "5 questions" Button
    t =    73.68s Find the "5 questions" Button
    t =    73.73s Press "5 questions" Button for 0.1 seconds
    t =    73.73s     Wait for com.zacrotech.NeuroForge to idle
    t =    73.73s     Find the "5 questions" Button
    t =    73.78s     Check for interrupting elements affecting "5 questions" Button
    t =    73.82s     Synthesize event
    t =    74.22s     Wait for com.zacrotech.NeuroForge to idle
    t =    75.23s Checking `Expect predicate `selected == 1` for object "5 questions" Button`
    t =    75.23s     Find the "5 questions" Button
    t =    75.29s Waiting 5.0s for "train-start-coordinate-reasoning" Button to exist
    t =    76.36s     Checking `Expect predicate `existsNoRetry == 1` for object "train-start-coordinate-reasoning" Button`
    t =    76.37s         Checking existence of `"train-start-coordinate-reasoning" Button`
    t =    76.43s Find the "train-start-coordinate-reasoning" Button
    t =    76.50s Find the "train-start-coordinate-reasoning" Button
    t =    76.54s Find the "Start practice" Button
    t =    76.59s Press "train-start-coordinate-reasoning" Button for 0.1 seconds
    t =    76.59s     Wait for com.zacrotech.NeuroForge to idle
    t =    76.59s     Find the "train-start-coordinate-reasoning" Button
    t =    76.64s     Check for interrupting elements affecting "train-start-coordinate-reasoning" Button
    t =    76.69s     Synthesize event
    t =    77.07s     Wait for com.zacrotech.NeuroForge to idle
    t =    77.86s Waiting 15.0s for "universal-session" Any to exist
    t =    78.86s     Checking `Expect predicate `existsNoRetry == 1` for object "universal-session" Any`
    t =    78.86s         Checking existence of `"universal-session" Any`
    t =    78.98s Waiting 3.0s for "session-resume" Any to exist
    t =    80.04s     Checking `Expect predicate `existsNoRetry == 1` for object "session-resume" Any`
    t =    80.04s         Checking existence of `"session-resume" Any`
    t =    80.12s         Capturing element debug description
    t =    81.05s     Checking `Expect predicate `existsNoRetry == 1` for object "session-resume" Any`
    t =    81.05s         Checking existence of `"session-resume" Any`
    t =    81.15s         Capturing element debug description
    t =    81.99s     Checking `Expect predicate `existsNoRetry == 1` for object "session-resume" Any`
    t =    81.99s         Checking existence of `"session-resume" Any`
    t =    82.08s         Capturing element debug description
    t =    82.08s     Checking existence of `"session-resume" Any`
    t =    82.14s Collecting debug information to assist test failure triage
    t =    82.14s     Requesting snapshot of accessibility hierarchy for app with pid 7370
    t =    82.32s Waiting 8.0s for "session-position" Any to exist
    t =    83.37s     Checking `Expect predicate `existsNoRetry == 1` for object "session-position" Any`
    t =    83.37s         Checking existence of `"session-position" Any`
    t =    83.44s Find the "session-position" Any
    t =    83.50s Waiting 8.0s for "session-prompt" Any to exist
    t =    84.51s     Checking `Expect predicate `existsNoRetry == 1` for object "session-prompt" Any`
    t =    84.51s         Checking existence of `"session-prompt" Any`
    t =    84.59s Find the "session-prompt" Any
    t =    84.65s Checking existence of `"coordinate-reasoning-original" Any`
    t =    84.71s Find the "coordinate-reasoning-original" Any
    t =    84.78s Find the "coordinate-reasoning-original" StaticText
    t =    84.84s Checking existence of `"coordinate-reasoning-show" Button`
    t =    84.89s Checking existence of `"coordinate-reasoning-worked" Any`
    t =    84.96s Added attachment named 'advanced-coordinate-public-oracle-Vector Reflection-en'
    t =    84.96s Waiting 8.0s for "Response for x (grid units)" TextField to exist
    t =    86.01s     Checking `Expect predicate `existsNoRetry == 1` for object "Response for x (grid units)" TextField`
    t =    86.01s         Checking existence of `"Response for x (grid units)" TextField`
    t =    86.08s Get all elements bound by index for: Descendants matching type ScrollView
    t =    86.12s Find the ScrollView (Element at index 0)
    t =    86.18s Find the Target Application 'com.zacrotech.NeuroForge'
    t =    86.23s Checking existence of `Keyboard (First Match)`
    t =    86.33s Get all elements bound by index for: Descendants matching type NavigationBar
    t =    86.37s Find the NavigationBar (Element at index 0)
    t =    86.43s Find the ScrollView at {{0.0, 169.5}, {375.0, 497.5}}
    t =    86.48s Find the ScrollView at {{0.0, 169.5}, {375.0, 497.5}}
    t =    86.53s Get all elements bound by index for: Descendants matching type TabBar
    t =    86.58s Find the TabBar (Element at index 0)
    t =    86.64s Checking existence of `"Response for x (grid units)" TextField`
    t =    86.70s Find the "Response for x (grid units)" TextField
    t =    86.75s Checking existence of `"session-submit" Any`
    t =    86.81s Find the "session-submit" Any
    t =    86.88s Find the "session-submit" Button
    t =    86.95s Find the "session-submit" Button
    t =    87.02s Checking existence of `"session-next" Any`
    t =    87.07s Checking existence of `"train-start-practice" Any`
    t =    87.14s Find the "train-start-practice" Any
    t =    87.22s Checking existence of `"train-start-graph-construction" Any`
    t =    87.28s Checking existence of `"Response for x (grid units)" TextField`
    t =    87.33s Find the "Response for x (grid units)" TextField
    t =    87.39s Find the "Response for x (grid units)" TextField
    t =    87.46s Find the ScrollView at {{0.0, 169.5}, {375.0, 497.5}}
    t =    87.51s Checking existence of `"Response for x (grid units)" TextField`
    t =    87.56s Find the "Response for x (grid units)" TextField
    t =    87.63s Checking existence of `"Response for x (grid units)" TextField`
    t =    87.68s Find the "Response for x (grid units)" TextField
    t =    87.74s Find the ScrollView at {{0.0, 169.5}, {375.0, 497.5}}
    t =    87.79s Checking existence of `"Response for x (grid units)" TextField`
    t =    87.85s Find the "Response for x (grid units)" TextField
    t =    87.91s Press Target Application 'com.zacrotech.NeuroForge'[0.00, 0.00] -> (12.0, 516.3) for 0.1 seconds, then drag to Target Application 'com.zacrotech.NeuroForge'[0.00, 0.00] -> (12.0, 257.7) with velocity of 250.00 pixels per second, and then hold for 0.2 seconds 
    t =    87.91s     Wait for com.zacrotech.NeuroForge to idle
    t =    87.91s     Find the Target Application 'com.zacrotech.NeuroForge'
    t =    87.96s     Check for interrupting elements affecting "NeuroForge" Application
    t =    88.07s     Synthesize event
    t =    88.07s         Find the Target Application 'com.zacrotech.NeuroForge'
    t =    88.11s         Find the Target Application 'com.zacrotech.NeuroForge'
    t =    88.16s         Find the Target Application 'com.zacrotech.NeuroForge'
    t =    88.20s         Find the Target Application 'com.zacrotech.NeuroForge'
    t =    88.24s         Find the Target Application 'com.zacrotech.NeuroForge'
    t =    89.84s     Wait for com.zacrotech.NeuroForge to idle
    t =    89.84s Get all elements bound by index for: Descendants matching type ScrollView
    t =    89.91s Find the ScrollView (Element at index 0)
    t =    89.98s Find the Target Application 'com.zacrotech.NeuroForge'
    t =    90.02s Checking existence of `Keyboard (First Match)`
    t =    90.13s Get all elements bound by index for: Descendants matching type NavigationBar
    t =    90.18s Find the NavigationBar (Element at index 0)
    t =    90.24s Find the ScrollView at {{0.0, 169.5}, {375.0, 497.5}}
    t =    90.29s Find the ScrollView at {{0.0, 169.5}, {375.0, 497.5}}
    t =    90.34s Get all elements bound by index for: Descendants matching type TabBar
    t =    90.39s Find the TabBar (Element at index 0)
    t =    90.46s Checking existence of `"Response for x (grid units)" TextField`
    t =    90.52s Find the "Response for x (grid units)" TextField
    t =    90.57s Checking existence of `"session-submit" Any`
    t =    90.64s Find the "session-submit" Any
    t =    90.71s Find the "session-submit" Button
    t =    90.79s Find the "session-submit" Button
    t =    90.85s Checking existence of `"session-next" Any`
    t =    90.91s Checking existence of `"train-start-practice" Any`
    t =    90.97s Find the "train-start-practice" Any
    t =    91.05s Checking existence of `"train-start-graph-construction" Any`
    t =    91.11s Checking existence of `"Response for x (grid units)" TextField`
    t =    91.17s Find the "Response for x (grid units)" TextField
    t =    91.23s Find the "Response for x (grid units)" TextField
    t =    91.29s Find the ScrollView at {{0.0, 169.5}, {375.0, 497.5}}
    t =    91.35s Checking existence of `"Response for x (grid units)" TextField`
    t =    91.40s Find the "Response for x (grid units)" TextField
    t =    91.47s Checking existence of `"Response for x (grid units)" TextField`
    t =    91.52s Find the "Response for x (grid units)" TextField
    t =    91.59s Find the ScrollView at {{0.0, 169.5}, {375.0, 497.5}}
    t =    91.63s Checking existence of `"Response for x (grid units)" TextField`
    t =    91.69s Find the "Response for x (grid units)" TextField
    t =    91.75s Press Target Application 'com.zacrotech.NeuroForge'[0.00, 0.00] -> (12.0, 516.3) for 0.1 seconds, then drag to Target Application 'com.zacrotech.NeuroForge'[0.00, 0.00] -> (12.0, 257.7) with velocity of 250.00 pixels per second, and then hold for 0.2 seconds 
    t =    91.75s     Wait for com.zacrotech.NeuroForge to idle
    t =    91.75s     Find the Target Application 'com.zacrotech.NeuroForge'
    t =    91.80s     Check for interrupting elements affecting "NeuroForge" Application
    t =    91.90s     Synthesize event
    t =    91.91s         Find the Target Application 'com.zacrotech.NeuroForge'
    t =    91.95s         Find the Target Application 'com.zacrotech.NeuroForge'
    t =    91.99s         Find the Target Application 'com.zacrotech.NeuroForge'
    t =    92.04s         Find the Target Application 'com.zacrotech.NeuroForge'
    t =    92.09s         Find the Target Application 'com.zacrotech.NeuroForge'
    t =    93.69s     Wait for com.zacrotech.NeuroForge to idle
    t =    93.69s Get all elements bound by index for: Descendants matching type ScrollView
    t =    93.86s Find the ScrollView (Element at index 0)
    t =    93.96s Find the Target Application 'com.zacrotech.NeuroForge'
    t =    94.00s Checking existence of `Keyboard (First Match)`
    t =    94.10s Get all elements bound by index for: Descendants matching type NavigationBar
    t =    94.14s Find the NavigationBar (Element at index 0)
    t =    94.20s Find the ScrollView at {{0.0, 169.5}, {375.0, 497.5}}
    t =    94.25s Find the ScrollView at {{0.0, 169.5}, {375.0, 497.5}}
    t =    94.30s Get all elements bound by index for: Descendants matching type TabBar
    t =    94.35s Find the TabBar (Element at index 0)
    t =    94.41s Checking existence of `"Response for x (grid units)" TextField`
    t =    94.48s Find the "Response for x (grid units)" TextField
    t =    94.54s Checking existence of `"session-submit" Any`
    t =    94.60s Find the "session-submit" Any
    t =    94.68s Find the "session-submit" Button
    t =    94.75s Find the "session-submit" Button
    t =    94.81s Checking existence of `"session-next" Any`
    t =    94.88s Checking existence of `"train-start-practice" Any`
    t =    94.94s Find the "train-start-practice" Any
    t =    95.02s Checking existence of `"train-start-graph-construction" Any`
    t =    95.09s Checking existence of `"Response for x (grid units)" TextField`
    t =    95.15s Find the "Response for x (grid units)" TextField
    t =    95.21s Find the "Response for x (grid units)" TextField
    t =    95.27s Find the ScrollView at {{0.0, 169.5}, {375.0, 497.5}}
    t =    95.32s Checking existence of `"Response for x (grid units)" TextField`
    t =    95.38s Find the "Response for x (grid units)" TextField
    t =    95.44s Checking existence of `"Response for x (grid units)" TextField`
    t =    95.50s Find the "Response for x (grid units)" TextField
    t =    95.56s Find the ScrollView at {{0.0, 169.5}, {375.0, 497.5}}
    t =    95.61s Checking existence of `"Response for x (grid units)" TextField`
    t =    95.68s Find the "Response for x (grid units)" TextField
    t =    95.75s Press Target Application 'com.zacrotech.NeuroForge'[0.00, 0.00] -> (12.0, 516.3) for 0.1 seconds, then drag to Target Application 'com.zacrotech.NeuroForge'[0.00, 0.00] -> (12.0, 371.8) with velocity of 250.00 pixels per second, and then hold for 0.2 seconds 
    t =    95.75s     Wait for com.zacrotech.NeuroForge to idle
    t =    95.75s     Find the Target Application 'com.zacrotech.NeuroForge'
    t =    95.82s     Check for interrupting elements affecting "NeuroForge" Application
    t =    95.92s     Synthesize event
    t =    95.92s         Find the Target Application 'com.zacrotech.NeuroForge'
    t =    95.96s         Find the Target Application 'com.zacrotech.NeuroForge'
    t =    96.01s         Find the Target Application 'com.zacrotech.NeuroForge'
    t =    96.05s         Find the Target Application 'com.zacrotech.NeuroForge'
    t =    96.10s         Find the Target Application 'com.zacrotech.NeuroForge'
    t =    97.24s     Wait for com.zacrotech.NeuroForge to idle
    t =    97.24s Get all elements bound by index for: Descendants matching type ScrollView
    t =    97.29s Find the ScrollView (Element at index 0)
    t =    97.35s Find the Target Application 'com.zacrotech.NeuroForge'
    t =    97.40s Checking existence of `Keyboard (First Match)`
    t =    97.51s Get all elements bound by index for: Descendants matching type NavigationBar
    t =    97.56s Find the NavigationBar (Element at index 0)
    t =    97.62s Find the ScrollView at {{0.0, 169.5}, {375.0, 497.5}}
    t =    97.67s Find the ScrollView at {{0.0, 169.5}, {375.0, 497.5}}
    t =    97.72s Get all elements bound by index for: Descendants matching type TabBar
    t =    97.77s Find the TabBar (Element at index 0)
    t =    97.83s Checking existence of `"Response for x (grid units)" TextField`
    t =    97.89s Find the "Response for x (grid units)" TextField
    t =    97.95s Checking existence of `"session-submit" Any`
    t =    98.01s Find the "session-submit" Any
    t =    98.08s Find the "session-submit" Button
    t =    98.15s Find the "session-submit" Button
    t =    98.21s Checking existence of `"session-next" Any`
    t =    98.27s Checking existence of `"train-start-practice" Any`
    t =    98.33s Find the "train-start-practice" Any
    t =    98.42s Checking existence of `"train-start-graph-construction" Any`
    t =    98.48s Checking existence of `"Response for x (grid units)" TextField`
    t =    98.54s Find the "Response for x (grid units)" TextField
    t =    98.60s Find the "Response for x (grid units)" TextField
    t =    98.67s Find the ScrollView at {{0.0, 169.5}, {375.0, 497.5}}
    t =    98.72s Checking existence of `"Response for x (grid units)" TextField`
    t =    98.78s Find the "Response for x (grid units)" TextField
    t =    98.85s Find the "Response for x (grid units)" TextField
    t =    98.91s Find the "Response for x (grid units)" TextField
    t =    98.97s Checking existence of `"Response for x (grid units)" TextField`
    t =    99.03s Find the "Response for x (grid units)" TextField
    t =    99.09s Find the ScrollView at {{0.0, 169.5}, {375.0, 497.5}}
    t =    99.15s Checking existence of `"Response for x (grid units)" TextField`
    t =    99.20s Find the "Response for x (grid units)" TextField
    t =    99.26s Press Target Application 'com.zacrotech.NeuroForge'[0.00, 0.00] -> (12.0, 516.3) for 0.1 seconds, then drag to Target Application 'com.zacrotech.NeuroForge'[0.00, 0.00] -> (12.0, 500.3) with velocity of 250.00 pixels per second, and then hold for 0.2 seconds 
    t =    99.26s     Wait for com.zacrotech.NeuroForge to idle
    t =    99.27s     Find the Target Application 'com.zacrotech.NeuroForge'
    t =    99.31s     Check for interrupting elements affecting "NeuroForge" Application
    t =    99.38s     Synthesize event
    t =    99.38s         Find the Target Application 'com.zacrotech.NeuroForge'
    t =    99.43s         Find the Target Application 'com.zacrotech.NeuroForge'
    t =    99.47s         Find the Target Application 'com.zacrotech.NeuroForge'
    t =    99.51s         Find the Target Application 'com.zacrotech.NeuroForge'
    t =    99.56s         Find the Target Application 'com.zacrotech.NeuroForge'
    t =   100.18s     Wait for com.zacrotech.NeuroForge to idle
    t =   100.18s Get all elements bound by index for: Descendants matching type ScrollView
    t =   100.23s Find the ScrollView (Element at index 0)
    t =   100.28s Find the Target Application 'com.zacrotech.NeuroForge'
    t =   100.33s Checking existence of `Keyboard (First Match)`
    t =   100.56s Get all elements bound by index for: Descendants matching type NavigationBar
    t =   100.61s Find the NavigationBar (Element at index 0)
    t =   100.67s Find the ScrollView at {{0.0, 169.5}, {375.0, 497.5}}
    t =   100.72s Find the ScrollView at {{0.0, 169.5}, {375.0, 497.5}}
    t =   100.77s Get all elements bound by index for: Descendants matching type TabBar
    t =   100.82s Find the TabBar (Element at index 0)
    t =   100.88s Checking existence of `"Response for x (grid units)" TextField`
    t =   100.94s Find the "Response for x (grid units)" TextField
    t =   101.01s Checking existence of `"session-submit" Any`
    t =   101.08s Find the "session-submit" Any
    t =   101.16s Find the "session-submit" Button
    t =   101.24s Find the "session-submit" Button
    t =   101.31s Checking existence of `"session-next" Any`
    t =   101.38s Checking existence of `"train-start-practice" Any`
    t =   101.46s Find the "train-start-practice" Any
    t =   101.55s Checking existence of `"train-start-graph-construction" Any`
    t =   101.62s Checking existence of `"Response for x (grid units)" TextField`
    t =   101.68s Find the "Response for x (grid units)" TextField
    t =   101.75s Find the "Response for x (grid units)" TextField
    t =   101.84s Find the ScrollView at {{0.0, 169.5}, {375.0, 497.5}}
    t =   101.89s Checking existence of `"Response for x (grid units)" TextField`
    t =   102.01s Find the "Response for x (grid units)" TextField
    t =   102.10s Find the "Response for x (grid units)" TextField
    t =   102.17s Find the "Response for x (grid units)" TextField
    t =   102.30s Find the "Response for x (grid units)" TextField
    t =   102.41s Press "Response for x (grid units)" TextField for 0.1 seconds
    t =   102.41s     Wait for com.zacrotech.NeuroForge to idle
    t =   102.41s     Find the "Response for x (grid units)" TextField
    t =   102.49s     Check for interrupting elements affecting "Response for x (grid units)" TextField
    t =   102.56s     Synthesize event
    t =   102.96s     Wait for com.zacrotech.NeuroForge to idle
    t =   104.64s Waiting 5.0s for Keyboard (First Match) to exist
    t =   105.67s     Checking `Expect predicate `existsNoRetry == 1` for object Keyboard (First Match)`
    t =   105.68s         Checking existence of `Keyboard (First Match)`
    t =   105.73s Type '0' into "Response for x (grid units)" TextField
    t =   105.73s     Wait for com.zacrotech.NeuroForge to idle
    t =   105.74s     Find the "Response for x (grid units)" TextField
    t =   105.88s     Check for interrupting elements affecting "Response for x (grid units)" TextField
    t =   106.00s     Synthesize event
    t =   106.23s     Wait for com.zacrotech.NeuroForge to idle
    t =   107.25s Checking `Expect predicate `value == "0"` for object "Response for x (grid units)" TextField`
    t =   107.25s     Find the "Response for x (grid units)" TextField
    t =   107.33s Waiting 8.0s for "Response for y (grid units)" TextField to exist
    t =   108.38s     Checking `Expect predicate `existsNoRetry == 1` for object "Response for y (grid units)" TextField`
    t =   108.38s         Checking existence of `"Response for y (grid units)" TextField`
    t =   108.50s Get all elements bound by index for: Descendants matching type ScrollView
    t =   108.57s Find the ScrollView (Element at index 0)
    t =   108.65s Find the Target Application 'com.zacrotech.NeuroForge'
    t =   108.71s Checking existence of `Keyboard (First Match)`
    t =   108.72s Find the Keyboard (First Match)
    t =   108.74s Get all elements bound by index for: Descendants matching type NavigationBar
    t =   108.88s Find the NavigationBar (Element at index 0)
    t =   108.98s Find the ScrollView at {{0.0, 169.5}, {375.0, 497.5}}
    t =   109.05s Find the ScrollView at {{0.0, 169.5}, {375.0, 497.5}}
    t =   109.14s Get all elements bound by index for: Descendants matching type TabBar
    t =   109.20s Find the TabBar (Element at index 0)
    t =   109.30s Checking existence of `"Response for y (grid units)" TextField`
    t =   109.40s Find the "Response for y (grid units)" TextField
    t =   109.48s Checking existence of `"session-submit" Any`
    t =   109.58s Find the "session-submit" Any
    t =   109.73s Find the "session-submit" Button
    t =   109.85s Find the "session-submit" Button
    t =   109.99s Checking existence of `"session-next" Any`
    t =   110.18s Checking existence of `"train-start-practice" Any`
    t =   110.28s Find the "train-start-practice" Any
    t =   110.44s Checking existence of `"train-start-graph-construction" Any`
    t =   110.56s Checking existence of `"Response for y (grid units)" TextField`
    t =   110.64s Find the "Response for y (grid units)" TextField
    t =   110.73s Find the "Response for y (grid units)" TextField
    t =   110.92s Find the ScrollView at {{0.0, 169.5}, {375.0, 497.5}}
    t =   110.99s Checking existence of `"Response for y (grid units)" TextField`
    t =   111.13s Find the "Response for y (grid units)" TextField
    t =   111.25s Find the "Response for y (grid units)" TextField
    t =   111.33s Find the "Response for y (grid units)" TextField
    t =   111.42s Checking existence of `"Response for y (grid units)" TextField`
    t =   111.50s Find the "Response for y (grid units)" TextField
    t =   111.59s Find the ScrollView at {{0.0, 169.5}, {375.0, 497.5}}
    t =   111.69s Checking existence of `"Response for y (grid units)" TextField`
    t =   111.77s Find the "Response for y (grid units)" TextField
    t =   111.85s Press Target Application 'com.zacrotech.NeuroForge'[0.00, 0.00] -> (12.0, 308.3) for 0.1 seconds, then drag to Target Application 'com.zacrotech.NeuroForge'[0.00, 0.00] -> (12.0, 231.3) with velocity of 250.00 pixels per second, and then hold for 0.2 seconds 
    t =   111.85s     Wait for com.zacrotech.NeuroForge to idle
    t =   111.86s     Find the Target Application 'com.zacrotech.NeuroForge'
    t =   111.94s     Check for interrupting elements affecting "NeuroForge" Application
    t =   112.10s     Synthesize event
    t =   112.10s         Find the Target Application 'com.zacrotech.NeuroForge'
    t =   112.18s         Find the Target Application 'com.zacrotech.NeuroForge'
    t =   112.26s         Find the Target Application 'com.zacrotech.NeuroForge'
    t =   112.31s         Find the Target Application 'com.zacrotech.NeuroForge'
    t =   112.37s         Find the Target Application 'com.zacrotech.NeuroForge'
    t =   113.27s     Wait for com.zacrotech.NeuroForge to idle
    t =   113.28s Get all elements bound by index for: Descendants matching type ScrollView
    t =   113.38s Find the ScrollView (Element at index 0)
    t =   113.46s Find the Target Application 'com.zacrotech.NeuroForge'
    t =   113.51s Checking existence of `Keyboard (First Match)`
    t =   113.52s Find the Keyboard (First Match)
    t =   113.54s Get all elements bound by index for: Descendants matching type NavigationBar
    t =   113.61s Find the NavigationBar (Element at index 0)
    t =   113.73s Find the ScrollView at {{0.0, 169.5}, {375.0, 497.5}}
    t =   113.82s Find the ScrollView at {{0.0, 169.5}, {375.0, 497.5}}
    t =   113.91s Get all elements bound by index for: Descendants matching type TabBar
    t =   113.98s Find the TabBar (Element at index 0)
    t =   114.08s Checking existence of `"Response for y (grid units)" TextField`
    t =   114.26s Find the "Response for y (grid units)" TextField
    t =   114.33s Checking existence of `"session-submit" Any`
    t =   114.53s Find the "session-submit" Any
    t =   114.92s Find the "session-submit" Button
    t =   115.01s Find the "session-submit" Button
    t =   115.10s Checking existence of `"session-next" Any`
    t =   115.26s Checking existence of `"train-start-practice" Any`
    t =   115.34s Find the "train-start-practice" Any
    t =   115.50s Checking existence of `"train-start-graph-construction" Any`
    t =   115.60s Checking existence of `"Response for y (grid units)" TextField`
    t =   115.74s Find the "Response for y (grid units)" TextField
    t =   115.82s Find the "Response for y (grid units)" TextField
    t =   115.90s Find the ScrollView at {{0.0, 169.5}, {375.0, 497.5}}
    t =   115.96s Checking existence of `"Response for y (grid units)" TextField`
    t =   116.08s Find the "Response for y (grid units)" TextField
    t =   116.23s Find the "Response for y (grid units)" TextField
    t =   116.45s Find the "Response for y (grid units)" TextField
    t =   116.60s Checking existence of `"Response for y (grid units)" TextField`
    t =   116.73s Find the "Response for y (grid units)" TextField
    t =   116.84s Find the ScrollView at {{0.0, 169.5}, {375.0, 497.5}}
    t =   116.92s Checking existence of `"Response for y (grid units)" TextField`
    t =   117.01s Find the "Response for y (grid units)" TextField
    t =   117.09s Press Target Application 'com.zacrotech.NeuroForge'[0.00, 0.00] -> (12.0, 308.3) for 0.1 seconds, then drag to Target Application 'com.zacrotech.NeuroForge'[0.00, 0.00] -> (12.0, 292.3) with velocity of 250.00 pixels per second, and then hold for 0.2 seconds 
    t =   117.09s     Wait for com.zacrotech.NeuroForge to idle
    t =   117.10s     Find the Target Application 'com.zacrotech.NeuroForge'
    t =   117.16s     Check for interrupting elements affecting "NeuroForge" Application
    t =   117.27s     Synthesize event
    t =   117.27s         Find the Target Application 'com.zacrotech.NeuroForge'
    t =   117.32s         Find the Target Application 'com.zacrotech.NeuroForge'
    t =   117.38s         Find the Target Application 'com.zacrotech.NeuroForge'
    t =   117.43s         Find the Target Application 'com.zacrotech.NeuroForge'
    t =   117.50s         Find the Target Application 'com.zacrotech.NeuroForge'
    t =   118.16s     Wait for com.zacrotech.NeuroForge to idle
    t =   119.60s Get all elements bound by index for: Descendants matching type ScrollView
    t =   119.68s Find the ScrollView (Element at index 0)
    t =   119.76s Find the Target Application 'com.zacrotech.NeuroForge'
    t =   119.81s Checking existence of `Keyboard (First Match)`
    t =   119.83s Find the Keyboard (First Match)
    t =   119.86s Get all elements bound by index for: Descendants matching type NavigationBar
    t =   119.92s Find the NavigationBar (Element at index 0)
    t =   120.02s Find the ScrollView at {{0.0, 169.5}, {375.0, 497.5}}
    t =   120.10s Find the ScrollView at {{0.0, 169.5}, {375.0, 497.5}}
    t =   120.17s Get all elements bound by index for: Descendants matching type TabBar
    t =   120.23s Find the TabBar (Element at index 0)
    t =   120.31s Checking existence of `"Response for y (grid units)" TextField`
    t =   120.39s Find the "Response for y (grid units)" TextField
    t =   120.55s Checking existence of `"session-submit" Any`
    t =   120.78s Find the "session-submit" Any
    t =   120.88s Find the "session-submit" Button
    t =   120.98s Find the "session-submit" Button
    t =   121.08s Checking existence of `"session-next" Any`
    t =   121.18s Checking existence of `"train-start-practice" Any`
    t =   121.26s Find the "train-start-practice" Any
    t =   121.36s Checking existence of `"train-start-graph-construction" Any`
    t =   121.44s Checking existence of `"Response for y (grid units)" TextField`
    t =   121.53s Find the "Response for y (grid units)" TextField
    t =   121.62s Find the "Response for y (grid units)" TextField
    t =   121.71s Find the ScrollView at {{0.0, 169.5}, {375.0, 497.5}}
    t =   121.78s Checking existence of `"Response for y (grid units)" TextField`
    t =   121.85s Find the "Response for y (grid units)" TextField
    t =   121.94s Find the "Response for y (grid units)" TextField
    t =   122.01s Find the "Response for y (grid units)" TextField
    t =   122.10s Find the "Response for y (grid units)" TextField
    t =   122.19s Press "Response for y (grid units)" TextField for 0.1 seconds
    t =   122.19s     Wait for com.zacrotech.NeuroForge to idle
    t =   122.19s     Find the "Response for y (grid units)" TextField
    t =   122.28s     Check for interrupting elements affecting "Response for y (grid units)" TextField
    t =   122.42s     Synthesize event
    t =   122.82s     Wait for com.zacrotech.NeuroForge to idle
    t =   123.06s Waiting 5.0s for Keyboard (First Match) to exist
    t =   124.10s     Checking `Expect predicate `existsNoRetry == 1` for object Keyboard (First Match)`
    t =   124.11s         Checking existence of `Keyboard (First Match)`
    t =   124.14s Type '0' into "Response for y (grid units)" TextField
    t =   124.14s     Wait for com.zacrotech.NeuroForge to idle
    t =   124.14s     Find the "Response for y (grid units)" TextField
    t =   124.23s     Check for interrupting elements affecting "Response for y (grid units)" TextField
    t =   124.31s     Synthesize event
    t =   124.53s     Wait for com.zacrotech.NeuroForge to idle
    t =   125.65s Checking `Expect predicate `value == "0"` for object "Response for y (grid units)" TextField`
    t =   125.65s     Find the "Response for y (grid units)" TextField
    t =   125.73s Get all elements bound by index for: Descendants matching type TextField
    t =   125.79s Find the TextField (Element at index 0)
    t =   125.84s Find the "Response for x (grid units)" TextField
    t =   125.90s Find the "Response for x (grid units)" TextField
    t =   125.96s Find the "Response for x (grid units)" TextField
    t =   126.02s Find the TextField (Element at index 1)
    t =   126.08s Find the "Response for y (grid units)" TextField
    t =   126.14s Find the "Response for y (grid units)" TextField
    t =   126.20s Find the "Response for y (grid units)" TextField
    t =   126.25s Get all elements bound by index for: Descendants matching type TextView
    t =   126.31s Waiting 8.0s for "session-submit" Any to exist
    t =   127.33s     Checking `Expect predicate `existsNoRetry == 1` for object "session-submit" Any`
    t =   127.33s         Checking existence of `"session-submit" Any`
    t =   127.41s Get all elements bound by index for: Descendants matching type ScrollView
    t =   127.47s Find the ScrollView (Element at index 0)
    t =   127.54s Find the Target Application 'com.zacrotech.NeuroForge'
    t =   127.59s Checking existence of `Keyboard (First Match)`
    t =   127.60s Find the Keyboard (First Match)
    t =   127.62s Get all elements bound by index for: Descendants matching type NavigationBar
    t =   127.67s Find the NavigationBar (Element at index 0)
    t =   127.74s Find the ScrollView at {{0.0, 169.5}, {375.0, 497.5}}
    t =   127.80s Find the ScrollView at {{0.0, 169.5}, {375.0, 497.5}}
    t =   127.85s Get all elements bound by index for: Descendants matching type TabBar
    t =   127.90s Find the TabBar (Element at index 0)
    t =   127.96s Checking existence of `"session-submit" Any`
    t =   128.04s Find the "session-submit" Any
    t =   128.12s Checking existence of `"session-submit" Button`
    t =   128.19s Find the "session-submit" Button
    t =   128.27s Find the "session-submit" Button
    t =   128.35s Find the "session-submit" Button
    t =   129.42s Checking `Expect predicate `enabled == 1` for object "session-submit" Button`
    t =   129.42s     Find the "session-submit" Button
    t =   129.50s Tap "session-submit" Button
    t =   129.50s     Wait for com.zacrotech.NeuroForge to idle
    t =   129.50s     Find the "session-submit" Button
    t =   129.58s     Check for interrupting elements affecting "session-submit" Button
    t =   129.65s     Synthesize event
    t =   129.94s     Wait for com.zacrotech.NeuroForge to idle
    t =   130.31s Waiting 8.0s for "session-next" Any to exist
    t =   131.32s     Checking `Expect predicate `existsNoRetry == 1` for object "session-next" Any`
    t =   131.32s         Checking existence of `"session-next" Any`
    t =   131.41s Find the "session-position" ProgressIndicator
    t =   131.47s Find the "session-prompt" Any
    t =   131.53s Checking existence of `"Your answer" StaticText`
    t =   131.59s Checking existence of `TextField (First Match)`
    t =   131.61s Find the TextField (First Match)
    t =   131.64s Find the "Response for x (grid units)" TextField
    t =   131.66s Checking existence of `TextField (First Match)`
    t =   131.68s Find the TextField (First Match)
    t =   131.71s Find the "Response for y (grid units)" TextField
    t =   131.73s Waiting 8.0s for "session-feedback-title" Any to exist
    t =   132.73s     Checking `Expect predicate `existsNoRetry == 1` for object "session-feedback-title" Any`
    t =   132.73s         Checking existence of `"session-feedback-title" Any`
    t =   132.83s Get all elements bound by index for: Descendants matching type ScrollView
    t =   132.88s Find the ScrollView (Element at index 0)
    t =   132.95s Find the Target Application 'com.zacrotech.NeuroForge'
    t =   132.99s Checking existence of `Keyboard (First Match)`
    t =   133.11s Get all elements bound by index for: Descendants matching type NavigationBar
    t =   133.19s Find the NavigationBar (Element at index 0)
    t =   133.25s Find the ScrollView at {{0.0, 169.5}, {375.0, 497.5}}
    t =   133.30s Find the ScrollView at {{0.0, 169.5}, {375.0, 497.5}}
    t =   133.35s Get all elements bound by index for: Descendants matching type TabBar
    t =   133.40s Find the TabBar (Element at index 0)
    t =   133.46s Checking existence of `"session-feedback-title" Any`
    t =   133.53s Find the "session-feedback-title" Any
    t =   133.59s Checking existence of `"session-submit" Any`
    t =   133.64s Checking existence of `"session-next" Any`
    t =   133.70s Find the "session-next" Any
    t =   133.77s Find the "session-next" Button
    t =   133.85s Find the "session-next" Button
    t =   133.94s Checking existence of `"train-start-practice" Any`
    t =   134.03s Find the "train-start-practice" Any
    t =   134.12s Checking existence of `"train-start-graph-construction" Any`
    t =   134.21s Checking existence of `"session-feedback-title" StaticText`
    t =   134.27s Find the "session-feedback-title" StaticText
    t =   134.34s Find the "session-feedback-title" StaticText
    t =   134.41s Find the ScrollView at {{0.0, 169.5}, {375.0, 497.5}}
    t =   134.47s Checking existence of `"session-feedback-title" StaticText`
    t =   134.54s Find the "session-feedback-title" StaticText
    t =   134.61s Find the "session-feedback-title" StaticText
    t =   134.68s Find the "session-feedback-title" StaticText
    t =   134.75s Find the "session-feedback-title" StaticText
    t =   134.83s Find the "session-feedback-title" StaticText
    t =   134.90s Find the "session-feedback-title" StaticText
    t =   134.97s Find the "coordinate-reasoning-original" Any
    t =   135.03s Get all elements bound by index for: Descendants matching type ScrollView
    t =   135.08s Find the ScrollView (Element at index 0)
    t =   135.13s Find the Target Application 'com.zacrotech.NeuroForge'
    t =   135.18s Checking existence of `Keyboard (First Match)`
    t =   135.29s Get all elements bound by index for: Descendants matching type NavigationBar
    t =   135.33s Find the NavigationBar (Element at index 0)
    t =   135.40s Find the ScrollView at {{0.0, 169.5}, {375.0, 497.5}}
    t =   135.46s Find the ScrollView at {{0.0, 169.5}, {375.0, 497.5}}
    t =   135.51s Get all elements bound by index for: Descendants matching type TabBar
    t =   135.55s Find the TabBar (Element at index 0)
    t =   135.62s Checking existence of `"coordinate-reasoning-show" Button`
    t =   135.68s Find the "coordinate-reasoning-show" Button
    t =   135.74s Checking existence of `"session-submit" Any`
    t =   135.80s Checking existence of `"session-next" Any`
    t =   135.86s Find the "session-next" Any
    t =   135.94s Find the "session-next" Button
    t =   136.01s Find the "session-next" Button
    t =   136.07s Checking existence of `"train-start-practice" Any`
    t =   136.13s Find the "train-start-practice" Any
    t =   136.21s Checking existence of `"train-start-graph-construction" Any`
    t =   136.28s Checking existence of `"coordinate-reasoning-show" Button`
    t =   136.34s Find the "coordinate-reasoning-show" Button
    t =   136.40s Find the "coordinate-reasoning-show" Button
    t =   136.47s Find the ScrollView at {{0.0, 169.5}, {375.0, 497.5}}
    t =   136.52s Checking existence of `"coordinate-reasoning-show" Button`
    t =   136.58s Find the "coordinate-reasoning-show" Button
    t =   136.65s Checking existence of `"coordinate-reasoning-show" Button`
    t =   136.71s Find the "coordinate-reasoning-show" Button
    t =   136.77s Find the ScrollView at {{0.0, 169.5}, {375.0, 497.5}}
    t =   136.82s Checking existence of `"coordinate-reasoning-show" Button`
    t =   136.88s Find the "coordinate-reasoning-show" Button
    t =   136.94s Press Target Application 'com.zacrotech.NeuroForge'[0.00, 0.00] -> (12.0, 257.7) for 0.1 seconds, then drag to Target Application 'com.zacrotech.NeuroForge'[0.00, 0.00] -> (12.0, 516.3) with velocity of 250.00 pixels per second, and then hold for 0.2 seconds 
    t =   136.94s     Wait for com.zacrotech.NeuroForge to idle
    t =   136.95s     Find the Target Application 'com.zacrotech.NeuroForge'
    t =   136.99s     Check for interrupting elements affecting "NeuroForge" Application
    t =   137.05s     Synthesize event
    t =   137.05s         Find the Target Application 'com.zacrotech.NeuroForge'
    t =   137.10s         Find the Target Application 'com.zacrotech.NeuroForge'
    t =   137.14s         Find the Target Application 'com.zacrotech.NeuroForge'
    t =   137.19s         Find the Target Application 'com.zacrotech.NeuroForge'
    t =   137.23s         Find the Target Application 'com.zacrotech.NeuroForge'
    t =   138.82s     Wait for com.zacrotech.NeuroForge to idle
    t =   138.82s Get all elements bound by index for: Descendants matching type ScrollView
    t =   138.90s Find the ScrollView (Element at index 0)
    t =   138.98s Find the Target Application 'com.zacrotech.NeuroForge'
    t =   139.02s Checking existence of `Keyboard (First Match)`
    t =   139.13s Get all elements bound by index for: Descendants matching type NavigationBar
    t =   139.18s Find the NavigationBar (Element at index 0)
    t =   139.23s Find the ScrollView at {{0.0, 169.5}, {375.0, 497.5}}
    t =   139.29s Find the ScrollView at {{0.0, 169.5}, {375.0, 497.5}}
    t =   139.34s Get all elements bound by index for: Descendants matching type TabBar
    t =   139.39s Find the TabBar (Element at index 0)
    t =   139.45s Checking existence of `"coordinate-reasoning-show" Button`
    t =   139.52s Find the "coordinate-reasoning-show" Button
    t =   139.58s Checking existence of `"session-submit" Any`
    t =   139.64s Checking existence of `"session-next" Any`
    t =   139.70s Find the "session-next" Any
    t =   139.78s Find the "session-next" Button
    t =   139.84s Find the "session-next" Button
    t =   139.94s Checking existence of `"train-start-practice" Any`
    t =   140.01s Find the "train-start-practice" Any
    t =   140.09s Checking existence of `"train-start-graph-construction" Any`
    t =   140.16s Checking existence of `"coordinate-reasoning-show" Button`
    t =   140.21s Find the "coordinate-reasoning-show" Button
    t =   140.27s Find the "coordinate-reasoning-show" Button
    t =   140.34s Find the ScrollView at {{0.0, 169.5}, {375.0, 497.5}}
    t =   140.39s Checking existence of `"coordinate-reasoning-show" Button`
    t =   140.45s Find the "coordinate-reasoning-show" Button
    t =   140.51s Find the "coordinate-reasoning-show" Button
    t =   140.58s Checking existence of `"coordinate-reasoning-show" Button`
    t =   140.63s Find the "coordinate-reasoning-show" Button
    t =   140.70s Find the ScrollView at {{0.0, 169.5}, {375.0, 497.5}}
    t =   140.75s Checking existence of `"coordinate-reasoning-show" Button`
    t =   140.80s Find the "coordinate-reasoning-show" Button
    t =   140.86s Press Target Application 'com.zacrotech.NeuroForge'[0.00, 0.00] -> (12.0, 257.7) for 0.1 seconds, then drag to Target Application 'com.zacrotech.NeuroForge'[0.00, 0.00] -> (12.0, 321.2) with velocity of 250.00 pixels per second, and then hold for 0.2 seconds 
    t =   140.87s     Wait for com.zacrotech.NeuroForge to idle
    t =   140.87s     Find the Target Application 'com.zacrotech.NeuroForge'
    t =   140.91s     Check for interrupting elements affecting "NeuroForge" Application
    t =   140.98s     Synthesize event
    t =   140.98s         Find the Target Application 'com.zacrotech.NeuroForge'
    t =   141.02s         Find the Target Application 'com.zacrotech.NeuroForge'
    t =   141.07s         Find the Target Application 'com.zacrotech.NeuroForge'
    t =   141.12s         Find the Target Application 'com.zacrotech.NeuroForge'
    t =   141.16s         Find the Target Application 'com.zacrotech.NeuroForge'
    t =   141.98s     Wait for com.zacrotech.NeuroForge to idle
    t =   141.98s Get all elements bound by index for: Descendants matching type ScrollView
    t =   142.04s Find the ScrollView (Element at index 0)
    t =   142.09s Find the Target Application 'com.zacrotech.NeuroForge'
    t =   142.13s Checking existence of `Keyboard (First Match)`
    t =   142.24s Get all elements bound by index for: Descendants matching type NavigationBar
    t =   142.28s Find the NavigationBar (Element at index 0)
    t =   142.34s Find the ScrollView at {{0.0, 169.5}, {375.0, 497.5}}
    t =   142.39s Find the ScrollView at {{0.0, 169.5}, {375.0, 497.5}}
    t =   142.44s Get all elements bound by index for: Descendants matching type TabBar
    t =   142.49s Find the TabBar (Element at index 0)
    t =   142.56s Checking existence of `"coordinate-reasoning-show" Button`
    t =   142.62s Find the "coordinate-reasoning-show" Button
    t =   142.68s Checking existence of `"session-submit" Any`
    t =   142.75s Checking existence of `"session-next" Any`
    t =   142.81s Find the "session-next" Any
    t =   142.88s Find the "session-next" Button
    t =   142.95s Find the "session-next" Button
    t =   143.02s Checking existence of `"train-start-practice" Any`
    t =   143.08s Find the "train-start-practice" Any
    t =   143.17s Checking existence of `"train-start-graph-construction" Any`
    t =   143.23s Checking existence of `"coordinate-reasoning-show" Button`
    t =   143.29s Find the "coordinate-reasoning-show" Button
    t =   143.35s Find the "coordinate-reasoning-show" Button
    t =   143.42s Find the ScrollView at {{0.0, 169.5}, {375.0, 497.5}}
    t =   143.48s Checking existence of `"coordinate-reasoning-show" Button`
    t =   143.53s Find the "coordinate-reasoning-show" Button
    t =   143.60s Find the "coordinate-reasoning-show" Button
    t =   143.66s Checking existence of `"coordinate-reasoning-show" Button`
    t =   143.71s Find the "coordinate-reasoning-show" Button
    t =   143.78s Find the ScrollView at {{0.0, 169.5}, {375.0, 497.5}}
    t =   143.83s Checking existence of `"coordinate-reasoning-show" Button`
    t =   143.89s Find the "coordinate-reasoning-show" Button
    t =   143.95s Press Target Application 'com.zacrotech.NeuroForge'[0.00, 0.00] -> (12.0, 257.7) for 0.1 seconds, then drag to Target Application 'com.zacrotech.NeuroForge'[0.00, 0.00] -> (12.0, 273.7) with velocity of 250.00 pixels per second, and then hold for 0.2 seconds 
    t =   143.95s     Wait for com.zacrotech.NeuroForge to idle
    t =   143.95s     Find the Target Application 'com.zacrotech.NeuroForge'
    t =   143.99s     Check for interrupting elements affecting "NeuroForge" Application
    t =   144.05s     Synthesize event
    t =   144.05s         Find the Target Application 'com.zacrotech.NeuroForge'
    t =   144.09s         Find the Target Application 'com.zacrotech.NeuroForge'
    t =   144.13s         Find the Target Application 'com.zacrotech.NeuroForge'
    t =   144.18s         Find the Target Application 'com.zacrotech.NeuroForge'
    t =   144.22s         Find the Target Application 'com.zacrotech.NeuroForge'
    t =   144.83s     Wait for com.zacrotech.NeuroForge to idle
    t =   144.83s Get all elements bound by index for: Descendants matching type ScrollView
    t =   144.88s Find the ScrollView (Element at index 0)
    t =   144.94s Find the Target Application 'com.zacrotech.NeuroForge'
    t =   144.98s Checking existence of `Keyboard (First Match)`
    t =   145.08s Get all elements bound by index for: Descendants matching type NavigationBar
    t =   145.12s Find the NavigationBar (Element at index 0)
    t =   145.19s Find the ScrollView at {{0.0, 169.5}, {375.0, 497.5}}
    t =   145.24s Find the ScrollView at {{0.0, 169.5}, {375.0, 497.5}}
    t =   145.29s Get all elements bound by index for: Descendants matching type TabBar
    t =   145.33s Find the TabBar (Element at index 0)
    t =   145.40s Checking existence of `"coordinate-reasoning-show" Button`
    t =   145.46s Find the "coordinate-reasoning-show" Button
    t =   145.52s Checking existence of `"session-submit" Any`
    t =   145.58s Checking existence of `"session-next" Any`
    t =   145.65s Find the "session-next" Any
    t =   145.72s Find the "session-next" Button
    t =   145.79s Find the "session-next" Button
    t =   145.85s Checking existence of `"train-start-practice" Any`
    t =   145.91s Find the "train-start-practice" Any
    t =   146.00s Checking existence of `"train-start-graph-construction" Any`
    t =   146.06s Checking existence of `"coordinate-reasoning-show" Button`
    t =   146.12s Find the "coordinate-reasoning-show" Button
    t =   146.19s Find the "coordinate-reasoning-show" Button
    t =   146.25s Find the ScrollView at {{0.0, 169.5}, {375.0, 497.5}}
    t =   146.30s Checking existence of `"coordinate-reasoning-show" Button`
    t =   146.36s Find the "coordinate-reasoning-show" Button
    t =   146.42s Find the "coordinate-reasoning-show" Button
    t =   146.48s Find the "coordinate-reasoning-show" Button
    t =   146.55s Find the "coordinate-reasoning-show" Button
    t =   146.61s Press "coordinate-reasoning-show" Button for 0.1 seconds
    t =   146.61s     Wait for com.zacrotech.NeuroForge to idle
    t =   146.61s     Find the "coordinate-reasoning-show" Button
    t =   146.67s     Check for interrupting elements affecting "coordinate-reasoning-show" Button
    t =   146.73s     Synthesize event
    t =   147.10s     Wait for com.zacrotech.NeuroForge to idle
    t =   147.33s Get all elements bound by index for: Descendants matching type ScrollView
    t =   147.41s Find the ScrollView (Element at index 0)
    t =   147.47s Find the Target Application 'com.zacrotech.NeuroForge'
    t =   147.52s Checking existence of `Keyboard (First Match)`
    t =   147.64s Get all elements bound by index for: Descendants matching type NavigationBar
    t =   147.68s Find the NavigationBar (Element at index 0)
    t =   147.75s Find the ScrollView at {{0.0, 169.5}, {375.0, 497.5}}
    t =   147.80s Find the ScrollView at {{0.0, 169.5}, {375.0, 497.5}}
    t =   147.85s Get all elements bound by index for: Descendants matching type TabBar
    t =   147.90s Find the TabBar (Element at index 0)
    t =   147.97s Checking existence of `"coordinate-reasoning-worked" Any`
    t =   148.04s Find the "coordinate-reasoning-worked" Any
    t =   148.10s Checking existence of `"session-submit" Any`
    t =   148.16s Checking existence of `"session-next" Any`
    t =   148.23s Find the "session-next" Any
    t =   148.31s Find the "session-next" Button
    t =   148.38s Find the "session-next" Button
    t =   148.44s Checking existence of `"train-start-practice" Any`
    t =   148.51s Find the "train-start-practice" Any
    t =   148.60s Checking existence of `"train-start-graph-construction" Any`
    t =   148.66s Checking existence of `"coordinate-reasoning-worked" StaticText`
    t =   148.76s Find the "coordinate-reasoning-worked" StaticText
    t =   148.83s Find the "coordinate-reasoning-worked" StaticText
    t =   148.91s Find the ScrollView at {{0.0, 169.5}, {375.0, 497.5}}
    t =   148.96s Checking existence of `"coordinate-reasoning-worked" StaticText`
    t =   149.02s Find the "coordinate-reasoning-worked" StaticText
    t =   149.10s Find the "coordinate-reasoning-worked" StaticText
    t =   149.16s Find the "coordinate-reasoning-worked" StaticText
    t =   149.22s Checking existence of `"coordinate-reasoning-worked" StaticText`
    t =   149.29s Find the "coordinate-reasoning-worked" StaticText
    t =   149.35s Find the ScrollView at {{0.0, 169.5}, {375.0, 497.5}}
    t =   149.41s Checking existence of `"coordinate-reasoning-worked" StaticText`
    t =   149.47s Find the "coordinate-reasoning-worked" StaticText
    t =   149.53s Press Target Application 'com.zacrotech.NeuroForge'[0.00, 0.00] -> (12.0, 516.3) for 0.1 seconds, then drag to Target Application 'com.zacrotech.NeuroForge'[0.00, 0.00] -> (12.0, 430.8) with velocity of 250.00 pixels per second, and then hold for 0.2 seconds 
    t =   149.53s     Wait for com.zacrotech.NeuroForge to idle
    t =   149.53s     Find the Target Application 'com.zacrotech.NeuroForge'
    t =   149.58s     Check for interrupting elements affecting "NeuroForge" Application
    t =   149.64s     Synthesize event
    t =   149.64s         Find the Target Application 'com.zacrotech.NeuroForge'
    t =   149.69s         Find the Target Application 'com.zacrotech.NeuroForge'
    t =   149.73s         Find the Target Application 'com.zacrotech.NeuroForge'
    t =   149.78s         Find the Target Application 'com.zacrotech.NeuroForge'
    t =   149.82s         Find the Target Application 'com.zacrotech.NeuroForge'
    t =   150.71s     Wait for com.zacrotech.NeuroForge to idle
    t =   150.72s Get all elements bound by index for: Descendants matching type ScrollView
    t =   150.77s Find the ScrollView (Element at index 0)
    t =   150.83s Find the Target Application 'com.zacrotech.NeuroForge'
    t =   150.87s Checking existence of `Keyboard (First Match)`
    t =   150.98s Get all elements bound by index for: Descendants matching type NavigationBar
    t =   151.02s Find the NavigationBar (Element at index 0)
    t =   151.08s Find the ScrollView at {{0.0, 169.5}, {375.0, 497.5}}
    t =   151.14s Find the ScrollView at {{0.0, 169.5}, {375.0, 497.5}}
    t =   151.19s Get all elements bound by index for: Descendants matching type TabBar
    t =   151.23s Find the TabBar (Element at index 0)
    t =   151.30s Checking existence of `"coordinate-reasoning-worked" StaticText`
    t =   151.37s Find the "coordinate-reasoning-worked" StaticText
    t =   151.43s Checking existence of `"session-submit" Any`
    t =   151.49s Checking existence of `"session-next" Any`
    t =   151.56s Find the "session-next" Any
    t =   151.63s Find the "session-next" Button
    t =   151.70s Find the "session-next" Button
    t =   151.77s Checking existence of `"train-start-practice" Any`
    t =   151.83s Find the "train-start-practice" Any
    t =   151.92s Checking existence of `"train-start-graph-construction" Any`
    t =   151.98s Checking existence of `"coordinate-reasoning-worked" StaticText`
    t =   152.04s Find the "coordinate-reasoning-worked" StaticText
    t =   152.11s Find the "coordinate-reasoning-worked" StaticText
    t =   152.18s Find the ScrollView at {{0.0, 169.5}, {375.0, 497.5}}
    t =   152.24s Checking existence of `"coordinate-reasoning-worked" StaticText`
    t =   152.30s Find the "coordinate-reasoning-worked" StaticText
    t =   152.37s Find the "coordinate-reasoning-worked" StaticText
    t =   152.44s Find the "coordinate-reasoning-worked" StaticText
    t =   152.51s Checking existence of `"coordinate-reasoning-worked" StaticText`
    t =   152.57s Find the "coordinate-reasoning-worked" StaticText
    t =   152.64s Find the ScrollView at {{0.0, 169.5}, {375.0, 497.5}}
    t =   152.70s Checking existence of `"coordinate-reasoning-worked" StaticText`
    t =   152.76s Find the "coordinate-reasoning-worked" StaticText
    t =   152.83s Press Target Application 'com.zacrotech.NeuroForge'[0.00, 0.00] -> (12.0, 516.3) for 0.1 seconds, then drag to Target Application 'com.zacrotech.NeuroForge'[0.00, 0.00] -> (12.0, 500.3) with velocity of 250.00 pixels per second, and then hold for 0.2 seconds 
    t =   152.83s     Wait for com.zacrotech.NeuroForge to idle
    t =   152.83s     Find the Target Application 'com.zacrotech.NeuroForge'
    t =   152.87s     Check for interrupting elements affecting "NeuroForge" Application
    t =   152.93s     Synthesize event
    t =   152.93s         Find the Target Application 'com.zacrotech.NeuroForge'
    t =   152.97s         Find the Target Application 'com.zacrotech.NeuroForge'
    t =   153.02s         Find the Target Application 'com.zacrotech.NeuroForge'
    t =   153.06s         Find the Target Application 'com.zacrotech.NeuroForge'
    t =   153.11s         Find the Target Application 'com.zacrotech.NeuroForge'
    t =   153.73s     Wait for com.zacrotech.NeuroForge to idle
    t =   153.73s Get all elements bound by index for: Descendants matching type ScrollView
    t =   153.78s Find the ScrollView (Element at index 0)
    t =   153.84s Find the Target Application 'com.zacrotech.NeuroForge'
    t =   153.88s Checking existence of `Keyboard (First Match)`
    t =   153.99s Get all elements bound by index for: Descendants matching type NavigationBar
    t =   154.04s Find the NavigationBar (Element at index 0)
    t =   154.10s Find the ScrollView at {{0.0, 169.5}, {375.0, 497.5}}
    t =   154.15s Find the ScrollView at {{0.0, 169.5}, {375.0, 497.5}}
    t =   154.20s Get all elements bound by index for: Descendants matching type TabBar
    t =   154.24s Find the TabBar (Element at index 0)
    t =   154.31s Checking existence of `"coordinate-reasoning-worked" StaticText`
    t =   154.37s Find the "coordinate-reasoning-worked" StaticText
    t =   154.44s Checking existence of `"session-submit" Any`
    t =   154.51s Checking existence of `"session-next" Any`
    t =   154.58s Find the "session-next" Any
    t =   154.65s Find the "session-next" Button
    t =   154.73s Find the "session-next" Button
    t =   154.79s Checking existence of `"train-start-practice" Any`
    t =   154.86s Find the "train-start-practice" Any
    t =   154.95s Checking existence of `"train-start-graph-construction" Any`
    t =   155.03s Checking existence of `"coordinate-reasoning-worked" StaticText`
    t =   155.10s Find the "coordinate-reasoning-worked" StaticText
    t =   155.17s Find the "coordinate-reasoning-worked" StaticText
    t =   155.25s Find the ScrollView at {{0.0, 169.5}, {375.0, 497.5}}
    t =   155.30s Checking existence of `"coordinate-reasoning-worked" StaticText`
    t =   155.36s Find the "coordinate-reasoning-worked" StaticText
    t =   155.44s Find the "coordinate-reasoning-worked" StaticText
    t =   155.51s Find the "coordinate-reasoning-worked" StaticText
    t =   155.58s Find the "coordinate-reasoning-worked" StaticText
    t =   155.66s Find the "coordinate-reasoning-original" StaticText
    t =   155.73s Find the Target Application 'com.zacrotech.NeuroForge'
    t =   155.92s Added attachment named 'advanced-coordinate-worked-Vector Reflection-en'
    t =   155.93s Get all elements bound by index for: Descendants matching type ScrollView
    t =   156.03s Find the ScrollView (Element at index 0)
    t =   156.14s Find the Target Application 'com.zacrotech.NeuroForge'
    t =   156.19s Checking existence of `Keyboard (First Match)`
    t =   156.32s Get all elements bound by index for: Descendants matching type NavigationBar
    t =   156.37s Find the NavigationBar (Element at index 0)
    t =   156.43s Find the ScrollView at {{0.0, 169.5}, {375.0, 497.5}}
    t =   156.48s Find the ScrollView at {{0.0, 169.5}, {375.0, 497.5}}
    t =   156.53s Get all elements bound by index for: Descendants matching type TabBar
    t =   156.58s Find the TabBar (Element at index 0)
    t =   156.65s Checking existence of `"coordinate-reasoning-reset" Button`
    t =   156.72s Find the "coordinate-reasoning-reset" Button
    t =   156.78s Checking existence of `"session-submit" Any`
    t =   156.84s Checking existence of `"session-next" Any`
    t =   156.90s Find the "session-next" Any
    t =   156.98s Find the "session-next" Button
    t =   157.04s Find the "session-next" Button
    t =   157.11s Checking existence of `"train-start-practice" Any`
    t =   157.17s Find the "train-start-practice" Any
    t =   157.25s Checking existence of `"train-start-graph-construction" Any`
    t =   157.32s Checking existence of `"coordinate-reasoning-reset" Button`
    t =   157.37s Find the "coordinate-reasoning-reset" Button
    t =   157.43s Find the "coordinate-reasoning-reset" Button
    t =   157.52s Find the ScrollView at {{0.0, 169.5}, {375.0, 497.5}}
    t =   157.58s Checking existence of `"coordinate-reasoning-reset" Button`
    t =   157.64s Find the "coordinate-reasoning-reset" Button
    t =   157.71s Checking existence of `"coordinate-reasoning-reset" Button`
    t =   157.77s Find the "coordinate-reasoning-reset" Button
    t =   157.84s Find the ScrollView at {{0.0, 169.5}, {375.0, 497.5}}
    t =   157.89s Checking existence of `"coordinate-reasoning-reset" Button`
    t =   157.95s Find the "coordinate-reasoning-reset" Button
    t =   158.01s Press Target Application 'com.zacrotech.NeuroForge'[0.00, 0.00] -> (12.0, 257.7) for 0.1 seconds, then drag to Target Application 'com.zacrotech.NeuroForge'[0.00, 0.00] -> (12.0, 343.2) with velocity of 250.00 pixels per second, and then hold for 0.2 seconds 
    t =   158.01s     Wait for com.zacrotech.NeuroForge to idle
    t =   158.01s     Find the Target Application 'com.zacrotech.NeuroForge'
    t =   158.06s     Check for interrupting elements affecting "NeuroForge" Application
    t =   158.12s     Synthesize event
    t =   158.12s         Find the Target Application 'com.zacrotech.NeuroForge'
    t =   158.16s         Find the Target Application 'com.zacrotech.NeuroForge'
    t =   158.21s         Find the Target Application 'com.zacrotech.NeuroForge'
    t =   158.25s         Find the Target Application 'com.zacrotech.NeuroForge'
    t =   158.29s         Find the Target Application 'com.zacrotech.NeuroForge'
    t =   159.19s     Wait for com.zacrotech.NeuroForge to idle
    t =   159.20s Get all elements bound by index for: Descendants matching type ScrollView
    t =   159.25s Find the ScrollView (Element at index 0)
    t =   159.31s Find the Target Application 'com.zacrotech.NeuroForge'
    t =   159.35s Checking existence of `Keyboard (First Match)`
    t =   159.45s Get all elements bound by index for: Descendants matching type NavigationBar
    t =   159.50s Find the NavigationBar (Element at index 0)
    t =   159.56s Find the ScrollView at {{0.0, 169.5}, {375.0, 497.5}}
    t =   159.61s Find the ScrollView at {{0.0, 169.5}, {375.0, 497.5}}
    t =   159.66s Get all elements bound by index for: Descendants matching type TabBar
    t =   159.71s Find the TabBar (Element at index 0)
    t =   159.78s Checking existence of `"coordinate-reasoning-reset" Button`
    t =   159.84s Find the "coordinate-reasoning-reset" Button
    t =   159.90s Checking existence of `"session-submit" Any`
    t =   159.97s Checking existence of `"session-next" Any`
    t =   160.03s Find the "session-next" Any
    t =   160.10s Find the "session-next" Button
    t =   160.17s Find the "session-next" Button
    t =   160.24s Checking existence of `"train-start-practice" Any`
    t =   160.31s Find the "train-start-practice" Any
    t =   160.41s Checking existence of `"train-start-graph-construction" Any`
    t =   160.49s Checking existence of `"coordinate-reasoning-reset" Button`
    t =   160.55s Find the "coordinate-reasoning-reset" Button
    t =   160.61s Find the "coordinate-reasoning-reset" Button
    t =   160.68s Find the ScrollView at {{0.0, 169.5}, {375.0, 497.5}}
    t =   160.73s Checking existence of `"coordinate-reasoning-reset" Button`
    t =   160.79s Find the "coordinate-reasoning-reset" Button
    t =   160.86s Find the "coordinate-reasoning-reset" Button
    t =   160.92s Checking existence of `"coordinate-reasoning-reset" Button`
    t =   160.98s Find the "coordinate-reasoning-reset" Button
    t =   161.05s Find the ScrollView at {{0.0, 169.5}, {375.0, 497.5}}
    t =   161.10s Checking existence of `"coordinate-reasoning-reset" Button`
    t =   161.15s Find the "coordinate-reasoning-reset" Button
    t =   161.21s Press Target Application 'com.zacrotech.NeuroForge'[0.00, 0.00] -> (12.0, 257.7) for 0.1 seconds, then drag to Target Application 'com.zacrotech.NeuroForge'[0.00, 0.00] -> (12.0, 273.7) with velocity of 250.00 pixels per second, and then hold for 0.2 seconds 
    t =   161.21s     Wait for com.zacrotech.NeuroForge to idle
    t =   161.22s     Find the Target Application 'com.zacrotech.NeuroForge'
    t =   161.26s     Check for interrupting elements affecting "NeuroForge" Application
    t =   161.32s     Synthesize event
    t =   161.32s         Find the Target Application 'com.zacrotech.NeuroForge'
    t =   161.37s         Find the Target Application 'com.zacrotech.NeuroForge'
    t =   161.41s         Find the Target Application 'com.zacrotech.NeuroForge'
    t =   161.45s         Find the Target Application 'com.zacrotech.NeuroForge'
    t =   161.50s         Find the Target Application 'com.zacrotech.NeuroForge'
    t =   162.12s     Wait for com.zacrotech.NeuroForge to idle
    t =   162.13s Get all elements bound by index for: Descendants matching type ScrollView
    t =   162.19s Find the ScrollView (Element at index 0)
    t =   162.25s Find the Target Application 'com.zacrotech.NeuroForge'
    t =   162.29s Checking existence of `Keyboard (First Match)`
    t =   162.39s Get all elements bound by index for: Descendants matching type NavigationBar
    t =   162.44s Find the NavigationBar (Element at index 0)
    t =   162.50s Find the ScrollView at {{0.0, 169.5}, {375.0, 497.5}}
    t =   162.55s Find the ScrollView at {{0.0, 169.5}, {375.0, 497.5}}
    t =   162.60s Get all elements bound by index for: Descendants matching type TabBar
    t =   162.65s Find the TabBar (Element at index 0)
    t =   162.72s Checking existence of `"coordinate-reasoning-reset" Button`
    t =   162.77s Find the "coordinate-reasoning-reset" Button
    t =   162.83s Checking existence of `"session-submit" Any`
    t =   162.89s Checking existence of `"session-next" Any`
    t =   162.95s Find the "session-next" Any
    t =   163.03s Find the "session-next" Button
    t =   163.10s Find the "session-next" Button
    t =   163.16s Checking existence of `"train-start-practice" Any`
    t =   163.22s Find the "train-start-practice" Any
    t =   163.31s Checking existence of `"train-start-graph-construction" Any`
    t =   163.38s Checking existence of `"coordinate-reasoning-reset" Button`
    t =   163.44s Find the "coordinate-reasoning-reset" Button
    t =   163.50s Find the "coordinate-reasoning-reset" Button
    t =   163.58s Find the ScrollView at {{0.0, 169.5}, {375.0, 497.5}}
    t =   163.63s Checking existence of `"coordinate-reasoning-reset" Button`
    t =   163.69s Find the "coordinate-reasoning-reset" Button
    t =   163.77s Find the "coordinate-reasoning-reset" Button
    t =   163.83s Find the "coordinate-reasoning-reset" Button
    t =   163.90s Find the "coordinate-reasoning-reset" Button
    t =   163.96s Press "coordinate-reasoning-reset" Button for 0.1 seconds
    t =   163.96s     Wait for com.zacrotech.NeuroForge to idle
    t =   163.97s     Find the "coordinate-reasoning-reset" Button
    t =   164.03s     Check for interrupting elements affecting "coordinate-reasoning-reset" Button
    t =   164.09s     Synthesize event
    t =   164.47s     Wait for com.zacrotech.NeuroForge to idle
    t =   165.49s Checking `Expect predicate `exists == 0` for object "coordinate-reasoning-worked" StaticText`
    t =   165.50s     Checking existence of `"coordinate-reasoning-worked" StaticText`
    t =   165.57s Find the "coordinate-reasoning-original" StaticText
    t =   165.64s Find the "session-feedback-title" StaticText
    t =   165.71s Get all elements bound by index for: Descendants matching type ScrollView
    t =   165.76s Find the ScrollView (Element at index 0)
    t =   165.82s Find the Target Application 'com.zacrotech.NeuroForge'
    t =   165.86s Checking existence of `Keyboard (First Match)`
    t =   165.97s Get all elements bound by index for: Descendants matching type NavigationBar
    t =   166.02s Find the NavigationBar (Element at index 0)
    t =   166.08s Find the ScrollView at {{0.0, 169.5}, {375.0, 497.5}}
    t =   166.13s Find the ScrollView at {{0.0, 169.5}, {375.0, 497.5}}
    t =   166.18s Get all elements bound by index for: Descendants matching type TabBar
    t =   166.23s Find the TabBar (Element at index 0)
    t =   166.29s Checking existence of `"session-next" Any`
    t =   166.35s Find the "session-next" Any
    t =   166.41s Checking existence of `"session-next" Button`
    t =   166.47s Find the "session-next" Button
    t =   166.54s Find the "session-next" Button
    t =   166.60s Find the "session-next" Button
    t =   166.66s Find the "session-next" Button
    t =   166.72s Find the Target Application 'com.zacrotech.NeuroForge'
    t =   166.87s Added attachment named 'lab-response-feedback-spatial.vector-reflection-en'
    t =   166.88s Press "session-next" Button for 0.1 seconds
    t =   166.88s     Wait for com.zacrotech.NeuroForge to idle
    t =   166.88s     Find the "session-next" Button
    t =   166.94s     Check for interrupting elements affecting "session-next" Button
    t =   167.00s     Synthesize event
    t =   167.38s     Wait for com.zacrotech.NeuroForge to idle
    t =   169.08s Checking `Expect predicate `value == "2 / 5"` for object "session-position" ProgressIndicator`
    t =   169.08s     Find the "session-position" ProgressIndicator
    t =   169.17s Waiting 8.0s for "session-submit" Any to exist
    t =   170.17s     Checking `Expect predicate `existsNoRetry == 1` for object "session-submit" Any`
    t =   170.18s         Checking existence of `"session-submit" Any`
    t =   170.25s Terminate com.zacrotech.NeuroForge:7370
    t =   171.39s Tear Down
Test Case '-[NeuroForgeUITests.NavigationSmokeUITests testAdvancedReflectionPublicLaunchSavesOriginalAnswerAndSeparateWorkedMap]' passed (171.602 seconds).
Test Case '-[NeuroForgeUITests.NavigationSmokeUITests testCubeNetRetainsPrintedGivensAcrossCameraAndCommittedFolding]' started.
    t =     0.00s Start Test at 2026-09-05 18:42:36.796
    t =     0.04s Set Up
    t =     0.04s Open com.zacrotech.NeuroForge
    t =     0.05s     Launch com.zacrotech.NeuroForge
2026-09-05 18:42:36.891 xcodebuild[6491:6375319] [MT] IDELaunchParametersSnapshot: The operation couldn’t be completed. (DebuggerLLDB.DebuggerVersionStore.StoreError error 0.)
2026-09-05 18:42:36.891 xcodebuild[6491:6375319] [MT] IDELaunchParametersSnapshot: no debugger version
    t =     0.52s         Setting up automation session
    t =     1.98s         Wait for com.zacrotech.NeuroForge to idle
    t =     7.13s Waiting 15.0s for "universal-session" Any to exist
    t =     8.13s     Checking `Expect predicate `existsNoRetry == 1` for object "universal-session" Any`
    t =     8.14s         Checking existence of `"universal-session" Any`
    t =     8.81s Waiting 3.0s for "session-resume" Any to exist
    t =     9.84s     Checking `Expect predicate `existsNoRetry == 1` for object "session-resume" Any`
    t =     9.84s         Checking existence of `"session-resume" Any`
    t =    10.04s         Capturing element debug description
    t =    10.85s     Checking `Expect predicate `existsNoRetry == 1` for object "session-resume" Any`
    t =    10.85s         Checking existence of `"session-resume" Any`
    t =    10.96s         Capturing element debug description
    t =    11.81s     Checking `Expect predicate `existsNoRetry == 1` for object "session-resume" Any`
    t =    11.81s         Checking existence of `"session-resume" Any`
    t =    11.92s         Capturing element debug description
    t =    11.92s     Checking existence of `"session-resume" Any`
    t =    12.02s Collecting debug information to assist test failure triage
    t =    12.02s     Requesting snapshot of accessibility hierarchy for app with pid 8277
    t =    12.14s Waiting 8.0s for "session-position" Any to exist
    t =    13.16s     Checking `Expect predicate `existsNoRetry == 1` for object "session-position" Any`
    t =    13.16s         Checking existence of `"session-position" Any`
    t =    13.28s Find the "session-position" Any
    t =    13.37s Waiting 8.0s for "session-prompt" Any to exist
    t =    14.38s     Checking `Expect predicate `existsNoRetry == 1` for object "session-prompt" Any`
    t =    14.38s         Checking existence of `"session-prompt" Any`
    t =    14.50s Find the "session-prompt" Any
    t =    14.59s Checking existence of `"net-folding-givens" Any`
    t =    14.70s Find the "net-folding-givens" Any
    t =    14.79s Checking existence of `"net-folding-independent-policy" Any`
    t =    14.90s Checking existence of `"net-folding-complete" Any`
    t =    15.00s Checking existence of `"net-folding-unfold" Any`
    t =    15.10s Checking existence of `"net-folding-reset" Any`
    t =    15.20s Checking existence of `"net-folding-worked-frames" Any`
    t =    15.30s Get all elements bound by index for: Descendants matching type ScrollView
    t =    15.35s Find the ScrollView (Element at index 0)
    t =    15.44s Find the Target Application 'com.zacrotech.NeuroForge'
    t =    15.49s Checking existence of `Keyboard (First Match)`
    t =    15.59s Get all elements bound by index for: Descendants matching type NavigationBar
    t =    15.64s Find the NavigationBar (Element at index 0)
    t =    15.71s Find the ScrollView at {{0.0, 169.5}, {375.0, 497.5}}
    t =    15.77s Find the ScrollView at {{0.0, 169.5}, {375.0, 497.5}}
    t =    15.82s Get all elements bound by index for: Descendants matching type TabBar
    t =    15.88s Find the TabBar (Element at index 0)
    t =    15.95s Checking existence of `"net-folding-camera" Button`
    t =    16.05s Find the "net-folding-camera" Button
    t =    16.15s Checking existence of `"session-submit" Any`
    t =    16.26s Find the "session-submit" Any
    t =    16.38s Find the "session-submit" Button
    t =    16.48s Find the "session-submit" Button
    t =    16.58s Checking existence of `"session-next" Any`
    t =    16.67s Checking existence of `"train-start-practice" Any`
    t =    16.77s Checking existence of `"train-start-graph-construction" Any`
    t =    16.86s Checking existence of `"net-folding-camera" Button`
    t =    16.95s Find the "net-folding-camera" Button
    t =    17.05s Find the "net-folding-camera" Button
    t =    17.15s Find the ScrollView at {{0.0, 169.5}, {375.0, 497.5}}
    t =    17.21s Checking existence of `"net-folding-camera" Button`
    t =    17.30s Find the "net-folding-camera" Button
    t =    17.40s Checking existence of `"net-folding-camera" Button`
    t =    17.49s Find the "net-folding-camera" Button
    t =    17.59s Find the ScrollView at {{0.0, 169.5}, {375.0, 497.5}}
    t =    17.65s Checking existence of `"net-folding-camera" Button`
    t =    17.74s Find the "net-folding-camera" Button
    t =    17.83s Press Target Application 'com.zacrotech.NeuroForge'[0.00, 0.00] -> (12.0, 516.3) for 0.1 seconds, then drag to Target Application 'com.zacrotech.NeuroForge'[0.00, 0.00] -> (12.0, 257.7) with velocity of 250.00 pixels per second, and then hold for 0.2 seconds 
    t =    17.83s     Wait for com.zacrotech.NeuroForge to idle
    t =    17.84s     Find the Target Application 'com.zacrotech.NeuroForge'
    t =    17.89s     Check for interrupting elements affecting "NeuroForge" Application
    t =    17.99s     Synthesize event
    t =    17.99s         Find the Target Application 'com.zacrotech.NeuroForge'
    t =    18.04s         Find the Target Application 'com.zacrotech.NeuroForge'
    t =    18.10s         Find the Target Application 'com.zacrotech.NeuroForge'
    t =    18.16s         Find the Target Application 'com.zacrotech.NeuroForge'
    t =    18.21s         Find the Target Application 'com.zacrotech.NeuroForge'
    t =    19.82s     Wait for com.zacrotech.NeuroForge to idle
    t =    20.54s Get all elements bound by index for: Descendants matching type ScrollView
    t =    20.61s Find the ScrollView (Element at index 0)
    t =    20.68s Find the Target Application 'com.zacrotech.NeuroForge'
    t =    20.73s Checking existence of `Keyboard (First Match)`
    t =    20.83s Get all elements bound by index for: Descendants matching type NavigationBar
    t =    20.89s Find the NavigationBar (Element at index 0)
    t =    20.96s Find the ScrollView at {{0.0, 169.5}, {375.0, 497.5}}
    t =    21.02s Find the ScrollView at {{0.0, 169.5}, {375.0, 497.5}}
    t =    21.08s Get all elements bound by index for: Descendants matching type TabBar
    t =    21.13s Find the TabBar (Element at index 0)
    t =    21.21s Checking existence of `"net-folding-camera" Button`
    t =    21.30s Find the "net-folding-camera" Button
    t =    21.40s Checking existence of `"session-submit" Any`
    t =    21.50s Find the "session-submit" Any
    t =    21.61s Find the "session-submit" Button
    t =    21.72s Find the "session-submit" Button
    t =    21.82s Checking existence of `"session-next" Any`
    t =    21.93s Checking existence of `"train-start-practice" Any`
    t =    22.03s Checking existence of `"train-start-graph-construction" Any`
    t =    22.13s Checking existence of `"net-folding-camera" Button`
    t =    22.23s Find the "net-folding-camera" Button
    t =    22.33s Find the "net-folding-camera" Button
    t =    22.43s Find the ScrollView at {{0.0, 169.5}, {375.0, 497.5}}
    t =    23.28s Checking existence of `"net-folding-camera" Button`
    t =    23.57s Find the "net-folding-camera" Button
    t =    24.46s Checking existence of `"net-folding-camera" Button`
    t =    24.55s Find the "net-folding-camera" Button
    t =    24.65s Find the ScrollView at {{0.0, 169.5}, {375.0, 497.5}}
    t =    24.71s Checking existence of `"net-folding-camera" Button`
    t =    24.81s Find the "net-folding-camera" Button
    t =    24.91s Press Target Application 'com.zacrotech.NeuroForge'[0.00, 0.00] -> (12.0, 516.3) for 0.1 seconds, then drag to Target Application 'com.zacrotech.NeuroForge'[0.00, 0.00] -> (12.0, 257.7) with velocity of 250.00 pixels per second, and then hold for 0.2 seconds 
    t =    24.91s     Wait for com.zacrotech.NeuroForge to idle
    t =    24.91s     Find the Target Application 'com.zacrotech.NeuroForge'
    t =    24.97s     Check for interrupting elements affecting "NeuroForge" Application
    t =    25.05s     Synthesize event
    t =    25.05s         Find the Target Application 'com.zacrotech.NeuroForge'
    t =    25.11s         Find the Target Application 'com.zacrotech.NeuroForge'
    t =    25.16s         Find the Target Application 'com.zacrotech.NeuroForge'
    t =    25.21s         Find the Target Application 'com.zacrotech.NeuroForge'
    t =    25.27s         Find the Target Application 'com.zacrotech.NeuroForge'
    t =    26.87s     Wait for com.zacrotech.NeuroForge to idle
    t =    27.60s Get all elements bound by index for: Descendants matching type ScrollView
    t =    27.68s Find the ScrollView (Element at index 0)
    t =    27.75s Find the Target Application 'com.zacrotech.NeuroForge'
    t =    27.81s Checking existence of `Keyboard (First Match)`
    t =    27.91s Get all elements bound by index for: Descendants matching type NavigationBar
    t =    27.98s Find the NavigationBar (Element at index 0)
    t =    28.05s Find the ScrollView at {{0.0, 169.5}, {375.0, 497.5}}
    t =    28.11s Find the ScrollView at {{0.0, 169.5}, {375.0, 497.5}}
    t =    28.17s Get all elements bound by index for: Descendants matching type TabBar
    t =    28.23s Find the TabBar (Element at index 0)
    t =    28.32s Checking existence of `"net-folding-camera" Button`
    t =    28.43s Find the "net-folding-camera" Button
    t =    28.54s Checking existence of `"session-submit" Any`
    t =    28.65s Find the "session-submit" Any
    t =    28.77s Find the "session-submit" Button
    t =    28.88s Find the "session-submit" Button
    t =    28.99s Checking existence of `"session-next" Any`
    t =    29.08s Checking existence of `"train-start-practice" Any`
    t =    29.18s Checking existence of `"train-start-graph-construction" Any`
    t =    29.28s Checking existence of `"net-folding-camera" Button`
    t =    29.37s Find the "net-folding-camera" Button
    t =    29.48s Find the "net-folding-camera" Button
    t =    30.51s Find the ScrollView at {{0.0, 169.5}, {375.0, 497.5}}
    t =    30.58s Checking existence of `"net-folding-camera" Button`
    t =    30.67s Find the "net-folding-camera" Button
    t =    30.78s Checking existence of `"net-folding-camera" Button`
    t =    30.88s Find the "net-folding-camera" Button
    t =    30.99s Find the ScrollView at {{0.0, 169.5}, {375.0, 497.5}}
    t =    31.05s Checking existence of `"net-folding-camera" Button`
    t =    31.14s Find the "net-folding-camera" Button
    t =    31.23s Press Target Application 'com.zacrotech.NeuroForge'[0.00, 0.00] -> (12.0, 516.3) for 0.1 seconds, then drag to Target Application 'com.zacrotech.NeuroForge'[0.00, 0.00] -> (12.0, 257.7) with velocity of 250.00 pixels per second, and then hold for 0.2 seconds 
    t =    31.23s     Wait for com.zacrotech.NeuroForge to idle
    t =    31.23s     Find the Target Application 'com.zacrotech.NeuroForge'
    t =    31.28s     Check for interrupting elements affecting "NeuroForge" Application
    t =    31.35s     Synthesize event
    t =    31.35s         Find the Target Application 'com.zacrotech.NeuroForge'
    t =    31.40s         Find the Target Application 'com.zacrotech.NeuroForge'
    t =    31.45s         Find the Target Application 'com.zacrotech.NeuroForge'
    t =    31.50s         Find the Target Application 'com.zacrotech.NeuroForge'
    t =    31.55s         Find the Target Application 'com.zacrotech.NeuroForge'
    t =    33.14s     Wait for com.zacrotech.NeuroForge to idle
    t =    33.87s Get all elements bound by index for: Descendants matching type ScrollView
    t =    33.94s Find the ScrollView (Element at index 0)
    t =    34.01s Find the Target Application 'com.zacrotech.NeuroForge'
    t =    34.05s Checking existence of `Keyboard (First Match)`
    t =    34.15s Get all elements bound by index for: Descendants matching type NavigationBar
    t =    34.21s Find the NavigationBar (Element at index 0)
    t =    34.28s Find the ScrollView at {{0.0, 169.5}, {375.0, 497.5}}
    t =    34.34s Find the ScrollView at {{0.0, 169.5}, {375.0, 497.5}}
    t =    34.39s Get all elements bound by index for: Descendants matching type TabBar
    t =    34.45s Find the TabBar (Element at index 0)
    t =    34.52s Checking existence of `"net-folding-camera" Button`
    t =    34.61s Find the "net-folding-camera" Button
    t =    34.71s Checking existence of `"session-submit" Any`
    t =    34.80s Find the "session-submit" Any
    t =    34.92s Find the "session-submit" Button
    t =    35.02s Find the "session-submit" Button
    t =    35.11s Checking existence of `"session-next" Any`
    t =    35.22s Checking existence of `"train-start-practice" Any`
    t =    35.31s Checking existence of `"train-start-graph-construction" Any`
    t =    35.42s Checking existence of `"net-folding-camera" Button`
    t =    35.52s Find the "net-folding-camera" Button
    t =    35.62s Find the "net-folding-camera" Button
    t =    36.74s Find the ScrollView at {{0.0, 169.5}, {375.0, 497.5}}
    t =    36.80s Checking existence of `"net-folding-camera" Button`
    t =    36.90s Find the "net-folding-camera" Button
    t =    37.00s Checking existence of `"net-folding-camera" Button`
    t =    37.10s Find the "net-folding-camera" Button
    t =    37.19s Find the ScrollView at {{0.0, 169.5}, {375.0, 497.5}}
    t =    37.25s Checking existence of `"net-folding-camera" Button`
    t =    37.35s Find the "net-folding-camera" Button
    t =    37.44s Press Target Application 'com.zacrotech.NeuroForge'[0.00, 0.00] -> (12.0, 516.3) for 0.1 seconds, then drag to Target Application 'com.zacrotech.NeuroForge'[0.00, 0.00] -> (12.0, 257.7) with velocity of 250.00 pixels per second, and then hold for 0.2 seconds 
    t =    37.44s     Wait for com.zacrotech.NeuroForge to idle
    t =    37.45s     Find the Target Application 'com.zacrotech.NeuroForge'
    t =    37.50s     Check for interrupting elements affecting "NeuroForge" Application
    t =    37.57s     Synthesize event
    t =    37.57s         Find the Target Application 'com.zacrotech.NeuroForge'
    t =    37.62s         Find the Target Application 'com.zacrotech.NeuroForge'
    t =    37.67s         Find the Target Application 'com.zacrotech.NeuroForge'
    t =    37.72s         Find the Target Application 'com.zacrotech.NeuroForge'
    t =    37.77s         Find the Target Application 'com.zacrotech.NeuroForge'
    t =    39.37s     Wait for com.zacrotech.NeuroForge to idle
    t =    39.37s Get all elements bound by index for: Descendants matching type ScrollView
    t =    39.44s Find the ScrollView (Element at index 0)
    t =    39.50s Find the Target Application 'com.zacrotech.NeuroForge'
    t =    39.56s Checking existence of `Keyboard (First Match)`
    t =    39.65s Get all elements bound by index for: Descendants matching type NavigationBar
    t =    39.71s Find the NavigationBar (Element at index 0)
    t =    39.78s Find the ScrollView at {{0.0, 169.5}, {375.0, 497.5}}
    t =    39.84s Find the ScrollView at {{0.0, 169.5}, {375.0, 497.5}}
    t =    39.90s Get all elements bound by index for: Descendants matching type TabBar
    t =    39.95s Find the TabBar (Element at index 0)
    t =    40.03s Checking existence of `"net-folding-camera" Button`
    t =    40.13s Find the "net-folding-camera" Button
    t =    40.23s Checking existence of `"session-submit" Any`
    t =    40.32s Find the "session-submit" Any
    t =    40.43s Find the "session-submit" Button
    t =    40.53s Find the "session-submit" Button
    t =    40.64s Checking existence of `"session-next" Any`
    t =    40.73s Checking existence of `"train-start-practice" Any`
    t =    40.83s Checking existence of `"train-start-graph-construction" Any`
    t =    40.92s Checking existence of `"net-folding-camera" Button`
    t =    41.03s Find the "net-folding-camera" Button
    t =    41.13s Find the "net-folding-camera" Button
    t =    41.25s Find the ScrollView at {{0.0, 169.5}, {375.0, 497.5}}
    t =    41.30s Checking existence of `"net-folding-camera" Button`
    t =    41.39s Find the "net-folding-camera" Button
    t =    41.49s Checking existence of `"net-folding-camera" Button`
    t =    41.58s Find the "net-folding-camera" Button
    t =    41.68s Find the ScrollView at {{0.0, 169.5}, {375.0, 497.5}}
    t =    41.74s Checking existence of `"net-folding-camera" Button`
    t =    41.83s Find the "net-folding-camera" Button
    t =    41.93s Press Target Application 'com.zacrotech.NeuroForge'[0.00, 0.00] -> (12.0, 516.3) for 0.1 seconds, then drag to Target Application 'com.zacrotech.NeuroForge'[0.00, 0.00] -> (12.0, 257.7) with velocity of 250.00 pixels per second, and then hold for 0.2 seconds 
    t =    41.93s     Wait for com.zacrotech.NeuroForge to idle
    t =    41.94s     Find the Target Application 'com.zacrotech.NeuroForge'
    t =    41.99s     Check for interrupting elements affecting "NeuroForge" Application
    t =    42.06s     Synthesize event
    t =    42.06s         Find the Target Application 'com.zacrotech.NeuroForge'
    t =    42.11s         Find the Target Application 'com.zacrotech.NeuroForge'
    t =    42.17s         Find the Target Application 'com.zacrotech.NeuroForge'
    t =    42.22s         Find the Target Application 'com.zacrotech.NeuroForge'
    t =    42.27s         Find the Target Application 'com.zacrotech.NeuroForge'
    t =    43.86s     Wait for com.zacrotech.NeuroForge to idle
    t =    43.87s Get all elements bound by index for: Descendants matching type ScrollView
    t =    43.93s Find the ScrollView (Element at index 0)
    t =    44.00s Find the Target Application 'com.zacrotech.NeuroForge'
    t =    44.05s Checking existence of `Keyboard (First Match)`
    t =    44.15s Get all elements bound by index for: Descendants matching type NavigationBar
    t =    44.20s Find the NavigationBar (Element at index 0)
    t =    44.27s Find the ScrollView at {{0.0, 169.5}, {375.0, 497.5}}
    t =    44.33s Find the ScrollView at {{0.0, 169.5}, {375.0, 497.5}}
    t =    44.39s Get all elements bound by index for: Descendants matching type TabBar
    t =    44.44s Find the TabBar (Element at index 0)
    t =    44.51s Checking existence of `"net-folding-camera" Button`
    t =    44.60s Find the "net-folding-camera" Button
    t =    44.69s Checking existence of `"session-submit" Any`
    t =    44.78s Find the "session-submit" Any
    t =    44.90s Find the "session-submit" Button
    t =    45.00s Find the "session-submit" Button
    t =    45.10s Checking existence of `"session-next" Any`
    t =    45.20s Checking existence of `"train-start-practice" Any`
    t =    45.31s Checking existence of `"train-start-graph-construction" Any`
    t =    45.41s Checking existence of `"net-folding-camera" Button`
    t =    45.50s Find the "net-folding-camera" Button
    t =    45.61s Find the "net-folding-camera" Button
    t =    45.73s Find the ScrollView at {{0.0, 169.5}, {375.0, 497.5}}
    t =    45.79s Checking existence of `"net-folding-camera" Button`
    t =    45.89s Find the "net-folding-camera" Button
    t =    46.00s Find the "net-folding-camera" Button
    t =    46.10s Find the "net-folding-camera" Button
    t =    46.21s Checking existence of `"net-folding-camera" Button`
    t =    46.31s Find the "net-folding-camera" Button
    t =    46.42s Find the ScrollView at {{0.0, 169.5}, {375.0, 497.5}}
    t =    46.49s Checking existence of `"net-folding-camera" Button`
    t =    46.58s Find the "net-folding-camera" Button
    t =    46.68s Press Target Application 'com.zacrotech.NeuroForge'[0.00, 0.00] -> (12.0, 516.3) for 0.1 seconds, then drag to Target Application 'com.zacrotech.NeuroForge'[0.00, 0.00] -> (12.0, 498.3) with velocity of 250.00 pixels per second, and then hold for 0.2 seconds 
    t =    46.68s     Wait for com.zacrotech.NeuroForge to idle
    t =    46.68s     Find the Target Application 'com.zacrotech.NeuroForge'
    t =    46.74s     Check for interrupting elements affecting "NeuroForge" Application
    t =    46.81s     Synthesize event
    t =    46.81s         Find the Target Application 'com.zacrotech.NeuroForge'
    t =    46.86s         Find the Target Application 'com.zacrotech.NeuroForge'
    t =    46.91s         Find the Target Application 'com.zacrotech.NeuroForge'
    t =    46.96s         Find the Target Application 'com.zacrotech.NeuroForge'
    t =    47.02s         Find the Target Application 'com.zacrotech.NeuroForge'
    t =    47.66s     Wait for com.zacrotech.NeuroForge to idle
    t =    47.67s Get all elements bound by index for: Descendants matching type ScrollView
    t =    47.73s Find the ScrollView (Element at index 0)
    t =    47.79s Find the Target Application 'com.zacrotech.NeuroForge'
    t =    47.84s Checking existence of `Keyboard (First Match)`
    t =    47.94s Get all elements bound by index for: Descendants matching type NavigationBar
    t =    47.99s Find the NavigationBar (Element at index 0)
    t =    48.06s Find the ScrollView at {{0.0, 169.5}, {375.0, 497.5}}
    t =    48.12s Find the ScrollView at {{0.0, 169.5}, {375.0, 497.5}}
    t =    48.18s Get all elements bound by index for: Descendants matching type TabBar
    t =    48.24s Find the TabBar (Element at index 0)
    t =    48.31s Checking existence of `"net-folding-camera" Button`
    t =    48.40s Find the "net-folding-camera" Button
    t =    48.51s Checking existence of `"session-submit" Any`
    t =    48.61s Find the "session-submit" Any
    t =    48.72s Find the "session-submit" Button
    t =    48.82s Find the "session-submit" Button
    t =    48.91s Checking existence of `"session-next" Any`
    t =    49.01s Checking existence of `"train-start-practice" Any`
    t =    49.11s Checking existence of `"train-start-graph-construction" Any`
    t =    49.20s Checking existence of `"net-folding-camera" Button`
    t =    49.29s Find the "net-folding-camera" Button
    t =    49.39s Find the "net-folding-camera" Button
    t =    49.50s Find the ScrollView at {{0.0, 169.5}, {375.0, 497.5}}
    t =    49.56s Checking existence of `"net-folding-camera" Button`
    t =    49.65s Find the "net-folding-camera" Button
    t =    49.76s Find the "net-folding-camera" Button
    t =    49.85s Find the "net-folding-camera" Button
    t =    49.94s Checking existence of `"net-folding-camera" Button`
    t =    50.04s Find the "net-folding-camera" Button
    t =    50.14s Find the ScrollView at {{0.0, 169.5}, {375.0, 497.5}}
    t =    50.20s Checking existence of `"net-folding-camera" Button`
    t =    50.29s Find the "net-folding-camera" Button
    t =    50.38s Press Target Application 'com.zacrotech.NeuroForge'[0.00, 0.00] -> (12.0, 516.3) for 0.1 seconds, then drag to Target Application 'com.zacrotech.NeuroForge'[0.00, 0.00] -> (12.0, 500.3) with velocity of 250.00 pixels per second, and then hold for 0.2 seconds 
    t =    50.38s     Wait for com.zacrotech.NeuroForge to idle
    t =    50.38s     Find the Target Application 'com.zacrotech.NeuroForge'
    t =    50.43s     Check for interrupting elements affecting "NeuroForge" Application
    t =    50.50s     Synthesize event
    t =    50.51s         Find the Target Application 'com.zacrotech.NeuroForge'
    t =    50.55s         Find the Target Application 'com.zacrotech.NeuroForge'
    t =    50.61s         Find the Target Application 'com.zacrotech.NeuroForge'
    t =    50.65s         Find the Target Application 'com.zacrotech.NeuroForge'
    t =    50.71s         Find the Target Application 'com.zacrotech.NeuroForge'
    t =    51.34s     Wait for com.zacrotech.NeuroForge to idle
    t =    51.34s Get all elements bound by index for: Descendants matching type ScrollView
    t =    51.40s Find the ScrollView (Element at index 0)
    t =    51.47s Find the Target Application 'com.zacrotech.NeuroForge'
    t =    51.53s Checking existence of `Keyboard (First Match)`
    t =    51.63s Get all elements bound by index for: Descendants matching type NavigationBar
    t =    51.69s Find the NavigationBar (Element at index 0)
    t =    51.75s Find the ScrollView at {{0.0, 169.5}, {375.0, 497.5}}
    t =    51.82s Find the ScrollView at {{0.0, 169.5}, {375.0, 497.5}}
    t =    51.88s Get all elements bound by index for: Descendants matching type TabBar
    t =    51.93s Find the TabBar (Element at index 0)
    t =    52.01s Checking existence of `"net-folding-camera" Button`
    t =    52.15s Find the "net-folding-camera" Button
    t =    52.25s Checking existence of `"session-submit" Any`
    t =    52.35s Find the "session-submit" Any
    t =    52.46s Find the "session-submit" Button
    t =    52.56s Find the "session-submit" Button
    t =    52.67s Checking existence of `"session-next" Any`
    t =    52.77s Checking existence of `"train-start-practice" Any`
    t =    52.87s Checking existence of `"train-start-graph-construction" Any`
    t =    52.97s Checking existence of `"net-folding-camera" Button`
    t =    53.06s Find the "net-folding-camera" Button
    t =    53.16s Find the "net-folding-camera" Button
    t =    53.27s Find the ScrollView at {{0.0, 169.5}, {375.0, 497.5}}
    t =    53.33s Checking existence of `"net-folding-camera" Button`
    t =    53.42s Find the "net-folding-camera" Button
    t =    53.52s Find the "net-folding-camera" Button
    t =    53.62s Find the "net-folding-camera" Button
    t =    53.71s Find the "net-folding-camera" Button
    t =    53.81s Tap "net-folding-camera" Button
    t =    53.81s     Wait for com.zacrotech.NeuroForge to idle
    t =    53.81s     Find the "net-folding-camera" Button
    t =    53.91s     Check for interrupting elements affecting "net-folding-camera" Button
    t =    53.97s     Synthesize event
    t =    54.27s     Wait for com.zacrotech.NeuroForge to idle
    t =    55.08s Tap "Top" Button
    t =    55.08s     Wait for com.zacrotech.NeuroForge to idle
    t =    56.28s     Find the "Top" Button
    t =    56.43s     Check for interrupting elements affecting "Top" Button
    t =    56.50s     Synthesize event
    t =    56.80s     Wait for com.zacrotech.NeuroForge to idle
    t =    58.41s Find the "net-folding-camera" Button
    t =    58.55s Get all elements bound by index for: Descendants matching type ScrollView
    t =    58.61s Find the ScrollView (Element at index 0)
    t =    58.68s Find the Target Application 'com.zacrotech.NeuroForge'
    t =    58.74s Checking existence of `Keyboard (First Match)`
    t =    58.85s Get all elements bound by index for: Descendants matching type NavigationBar
    t =    58.91s Find the NavigationBar (Element at index 0)
    t =    58.98s Find the ScrollView at {{0.0, 169.5}, {375.0, 497.5}}
    t =    59.05s Find the ScrollView at {{0.0, 169.5}, {375.0, 497.5}}
    t =    59.11s Get all elements bound by index for: Descendants matching type TabBar
    t =    59.17s Find the TabBar (Element at index 0)
    t =    59.24s Checking existence of `"net-folding-camera-reset" Button`
    t =    59.34s Find the "net-folding-camera-reset" Button
    t =    59.44s Checking existence of `"session-submit" Any`
    t =    59.54s Find the "session-submit" Any
    t =    59.65s Find the "session-submit" Button
    t =    59.75s Find the "session-submit" Button
    t =    59.85s Checking existence of `"session-next" Any`
    t =    59.95s Checking existence of `"train-start-practice" Any`
    t =    60.05s Checking existence of `"train-start-graph-construction" Any`
    t =    60.15s Checking existence of `"net-folding-camera-reset" Button`
    t =    60.24s Find the "net-folding-camera-reset" Button
    t =    60.33s Find the "net-folding-camera-reset" Button
    t =    60.44s Find the ScrollView at {{0.0, 169.5}, {375.0, 497.5}}
    t =    60.50s Checking existence of `"net-folding-camera-reset" Button`
    t =    60.59s Find the "net-folding-camera-reset" Button
    t =    60.70s Find the "net-folding-camera-reset" Button
    t =    60.80s Find the "net-folding-camera-reset" Button
    t =    60.90s Find the "net-folding-camera-reset" Button
    t =    61.01s Tap "net-folding-camera-reset" Button
    t =    61.01s     Wait for com.zacrotech.NeuroForge to idle
    t =    61.01s     Find the "net-folding-camera-reset" Button
    t =    61.11s     Check for interrupting elements affecting "net-folding-camera-reset" Button
    t =    61.19s     Synthesize event
    t =    61.48s     Wait for com.zacrotech.NeuroForge to idle
    t =    61.49s Find the "net-folding-camera" Button
    t =    61.59s Get all elements bound by index for: Descendants matching type ScrollView
    t =    61.65s Find the ScrollView (Element at index 0)
    t =    61.72s Find the Target Application 'com.zacrotech.NeuroForge'
    t =    61.78s Checking existence of `Keyboard (First Match)`
    t =    61.87s Get all elements bound by index for: Descendants matching type NavigationBar
    t =    61.93s Find the NavigationBar (Element at index 0)
    t =    62.00s Find the ScrollView at {{0.0, 169.5}, {375.0, 497.5}}
    t =    62.06s Find the ScrollView at {{0.0, 169.5}, {375.0, 497.5}}
    t =    62.12s Get all elements bound by index for: Descendants matching type TabBar
    t =    62.17s Find the TabBar (Element at index 0)
    t =    62.24s Checking existence of `"net-folding-rendering-mode" Button`
    t =    62.34s Find the "net-folding-rendering-mode" Button
    t =    62.43s Checking existence of `"session-submit" Any`
    t =    62.53s Find the "session-submit" Any
    t =    62.63s Find the "session-submit" Button
    t =    62.74s Find the "session-submit" Button
    t =    62.84s Checking existence of `"session-next" Any`
    t =    62.93s Checking existence of `"train-start-practice" Any`
    t =    63.03s Checking existence of `"train-start-graph-construction" Any`
    t =    63.13s Checking existence of `"net-folding-rendering-mode" Button`
    t =    63.22s Find the "net-folding-rendering-mode" Button
    t =    63.31s Find the "net-folding-rendering-mode" Button
    t =    63.42s Find the ScrollView at {{0.0, 169.5}, {375.0, 497.5}}
    t =    63.48s Checking existence of `"net-folding-rendering-mode" Button`
    t =    63.57s Find the "net-folding-rendering-mode" Button
    t =    63.68s Find the "net-folding-rendering-mode" Button
    t =    63.78s Checking existence of `"net-folding-rendering-mode" Button`
    t =    63.87s Find the "net-folding-rendering-mode" Button
    t =    63.97s Find the ScrollView at {{0.0, 169.5}, {375.0, 497.5}}
    t =    64.04s Checking existence of `"net-folding-rendering-mode" Button`
    t =    64.13s Find the "net-folding-rendering-mode" Button
    t =    64.22s Press Target Application 'com.zacrotech.NeuroForge'[0.00, 0.00] -> (12.0, 257.7) for 0.1 seconds, then drag to Target Application 'com.zacrotech.NeuroForge'[0.00, 0.00] -> (12.0, 306.7) with velocity of 250.00 pixels per second, and then hold for 0.2 seconds 
    t =    64.22s     Wait for com.zacrotech.NeuroForge to idle
    t =    64.22s     Find the Target Application 'com.zacrotech.NeuroForge'
    t =    64.27s     Check for interrupting elements affecting "NeuroForge" Application
    t =    64.34s     Synthesize event
    t =    64.34s         Find the Target Application 'com.zacrotech.NeuroForge'
    t =    64.40s         Find the Target Application 'com.zacrotech.NeuroForge'
    t =    64.45s         Find the Target Application 'com.zacrotech.NeuroForge'
    t =    64.51s         Find the Target Application 'com.zacrotech.NeuroForge'
    t =    64.56s         Find the Target Application 'com.zacrotech.NeuroForge'
    t =    65.30s     Wait for com.zacrotech.NeuroForge to idle
    t =    65.30s Get all elements bound by index for: Descendants matching type ScrollView
    t =    65.36s Find the ScrollView (Element at index 0)
    t =    65.43s Find the Target Application 'com.zacrotech.NeuroForge'
    t =    65.48s Checking existence of `Keyboard (First Match)`
    t =    65.59s Get all elements bound by index for: Descendants matching type NavigationBar
    t =    65.65s Find the NavigationBar (Element at index 0)
    t =    65.72s Find the ScrollView at {{0.0, 169.5}, {375.0, 497.5}}
    t =    65.78s Find the ScrollView at {{0.0, 169.5}, {375.0, 497.5}}
    t =    65.84s Get all elements bound by index for: Descendants matching type TabBar
    t =    65.90s Find the TabBar (Element at index 0)
    t =    65.98s Checking existence of `"net-folding-rendering-mode" Button`
    t =    66.08s Find the "net-folding-rendering-mode" Button
    t =    66.18s Checking existence of `"session-submit" Any`
    t =    66.28s Find the "session-submit" Any
    t =    66.39s Find the "session-submit" Button
    t =    66.50s Find the "session-submit" Button
    t =    66.60s Checking existence of `"session-next" Any`
    t =    66.70s Checking existence of `"train-start-practice" Any`
    t =    66.80s Checking existence of `"train-start-graph-construction" Any`
    t =    66.90s Checking existence of `"net-folding-rendering-mode" Button`
    t =    66.99s Find the "net-folding-rendering-mode" Button
    t =    67.09s Find the "net-folding-rendering-mode" Button
    t =    67.19s Find the ScrollView at {{0.0, 169.5}, {375.0, 497.5}}
    t =    67.25s Checking existence of `"net-folding-rendering-mode" Button`
    t =    67.35s Find the "net-folding-rendering-mode" Button
    t =    67.45s Find the "net-folding-rendering-mode" Button
    t =    67.55s Checking existence of `"net-folding-rendering-mode" Button`
    t =    67.64s Find the "net-folding-rendering-mode" Button
    t =    67.74s Find the ScrollView at {{0.0, 169.5}, {375.0, 497.5}}
    t =    67.80s Checking existence of `"net-folding-rendering-mode" Button`
    t =    67.89s Find the "net-folding-rendering-mode" Button
    t =    67.99s Press Target Application 'com.zacrotech.NeuroForge'[0.00, 0.00] -> (12.0, 257.7) for 0.1 seconds, then drag to Target Application 'com.zacrotech.NeuroForge'[0.00, 0.00] -> (12.0, 273.7) with velocity of 250.00 pixels per second, and then hold for 0.2 seconds 
    t =    67.99s     Wait for com.zacrotech.NeuroForge to idle
    t =    67.99s     Find the Target Application 'com.zacrotech.NeuroForge'
    t =    68.04s     Check for interrupting elements affecting "NeuroForge" Application
    t =    68.11s     Synthesize event
    t =    68.11s         Find the Target Application 'com.zacrotech.NeuroForge'
    t =    68.16s         Find the Target Application 'com.zacrotech.NeuroForge'
    t =    68.22s         Find the Target Application 'com.zacrotech.NeuroForge'
    t =    68.28s         Find the Target Application 'com.zacrotech.NeuroForge'
    t =    68.33s         Find the Target Application 'com.zacrotech.NeuroForge'
    t =    68.96s     Wait for com.zacrotech.NeuroForge to idle
    t =    68.97s Get all elements bound by index for: Descendants matching type ScrollView
    t =    69.05s Find the ScrollView (Element at index 0)
    t =    69.11s Find the Target Application 'com.zacrotech.NeuroForge'
    t =    69.16s Checking existence of `Keyboard (First Match)`
    t =    69.26s Get all elements bound by index for: Descendants matching type NavigationBar
    t =    69.31s Find the NavigationBar (Element at index 0)
    t =    69.38s Find the ScrollView at {{0.0, 169.5}, {375.0, 497.5}}
    t =    69.44s Find the ScrollView at {{0.0, 169.5}, {375.0, 497.5}}
    t =    69.50s Get all elements bound by index for: Descendants matching type TabBar
    t =    69.56s Find the TabBar (Element at index 0)
    t =    69.64s Checking existence of `"net-folding-rendering-mode" Button`
    t =    69.73s Find the "net-folding-rendering-mode" Button
    t =    69.82s Checking existence of `"session-submit" Any`
    t =    69.91s Find the "session-submit" Any
    t =    70.02s Find the "session-submit" Button
    t =    70.12s Find the "session-submit" Button
    t =    70.23s Checking existence of `"session-next" Any`
    t =    70.33s Checking existence of `"train-start-practice" Any`
    t =    70.43s Checking existence of `"train-start-graph-construction" Any`
    t =    70.52s Checking existence of `"net-folding-rendering-mode" Button`
    t =    70.62s Find the "net-folding-rendering-mode" Button
    t =    70.72s Find the "net-folding-rendering-mode" Button
    t =    70.83s Find the ScrollView at {{0.0, 169.5}, {375.0, 497.5}}
    t =    70.88s Checking existence of `"net-folding-rendering-mode" Button`
    t =    70.98s Find the "net-folding-rendering-mode" Button
    t =    71.08s Find the "net-folding-rendering-mode" Button
    t =    71.18s Find the "net-folding-rendering-mode" Button
    t =    71.28s Find the "net-folding-rendering-mode" Button
    t =    71.37s Tap "net-folding-rendering-mode" Button
    t =    71.37s     Wait for com.zacrotech.NeuroForge to idle
    t =    71.37s     Find the "net-folding-rendering-mode" Button
    t =    71.47s     Check for interrupting elements affecting "net-folding-rendering-mode" Button
    t =    71.54s     Synthesize event
    t =    71.83s     Wait for com.zacrotech.NeuroForge to idle
    t =    73.03s Tap "Static 2D" Button
    t =    73.03s     Wait for com.zacrotech.NeuroForge to idle
    t =    73.04s     Find the "Static 2D" Button
    t =    73.16s     Check for interrupting elements affecting "square" Button
    t =    73.23s     Synthesize event
    t =    73.52s     Wait for com.zacrotech.NeuroForge to idle
    t =    75.13s Find the "net-folding-rendering-mode" Button
    t =    75.27s Find the "net-folding-givens" StaticText
    t =    75.37s Get all elements bound by index for: Descendants matching type ScrollView
    t =    75.43s Find the ScrollView (Element at index 0)
    t =    75.49s Find the Target Application 'com.zacrotech.NeuroForge'
    t =    75.54s Checking existence of `Keyboard (First Match)`
    t =    75.64s Get all elements bound by index for: Descendants matching type NavigationBar
    t =    75.69s Find the NavigationBar (Element at index 0)
    t =    75.76s Find the ScrollView at {{0.0, 169.5}, {375.0, 497.5}}
    t =    75.82s Find the ScrollView at {{0.0, 169.5}, {375.0, 497.5}}
    t =    75.88s Get all elements bound by index for: Descendants matching type TabBar
    t =    75.93s Find the TabBar (Element at index 0)
    t =    76.00s Checking existence of `Button (First Match)`
    t =    76.11s Checking existence of `"session-submit" Any`
    t =    76.22s Find the "session-submit" Any
    t =    76.33s Find the "session-submit" Button
    t =    76.44s Find the "session-submit" Button
    t =    76.54s Checking existence of `"session-next" Any`
    t =    76.64s Checking existence of `"train-start-practice" Any`
    t =    76.73s Checking existence of `"train-start-graph-construction" Any`
    t =    76.83s Checking existence of `Button (First Match)`
    t =    76.94s Find the Button (First Match)
    t =    78.06s     Find the Button (First Match) (retry 1)
    t =    79.21s     Find the Button (First Match) (retry 2)
    t =    79.38s Find the ScrollView at {{0.0, 169.5}, {375.0, 497.5}}
    t =    79.44s Checking existence of `Button (First Match)`
    t =    79.55s Checking existence of `Button (First Match)`
    t =    79.66s Find the ScrollView at {{0.0, 169.5}, {375.0, 497.5}}
    t =    79.72s Checking existence of `Button (First Match)`
    t =    79.83s Press Target Application 'com.zacrotech.NeuroForge'[0.00, 0.00] -> (12.0, 516.3) for 0.1 seconds, then drag to Target Application 'com.zacrotech.NeuroForge'[0.00, 0.00] -> (12.0, 292.8) with velocity of 250.00 pixels per second, and then hold for 0.2 seconds 
    t =    79.83s     Wait for com.zacrotech.NeuroForge to idle
    t =    79.83s     Find the Target Application 'com.zacrotech.NeuroForge'
    t =    79.88s     Check for interrupting elements affecting "NeuroForge" Application
    t =    79.95s     Synthesize event
    t =    79.95s         Find the Target Application 'com.zacrotech.NeuroForge'
    t =    80.00s         Find the Target Application 'com.zacrotech.NeuroForge'
    t =    80.05s         Find the Target Application 'com.zacrotech.NeuroForge'
    t =    80.11s         Find the Target Application 'com.zacrotech.NeuroForge'
    t =    80.16s         Find the Target Application 'com.zacrotech.NeuroForge'
    t =    81.61s     Wait for com.zacrotech.NeuroForge to idle
    t =    81.62s Get all elements bound by index for: Descendants matching type ScrollView
    t =    81.71s Find the ScrollView (Element at index 0)
    t =    81.78s Find the Target Application 'com.zacrotech.NeuroForge'
    t =    81.83s Checking existence of `Keyboard (First Match)`
    t =    81.93s Get all elements bound by index for: Descendants matching type NavigationBar
    t =    81.98s Find the NavigationBar (Element at index 0)
    t =    82.05s Find the ScrollView at {{0.0, 169.5}, {375.0, 497.5}}
    t =    82.11s Find the ScrollView at {{0.0, 169.5}, {375.0, 497.5}}
    t =    82.17s Get all elements bound by index for: Descendants matching type TabBar
    t =    82.22s Find the TabBar (Element at index 0)
    t =    82.30s Checking existence of `Button (First Match)`
    t =    82.41s Checking existence of `"session-submit" Any`
    t =    82.50s Find the "session-submit" Any
    t =    82.61s Find the "session-submit" Button
    t =    82.71s Find the "session-submit" Button
    t =    82.81s Checking existence of `"session-next" Any`
    t =    82.91s Checking existence of `"train-start-practice" Any`
    t =    83.00s Checking existence of `"train-start-graph-construction" Any`
    t =    83.10s Checking existence of `Button (First Match)`
    t =    83.22s Find the Button (First Match)
    t =    84.45s     Find the Button (First Match) (retry 1)
    t =    85.63s     Find the Button (First Match) (retry 2)
    t =    85.77s Find the ScrollView at {{0.0, 169.5}, {375.0, 497.5}}
    t =    85.84s Checking existence of `Button (First Match)`
    t =    85.95s Checking existence of `Button (First Match)`
    t =    86.06s Find the ScrollView at {{0.0, 169.5}, {375.0, 497.5}}
    t =    86.12s Checking existence of `Button (First Match)`
    t =    86.24s Press Target Application 'com.zacrotech.NeuroForge'[0.00, 0.00] -> (12.0, 516.3) for 0.1 seconds, then drag to Target Application 'com.zacrotech.NeuroForge'[0.00, 0.00] -> (12.0, 292.8) with velocity of 250.00 pixels per second, and then hold for 0.2 seconds 
    t =    86.24s     Wait for com.zacrotech.NeuroForge to idle
    t =    86.25s     Find the Target Application 'com.zacrotech.NeuroForge'
    t =    86.30s     Check for interrupting elements affecting "NeuroForge" Application
    t =    86.44s     Synthesize event
    t =    86.44s         Find the Target Application 'com.zacrotech.NeuroForge'
    t =    86.49s         Find the Target Application 'com.zacrotech.NeuroForge'
    t =    86.55s         Find the Target Application 'com.zacrotech.NeuroForge'
    t =    86.60s         Find the Target Application 'com.zacrotech.NeuroForge'
    t =    86.65s         Find the Target Application 'com.zacrotech.NeuroForge'
    t =    88.12s     Wait for com.zacrotech.NeuroForge to idle
    t =    88.13s Get all elements bound by index for: Descendants matching type ScrollView
    t =    88.19s Find the ScrollView (Element at index 0)
    t =    88.26s Find the Target Application 'com.zacrotech.NeuroForge'
    t =    88.31s Checking existence of `Keyboard (First Match)`
    t =    88.41s Get all elements bound by index for: Descendants matching type NavigationBar
    t =    88.46s Find the NavigationBar (Element at index 0)
    t =    88.53s Find the ScrollView at {{0.0, 169.5}, {375.0, 497.5}}
    t =    88.59s Find the ScrollView at {{0.0, 169.5}, {375.0, 497.5}}
    t =    88.65s Get all elements bound by index for: Descendants matching type TabBar
    t =    88.70s Find the TabBar (Element at index 0)
    t =    88.77s Checking existence of `Button (First Match)`
    t =    88.88s Checking existence of `"session-submit" Any`
    t =    88.98s Find the "session-submit" Any
    t =    89.08s Find the "session-submit" Button
    t =    89.18s Find the "session-submit" Button
    t =    89.28s Checking existence of `"session-next" Any`
    t =    89.37s Checking existence of `"train-start-practice" Any`
    t =    89.47s Checking existence of `"train-start-graph-construction" Any`
    t =    89.57s Checking existence of `Button (First Match)`
    t =    89.69s Find the Button (First Match)
    t =    90.80s     Find the Button (First Match) (retry 1)
    t =    91.92s     Find the Button (First Match) (retry 2)
    t =    92.08s Find the ScrollView at {{0.0, 169.5}, {375.0, 497.5}}
    t =    92.14s Checking existence of `Button (First Match)`
    t =    92.25s Checking existence of `Button (First Match)`
    t =    92.37s Find the ScrollView at {{0.0, 169.5}, {375.0, 497.5}}
    t =    92.43s Checking existence of `Button (First Match)`
    t =    92.54s Press Target Application 'com.zacrotech.NeuroForge'[0.00, 0.00] -> (12.0, 516.3) for 0.1 seconds, then drag to Target Application 'com.zacrotech.NeuroForge'[0.00, 0.00] -> (12.0, 292.8) with velocity of 250.00 pixels per second, and then hold for 0.2 seconds 
    t =    92.54s     Wait for com.zacrotech.NeuroForge to idle
    t =    92.54s     Find the Target Application 'com.zacrotech.NeuroForge'
    t =    92.59s     Check for interrupting elements affecting "NeuroForge" Application
    t =    92.66s     Synthesize event
    t =    92.66s         Find the Target Application 'com.zacrotech.NeuroForge'
    t =    92.71s         Find the Target Application 'com.zacrotech.NeuroForge'
    t =    92.76s         Find the Target Application 'com.zacrotech.NeuroForge'
    t =    92.81s         Find the Target Application 'com.zacrotech.NeuroForge'
    t =    92.86s         Find the Target Application 'com.zacrotech.NeuroForge'
    t =    94.32s     Wait for com.zacrotech.NeuroForge to idle
    t =    94.33s Get all elements bound by index for: Descendants matching type ScrollView
    t =    94.40s Find the ScrollView (Element at index 0)
    t =    94.46s Find the Target Application 'com.zacrotech.NeuroForge'
    t =    94.52s Checking existence of `Keyboard (First Match)`
    t =    94.62s Get all elements bound by index for: Descendants matching type NavigationBar
    t =    94.68s Find the NavigationBar (Element at index 0)
    t =    94.75s Find the ScrollView at {{0.0, 169.5}, {375.0, 497.5}}
    t =    94.81s Find the ScrollView at {{0.0, 169.5}, {375.0, 497.5}}
    t =    94.87s Get all elements bound by index for: Descendants matching type TabBar
    t =    94.92s Find the TabBar (Element at index 0)
    t =    94.99s Checking existence of `Button (First Match)`
    t =    95.04s Find the Button (First Match)
    t =    95.08s Checking existence of `"session-submit" Any`
    t =    95.18s Find the "session-submit" Any
    t =    95.29s Find the "session-submit" Button
    t =    95.39s Find the "session-submit" Button
    t =    95.50s Checking existence of `"session-next" Any`
    t =    95.60s Checking existence of `"train-start-practice" Any`
    t =    95.70s Checking existence of `"train-start-graph-construction" Any`
    t =    95.83s Checking existence of `"No — at least one rule fails" Button`
    t =    95.88s Find the "No — at least one rule fails" Button
    t =    95.95s Find the "No — at least one rule fails" Button
    t =    96.05s Find the ScrollView at {{0.0, 169.5}, {375.0, 497.5}}
    t =    96.12s Checking existence of `"No — at least one rule fails" Button`
    t =    96.16s Find the "No — at least one rule fails" Button
    t =    96.22s Find the "No — at least one rule fails" Button
    t =    96.26s Find the "No — at least one rule fails" Button
    t =    96.31s Checking existence of `"No — at least one rule fails" Button`
    t =    96.35s Find the "No — at least one rule fails" Button
    t =    96.40s Tap "No — at least one rule fails" Button
    t =    96.40s     Wait for com.zacrotech.NeuroForge to idle
    t =    96.41s     Find the "No — at least one rule fails" Button
    t =    96.45s     Check for interrupting elements affecting "No — at least one rule fails" Button
    t =    96.52s     Synthesize event
    t =    96.82s     Wait for com.zacrotech.NeuroForge to idle
    t =    97.83s Checking `Expect predicate `selected == 1` for object "No — at least one rule fails" Button`
    t =    97.83s     Find the "No — at least one rule fails" Button
    t =    97.88s Checking existence of `"net-folding-worked-frames" Any`
    t =    97.98s Get all elements bound by index for: Descendants matching type TextField
    t =    98.03s Get all elements bound by index for: Descendants matching type TextView
    t =    98.09s Waiting 8.0s for "session-submit" Any to exist
    t =    99.11s     Checking `Expect predicate `existsNoRetry == 1` for object "session-submit" Any`
    t =    99.12s         Checking existence of `"session-submit" Any`
    t =    99.23s Get all elements bound by index for: Descendants matching type ScrollView
    t =    99.28s Find the ScrollView (Element at index 0)
    t =    99.35s Find the Target Application 'com.zacrotech.NeuroForge'
    t =    99.40s Checking existence of `Keyboard (First Match)`
    t =    99.50s Get all elements bound by index for: Descendants matching type NavigationBar
    t =    99.55s Find the NavigationBar (Element at index 0)
    t =    99.62s Find the ScrollView at {{0.0, 169.5}, {375.0, 497.5}}
    t =    99.68s Find the ScrollView at {{0.0, 169.5}, {375.0, 497.5}}
    t =    99.74s Get all elements bound by index for: Descendants matching type TabBar
    t =    99.79s Find the TabBar (Element at index 0)
    t =    99.88s Checking existence of `"session-submit" Any`
    t =    99.99s Find the "session-submit" Any
    t =   100.09s Checking existence of `"session-submit" Button`
    t =   100.19s Find the "session-submit" Button
    t =   100.30s Find the "session-submit" Button
    t =   100.40s Find the "session-submit" Button
    t =   101.52s Checking `Expect predicate `enabled == 1` for object "session-submit" Button`
    t =   101.52s     Find the "session-submit" Button
    t =   101.66s Tap "session-submit" Button
    t =   101.66s     Wait for com.zacrotech.NeuroForge to idle
    t =   101.66s     Find the "session-submit" Button
    t =   101.77s     Check for interrupting elements affecting "session-submit" Button
    t =   101.84s     Synthesize event
    t =   102.13s     Wait for com.zacrotech.NeuroForge to idle
    t =   102.53s Waiting 8.0s for "session-next" Any to exist
    t =   103.56s     Checking `Expect predicate `existsNoRetry == 1` for object "session-next" Any`
    t =   103.56s         Checking existence of `"session-next" Any`
    t =   103.90s Find the "session-position" ProgressIndicator
    t =   103.99s Find the "session-prompt" Any
    t =   104.09s Checking existence of `"Your answer" StaticText`
    t =   104.18s Waiting 8.0s for "session-feedback-title" Any to exist
    t =   105.23s     Checking `Expect predicate `existsNoRetry == 1` for object "session-feedback-title" Any`
    t =   105.23s         Checking existence of `"session-feedback-title" Any`
    t =   105.34s Get all elements bound by index for: Descendants matching type ScrollView
    t =   105.39s Find the ScrollView (Element at index 0)
    t =   105.46s Find the Target Application 'com.zacrotech.NeuroForge'
    t =   105.51s Checking existence of `Keyboard (First Match)`
    t =   105.61s Get all elements bound by index for: Descendants matching type NavigationBar
    t =   105.67s Find the NavigationBar (Element at index 0)
    t =   105.73s Find the ScrollView at {{0.0, 169.5}, {375.0, 497.5}}
    t =   105.79s Find the ScrollView at {{0.0, 169.5}, {375.0, 497.5}}
    t =   105.85s Get all elements bound by index for: Descendants matching type TabBar
    t =   105.91s Find the TabBar (Element at index 0)
    t =   105.98s Checking existence of `"session-feedback-title" Any`
    t =   106.07s Find the "session-feedback-title" Any
    t =   106.17s Checking existence of `"session-submit" Any`
    t =   106.26s Checking existence of `"session-next" Any`
    t =   106.36s Find the "session-next" Any
    t =   106.47s Find the "session-next" Button
    t =   106.57s Find the "session-next" Button
    t =   106.67s Checking existence of `"train-start-practice" Any`
    t =   106.76s Checking existence of `"train-start-graph-construction" Any`
    t =   106.86s Checking existence of `"session-feedback-title" StaticText`
    t =   106.96s Find the "session-feedback-title" StaticText
    t =   107.07s Find the "session-feedback-title" StaticText
    t =   107.18s Find the ScrollView at {{0.0, 169.5}, {375.0, 497.5}}
    t =   107.24s Checking existence of `"session-feedback-title" StaticText`
    t =   107.34s Find the "session-feedback-title" StaticText
    t =   107.44s Find the "session-feedback-title" StaticText
    t =   107.54s Find the "session-feedback-title" StaticText
    t =   107.64s Find the "session-feedback-title" StaticText
    t =   107.75s Find the "session-feedback-title" StaticText
    t =   107.84s Find the "session-feedback-title" StaticText
    t =   107.94s Added attachment named 'cube-net-visible-query-oracle'
    t =   107.94s Find the "net-folding-givens" Any
    t =   108.04s Get all elements bound by index for: Descendants matching type ScrollView
    t =   108.09s Find the ScrollView (Element at index 0)
    t =   108.16s Find the Target Application 'com.zacrotech.NeuroForge'
    t =   108.22s Checking existence of `Keyboard (First Match)`
    t =   108.31s Get all elements bound by index for: Descendants matching type NavigationBar
    t =   108.37s Find the NavigationBar (Element at index 0)
    t =   108.43s Find the ScrollView at {{0.0, 169.5}, {375.0, 497.5}}
    t =   108.49s Find the ScrollView at {{0.0, 169.5}, {375.0, 497.5}}
    t =   108.55s Get all elements bound by index for: Descendants matching type TabBar
    t =   108.61s Find the TabBar (Element at index 0)
    t =   108.68s Checking existence of `"net-folding-complete" Button`
    t =   108.77s Find the "net-folding-complete" Button
    t =   108.86s Checking existence of `"session-submit" Any`
    t =   108.96s Checking existence of `"session-next" Any`
    t =   109.05s Find the "session-next" Any
    t =   109.16s Find the "session-next" Button
    t =   109.26s Find the "session-next" Button
    t =   109.36s Checking existence of `"train-start-practice" Any`
    t =   109.46s Checking existence of `"train-start-graph-construction" Any`
    t =   109.55s Checking existence of `"net-folding-complete" Button`
    t =   109.64s Find the "net-folding-complete" Button
    t =   109.73s Find the "net-folding-complete" Button
    t =   109.83s Find the ScrollView at {{0.0, 169.5}, {375.0, 497.5}}
    t =   109.89s Checking existence of `"net-folding-complete" Button`
    t =   109.98s Find the "net-folding-complete" Button
    t =   110.07s Checking existence of `"net-folding-complete" Button`
    t =   110.16s Find the "net-folding-complete" Button
    t =   110.26s Find the ScrollView at {{0.0, 169.5}, {375.0, 497.5}}
    t =   110.32s Checking existence of `"net-folding-complete" Button`
    t =   110.41s Find the "net-folding-complete" Button
    t =   110.50s Press Target Application 'com.zacrotech.NeuroForge'[0.00, 0.00] -> (12.0, 257.7) for 0.1 seconds, then drag to Target Application 'com.zacrotech.NeuroForge'[0.00, 0.00] -> (12.0, 516.3) with velocity of 250.00 pixels per second, and then hold for 0.2 seconds 
    t =   110.50s     Wait for com.zacrotech.NeuroForge to idle
    t =   110.50s     Find the Target Application 'com.zacrotech.NeuroForge'
    t =   110.55s     Check for interrupting elements affecting "NeuroForge" Application
    t =   110.61s     Synthesize event
    t =   110.62s         Find the Target Application 'com.zacrotech.NeuroForge'
    t =   110.66s         Find the Target Application 'com.zacrotech.NeuroForge'
    t =   110.71s         Find the Target Application 'com.zacrotech.NeuroForge'
    t =   110.76s         Find the Target Application 'com.zacrotech.NeuroForge'
    t =   110.82s         Find the Target Application 'com.zacrotech.NeuroForge'
    t =   112.41s     Wait for com.zacrotech.NeuroForge to idle
    t =   113.14s Get all elements bound by index for: Descendants matching type ScrollView
    t =   113.23s Find the ScrollView (Element at index 0)
    t =   113.30s Find the Target Application 'com.zacrotech.NeuroForge'
    t =   113.35s Checking existence of `Keyboard (First Match)`
    t =   113.45s Get all elements bound by index for: Descendants matching type NavigationBar
    t =   113.51s Find the NavigationBar (Element at index 0)
    t =   113.58s Find the ScrollView at {{0.0, 169.5}, {375.0, 497.5}}
    t =   113.64s Find the ScrollView at {{0.0, 169.5}, {375.0, 497.5}}
    t =   113.69s Get all elements bound by index for: Descendants matching type TabBar
    t =   113.75s Find the TabBar (Element at index 0)
    t =   113.82s Checking existence of `"net-folding-complete" Button`
    t =   113.92s Find the "net-folding-complete" Button
    t =   114.02s Checking existence of `"session-submit" Any`
    t =   114.13s Checking existence of `"session-next" Any`
    t =   114.25s Find the "session-next" Any
    t =   114.37s Find the "session-next" Button
    t =   114.49s Find the "session-next" Button
    t =   114.59s Checking existence of `"train-start-practice" Any`
    t =   114.70s Checking existence of `"train-start-graph-construction" Any`
    t =   114.80s Checking existence of `"net-folding-complete" Button`
    t =   114.90s Find the "net-folding-complete" Button
    t =   114.99s Find the "net-folding-complete" Button
    t =   115.10s Find the ScrollView at {{0.0, 169.5}, {375.0, 497.5}}
    t =   116.12s Checking existence of `"net-folding-complete" Button`
    t =   116.22s Find the "net-folding-complete" Button
    t =   116.33s Checking existence of `"net-folding-complete" Button`
    t =   116.43s Find the "net-folding-complete" Button
    t =   116.53s Find the ScrollView at {{0.0, 169.5}, {375.0, 497.5}}
    t =   116.60s Checking existence of `"net-folding-complete" Button`
    t =   116.69s Find the "net-folding-complete" Button
    t =   116.79s Press Target Application 'com.zacrotech.NeuroForge'[0.00, 0.00] -> (12.0, 257.7) for 0.1 seconds, then drag to Target Application 'com.zacrotech.NeuroForge'[0.00, 0.00] -> (12.0, 516.3) with velocity of 250.00 pixels per second, and then hold for 0.2 seconds 
    t =   116.79s     Wait for com.zacrotech.NeuroForge to idle
    t =   116.79s     Find the Target Application 'com.zacrotech.NeuroForge'
    t =   116.85s     Check for interrupting elements affecting "NeuroForge" Application
    t =   116.91s     Synthesize event
    t =   116.92s         Find the Target Application 'com.zacrotech.NeuroForge'
    t =   116.97s         Find the Target Application 'com.zacrotech.NeuroForge'
    t =   117.02s         Find the Target Application 'com.zacrotech.NeuroForge'
    t =   117.07s         Find the Target Application 'com.zacrotech.NeuroForge'
    t =   117.13s         Find the Target Application 'com.zacrotech.NeuroForge'
    t =   118.74s     Wait for com.zacrotech.NeuroForge to idle
    t =   119.47s Get all elements bound by index for: Descendants matching type ScrollView
    t =   119.53s Find the ScrollView (Element at index 0)
    t =   119.59s Find the Target Application 'com.zacrotech.NeuroForge'
    t =   119.64s Checking existence of `Keyboard (First Match)`
    t =   119.75s Get all elements bound by index for: Descendants matching type NavigationBar
    t =   119.80s Find the NavigationBar (Element at index 0)
    t =   119.87s Find the ScrollView at {{0.0, 169.5}, {375.0, 497.5}}
    t =   119.93s Find the ScrollView at {{0.0, 169.5}, {375.0, 497.5}}
    t =   119.98s Get all elements bound by index for: Descendants matching type TabBar
    t =   120.04s Find the TabBar (Element at index 0)
    t =   120.11s Checking existence of `"net-folding-complete" Button`
    t =   120.21s Find the "net-folding-complete" Button
    t =   120.30s Checking existence of `"session-submit" Any`
    t =   120.40s Checking existence of `"session-next" Any`
    t =   120.51s Find the "session-next" Any
    t =   120.62s Find the "session-next" Button
    t =   120.72s Find the "session-next" Button
    t =   120.82s Checking existence of `"train-start-practice" Any`
    t =   120.92s Checking existence of `"train-start-graph-construction" Any`
    t =   121.02s Checking existence of `"net-folding-complete" Button`
    t =   121.11s Find the "net-folding-complete" Button
    t =   121.21s Find the "net-folding-complete" Button
    t =   121.32s Find the ScrollView at {{0.0, 169.5}, {375.0, 497.5}}
    t =   121.38s Checking existence of `"net-folding-complete" Button`
    t =   121.48s Find the "net-folding-complete" Button
    t =   122.51s Find the "net-folding-complete" Button
    t =   122.61s Checking existence of `"net-folding-complete" Button`
    t =   122.71s Find the "net-folding-complete" Button
    t =   122.82s Find the ScrollView at {{0.0, 169.5}, {375.0, 497.5}}
    t =   122.88s Checking existence of `"net-folding-complete" Button`
    t =   122.97s Find the "net-folding-complete" Button
    t =   123.07s Press Target Application 'com.zacrotech.NeuroForge'[0.00, 0.00] -> (12.0, 257.7) for 0.1 seconds, then drag to Target Application 'com.zacrotech.NeuroForge'[0.00, 0.00] -> (12.0, 282.2) with velocity of 250.00 pixels per second, and then hold for 0.2 seconds 
    t =   123.07s     Wait for com.zacrotech.NeuroForge to idle
    t =   123.07s     Find the Target Application 'com.zacrotech.NeuroForge'
    t =   123.12s     Check for interrupting elements affecting "NeuroForge" Application
    t =   123.19s     Synthesize event
    t =   123.19s         Find the Target Application 'com.zacrotech.NeuroForge'
    t =   123.24s         Find the Target Application 'com.zacrotech.NeuroForge'
    t =   123.30s         Find the Target Application 'com.zacrotech.NeuroForge'
    t =   123.35s         Find the Target Application 'com.zacrotech.NeuroForge'
    t =   123.40s         Find the Target Application 'com.zacrotech.NeuroForge'
    t =   124.05s     Wait for com.zacrotech.NeuroForge to idle
    t =   126.42s Get all elements bound by index for: Descendants matching type ScrollView
    t =   126.50s Find the ScrollView (Element at index 0)
    t =   126.56s Find the Target Application 'com.zacrotech.NeuroForge'
    t =   126.61s Checking existence of `Keyboard (First Match)`
    t =   126.71s Get all elements bound by index for: Descendants matching type NavigationBar
    t =   126.77s Find the NavigationBar (Element at index 0)
    t =   126.83s Find the ScrollView at {{0.0, 169.5}, {375.0, 497.5}}
    t =   127.86s Find the ScrollView at {{0.0, 169.5}, {375.0, 497.5}}
    t =   127.93s Get all elements bound by index for: Descendants matching type TabBar
    t =   127.99s Find the TabBar (Element at index 0)
    t =   128.06s Checking existence of `"net-folding-complete" Button`
    t =   128.16s Find the "net-folding-complete" Button
    t =   128.25s Checking existence of `"session-submit" Any`
    t =   128.35s Checking existence of `"session-next" Any`
    t =   128.44s Find the "session-next" Any
    t =   129.50s Find the "session-next" Button
    t =   129.63s Find the "session-next" Button
    t =   129.73s Checking existence of `"train-start-practice" Any`
    t =   129.83s Checking existence of `"train-start-graph-construction" Any`
    t =   129.94s Checking existence of `"net-folding-complete" Button`
    t =   130.04s Find the "net-folding-complete" Button
    t =   130.15s Find the "net-folding-complete" Button
    t =   130.26s Find the ScrollView at {{0.0, 169.5}, {375.0, 497.5}}
    t =   130.32s Checking existence of `"net-folding-complete" Button`
    t =   130.42s Find the "net-folding-complete" Button
    t =   130.53s Find the "net-folding-complete" Button
    t =   130.64s Find the "net-folding-complete" Button
    t =   130.75s Find the "net-folding-complete" Button
    t =   130.86s Find the "net-folding-complete" Button
    t =   130.96s Tap "net-folding-complete" Button
    t =   130.96s     Wait for com.zacrotech.NeuroForge to idle
    t =   130.96s     Find the "net-folding-complete" Button
    t =   131.06s     Check for interrupting elements affecting "net-folding-complete" Button
    t =   131.14s     Synthesize event
    t =   131.43s     Wait for com.zacrotech.NeuroForge to idle
    t =   131.57s Waiting 5.0s for "net-folding-worked-frames" Any to exist
    t =   132.58s     Checking `Expect predicate `existsNoRetry == 1` for object "net-folding-worked-frames" Any`
    t =   132.59s         Checking existence of `"net-folding-worked-frames" Any`
    t =   132.75s Find the "net-folding-worked-frames" Any
    t =   132.86s Find the "net-folding-worked-frames" StaticText
    t =   133.01s Find the "net-folding-worked-frames" StaticText
    t =   133.13s Find the "net-folding-worked-frames" StaticText
    t =   133.25s Find the "net-folding-worked-frames" StaticText
    t =   133.37s Find the "net-folding-worked-frames" StaticText
    t =   133.47s Find the "net-folding-complete" Button
    t =   133.58s Get all elements bound by index for: Descendants matching type ScrollView
    t =   133.63s Find the ScrollView (Element at index 0)
    t =   133.71s Find the Target Application 'com.zacrotech.NeuroForge'
    t =   133.76s Checking existence of `Keyboard (First Match)`
    t =   133.87s Get all elements bound by index for: Descendants matching type NavigationBar
    t =   133.93s Find the NavigationBar (Element at index 0)
    t =   134.00s Find the ScrollView at {{0.0, 169.5}, {375.0, 497.5}}
    t =   134.06s Find the ScrollView at {{0.0, 169.5}, {375.0, 497.5}}
    t =   134.12s Get all elements bound by index for: Descendants matching type TabBar
    t =   134.18s Find the TabBar (Element at index 0)
    t =   134.25s Checking existence of `"net-folding-worked-frames" StaticText`
    t =   134.35s Find the "net-folding-worked-frames" StaticText
    t =   134.45s Checking existence of `"session-submit" Any`
    t =   134.56s Checking existence of `"session-next" Any`
    t =   134.66s Find the "session-next" Any
    t =   134.77s Find the "session-next" Button
    t =   134.87s Find the "session-next" Button
    t =   134.98s Checking existence of `"train-start-practice" Any`
    t =   135.08s Checking existence of `"train-start-graph-construction" Any`
    t =   135.18s Checking existence of `"net-folding-worked-frames" StaticText`
    t =   135.28s Find the "net-folding-worked-frames" StaticText
    t =   135.39s Find the "net-folding-worked-frames" StaticText
    t =   135.51s Find the ScrollView at {{0.0, 169.5}, {375.0, 497.5}}
    t =   135.57s Checking existence of `"net-folding-worked-frames" StaticText`
    t =   135.67s Find the "net-folding-worked-frames" StaticText
    t =   135.79s Find the "net-folding-worked-frames" StaticText
    t =   135.89s Find the "net-folding-worked-frames" StaticText
    t =   136.00s Checking existence of `"net-folding-worked-frames" StaticText`
    t =   136.10s Find the "net-folding-worked-frames" StaticText
    t =   136.21s Find the ScrollView at {{0.0, 169.5}, {375.0, 497.5}}
    t =   136.27s Checking existence of `"net-folding-worked-frames" StaticText`
    t =   136.37s Find the "net-folding-worked-frames" StaticText
    t =   136.49s Press Target Application 'com.zacrotech.NeuroForge'[0.00, 0.00] -> (12.0, 516.3) for 0.1 seconds, then drag to Target Application 'com.zacrotech.NeuroForge'[0.00, 0.00] -> (12.0, 367.3) with velocity of 250.00 pixels per second, and then hold for 0.2 seconds 
    t =   136.49s     Wait for com.zacrotech.NeuroForge to idle
    t =   136.49s     Find the Target Application 'com.zacrotech.NeuroForge'
    t =   136.56s     Check for interrupting elements affecting "NeuroForge" Application
    t =   136.73s     Synthesize event
    t =   136.74s         Find the Target Application 'com.zacrotech.NeuroForge'
    t =   136.79s         Find the Target Application 'com.zacrotech.NeuroForge'
    t =   136.84s         Find the Target Application 'com.zacrotech.NeuroForge'
    t =   136.89s         Find the Target Application 'com.zacrotech.NeuroForge'
    t =   136.95s         Find the Target Application 'com.zacrotech.NeuroForge'
    t =   138.13s     Wait for com.zacrotech.NeuroForge to idle
    t =   138.25s Get all elements bound by index for: Descendants matching type ScrollView
    t =   138.34s Find the ScrollView (Element at index 0)
    t =   138.42s Find the Target Application 'com.zacrotech.NeuroForge'
    t =   138.49s Checking existence of `Keyboard (First Match)`
    t =   138.60s Get all elements bound by index for: Descendants matching type NavigationBar
    t =   138.66s Find the NavigationBar (Element at index 0)
    t =   138.74s Find the ScrollView at {{0.0, 169.5}, {375.0, 497.5}}
    t =   138.80s Find the ScrollView at {{0.0, 169.5}, {375.0, 497.5}}
    t =   138.87s Get all elements bound by index for: Descendants matching type TabBar
    t =   138.93s Find the TabBar (Element at index 0)
    t =   139.01s Checking existence of `"net-folding-worked-frames" StaticText`
    t =   139.12s Find the "net-folding-worked-frames" StaticText
    t =   139.23s Checking existence of `"session-submit" Any`
    t =   139.34s Checking existence of `"session-next" Any`
    t =   139.44s Find the "session-next" Any
    t =   139.57s Find the "session-next" Button
    t =   139.71s Find the "session-next" Button
    t =   139.83s Checking existence of `"train-start-practice" Any`
    t =   140.01s Checking existence of `"train-start-graph-construction" Any`
    t =   140.15s Checking existence of `"net-folding-worked-frames" StaticText`
    t =   140.37s Find the "net-folding-worked-frames" StaticText
    t =   140.55s Find the "net-folding-worked-frames" StaticText
    t =   140.69s Find the ScrollView at {{0.0, 169.5}, {375.0, 497.5}}
    t =   140.75s Checking existence of `"net-folding-worked-frames" StaticText`
    t =   140.86s Find the "net-folding-worked-frames" StaticText
    t =   140.98s Find the "net-folding-worked-frames" StaticText
    t =   141.09s Find the "net-folding-worked-frames" StaticText
    t =   141.20s Checking existence of `"net-folding-worked-frames" StaticText`
    t =   141.31s Find the "net-folding-worked-frames" StaticText
    t =   141.42s Find the ScrollView at {{0.0, 169.5}, {375.0, 497.5}}
    t =   141.48s Checking existence of `"net-folding-worked-frames" StaticText`
    t =   141.59s Find the "net-folding-worked-frames" StaticText
    t =   141.71s Press Target Application 'com.zacrotech.NeuroForge'[0.00, 0.00] -> (12.0, 516.3) for 0.1 seconds, then drag to Target Application 'com.zacrotech.NeuroForge'[0.00, 0.00] -> (12.0, 367.3) with velocity of 250.00 pixels per second, and then hold for 0.2 seconds 
    t =   141.71s     Wait for com.zacrotech.NeuroForge to idle
    t =   141.71s     Find the Target Application 'com.zacrotech.NeuroForge'
    t =   141.77s     Check for interrupting elements affecting "NeuroForge" Application
    t =   141.86s     Synthesize event
    t =   141.86s         Find the Target Application 'com.zacrotech.NeuroForge'
    t =   141.91s         Find the Target Application 'com.zacrotech.NeuroForge'
    t =   141.97s         Find the Target Application 'com.zacrotech.NeuroForge'
    t =   142.03s         Find the Target Application 'com.zacrotech.NeuroForge'
    t =   142.08s         Find the Target Application 'com.zacrotech.NeuroForge'
    t =   143.26s     Wait for com.zacrotech.NeuroForge to idle
    t =   143.29s Get all elements bound by index for: Descendants matching type ScrollView
    t =   144.39s Find the ScrollView (Element at index 0)
    t =   144.47s Find the Target Application 'com.zacrotech.NeuroForge'
    t =   144.53s Checking existence of `Keyboard (First Match)`
    t =   144.63s Get all elements bound by index for: Descendants matching type NavigationBar
    t =   144.69s Find the NavigationBar (Element at index 0)
    t =   144.77s Find the ScrollView at {{0.0, 169.5}, {375.0, 497.5}}
    t =   144.84s Find the ScrollView at {{0.0, 169.5}, {375.0, 497.5}}
    t =   144.90s Get all elements bound by index for: Descendants matching type TabBar
    t =   144.96s Find the TabBar (Element at index 0)
    t =   145.99s Checking existence of `"net-folding-worked-frames" StaticText`
    t =   146.10s Find the "net-folding-worked-frames" StaticText
    t =   146.23s Checking existence of `"session-submit" Any`
    t =   146.33s Checking existence of `"session-next" Any`
    t =   146.44s Find the "session-next" Any
    t =   146.55s Find the "session-next" Button
    t =   146.66s Find the "session-next" Button
    t =   146.76s Checking existence of `"train-start-practice" Any`
    t =   146.86s Checking existence of `"train-start-graph-construction" Any`
    t =   146.97s Checking existence of `"net-folding-worked-frames" StaticText`
    t =   147.08s Find the "net-folding-worked-frames" StaticText
    t =   147.19s Find the "net-folding-worked-frames" StaticText
    t =   147.31s Find the ScrollView at {{0.0, 169.5}, {375.0, 497.5}}
    t =   147.37s Checking existence of `"net-folding-worked-frames" StaticText`
    t =   147.48s Find the "net-folding-worked-frames" StaticText
    t =   147.60s Find the "net-folding-worked-frames" StaticText
    t =   147.70s Find the "net-folding-worked-frames" StaticText
    t =   147.81s Checking existence of `"net-folding-worked-frames" StaticText`
    t =   147.91s Find the "net-folding-worked-frames" StaticText
    t =   148.03s Find the ScrollView at {{0.0, 169.5}, {375.0, 497.5}}
    t =   148.10s Checking existence of `"net-folding-worked-frames" StaticText`
    t =   148.21s Find the "net-folding-worked-frames" StaticText
    t =   148.31s Press Target Application 'com.zacrotech.NeuroForge'[0.00, 0.00] -> (12.0, 516.3) for 0.1 seconds, then drag to Target Application 'com.zacrotech.NeuroForge'[0.00, 0.00] -> (12.0, 500.3) with velocity of 250.00 pixels per second, and then hold for 0.2 seconds 
    t =   148.31s     Wait for com.zacrotech.NeuroForge to idle
    t =   148.32s     Find the Target Application 'com.zacrotech.NeuroForge'
    t =   148.38s     Check for interrupting elements affecting "NeuroForge" Application
    t =   148.47s     Synthesize event
    t =   148.47s         Find the Target Application 'com.zacrotech.NeuroForge'
    t =   148.55s         Find the Target Application 'com.zacrotech.NeuroForge'
    t =   148.64s         Find the Target Application 'com.zacrotech.NeuroForge'
    t =   148.70s         Find the Target Application 'com.zacrotech.NeuroForge'
    t =   148.77s         Find the Target Application 'com.zacrotech.NeuroForge'
    t =   149.42s     Wait for com.zacrotech.NeuroForge to idle
    t =   151.45s Get all elements bound by index for: Descendants matching type ScrollView
    t =   151.64s Find the ScrollView (Element at index 0)
    t =   152.76s Find the Target Application 'com.zacrotech.NeuroForge'
    t =   152.83s Checking existence of `Keyboard (First Match)`
    t =   153.06s Get all elements bound by index for: Descendants matching type NavigationBar
    t =   153.14s Find the NavigationBar (Element at index 0)
    t =   153.29s Find the ScrollView at {{0.0, 169.5}, {375.0, 497.5}}
    t =   154.40s Find the ScrollView at {{0.0, 169.5}, {375.0, 497.5}}
    t =   154.47s Get all elements bound by index for: Descendants matching type TabBar
    t =   154.66s Find the TabBar (Element at index 0)
    t =   154.79s Checking existence of `"net-folding-worked-frames" StaticText`
    t =   155.03s Find the "net-folding-worked-frames" StaticText
    t =   155.15s Checking existence of `"session-submit" Any`
    t =   155.39s Checking existence of `"session-next" Any`
    t =   155.53s Find the "session-next" Any
    t =   155.76s Find the "session-next" Button
    t =   156.03s Find the "session-next" Button
    t =   156.21s Checking existence of `"train-start-practice" Any`
    t =   156.42s Checking existence of `"train-start-graph-construction" Any`
    t =   156.67s Checking existence of `"net-folding-worked-frames" StaticText`
    t =   156.83s Find the "net-folding-worked-frames" StaticText
    t =   156.99s Find the "net-folding-worked-frames" StaticText
    t =   157.21s Find the ScrollView at {{0.0, 169.5}, {375.0, 497.5}}
    t =   157.32s Checking existence of `"net-folding-worked-frames" StaticText`
    t =   157.50s Find the "net-folding-worked-frames" StaticText
    t =   157.69s Find the "net-folding-worked-frames" StaticText
    t =   157.86s Find the "net-folding-worked-frames" StaticText
    t =   158.10s Find the Target Application 'com.zacrotech.NeuroForge'
    t =   158.40s Added attachment named 'cube-net-saved-complete-fold-en'
    t =   158.40s Get all elements bound by index for: Descendants matching type ScrollView
    t =   158.62s Find the ScrollView (Element at index 0)
    t =   158.77s Find the Target Application 'com.zacrotech.NeuroForge'
    t =   158.84s Checking existence of `Keyboard (First Match)`
    t =   158.97s Get all elements bound by index for: Descendants matching type NavigationBar
    t =   159.06s Find the NavigationBar (Element at index 0)
    t =   159.18s Find the ScrollView at {{0.0, 169.5}, {375.0, 497.5}}
    t =   159.28s Find the ScrollView at {{0.0, 169.5}, {375.0, 497.5}}
    t =   159.38s Get all elements bound by index for: Descendants matching type TabBar
    t =   159.45s Find the TabBar (Element at index 0)
    t =   159.53s Checking existence of `"net-folding-unfold" Button`
    t =   159.69s Find the "net-folding-unfold" Button
    t =   159.80s Checking existence of `"session-submit" Any`
    t =   159.91s Checking existence of `"session-next" Any`
    t =   160.03s Find the "session-next" Any
    t =   160.15s Find the "session-next" Button
    t =   160.27s Find the "session-next" Button
    t =   160.39s Checking existence of `"train-start-practice" Any`
    t =   160.50s Checking existence of `"train-start-graph-construction" Any`
    t =   160.61s Checking existence of `"net-folding-unfold" Button`
    t =   160.72s Find the "net-folding-unfold" Button
    t =   160.86s Find the "net-folding-unfold" Button
    t =   161.01s Find the ScrollView at {{0.0, 169.5}, {375.0, 497.5}}
    t =   161.09s Checking existence of `"net-folding-unfold" Button`
    t =   161.21s Find the "net-folding-unfold" Button
    t =   161.32s Find the "net-folding-unfold" Button
    t =   161.44s Find the "net-folding-unfold" Button
    t =   161.56s Find the "net-folding-unfold" Button
    t =   161.69s Tap "net-folding-unfold" Button
    t =   161.69s     Wait for com.zacrotech.NeuroForge to idle
    t =   161.70s     Find the "net-folding-unfold" Button
    t =   161.82s     Check for interrupting elements affecting "net-folding-unfold" Button
    t =   162.02s     Synthesize event
    t =   162.36s     Wait for com.zacrotech.NeuroForge to idle
    t =   162.64s Checking existence of `"net-folding-worked-frames" StaticText`
    t =   162.81s Find the "net-folding-complete" Button
    t =   162.92s Find the "net-folding-givens" StaticText
    t =   163.03s Get all elements bound by index for: Descendants matching type ScrollView
    t =   163.10s Find the ScrollView (Element at index 0)
    t =   163.18s Find the Target Application 'com.zacrotech.NeuroForge'
    t =   163.24s Checking existence of `Keyboard (First Match)`
    t =   163.35s Get all elements bound by index for: Descendants matching type NavigationBar
    t =   163.41s Find the NavigationBar (Element at index 0)
    t =   163.50s Find the ScrollView at {{0.0, 169.5}, {375.0, 497.5}}
    t =   164.53s Find the ScrollView at {{0.0, 169.5}, {375.0, 497.5}}
    t =   164.59s Get all elements bound by index for: Descendants matching type TabBar
    t =   164.65s Find the TabBar (Element at index 0)
    t =   164.73s Checking existence of `"net-folding-complete" Button`
    t =   164.84s Find the "net-folding-complete" Button
    t =   164.95s Checking existence of `"session-submit" Any`
    t =   165.06s Checking existence of `"session-next" Any`
    t =   165.18s Find the "session-next" Any
    t =   165.30s Find the "session-next" Button
    t =   165.42s Find the "session-next" Button
    t =   165.52s Checking existence of `"train-start-practice" Any`
    t =   165.62s Checking existence of `"train-start-graph-construction" Any`
    t =   165.73s Checking existence of `"net-folding-complete" Button`
    t =   165.83s Find the "net-folding-complete" Button
    t =   165.94s Find the "net-folding-complete" Button
    t =   166.06s Find the ScrollView at {{0.0, 169.5}, {375.0, 497.5}}
    t =   166.13s Checking existence of `"net-folding-complete" Button`
    t =   166.23s Find the "net-folding-complete" Button
    t =   166.35s Checking existence of `"net-folding-complete" Button`
    t =   166.45s Find the "net-folding-complete" Button
    t =   166.55s Find the ScrollView at {{0.0, 169.5}, {375.0, 497.5}}
    t =   166.61s Checking existence of `"net-folding-complete" Button`
    t =   166.71s Find the "net-folding-complete" Button
    t =   166.81s Press Target Application 'com.zacrotech.NeuroForge'[0.00, 0.00] -> (12.0, 257.7) for 0.1 seconds, then drag to Target Application 'com.zacrotech.NeuroForge'[0.00, 0.00] -> (12.0, 343.7) with velocity of 250.00 pixels per second, and then hold for 0.2 seconds 
    t =   166.81s     Wait for com.zacrotech.NeuroForge to idle
    t =   166.81s     Find the Target Application 'com.zacrotech.NeuroForge'
    t =   166.87s     Check for interrupting elements affecting "NeuroForge" Application
    t =   166.94s     Synthesize event
    t =   166.94s         Find the Target Application 'com.zacrotech.NeuroForge'
    t =   167.00s         Find the Target Application 'com.zacrotech.NeuroForge'
    t =   167.05s         Find the Target Application 'com.zacrotech.NeuroForge'
    t =   167.10s         Find the Target Application 'com.zacrotech.NeuroForge'
    t =   167.16s         Find the Target Application 'com.zacrotech.NeuroForge'
    t =   168.05s     Wait for com.zacrotech.NeuroForge to idle
    t =   168.79s Get all elements bound by index for: Descendants matching type ScrollView
    t =   168.85s Find the ScrollView (Element at index 0)
    t =   168.91s Find the Target Application 'com.zacrotech.NeuroForge'
    t =   168.96s Checking existence of `Keyboard (First Match)`
    t =   169.06s Get all elements bound by index for: Descendants matching type NavigationBar
    t =   169.12s Find the NavigationBar (Element at index 0)
    t =   169.19s Find the ScrollView at {{0.0, 169.5}, {375.0, 497.5}}
    t =   169.25s Find the ScrollView at {{0.0, 169.5}, {375.0, 497.5}}
    t =   169.31s Get all elements bound by index for: Descendants matching type TabBar
    t =   169.36s Find the TabBar (Element at index 0)
    t =   169.44s Checking existence of `"net-folding-complete" Button`
    t =   169.53s Find the "net-folding-complete" Button
    t =   169.64s Checking existence of `"session-submit" Any`
    t =   169.76s Checking existence of `"session-next" Any`
    t =   169.87s Find the "session-next" Any
    t =   169.99s Find the "session-next" Button
    t =   170.13s Find the "session-next" Button
    t =   170.23s Checking existence of `"train-start-practice" Any`
    t =   170.34s Checking existence of `"train-start-graph-construction" Any`
    t =   170.44s Checking existence of `"net-folding-complete" Button`
    t =   170.54s Find the "net-folding-complete" Button
    t =   171.57s Find the "net-folding-complete" Button
    t =   171.69s Find the ScrollView at {{0.0, 169.5}, {375.0, 497.5}}
    t =   171.76s Checking existence of `"net-folding-complete" Button`
    t =   171.86s Find the "net-folding-complete" Button
    t =   171.97s Find the "net-folding-complete" Button
    t =   172.09s Checking existence of `"net-folding-complete" Button`
    t =   172.21s Find the "net-folding-complete" Button
    t =   172.33s Find the ScrollView at {{0.0, 169.5}, {375.0, 497.5}}
    t =   172.41s Checking existence of `"net-folding-complete" Button`
    t =   172.51s Find the "net-folding-complete" Button
    t =   172.61s Press Target Application 'com.zacrotech.NeuroForge'[0.00, 0.00] -> (12.0, 257.7) for 0.1 seconds, then drag to Target Application 'com.zacrotech.NeuroForge'[0.00, 0.00] -> (12.0, 273.7) with velocity of 250.00 pixels per second, and then hold for 0.2 seconds 
    t =   172.61s     Wait for com.zacrotech.NeuroForge to idle
    t =   172.62s     Find the Target Application 'com.zacrotech.NeuroForge'
    t =   172.68s     Check for interrupting elements affecting "NeuroForge" Application
    t =   172.75s     Synthesize event
    t =   172.75s         Find the Target Application 'com.zacrotech.NeuroForge'
    t =   172.81s         Find the Target Application 'com.zacrotech.NeuroForge'
    t =   172.86s         Find the Target Application 'com.zacrotech.NeuroForge'
    t =   172.92s         Find the Target Application 'com.zacrotech.NeuroForge'
    t =   172.99s         Find the Target Application 'com.zacrotech.NeuroForge'
    t =   173.63s     Wait for com.zacrotech.NeuroForge to idle
    t =   174.31s Get all elements bound by index for: Descendants matching type ScrollView
    t =   174.38s Find the ScrollView (Element at index 0)
    t =   174.46s Find the Target Application 'com.zacrotech.NeuroForge'
    t =   174.52s Checking existence of `Keyboard (First Match)`
    t =   174.63s Get all elements bound by index for: Descendants matching type NavigationBar
    t =   174.70s Find the NavigationBar (Element at index 0)
    t =   174.77s Find the ScrollView at {{0.0, 169.5}, {375.0, 497.5}}
    t =   174.83s Find the ScrollView at {{0.0, 169.5}, {375.0, 497.5}}
    t =   174.90s Get all elements bound by index for: Descendants matching type TabBar
    t =   174.97s Find the TabBar (Element at index 0)
    t =   175.05s Checking existence of `"net-folding-complete" Button`
    t =   175.15s Find the "net-folding-complete" Button
    t =   175.29s Checking existence of `"session-submit" Any`
    t =   175.41s Checking existence of `"session-next" Any`
    t =   175.51s Find the "session-next" Any
    t =   175.64s Find the "session-next" Button
    t =   175.76s Find the "session-next" Button
    t =   175.88s Checking existence of `"train-start-practice" Any`
    t =   175.99s Checking existence of `"train-start-graph-construction" Any`
    t =   177.11s Checking existence of `"net-folding-complete" Button`
    t =   177.22s Find the "net-folding-complete" Button
    t =   177.33s Find the "net-folding-complete" Button
    t =   177.44s Find the ScrollView at {{0.0, 169.5}, {375.0, 497.5}}
    t =   177.50s Checking existence of `"net-folding-complete" Button`
    t =   177.61s Find the "net-folding-complete" Button
    t =   177.71s Find the "net-folding-complete" Button
    t =   177.82s Find the "net-folding-complete" Button
    t =   177.92s Tap "net-folding-complete" Button
    t =   177.92s     Wait for com.zacrotech.NeuroForge to idle
    t =   177.92s     Find the "net-folding-complete" Button
    t =   178.02s     Check for interrupting elements affecting "net-folding-complete" Button
    t =   178.18s     Synthesize event
    t =   178.51s     Wait for com.zacrotech.NeuroForge to idle
    t =   178.64s Waiting 5.0s for "net-folding-worked-frames" StaticText to exist
    t =   179.67s     Checking `Expect predicate `existsNoRetry == 1` for object "net-folding-worked-frames" StaticText`
    t =   179.69s         Checking existence of `"net-folding-worked-frames" StaticText`
    t =   179.81s Get all elements bound by index for: Descendants matching type ScrollView
    t =   179.86s Find the ScrollView (Element at index 0)
    t =   179.93s Find the Target Application 'com.zacrotech.NeuroForge'
    t =   179.98s Checking existence of `Keyboard (First Match)`
    t =   180.08s Get all elements bound by index for: Descendants matching type NavigationBar
    t =   180.13s Find the NavigationBar (Element at index 0)
    t =   180.20s Find the ScrollView at {{0.0, 169.5}, {375.0, 497.5}}
    t =   180.26s Find the ScrollView at {{0.0, 169.5}, {375.0, 497.5}}
    t =   180.32s Get all elements bound by index for: Descendants matching type TabBar
    t =   180.38s Find the TabBar (Element at index 0)
    t =   180.45s Checking existence of `"net-folding-reset" Button`
    t =   180.55s Find the "net-folding-reset" Button
    t =   180.64s Checking existence of `"session-submit" Any`
    t =   180.74s Checking existence of `"session-next" Any`
    t =   180.83s Find the "session-next" Any
    t =   180.94s Find the "session-next" Button
    t =   181.04s Find the "session-next" Button
    t =   181.13s Checking existence of `"train-start-practice" Any`
    t =   181.23s Checking existence of `"train-start-graph-construction" Any`
    t =   181.32s Checking existence of `"net-folding-reset" Button`
    t =   181.42s Find the "net-folding-reset" Button
    t =   181.52s Find the "net-folding-reset" Button
    t =   181.62s Find the ScrollView at {{0.0, 169.5}, {375.0, 497.5}}
    t =   181.68s Checking existence of `"net-folding-reset" Button`
    t =   181.77s Find the "net-folding-reset" Button
    t =   181.88s Find the "net-folding-reset" Button
    t =   181.98s Find the "net-folding-reset" Button
    t =   182.08s Find the "net-folding-reset" Button
    t =   182.18s Tap "net-folding-reset" Button
    t =   182.18s     Wait for com.zacrotech.NeuroForge to idle
    t =   182.18s     Find the "net-folding-reset" Button
    t =   182.27s     Check for interrupting elements affecting "net-folding-reset" Button
    t =   182.34s     Synthesize event
    t =   182.64s     Wait for com.zacrotech.NeuroForge to idle
    t =   183.55s Checking existence of `"net-folding-worked-frames" StaticText`
    t =   183.67s Find the "net-folding-complete" Button
    t =   183.77s Find the "net-folding-givens" StaticText
    t =   183.87s Find the "session-prompt" Any
    t =   183.97s Find the "No — at least one rule fails" Button
    t =   185.02s Find the "session-feedback-title" StaticText
    t =   185.13s Get all elements bound by index for: Descendants matching type ScrollView
    t =   185.18s Find the ScrollView (Element at index 0)
    t =   185.25s Find the Target Application 'com.zacrotech.NeuroForge'
    t =   185.30s Checking existence of `Keyboard (First Match)`
    t =   185.40s Get all elements bound by index for: Descendants matching type NavigationBar
    t =   185.46s Find the NavigationBar (Element at index 0)
    t =   185.53s Find the ScrollView at {{0.0, 169.5}, {375.0, 497.5}}
    t =   185.59s Find the ScrollView at {{0.0, 169.5}, {375.0, 497.5}}
    t =   185.65s Get all elements bound by index for: Descendants matching type TabBar
    t =   185.71s Find the TabBar (Element at index 0)
    t =   185.78s Checking existence of `"session-next" Any`
    t =   185.89s Find the "session-next" Any
    t =   185.99s Checking existence of `"session-next" Button`
    t =   186.09s Find the "session-next" Button
    t =   186.20s Find the "session-next" Button
    t =   186.32s Find the "session-next" Button
    t =   186.43s Find the "session-next" Button
    t =   186.54s Find the Target Application 'com.zacrotech.NeuroForge'
    t =   186.71s Added attachment named 'lab-response-feedback-spatial.cube-net-en'
    t =   186.71s Press "session-next" Button for 0.1 seconds
    t =   186.71s     Wait for com.zacrotech.NeuroForge to idle
    t =   186.71s     Find the "session-next" Button
    t =   186.82s     Check for interrupting elements affecting "session-next" Button
    t =   186.89s     Synthesize event
    t =   187.26s     Wait for com.zacrotech.NeuroForge to idle
    t =   189.60s Checking `Expect predicate `value == "2 / 5"` for object "session-position" ProgressIndicator`
    t =   189.60s     Find the "session-position" ProgressIndicator
    t =   189.71s Waiting 8.0s for "session-submit" Any to exist
    t =   190.73s     Checking `Expect predicate `existsNoRetry == 1` for object "session-submit" Any`
    t =   190.74s         Checking existence of `"session-submit" Any`
    t =   190.85s Terminate com.zacrotech.NeuroForge:8277
    t =   191.99s Tear Down
Test Case '-[NeuroForgeUITests.NavigationSmokeUITests testCubeNetRetainsPrintedGivensAcrossCameraAndCommittedFolding]' passed (192.177 seconds).
Test Case '-[NeuroForgeUITests.NavigationSmokeUITests testSourceRecallColdRelaunchPreservesDraftReferenceAndNeutralResult]' started.
    t =     0.00s Start Test at 2026-09-05 18:45:48.975
    t =     0.04s Set Up
    t =     0.04s Open com.zacrotech.NeuroForge
    t =     0.04s     Launch com.zacrotech.NeuroForge
2026-09-05 18:45:49.081 xcodebuild[6491:6375319] [MT] IDELaunchParametersSnapshot: The operation couldn’t be completed. (DebuggerLLDB.DebuggerVersionStore.StoreError error 0.)
2026-09-05 18:45:49.082 xcodebuild[6491:6375319] [MT] IDELaunchParametersSnapshot: no debugger version
    t =     0.54s         Setting up automation session
    t =     2.08s         Wait for com.zacrotech.NeuroForge to idle
    t =     4.90s Waiting 15.0s for "destination-today" Any to exist
    t =     5.94s     Checking `Expect predicate `existsNoRetry == 1` for object "destination-today" Any`
    t =     5.94s         Checking existence of `"destination-today" Any`
    t =     6.15s Tap "Sources" Button
    t =     6.16s     Wait for com.zacrotech.NeuroForge to idle
    t =     6.16s     Find the "Sources" Button
    t =     6.19s     Check for interrupting elements affecting "Sources" Button
    t =     6.26s     Synthesize event
    t =     6.57s     Wait for com.zacrotech.NeuroForge to idle
    t =     8.29s Checking existence of `Button (First Match)`
    t =     8.35s Find the Button (First Match)
    t =     8.41s Get all elements bound by index for: Descendants matching type ScrollView
    t =     8.44s Find the ScrollView (Element at index 0)
    t =     8.48s Swipe up ScrollView at {{0.0, 0.0}, {375.0, 667.0}}
    t =     8.48s     Wait for com.zacrotech.NeuroForge to idle
    t =     8.49s     Find the ScrollView at {{0.0, 0.0}, {375.0, 667.0}}
    t =     8.52s     Check for interrupting elements affecting ScrollView
    t =     8.55s     Synthesize event
    t =     9.02s     Wait for com.zacrotech.NeuroForge to idle
    t =    10.88s Checking existence of `"UI Study Source.txt, 86 bytes · Sep 5, 2026, Index ready, Offline questions allowed, Ready offline" Button`
    t =    10.93s Find the "UI Study Source.txt, 86 bytes · Sep 5, 2026, Index ready, Offline questions allowed, Ready offline" Button
    t =    10.99s Tap "UI Study Source.txt, 86 bytes · Sep 5, 2026, Index ready, Offline questions allowed, Ready offline" Button
    t =    10.99s     Wait for com.zacrotech.NeuroForge to idle
    t =    11.00s     Find the "UI Study Source.txt, 86 bytes · Sep 5, 2026, Index ready, Offline questions allowed, Ready offline" Button
    t =    11.07s     Check for interrupting elements affecting "UI Study Source.txt, 86 bytes · Sep 5, 2026, Index ready, Offline questions allowed, Ready offline" Button
    t =    11.21s     Synthesize event
    t =    11.52s     Wait for com.zacrotech.NeuroForge to idle
    t =    12.59s Checking existence of `"Review from memory" Button`
    t =    12.65s Find the "Review from memory" Button
    t =    12.71s Find the "Review from memory" Button
    t =    12.75s Tap "Review from memory" Button
    t =    12.75s     Wait for com.zacrotech.NeuroForge to idle
    t =    12.75s     Find the "Review from memory" Button
    t =    12.79s     Check for interrupting elements affecting "Review from memory" Button
    t =    12.82s     Synthesize event
    t =    13.13s     Wait for com.zacrotech.NeuroForge to idle
    t =    13.46s Waiting 10.0s for "universal-session" Any to exist
    t =    14.47s     Checking `Expect predicate `existsNoRetry == 1` for object "universal-session" Any`
    t =    14.47s         Checking existence of `"universal-session" Any`
    t =    14.55s Waiting 3.0s for "session-resume" Any to exist
    t =    15.56s     Checking `Expect predicate `existsNoRetry == 1` for object "session-resume" Any`
    t =    15.56s         Checking existence of `"session-resume" Any`
    t =    15.62s         Capturing element debug description
    t =    16.63s     Checking `Expect predicate `existsNoRetry == 1` for object "session-resume" Any`
    t =    16.63s         Checking existence of `"session-resume" Any`
    t =    16.68s         Capturing element debug description
    t =    17.55s     Checking `Expect predicate `existsNoRetry == 1` for object "session-resume" Any`
    t =    17.55s         Checking existence of `"session-resume" Any`
    t =    17.60s         Capturing element debug description
    t =    17.60s     Checking existence of `"session-resume" Any`
    t =    17.66s Collecting debug information to assist test failure triage
    t =    17.66s     Requesting snapshot of accessibility hierarchy for app with pid 9283
    t =    17.74s Waiting 8.0s for "session-prompt" Any to exist
    t =    18.74s     Checking `Expect predicate `existsNoRetry == 1` for object "session-prompt" Any`
    t =    18.74s         Checking existence of `"session-prompt" Any`
    t =    18.80s Find the "session-prompt" Any
    t =    18.85s Find the "session-position" Any
    t =    18.90s Checking existence of `"A triangle has three sides. This synthetic source is used only for navigation testing." StaticText`
    t =    18.95s Waiting 8.0s for TextView (First Match) to exist
    t =    19.95s     Checking `Expect predicate `existsNoRetry == 1` for object TextView (First Match)`
    t =    19.95s         Checking existence of `TextView (First Match)`
    t =    19.99s Get all elements bound by index for: Descendants matching type ScrollView
    t =    20.03s Find the ScrollView (Element at index 0)
    t =    20.08s Find the Target Application 'com.zacrotech.NeuroForge'
    t =    20.11s Checking existence of `Keyboard (First Match)`
    t =    20.19s Get all elements bound by index for: Descendants matching type NavigationBar
    t =    20.23s Find the NavigationBar (Element at index 0)
    t =    20.28s Find the ScrollView at {{0.0, 164.5}, {375.0, 502.5}}
    t =    20.32s Find the ScrollView at {{0.0, 164.5}, {375.0, 502.5}}
    t =    20.36s Get all elements bound by index for: Descendants matching type TabBar
    t =    20.40s Find the TabBar (Element at index 0)
    t =    20.45s Checking existence of `TextView (First Match)`
    t =    20.48s Find the TextView (First Match)
    t =    20.51s Checking existence of `"session-submit" Any`
    t =    20.55s Find the "session-submit" Any
    t =    20.61s Find the "session-submit" Button
    t =    20.66s Find the "session-submit" Button
    t =    20.72s Checking existence of `"session-next" Any`
    t =    20.76s Checking existence of `"train-start-practice" Any`
    t =    20.81s Checking existence of `"train-start-graph-construction" Any`
    t =    20.86s Checking existence of `"Your answer from memory" TextView`
    t =    20.89s Find the "Your answer from memory" TextView
    t =    20.93s Find the "Your answer from memory" TextView
    t =    20.97s Find the ScrollView at {{0.0, 164.5}, {375.0, 502.5}}
    t =    21.01s Checking existence of `"Your answer from memory" TextView`
    t =    21.04s Find the "Your answer from memory" TextView
    t =    21.08s Find the "Your answer from memory" TextView
    t =    21.11s Find the "Your answer from memory" TextView
    t =    21.15s Find the "Your answer from memory" TextView
    t =    21.18s Press "Your answer from memory" TextView for 0.1 seconds
    t =    21.18s     Wait for com.zacrotech.NeuroForge to idle
    t =    21.18s     Find the "Your answer from memory" TextView
    t =    21.22s     Check for interrupting elements affecting "Your answer from memory" TextView
    t =    21.27s     Synthesize event
    t =    21.65s     Wait for com.zacrotech.NeuroForge to idle
    t =    22.00s Waiting 5.0s for Keyboard (First Match) to exist
    t =    23.07s     Checking `Expect predicate `existsNoRetry == 1` for object Keyboard (First Match)`
    t =    23.07s         Checking existence of `Keyboard (First Match)`
    t =    23.09s Type 'A triangle has thr...' into "Your answer from memory" TextView
    t =    23.09s     Wait for com.zacrotech.NeuroForge to idle
    t =    23.10s     Find the "Your answer from memory" TextView
    t =    23.17s     Check for interrupting elements affecting "Your answer from memory" TextView
    t =    23.25s     Synthesize event
    t =    23.90s     Wait for com.zacrotech.NeuroForge to idle
    t =    24.91s Checking `Expect predicate `value == "A triangle has three sides."` for object "Your answer from memory" TextView`
    t =    24.91s     Find the "Your answer from memory" TextView
    t =    24.98s Find the "Pause session" Button
    t =    25.05s Tap "pause.fill" Button
    t =    25.05s     Wait for com.zacrotech.NeuroForge to idle
    t =    25.06s     Find the "pause.fill" Button
    t =    25.12s     Check for interrupting elements affecting "pause.fill" Button
    t =    25.17s     Synthesize event
    t =    25.47s     Wait for com.zacrotech.NeuroForge to idle
    t =    26.15s Waiting 5.0s for "session-save-close" Any to exist
    t =    27.21s     Checking `Expect predicate `existsNoRetry == 1` for object "session-save-close" Any`
    t =    27.21s         Checking existence of `"session-save-close" Any`
    t =    27.29s Tap "session-save-close" Any
    t =    27.29s     Wait for com.zacrotech.NeuroForge to idle
    t =    27.29s     Find the "session-save-close" Any
    t =    27.34s     Check for interrupting elements affecting "session-save-close" Button
    t =    27.39s     Synthesize event
    t =    27.69s     Wait for com.zacrotech.NeuroForge to idle
    t =    28.17s Waiting 8.0s for "Review from memory" Button to exist
    t =    29.23s     Checking `Expect predicate `existsNoRetry == 1` for object "Review from memory" Button`
    t =    29.23s         Checking existence of `"Review from memory" Button`
    t =    29.28s Terminate com.zacrotech.NeuroForge:9283
    t =    30.37s Open com.zacrotech.NeuroForge
    t =    30.37s     Launch com.zacrotech.NeuroForge
2026-09-05 18:46:19.364 xcodebuild[6491:6375319] [MT] IDELaunchParametersSnapshot: The operation couldn’t be completed. (DebuggerLLDB.DebuggerVersionStore.StoreError error 0.)
2026-09-05 18:46:19.364 xcodebuild[6491:6375319] [MT] IDELaunchParametersSnapshot: no debugger version
    t =    30.83s         Setting up automation session
    t =    32.18s         Wait for com.zacrotech.NeuroForge to idle
    t =    35.10s Waiting 15.0s for "continue-session" Any to exist
    t =    36.17s     Checking `Expect predicate `existsNoRetry == 1` for object "continue-session" Any`
    t =    36.17s         Checking existence of `"continue-session" Any`
    t =    36.37s Checking existence of `"continue-session" Any`
    t =    36.41s Find the "continue-session" Any
    t =    36.46s Press "continue-session" Button for 0.1 seconds
    t =    36.46s     Wait for com.zacrotech.NeuroForge to idle
    t =    36.46s     Find the "continue-session" Button
    t =    36.50s     Check for interrupting elements affecting "continue-session" Button
    t =    36.56s     Synthesize event
    t =    36.95s     Wait for com.zacrotech.NeuroForge to idle
    t =    37.38s Waiting 8.0s for "universal-session" Any to exist
    t =    38.45s     Checking `Expect predicate `existsNoRetry == 1` for object "universal-session" Any`
    t =    38.45s         Checking existence of `"universal-session" Any`
    t =    38.56s Waiting 3.0s for "session-resume" Any to exist
    t =    39.58s     Checking `Expect predicate `existsNoRetry == 1` for object "session-resume" Any`
    t =    39.58s         Checking existence of `"session-resume" Any`
    t =    39.66s Find the Target Application 'com.zacrotech.NeuroForge'
    t =    39.79s Added attachment named 'interruption-paused-session-before-explicit-resume'
    t =    39.79s Find the "session-resume" Any
    t =    39.86s Press "session-resume" Button for 0.1 seconds
    t =    39.86s     Wait for com.zacrotech.NeuroForge to idle
    t =    39.87s     Find the "session-resume" Button
    t =    39.92s     Check for interrupting elements affecting "session-resume" Button
    t =    39.99s     Synthesize event
    t =    40.37s     Wait for com.zacrotech.NeuroForge to idle
    t =    41.42s Checking `Expect predicate `exists == 0` for object "session-resume" Button`
    t =    41.42s     Checking existence of `"session-resume" Button`
    t =    41.49s Find the "session-prompt" Any
    t =    41.53s Find the "session-position" Any
    t =    41.58s Waiting 8.0s for TextView (First Match) to exist
    t =    42.61s     Checking `Expect predicate `existsNoRetry == 1` for object TextView (First Match)`
    t =    42.61s         Checking existence of `TextView (First Match)`
    t =    42.64s Find the TextView (First Match)
    t =    42.66s Checking existence of `"A triangle has three sides. This synthetic source is used only for navigation testing." StaticText`
    t =    42.71s Waiting 8.0s for "session-submit" Any to exist
    t =    43.74s     Checking `Expect predicate `existsNoRetry == 1` for object "session-submit" Any`
    t =    43.74s         Checking existence of `"session-submit" Any`
    t =    43.80s Get all elements bound by index for: Descendants matching type ScrollView
    t =    43.84s Find the ScrollView (Element at index 0)
    t =    43.89s Find the Target Application 'com.zacrotech.NeuroForge'
    t =    43.92s Checking existence of `Keyboard (First Match)`
    t =    44.00s Get all elements bound by index for: Descendants matching type NavigationBar
    t =    44.03s Find the NavigationBar (Element at index 0)
    t =    44.07s Find the ScrollView at {{0.0, 154.5}, {375.0, 512.5}}
    t =    44.11s Find the ScrollView at {{0.0, 154.5}, {375.0, 512.5}}
    t =    44.15s Get all elements bound by index for: Descendants matching type TabBar
    t =    44.18s Find the TabBar (Element at index 0)
    t =    44.22s Checking existence of `"session-submit" Any`
    t =    44.27s Find the "session-submit" Any
    t =    44.32s Checking existence of `"session-submit" Button`
    t =    44.36s Find the "session-submit" Button
    t =    44.42s Find the "session-submit" Button
    t =    44.47s Find the "session-submit" Button
    t =    45.56s Checking `Expect predicate `enabled == 1` for object "session-submit" Button`
    t =    45.57s     Find the "session-submit" Button
    t =    45.63s Tap "session-submit" Button
    t =    45.63s     Wait for com.zacrotech.NeuroForge to idle
    t =    45.64s     Find the "session-submit" Button
    t =    45.68s     Check for interrupting elements affecting "session-submit" Button
    t =    45.73s     Synthesize event
    t =    46.02s     Wait for com.zacrotech.NeuroForge to idle
    t =    46.08s Get all elements bound by index for: Descendants matching type ScrollView
    t =    46.12s Find the ScrollView (Element at index 0)
    t =    46.16s Find the Target Application 'com.zacrotech.NeuroForge'
    t =    46.20s Checking existence of `Keyboard (First Match)`
    t =    46.28s Get all elements bound by index for: Descendants matching type NavigationBar
    t =    46.32s Find the NavigationBar (Element at index 0)
    t =    46.36s Find the ScrollView at {{0.0, 154.5}, {375.0, 512.5}}
    t =    46.40s Find the ScrollView at {{0.0, 154.5}, {375.0, 512.5}}
    t =    46.44s Get all elements bound by index for: Descendants matching type TabBar
    t =    46.47s Find the TabBar (Element at index 0)
    t =    46.53s Checking existence of `"A triangle has three sides. This synthetic source is used only for navigation testing." StaticText`
    t =    46.57s Find the "A triangle has three sides. This synthetic source is used only for navigation testing." StaticText
    t =    46.62s Checking existence of `"session-submit" Any`
    t =    46.67s Find the "session-submit" Any
    t =    46.73s Find the "session-submit" Button
    t =    46.79s Find the "session-submit" Button
    t =    46.84s Checking existence of `"session-next" Any`
    t =    46.89s Checking existence of `"train-start-practice" Any`
    t =    46.95s Checking existence of `"train-start-graph-construction" Any`
    t =    47.00s Checking existence of `"A triangle has three sides. This synthetic source is used only for navigation testing." StaticText`
    t =    47.04s Find the "A triangle has three sides. This synthetic source is used only for navigation testing." StaticText
    t =    47.09s Find the "A triangle has three sides. This synthetic source is used only for navigation testing." StaticText
    t =    47.15s Find the ScrollView at {{0.0, 154.5}, {375.0, 512.5}}
    t =    47.19s Checking existence of `"A triangle has three sides. This synthetic source is used only for navigation testing." StaticText`
    t =    47.24s Find the "A triangle has three sides. This synthetic source is used only for navigation testing." StaticText
    t =    47.30s Checking existence of `"A triangle has three sides. This synthetic source is used only for navigation testing." StaticText`
    t =    47.35s Find the "A triangle has three sides. This synthetic source is used only for navigation testing." StaticText
    t =    47.40s Find the ScrollView at {{0.0, 154.5}, {375.0, 512.5}}
    t =    47.44s Checking existence of `"A triangle has three sides. This synthetic source is used only for navigation testing." StaticText`
    t =    47.49s Find the "A triangle has three sides. This synthetic source is used only for navigation testing." StaticText
    t =    47.54s Press Target Application 'com.zacrotech.NeuroForge'[0.00, 0.00] -> (12.0, 513.3) for 0.1 seconds, then drag to Target Application 'com.zacrotech.NeuroForge'[0.00, 0.00] -> (12.0, 335.3) with velocity of 250.00 pixels per second, and then hold for 0.2 seconds 
    t =    47.54s     Wait for com.zacrotech.NeuroForge to idle
    t =    47.54s     Find the Target Application 'com.zacrotech.NeuroForge'
    t =    47.57s     Check for interrupting elements affecting "NeuroForge" Application
    t =    47.62s     Synthesize event
    t =    47.62s         Find the Target Application 'com.zacrotech.NeuroForge'
    t =    47.65s         Find the Target Application 'com.zacrotech.NeuroForge'
    t =    47.69s         Find the Target Application 'com.zacrotech.NeuroForge'
    t =    47.72s         Find the Target Application 'com.zacrotech.NeuroForge'
    t =    47.75s         Find the Target Application 'com.zacrotech.NeuroForge'
    t =    48.99s     Wait for com.zacrotech.NeuroForge to idle
    t =    48.99s Get all elements bound by index for: Descendants matching type ScrollView
    t =    49.03s Find the ScrollView (Element at index 0)
    t =    49.08s Find the Target Application 'com.zacrotech.NeuroForge'
    t =    49.11s Checking existence of `Keyboard (First Match)`
    t =    49.20s Get all elements bound by index for: Descendants matching type NavigationBar
    t =    49.24s Find the NavigationBar (Element at index 0)
    t =    49.29s Find the ScrollView at {{0.0, 154.5}, {375.0, 512.5}}
    t =    49.33s Find the ScrollView at {{0.0, 154.5}, {375.0, 512.5}}
    t =    49.36s Get all elements bound by index for: Descendants matching type TabBar
    t =    49.40s Find the TabBar (Element at index 0)
    t =    49.46s Checking existence of `"A triangle has three sides. This synthetic source is used only for navigation testing." StaticText`
    t =    49.51s Find the "A triangle has three sides. This synthetic source is used only for navigation testing." StaticText
    t =    49.56s Checking existence of `"session-submit" Any`
    t =    49.61s Find the "session-submit" Any
    t =    49.67s Find the "session-submit" Button
    t =    49.72s Find the "session-submit" Button
    t =    49.78s Checking existence of `"session-next" Any`
    t =    49.83s Checking existence of `"train-start-practice" Any`
    t =    49.87s Checking existence of `"train-start-graph-construction" Any`
    t =    49.93s Checking existence of `"A triangle has three sides. This synthetic source is used only for navigation testing." StaticText`
    t =    49.97s Find the "A triangle has three sides. This synthetic source is used only for navigation testing." StaticText
    t =    50.03s Find the "A triangle has three sides. This synthetic source is used only for navigation testing." StaticText
    t =    50.09s Find the ScrollView at {{0.0, 154.5}, {375.0, 512.5}}
    t =    50.14s Checking existence of `"A triangle has three sides. This synthetic source is used only for navigation testing." StaticText`
    t =    50.19s Find the "A triangle has three sides. This synthetic source is used only for navigation testing." StaticText
    t =    50.25s Find the "A triangle has three sides. This synthetic source is used only for navigation testing." StaticText
    t =    50.31s Find the "A triangle has three sides. This synthetic source is used only for navigation testing." StaticText
    t =    50.36s Checking existence of `"A triangle has three sides. This synthetic source is used only for navigation testing." StaticText`
    t =    50.40s Find the "A triangle has three sides. This synthetic source is used only for navigation testing." StaticText
    t =    50.45s Find the ScrollView at {{0.0, 154.5}, {375.0, 512.5}}
    t =    50.49s Checking existence of `"A triangle has three sides. This synthetic source is used only for navigation testing." StaticText`
    t =    50.54s Find the "A triangle has three sides. This synthetic source is used only for navigation testing." StaticText
    t =    50.59s Press Target Application 'com.zacrotech.NeuroForge'[0.00, 0.00] -> (12.0, 513.3) for 0.1 seconds, then drag to Target Application 'com.zacrotech.NeuroForge'[0.00, 0.00] -> (12.0, 497.3) with velocity of 250.00 pixels per second, and then hold for 0.2 seconds 
    t =    50.59s     Wait for com.zacrotech.NeuroForge to idle
    t =    50.59s     Find the Target Application 'com.zacrotech.NeuroForge'
    t =    50.62s     Check for interrupting elements affecting "NeuroForge" Application
    t =    50.67s     Synthesize event
    t =    50.67s         Find the Target Application 'com.zacrotech.NeuroForge'
    t =    50.70s         Find the Target Application 'com.zacrotech.NeuroForge'
    t =    50.73s         Find the Target Application 'com.zacrotech.NeuroForge'
    t =    50.76s         Find the Target Application 'com.zacrotech.NeuroForge'
    t =    50.79s         Find the Target Application 'com.zacrotech.NeuroForge'
    t =    51.39s     Wait for com.zacrotech.NeuroForge to idle
    t =    51.40s Get all elements bound by index for: Descendants matching type ScrollView
    t =    51.44s Find the ScrollView (Element at index 0)
    t =    51.49s Find the Target Application 'com.zacrotech.NeuroForge'
    t =    51.52s Checking existence of `Keyboard (First Match)`
    t =    51.62s Get all elements bound by index for: Descendants matching type NavigationBar
    t =    51.65s Find the NavigationBar (Element at index 0)
    t =    51.70s Find the ScrollView at {{0.0, 154.5}, {375.0, 512.5}}
    t =    51.73s Find the ScrollView at {{0.0, 154.5}, {375.0, 512.5}}
    t =    51.77s Get all elements bound by index for: Descendants matching type TabBar
    t =    51.80s Find the TabBar (Element at index 0)
    t =    51.86s Checking existence of `"A triangle has three sides. This synthetic source is used only for navigation testing." StaticText`
    t =    51.91s Find the "A triangle has three sides. This synthetic source is used only for navigation testing." StaticText
    t =    51.96s Checking existence of `"session-submit" Any`
    t =    52.01s Find the "session-submit" Any
    t =    52.07s Find the "session-submit" Button
    t =    52.12s Find the "session-submit" Button
    t =    52.18s Checking existence of `"session-next" Any`
    t =    52.23s Checking existence of `"train-start-practice" Any`
    t =    52.28s Checking existence of `"train-start-graph-construction" Any`
    t =    52.33s Checking existence of `"A triangle has three sides. This synthetic source is used only for navigation testing." StaticText`
    t =    52.38s Find the "A triangle has three sides. This synthetic source is used only for navigation testing." StaticText
    t =    52.43s Find the "A triangle has three sides. This synthetic source is used only for navigation testing." StaticText
    t =    52.49s Find the ScrollView at {{0.0, 154.5}, {375.0, 512.5}}
    t =    52.53s Checking existence of `"A triangle has three sides. This synthetic source is used only for navigation testing." StaticText`
    t =    52.58s Find the "A triangle has three sides. This synthetic source is used only for navigation testing." StaticText
    t =    52.63s Find the "A triangle has three sides. This synthetic source is used only for navigation testing." StaticText
    t =    52.69s Find the "A triangle has three sides. This synthetic source is used only for navigation testing." StaticText
    t =    52.76s Find the "Your answer from memory" TextView
    t =    52.78s Get all elements bound by index for: Descendants matching type ScrollView
    t =    52.82s Find the ScrollView (Element at index 0)
    t =    52.86s Find the Target Application 'com.zacrotech.NeuroForge'
    t =    52.89s Checking existence of `Keyboard (First Match)`
    t =    52.98s Get all elements bound by index for: Descendants matching type NavigationBar
    t =    53.01s Find the NavigationBar (Element at index 0)
    t =    53.06s Find the ScrollView at {{0.0, 154.5}, {375.0, 512.5}}
    t =    53.10s Find the ScrollView at {{0.0, 154.5}, {375.0, 512.5}}
    t =    53.14s Get all elements bound by index for: Descendants matching type TabBar
    t =    53.17s Find the TabBar (Element at index 0)
    t =    53.22s Checking existence of `Button (First Match)`
    t =    53.25s Find the Button (First Match)
    t =    53.28s Checking existence of `"session-submit" Any`
    t =    53.33s Find the "session-submit" Any
    t =    53.38s Find the "session-submit" Button
    t =    53.44s Find the "session-submit" Button
    t =    53.49s Checking existence of `"session-next" Any`
    t =    53.54s Checking existence of `"train-start-practice" Any`
    t =    53.59s Checking existence of `"train-start-graph-construction" Any`
    t =    53.64s Checking existence of `"Not yet" Button`
    t =    53.67s Find the "Not yet" Button
    t =    53.70s Find the "Not yet" Button
    t =    53.73s Find the ScrollView at {{0.0, 154.5}, {375.0, 512.5}}
    t =    53.77s Checking existence of `"Not yet" Button`
    t =    53.80s Find the "Not yet" Button
    t =    53.83s Checking existence of `"Not yet" Button`
    t =    53.86s Find the "Not yet" Button
    t =    53.89s Find the ScrollView at {{0.0, 154.5}, {375.0, 512.5}}
    t =    53.93s Checking existence of `"Not yet" Button`
    t =    53.96s Find the "Not yet" Button
    t =    53.99s Press Target Application 'com.zacrotech.NeuroForge'[0.00, 0.00] -> (12.0, 513.3) for 0.1 seconds, then drag to Target Application 'com.zacrotech.NeuroForge'[0.00, 0.00] -> (12.0, 245.7) with velocity of 250.00 pixels per second, and then hold for 0.2 seconds 
    t =    53.99s     Wait for com.zacrotech.NeuroForge to idle
    t =    54.00s     Find the Target Application 'com.zacrotech.NeuroForge'
    t =    54.04s     Check for interrupting elements affecting "NeuroForge" Application
    t =    54.09s     Synthesize event
    t =    54.09s         Find the Target Application 'com.zacrotech.NeuroForge'
    t =    54.13s         Find the Target Application 'com.zacrotech.NeuroForge'
    t =    54.16s         Find the Target Application 'com.zacrotech.NeuroForge'
    t =    54.19s         Find the Target Application 'com.zacrotech.NeuroForge'
    t =    54.25s         Find the Target Application 'com.zacrotech.NeuroForge'
    t =    55.86s     Wait for com.zacrotech.NeuroForge to idle
    t =    55.86s Get all elements bound by index for: Descendants matching type ScrollView
    t =    55.92s Find the ScrollView (Element at index 0)
    t =    56.05s Find the Target Application 'com.zacrotech.NeuroForge'
    t =    56.08s Checking existence of `Keyboard (First Match)`
    t =    56.16s Get all elements bound by index for: Descendants matching type NavigationBar
    t =    56.19s Find the NavigationBar (Element at index 0)
    t =    56.24s Find the ScrollView at {{0.0, 154.5}, {375.0, 512.5}}
    t =    56.28s Find the ScrollView at {{0.0, 154.5}, {375.0, 512.5}}
    t =    56.31s Get all elements bound by index for: Descendants matching type TabBar
    t =    56.35s Find the TabBar (Element at index 0)
    t =    56.41s Checking existence of `"Not yet" Button`
    t =    56.43s Find the "Not yet" Button
    t =    56.46s Checking existence of `"session-submit" Any`
    t =    56.52s Find the "session-submit" Any
    t =    56.59s Find the "session-submit" Button
    t =    56.65s Find the "session-submit" Button
    t =    56.70s Checking existence of `"session-next" Any`
    t =    56.75s Checking existence of `"train-start-practice" Any`
    t =    56.80s Checking existence of `"train-start-graph-construction" Any`
    t =    56.85s Checking existence of `"Not yet" Button`
    t =    56.88s Find the "Not yet" Button
    t =    56.91s Find the "Not yet" Button
    t =    56.95s Find the ScrollView at {{0.0, 154.5}, {375.0, 512.5}}
    t =    56.99s Checking existence of `"Not yet" Button`
    t =    57.01s Find the "Not yet" Button
    t =    57.05s Find the "Not yet" Button
    t =    57.08s Find the "Not yet" Button
    t =    57.11s Checking existence of `"Not yet" Button`
    t =    57.14s Find the "Not yet" Button
    t =    57.17s Find the ScrollView at {{0.0, 154.5}, {375.0, 512.5}}
    t =    57.21s Checking existence of `"Not yet" Button`
    t =    57.23s Find the "Not yet" Button
    t =    57.26s Press Target Application 'com.zacrotech.NeuroForge'[0.00, 0.00] -> (12.0, 513.3) for 0.1 seconds, then drag to Target Application 'com.zacrotech.NeuroForge'[0.00, 0.00] -> (12.0, 496.3) with velocity of 250.00 pixels per second, and then hold for 0.2 seconds 
    t =    57.26s     Wait for com.zacrotech.NeuroForge to idle
    t =    57.26s     Find the Target Application 'com.zacrotech.NeuroForge'
    t =    57.29s     Check for interrupting elements affecting "NeuroForge" Application
    t =    57.34s     Synthesize event
    t =    57.34s         Find the Target Application 'com.zacrotech.NeuroForge'
    t =    57.37s         Find the Target Application 'com.zacrotech.NeuroForge'
    t =    57.40s         Find the Target Application 'com.zacrotech.NeuroForge'
    t =    57.43s         Find the Target Application 'com.zacrotech.NeuroForge'
    t =    57.46s         Find the Target Application 'com.zacrotech.NeuroForge'
    t =    58.08s     Wait for com.zacrotech.NeuroForge to idle
    t =    59.57s Get all elements bound by index for: Descendants matching type ScrollView
    t =    59.61s Find the ScrollView (Element at index 0)
    t =    59.66s Find the Target Application 'com.zacrotech.NeuroForge'
    t =    59.69s Checking existence of `Keyboard (First Match)`
    t =    59.78s Get all elements bound by index for: Descendants matching type NavigationBar
    t =    59.81s Find the NavigationBar (Element at index 0)
    t =    59.86s Find the ScrollView at {{0.0, 154.5}, {375.0, 512.5}}
    t =    59.90s Find the ScrollView at {{0.0, 154.5}, {375.0, 512.5}}
    t =    59.94s Get all elements bound by index for: Descendants matching type TabBar
    t =    59.97s Find the TabBar (Element at index 0)
    t =    60.03s Checking existence of `"Not yet" Button`
    t =    60.06s Find the "Not yet" Button
    t =    60.08s Checking existence of `"session-submit" Any`
    t =    60.14s Find the "session-submit" Any
    t =    60.20s Find the "session-submit" Button
    t =    60.25s Find the "session-submit" Button
    t =    60.30s Checking existence of `"session-next" Any`
    t =    60.34s Checking existence of `"train-start-practice" Any`
    t =    60.40s Checking existence of `"train-start-graph-construction" Any`
    t =    60.45s Checking existence of `"Not yet" Button`
    t =    60.48s Find the "Not yet" Button
    t =    60.51s Find the "Not yet" Button
    t =    60.54s Find the ScrollView at {{0.0, 154.5}, {375.0, 512.5}}
    t =    60.59s Checking existence of `"Not yet" Button`
    t =    60.61s Find the "Not yet" Button
    t =    60.65s Find the "Not yet" Button
    t =    60.68s Find the "Not yet" Button
    t =    60.72s Checking existence of `"Not yet" Button`
    t =    60.75s Find the "Not yet" Button
    t =    60.78s Tap "Not yet" Button
    t =    60.78s     Wait for com.zacrotech.NeuroForge to idle
    t =    60.82s     Find the "Not yet" Button
    t =    60.85s     Check for interrupting elements affecting "Not yet" Button
    t =    60.90s     Synthesize event
    t =    61.20s     Wait for com.zacrotech.NeuroForge to idle
    t =    62.41s Checking `Expect predicate `selected == 1` for object "Not yet" Button`
    t =    62.41s     Find the "Not yet" Button
    t =    62.44s Waiting 8.0s for "session-submit" Any to exist
    t =    63.53s     Checking `Expect predicate `existsNoRetry == 1` for object "session-submit" Any`
    t =    63.54s         Checking existence of `"session-submit" Any`
    t =    63.59s Get all elements bound by index for: Descendants matching type ScrollView
    t =    63.63s Find the ScrollView (Element at index 0)
    t =    63.68s Find the Target Application 'com.zacrotech.NeuroForge'
    t =    63.71s Checking existence of `Keyboard (First Match)`
    t =    63.79s Get all elements bound by index for: Descendants matching type NavigationBar
    t =    63.82s Find the NavigationBar (Element at index 0)
    t =    63.87s Find the ScrollView at {{0.0, 154.5}, {375.0, 512.5}}
    t =    63.91s Find the ScrollView at {{0.0, 154.5}, {375.0, 512.5}}
    t =    63.94s Get all elements bound by index for: Descendants matching type TabBar
    t =    63.98s Find the TabBar (Element at index 0)
    t =    64.03s Checking existence of `"session-submit" Any`
    t =    64.07s Find the "session-submit" Any
    t =    64.13s Checking existence of `"session-submit" Button`
    t =    64.17s Find the "session-submit" Button
    t =    64.26s Find the "session-submit" Button
    t =    64.33s Find the "session-submit" Button
    t =    65.47s Checking `Expect predicate `enabled == 1` for object "session-submit" Button`
    t =    65.47s     Find the "session-submit" Button
    t =    65.53s Tap "session-submit" Button
    t =    65.53s     Wait for com.zacrotech.NeuroForge to idle
    t =    65.53s     Find the "session-submit" Button
    t =    65.58s     Check for interrupting elements affecting "session-submit" Button
    t =    65.63s     Synthesize event
    t =    65.93s     Wait for com.zacrotech.NeuroForge to idle
    t =    66.27s Get all elements bound by index for: Descendants matching type ScrollView
    t =    66.31s Find the ScrollView (Element at index 0)
    t =    66.36s Find the Target Application 'com.zacrotech.NeuroForge'
    t =    66.40s Checking existence of `Keyboard (First Match)`
    t =    66.49s Get all elements bound by index for: Descendants matching type NavigationBar
    t =    66.52s Find the NavigationBar (Element at index 0)
    t =    66.57s Find the ScrollView at {{0.0, 154.5}, {375.0, 512.5}}
    t =    66.61s Find the ScrollView at {{0.0, 154.5}, {375.0, 512.5}}
    t =    66.65s Get all elements bound by index for: Descendants matching type TabBar
    t =    66.69s Find the TabBar (Element at index 0)
    t =    66.76s Checking existence of `"session-feedback-title" Any`
    t =    66.81s Find the "session-feedback-title" Any
    t =    66.87s Checking existence of `"session-submit" Any`
    t =    66.92s Checking existence of `"session-next" Any`
    t =    66.98s Find the "session-next" Any
    t =    67.04s Find the "session-next" Button
    t =    67.10s Find the "session-next" Button
    t =    67.16s Checking existence of `"train-start-practice" Any`
    t =    67.21s Checking existence of `"train-start-graph-construction" Any`
    t =    67.27s Checking existence of `"session-feedback-title" StaticText`
    t =    67.33s Find the "session-feedback-title" StaticText
    t =    67.38s Find the "session-feedback-title" StaticText
    t =    67.45s Find the ScrollView at {{0.0, 154.5}, {375.0, 512.5}}
    t =    67.49s Checking existence of `"session-feedback-title" StaticText`
    t =    67.55s Find the "session-feedback-title" StaticText
    t =    67.62s Find the "session-feedback-title" StaticText
    t =    67.67s Checking existence of `"session-feedback-title" StaticText`
    t =    67.73s Find the "session-feedback-title" StaticText
    t =    67.79s Find the ScrollView at {{0.0, 154.5}, {375.0, 512.5}}
    t =    67.83s Checking existence of `"session-feedback-title" StaticText`
    t =    67.88s Find the "session-feedback-title" StaticText
    t =    67.94s Press Target Application 'com.zacrotech.NeuroForge'[0.00, 0.00] -> (12.0, 245.7) for 0.1 seconds, then drag to Target Application 'com.zacrotech.NeuroForge'[0.00, 0.00] -> (12.0, 261.7) with velocity of 250.00 pixels per second, and then hold for 0.2 seconds 
    t =    67.94s     Wait for com.zacrotech.NeuroForge to idle
    t =    67.94s     Find the Target Application 'com.zacrotech.NeuroForge'
    t =    67.97s     Check for interrupting elements affecting "NeuroForge" Application
    t =    68.03s     Synthesize event
    t =    68.03s         Find the Target Application 'com.zacrotech.NeuroForge'
    t =    68.06s         Find the Target Application 'com.zacrotech.NeuroForge'
    t =    68.10s         Find the Target Application 'com.zacrotech.NeuroForge'
    t =    68.13s         Find the Target Application 'com.zacrotech.NeuroForge'
    t =    68.17s         Find the Target Application 'com.zacrotech.NeuroForge'
    t =    68.78s     Wait for com.zacrotech.NeuroForge to idle
    t =    70.27s Get all elements bound by index for: Descendants matching type ScrollView
    t =    70.32s Find the ScrollView (Element at index 0)
    t =    70.38s Find the Target Application 'com.zacrotech.NeuroForge'
    t =    70.46s Checking existence of `Keyboard (First Match)`
    t =    70.56s Get all elements bound by index for: Descendants matching type NavigationBar
    t =    70.60s Find the NavigationBar (Element at index 0)
    t =    70.65s Find the ScrollView at {{0.0, 154.5}, {375.0, 512.5}}
    t =    70.70s Find the ScrollView at {{0.0, 154.5}, {375.0, 512.5}}
    t =    70.74s Get all elements bound by index for: Descendants matching type TabBar
    t =    70.78s Find the TabBar (Element at index 0)
    t =    70.85s Checking existence of `"session-feedback-title" StaticText`
    t =    70.91s Find the "session-feedback-title" StaticText
    t =    70.97s Checking existence of `"session-submit" Any`
    t =    71.03s Checking existence of `"session-next" Any`
    t =    71.11s Find the "session-next" Any
    t =    71.22s Find the "session-next" Button
    t =    71.28s Find the "session-next" Button
    t =    71.34s Checking existence of `"train-start-practice" Any`
    t =    71.39s Checking existence of `"train-start-graph-construction" Any`
    t =    71.44s Checking existence of `"session-feedback-title" StaticText`
    t =    71.50s Find the "session-feedback-title" StaticText
    t =    71.56s Find the "session-feedback-title" StaticText
    t =    71.63s Find the ScrollView at {{0.0, 154.5}, {375.0, 512.5}}
    t =    71.68s Checking existence of `"session-feedback-title" StaticText`
    t =    71.75s Find the "session-feedback-title" StaticText
    t =    71.82s Find the "session-feedback-title" StaticText
    t =    71.90s Find the "session-feedback-title" StaticText
    t =    71.96s Find the "session-feedback-title" StaticText
    t =    72.02s Checking existence of `"Incorrect" StaticText`
    t =    72.08s Find the Target Application 'com.zacrotech.NeuroForge'
    t =    72.25s Added attachment named 'source-exact-recall-cold-resume-neutral-feedback-en'
    t =    72.25s Checking existence of `"session-save-close" Any`
    t =    72.30s Waiting 5.0s for Button (First Match) to exist
    t =    73.37s     Checking `Expect predicate `existsNoRetry == 1` for object Button (First Match)`
    t =    73.38s         Checking existence of `Button (First Match)`
    t =    73.39s Tap Button (First Match)
    t =    73.39s     Wait for com.zacrotech.NeuroForge to idle
    t =    73.39s     Find the Button (First Match)
    t =    73.41s     Check for interrupting elements affecting "pause.fill" Button
    t =    73.53s     Synthesize event
    t =    73.83s     Wait for com.zacrotech.NeuroForge to idle
    t =    73.97s Waiting 5.0s for "session-save-close" Any to exist
    t =    74.99s     Checking `Expect predicate `existsNoRetry == 1` for object "session-save-close" Any`
    t =    74.99s         Checking existence of `"session-save-close" Any`
    t =    75.04s Tap "session-save-close" Any
    t =    75.04s     Wait for com.zacrotech.NeuroForge to idle
    t =    75.05s     Find the "session-save-close" Any
    t =    75.09s     Check for interrupting elements affecting "session-save-close" Button
    t =    75.13s     Synthesize event
    t =    75.43s     Wait for com.zacrotech.NeuroForge to idle
    t =    75.54s Waiting 8.0s for "destination-today" Any to exist
    t =    76.57s     Checking `Expect predicate `existsNoRetry == 1` for object "destination-today" Any`
    t =    76.57s         Checking existence of `"destination-today" Any`
    t =    76.62s Terminate com.zacrotech.NeuroForge:9401
    t =    77.66s Open com.zacrotech.NeuroForge
    t =    77.66s     Launch com.zacrotech.NeuroForge
2026-09-05 18:47:06.660 xcodebuild[6491:6375319] [MT] IDELaunchParametersSnapshot: The operation couldn’t be completed. (DebuggerLLDB.DebuggerVersionStore.StoreError error 0.)
2026-09-05 18:47:06.661 xcodebuild[6491:6375319] [MT] IDELaunchParametersSnapshot: no debugger version
    t =    78.10s         Setting up automation session
    t =    79.62s         Wait for com.zacrotech.NeuroForge to idle
    t =    82.49s Waiting 15.0s for "continue-session" Any to exist
    t =    83.50s     Checking `Expect predicate `existsNoRetry == 1` for object "continue-session" Any`
    t =    83.50s         Checking existence of `"continue-session" Any`
    t =    83.67s Checking existence of `"continue-session" Any`
    t =    83.71s Find the "continue-session" Any
    t =    83.77s Press "continue-session" Button for 0.1 seconds
    t =    83.77s     Wait for com.zacrotech.NeuroForge to idle
    t =    83.77s     Find the "continue-session" Button
    t =    83.81s     Check for interrupting elements affecting "continue-session" Button
    t =    83.86s     Synthesize event
    t =    84.25s     Wait for com.zacrotech.NeuroForge to idle
    t =    84.65s Waiting 8.0s for "universal-session" Any to exist
    t =    85.72s     Checking `Expect predicate `existsNoRetry == 1` for object "universal-session" Any`
    t =    85.72s         Checking existence of `"universal-session" Any`
    t =    85.79s Waiting 3.0s for "session-resume" Any to exist
    t =    86.81s     Checking `Expect predicate `existsNoRetry == 1` for object "session-resume" Any`
    t =    86.81s         Checking existence of `"session-resume" Any`
    t =    86.87s Find the Target Application 'com.zacrotech.NeuroForge'
    t =    87.00s Added attachment named 'interruption-paused-session-before-explicit-resume'
    t =    87.00s Find the "session-resume" Any
    t =    87.05s Press "session-resume" Button for 0.1 seconds
    t =    87.05s     Wait for com.zacrotech.NeuroForge to idle
    t =    87.06s     Find the "session-resume" Button
    t =    87.10s     Check for interrupting elements affecting "session-resume" Button
    t =    87.14s     Synthesize event
    t =    87.52s     Wait for com.zacrotech.NeuroForge to idle
    t =    88.55s Checking `Expect predicate `exists == 0` for object "session-resume" Button`
    t =    88.55s     Checking existence of `"session-resume" Button`
    t =    88.63s Find the "session-prompt" Any
    t =    88.69s Find the "session-position" Any
    t =    88.75s Waiting 8.0s for "session-next" Any to exist
    t =    89.81s     Checking `Expect predicate `existsNoRetry == 1` for object "session-next" Any`
    t =    89.81s         Checking existence of `"session-next" Any`
    t =    89.88s Get all elements bound by index for: Descendants matching type ScrollView
    t =    89.92s Find the ScrollView (Element at index 0)
    t =    89.98s Find the Target Application 'com.zacrotech.NeuroForge'
    t =    90.01s Checking existence of `Keyboard (First Match)`
    t =    90.10s Get all elements bound by index for: Descendants matching type NavigationBar
    t =    90.14s Find the NavigationBar (Element at index 0)
    t =    90.19s Find the ScrollView at {{0.0, 154.5}, {375.0, 512.5}}
    t =    90.23s Find the ScrollView at {{0.0, 154.5}, {375.0, 512.5}}
    t =    90.27s Get all elements bound by index for: Descendants matching type TabBar
    t =    90.31s Find the TabBar (Element at index 0)
    t =    90.37s Checking existence of `"session-feedback-title" StaticText`
    t =    90.43s Find the "session-feedback-title" StaticText
    t =    90.48s Checking existence of `"session-submit" Any`
    t =    90.53s Checking existence of `"session-next" Any`
    t =    90.58s Find the "session-next" Any
    t =    90.65s Find the "session-next" Button
    t =    90.71s Find the "session-next" Button
    t =    90.77s Checking existence of `"train-start-practice" Any`
    t =    90.82s Checking existence of `"train-start-graph-construction" Any`
    t =    90.88s Checking existence of `"session-feedback-title" StaticText`
    t =    90.93s Find the "session-feedback-title" StaticText
    t =    90.99s Find the "session-feedback-title" StaticText
    t =    91.06s Find the ScrollView at {{0.0, 154.5}, {375.0, 512.5}}
    t =    91.10s Checking existence of `"session-feedback-title" StaticText`
    t =    91.16s Find the "session-feedback-title" StaticText
    t =    91.23s Find the "session-feedback-title" StaticText
    t =    91.30s Checking existence of `"session-feedback-title" StaticText`
    t =    91.35s Find the "session-feedback-title" StaticText
    t =    91.41s Find the ScrollView at {{0.0, 154.5}, {375.0, 512.5}}
    t =    91.45s Checking existence of `"session-feedback-title" StaticText`
    t =    91.51s Find the "session-feedback-title" StaticText
    t =    91.56s Press Target Application 'com.zacrotech.NeuroForge'[0.00, 0.00] -> (12.0, 245.7) for 0.1 seconds, then drag to Target Application 'com.zacrotech.NeuroForge'[0.00, 0.00] -> (12.0, 261.7) with velocity of 250.00 pixels per second, and then hold for 0.2 seconds 
    t =    91.56s     Wait for com.zacrotech.NeuroForge to idle
    t =    91.57s     Find the Target Application 'com.zacrotech.NeuroForge'
    t =    91.60s     Check for interrupting elements affecting "NeuroForge" Application
    t =    91.68s     Synthesize event
    t =    91.68s         Find the Target Application 'com.zacrotech.NeuroForge'
    t =    91.71s         Find the Target Application 'com.zacrotech.NeuroForge'
    t =    91.74s         Find the Target Application 'com.zacrotech.NeuroForge'
    t =    91.78s         Find the Target Application 'com.zacrotech.NeuroForge'
    t =    91.81s         Find the Target Application 'com.zacrotech.NeuroForge'
    t =    92.43s     Wait for com.zacrotech.NeuroForge to idle
    t =    92.43s Get all elements bound by index for: Descendants matching type ScrollView
    t =    92.48s Find the ScrollView (Element at index 0)
    t =    92.53s Find the Target Application 'com.zacrotech.NeuroForge'
    t =    92.56s Checking existence of `Keyboard (First Match)`
    t =    92.65s Get all elements bound by index for: Descendants matching type NavigationBar
    t =    92.69s Find the NavigationBar (Element at index 0)
    t =    92.73s Find the ScrollView at {{0.0, 154.5}, {375.0, 512.5}}
    t =    92.78s Find the ScrollView at {{0.0, 154.5}, {375.0, 512.5}}
    t =    92.82s Get all elements bound by index for: Descendants matching type TabBar
    t =    92.86s Find the TabBar (Element at index 0)
    t =    92.92s Checking existence of `"session-feedback-title" StaticText`
    t =    92.98s Find the "session-feedback-title" StaticText
    t =    93.03s Checking existence of `"session-submit" Any`
    t =    93.08s Checking existence of `"session-next" Any`
    t =    93.13s Find the "session-next" Any
    t =    93.20s Find the "session-next" Button
    t =    93.26s Find the "session-next" Button
    t =    93.31s Checking existence of `"train-start-practice" Any`
    t =    93.36s Checking existence of `"train-start-graph-construction" Any`
    t =    93.42s Checking existence of `"session-feedback-title" StaticText`
    t =    93.48s Find the "session-feedback-title" StaticText
    t =    93.53s Find the "session-feedback-title" StaticText
    t =    93.60s Find the ScrollView at {{0.0, 154.5}, {375.0, 512.5}}
    t =    93.64s Checking existence of `"session-feedback-title" StaticText`
    t =    93.70s Find the "session-feedback-title" StaticText
    t =    93.76s Find the "session-feedback-title" StaticText
    t =    93.82s Find the "session-feedback-title" StaticText
    t =    93.88s Find the "session-feedback-title" StaticText
    t =    93.93s Terminate com.zacrotech.NeuroForge:9607
    t =    95.01s Tear Down
Test Case '-[NeuroForgeUITests.NavigationSmokeUITests testSourceRecallColdRelaunchPreservesDraftReferenceAndNeutralResult]' passed (95.162 seconds).
Test Suite 'NavigationSmokeUITests' passed at 2026-09-05 18:47:24.138.
	 Executed 4 tests, with 0 failures (0 unexpected) in 627.298 (627.312) seconds
Test Suite 'NeuroForgeUITests.xctest' passed at 2026-09-05 18:47:24.144.
	 Executed 4 tests, with 0 failures (0 unexpected) in 627.298 (627.318) seconds
Test Suite 'Selected tests' passed at 2026-09-05 18:47:24.145.
	 Executed 4 tests, with 0 failures (0 unexpected) in 627.298 (627.320) seconds
2026-09-05 18:47:25.697 xcodebuild[6491:6375319] [MT] IDETestOperationsObserverDebug: 634.189 elapsed -- Testing started completed.
2026-09-05 18:47:25.697 xcodebuild[6491:6375319] [MT] IDETestOperationsObserverDebug: 0.000 sec, +0.000 sec -- start
2026-09-05 18:47:25.697 xcodebuild[6491:6375319] [MT] IDETestOperationsObserverDebug: 634.189 sec, +634.189 sec -- end

Test session results, code coverage, and logs:
	/tmp/nf-advanced-coordinate-five-installed-20260905.xcresult

** TEST EXECUTE SUCCEEDED **

Testing started
