Command line invocation:
    /Applications/Xcode.app/Contents/Developer/usr/bin/xcodebuild test -project NeuroForge.xcodeproj -scheme NeuroForge -destination platform=macOS -derivedDataPath /tmp/NeuroForge-improvement-build -resultBundlePath /tmp/nf-assembly-repair-export-full-20260905.xcresult CODE_SIGNING_ALLOWED=NO

Build settings from command line:
    CODE_SIGNING_ALLOWED = NO

Resolve Package Graph


Resolved source packages:
  SwiftMath: https://github.com/mgriebling/SwiftMath.git @ 1d2c908

Writing result bundle at path:
	/tmp/nf-assembly-repair-export-full-20260905.xcresult

--- xcodebuild: WARNING: Using the first of multiple matching destinations:
{ platform:macOS, arch:arm64, id:00006020-000228AE0287401E, name:My Mac }
{ platform:macOS, arch:x86_64, id:00006020-000228AE0287401E, name:My Mac }
ComputePackagePrebuildTargetDependencyGraph

Prepare packages

CreateBuildRequest

SendProjectDescription

CreateBuildOperation

ComputeTargetDependencyGraph
note: Building targets in dependency order
note: Target dependency graph (5 targets)
    Target 'NeuroForgeTests' in project 'NeuroForge'
        ➜ Explicit dependency on target 'NeuroForge' in project 'NeuroForge'
    Target 'NeuroForge' in project 'NeuroForge'
        ➜ Explicit dependency on target 'SwiftMath' in project 'SwiftMath'
    Target 'SwiftMath' in project 'SwiftMath'
        ➜ Explicit dependency on target 'SwiftMath' in project 'SwiftMath'
        ➜ Explicit dependency on target 'SwiftMath_SwiftMath' in project 'SwiftMath'
    Target 'SwiftMath' in project 'SwiftMath'
        ➜ Explicit dependency on target 'SwiftMath_SwiftMath' in project 'SwiftMath'
    Target 'SwiftMath_SwiftMath' in project 'SwiftMath' (no dependencies)

GatherProvisioningInputs

CreateBuildDescription

ClangStatCache /Applications/Xcode.app/Contents/Developer/Toolchains/XcodeDefault.xctoolchain/usr/bin/clang-stat-cache /Applications/Xcode.app/Contents/Developer/Platforms/MacOSX.platform/Developer/SDKs/MacOSX26.5.sdk /tmp/NeuroForge-improvement-build/SDKStatCaches.noindex/macosx26.5-25F70-e082c4a02f00227109f4ed75e425c832.sdkstatcache
    cd /Users/takamimarsh/Developer/Projects/Zacro\ Tech/NeuroForge/NeuroForge.xcodeproj
    /Applications/Xcode.app/Contents/Developer/Toolchains/XcodeDefault.xctoolchain/usr/bin/clang-stat-cache /Applications/Xcode.app/Contents/Developer/Platforms/MacOSX.platform/Developer/SDKs/MacOSX26.5.sdk -o /tmp/NeuroForge-improvement-build/SDKStatCaches.noindex/macosx26.5-25F70-e082c4a02f00227109f4ed75e425c832.sdkstatcache

SwiftDriver NeuroForgeTests normal arm64 com.apple.xcode.tools.swift.compiler (in target 'NeuroForgeTests' from project 'NeuroForge')
    cd /Users/takamimarsh/Developer/Projects/Zacro\ Tech/NeuroForge
    builtin-SwiftDriver -- /Applications/Xcode.app/Contents/Developer/Toolchains/XcodeDefault.xctoolchain/usr/bin/swiftc -module-name NeuroForgeTests -Onone @/tmp/NeuroForge-improvement-build/Build/Intermediates.noindex/NeuroForge.build/Debug/NeuroForgeTests.build/Objects-normal/arm64/NeuroForgeTests.SwiftFileList -DDEBUG -plugin-path /Applications/Xcode.app/Contents/Developer/Toolchains/XcodeDefault.xctoolchain/usr/lib/swift/host/plugins/testing -enable-experimental-feature DebugDescriptionMacro -sdk /Applications/Xcode.app/Contents/Developer/Platforms/MacOSX.platform/Developer/SDKs/MacOSX26.5.sdk -target arm64-apple-macos26.4 -g -module-cache-path /tmp/NeuroForge-improvement-build/ModuleCache.noindex -Xfrontend -serialize-debugging-options -enable-testing -warnings-as-errors -index-store-path /tmp/NeuroForge-improvement-build/Index.noindex/DataStore -Xcc -D_LIBCPP_HARDENING_MODE\=_LIBCPP_HARDENING_MODE_DEBUG -swift-version 6 -I /tmp/NeuroForge-improvement-build/Build/Products/Debug -Isystem /Applications/Xcode.app/Contents/Developer/Platforms/MacOSX.platform/Developer/usr/lib -F /tmp/NeuroForge-improvement-build/Build/Products/Debug/PackageFrameworks -F /tmp/NeuroForge-improvement-build/Build/Products/Debug -F /Applications/Xcode.app/Contents/Developer/Platforms/MacOSX.platform/Developer/Library/Frameworks -emit-localized-strings -emit-localized-strings-path /tmp/NeuroForge-improvement-build/Build/Intermediates.noindex/NeuroForge.build/Debug/NeuroForgeTests.build/Objects-normal/arm64 -c -j12 -disable-batch-mode -incremental -Xcc -ivfsstatcache -Xcc /tmp/NeuroForge-improvement-build/SDKStatCaches.noindex/macosx26.5-25F70-e082c4a02f00227109f4ed75e425c832.sdkstatcache -output-file-map /tmp/NeuroForge-improvement-build/Build/Intermediates.noindex/NeuroForge.build/Debug/NeuroForgeTests.build/Objects-normal/arm64/NeuroForgeTests-OutputFileMap.json -use-frontend-parseable-output -save-temps -no-color-diagnostics -explicit-module-build -module-cache-path /tmp/NeuroForge-improvement-build/Build/Intermediates.noindex/SwiftExplicitPrecompiledModules -clang-scanner-module-cache-path /tmp/NeuroForge-improvement-build/ModuleCache.noindex -sdk-module-cache-path /tmp/NeuroForge-improvement-build/ModuleCache.noindex -serialize-diagnostics -emit-dependencies -emit-module -emit-module-path /tmp/NeuroForge-improvement-build/Build/Intermediates.noindex/NeuroForge.build/Debug/NeuroForgeTests.build/Objects-normal/arm64/NeuroForgeTests.swiftmodule -validate-clang-modules-once -clang-build-session-file /tmp/NeuroForge-improvement-build/ModuleCache.noindex/Session.modulevalidation -Xcc -I/tmp/NeuroForge-improvement-build/Build/Intermediates.noindex/NeuroForge.build/Debug/NeuroForgeTests.build/swift-overrides.hmap -emit-const-values -Xfrontend -const-gather-protocols-file -Xfrontend /tmp/NeuroForge-improvement-build/Build/Intermediates.noindex/NeuroForge.build/Debug/NeuroForgeTests.build/Objects-normal/arm64/NeuroForgeTests_const_extract_protocols.json -Xcc -iquote -Xcc /tmp/NeuroForge-improvement-build/Build/Intermediates.noindex/NeuroForge.build/Debug/NeuroForgeTests.build/NeuroForgeTests-generated-files.hmap -Xcc -I/tmp/NeuroForge-improvement-build/Build/Intermediates.noindex/NeuroForge.build/Debug/NeuroForgeTests.build/NeuroForgeTests-own-target-headers.hmap -Xcc -I/tmp/NeuroForge-improvement-build/Build/Intermediates.noindex/NeuroForge.build/Debug/NeuroForgeTests.build/NeuroForgeTests-all-non-framework-target-headers.hmap -Xcc -ivfsoverlay -Xcc /tmp/NeuroForge-improvement-build/Build/Intermediates.noindex/NeuroForge.build/Debug/NeuroForge-1f477e43189f7d9a813ad7fc7bf5f2ec-VFS/all-product-headers.yaml -Xcc -iquote -Xcc /tmp/NeuroForge-improvement-build/Build/Intermediates.noindex/NeuroForge.build/Debug/NeuroForgeTests.build/NeuroForgeTests-project-headers.hmap -Xcc -I/tmp/NeuroForge-improvement-build/Build/Products/Debug/include -Xcc -I/tmp/NeuroForge-improvement-build/Build/Intermediates.noindex/NeuroForge.build/Debug/NeuroForgeTests.build/DerivedSources-normal/arm64 -Xcc -I/tmp/NeuroForge-improvement-build/Build/Intermediates.noindex/NeuroForge.build/Debug/NeuroForgeTests.build/DerivedSources/arm64 -Xcc -I/tmp/NeuroForge-improvement-build/Build/Intermediates.noindex/NeuroForge.build/Debug/NeuroForgeTests.build/DerivedSources -Xcc -DDEBUG\=1 -emit-objc-header -emit-objc-header-path /tmp/NeuroForge-improvement-build/Build/Intermediates.noindex/NeuroForge.build/Debug/NeuroForgeTests.build/Objects-normal/arm64/NeuroForgeTests-Swift.h -working-directory /Users/takamimarsh/Developer/Projects/Zacro\ Tech/NeuroForge -experimental-emit-module-separately -disable-cmo

SwiftDriver NeuroForge normal arm64 com.apple.xcode.tools.swift.compiler (in target 'NeuroForge' from project 'NeuroForge')
    cd /Users/takamimarsh/Developer/Projects/Zacro\ Tech/NeuroForge
    builtin-SwiftDriver -- /Applications/Xcode.app/Contents/Developer/Toolchains/XcodeDefault.xctoolchain/usr/bin/swiftc -module-name NeuroForge -Onone @/tmp/NeuroForge-improvement-build/Build/Intermediates.noindex/NeuroForge.build/Debug/NeuroForge.build/Objects-normal/arm64/NeuroForge.SwiftFileList -DDEBUG -enable-experimental-feature DebugDescriptionMacro -sdk /Applications/Xcode.app/Contents/Developer/Platforms/MacOSX.platform/Developer/SDKs/MacOSX26.5.sdk -target arm64-apple-macos26.4 -g -module-cache-path /tmp/NeuroForge-improvement-build/ModuleCache.noindex -Xfrontend -serialize-debugging-options -enable-testing -warnings-as-errors -index-store-path /tmp/NeuroForge-improvement-build/Index.noindex/DataStore -Xcc -D_LIBCPP_HARDENING_MODE\=_LIBCPP_HARDENING_MODE_DEBUG -swift-version 6 -I /tmp/NeuroForge-improvement-build/Build/Products/Debug -F /tmp/NeuroForge-improvement-build/Build/Products/Debug/PackageFrameworks -F /tmp/NeuroForge-improvement-build/Build/Products/Debug -emit-localized-strings -emit-localized-strings-path /tmp/NeuroForge-improvement-build/Build/Intermediates.noindex/NeuroForge.build/Debug/NeuroForge.build/Objects-normal/arm64 -c -j12 -disable-batch-mode -incremental -Xcc -ivfsstatcache -Xcc /tmp/NeuroForge-improvement-build/SDKStatCaches.noindex/macosx26.5-25F70-e082c4a02f00227109f4ed75e425c832.sdkstatcache -output-file-map /tmp/NeuroForge-improvement-build/Build/Intermediates.noindex/NeuroForge.build/Debug/NeuroForge.build/Objects-normal/arm64/NeuroForge-OutputFileMap.json -use-frontend-parseable-output -save-temps -no-color-diagnostics -explicit-module-build -module-cache-path /tmp/NeuroForge-improvement-build/Build/Intermediates.noindex/SwiftExplicitPrecompiledModules -clang-scanner-module-cache-path /tmp/NeuroForge-improvement-build/ModuleCache.noindex -sdk-module-cache-path /tmp/NeuroForge-improvement-build/ModuleCache.noindex -serialize-diagnostics -emit-dependencies -emit-module -emit-module-path /tmp/NeuroForge-improvement-build/Build/Intermediates.noindex/NeuroForge.build/Debug/NeuroForge.build/Objects-normal/arm64/NeuroForge.swiftmodule -validate-clang-modules-once -clang-build-session-file /tmp/NeuroForge-improvement-build/ModuleCache.noindex/Session.modulevalidation -Xcc -I/tmp/NeuroForge-improvement-build/Build/Intermediates.noindex/NeuroForge.build/Debug/NeuroForge.build/swift-overrides.hmap -emit-const-values -Xfrontend -const-gather-protocols-file -Xfrontend /tmp/NeuroForge-improvement-build/Build/Intermediates.noindex/NeuroForge.build/Debug/NeuroForge.build/Objects-normal/arm64/NeuroForge_const_extract_protocols.json -Xcc -iquote -Xcc /tmp/NeuroForge-improvement-build/Build/Intermediates.noindex/NeuroForge.build/Debug/NeuroForge.build/NeuroForge-generated-files.hmap -Xcc -I/tmp/NeuroForge-improvement-build/Build/Intermediates.noindex/NeuroForge.build/Debug/NeuroForge.build/NeuroForge-own-target-headers.hmap -Xcc -I/tmp/NeuroForge-improvement-build/Build/Intermediates.noindex/NeuroForge.build/Debug/NeuroForge.build/NeuroForge-all-non-framework-target-headers.hmap -Xcc -ivfsoverlay -Xcc /tmp/NeuroForge-improvement-build/Build/Intermediates.noindex/NeuroForge.build/Debug/NeuroForge-1f477e43189f7d9a813ad7fc7bf5f2ec-VFS/all-product-headers.yaml -Xcc -iquote -Xcc /tmp/NeuroForge-improvement-build/Build/Intermediates.noindex/NeuroForge.build/Debug/NeuroForge.build/NeuroForge-project-headers.hmap -Xcc -I/tmp/NeuroForge-improvement-build/Build/Products/Debug/include -Xcc -I/tmp/NeuroForge-improvement-build/Build/Intermediates.noindex/NeuroForge.build/Debug/NeuroForge.build/DerivedSources-normal/arm64 -Xcc -I/tmp/NeuroForge-improvement-build/Build/Intermediates.noindex/NeuroForge.build/Debug/NeuroForge.build/DerivedSources/arm64 -Xcc -I/tmp/NeuroForge-improvement-build/Build/Intermediates.noindex/NeuroForge.build/Debug/NeuroForge.build/DerivedSources -Xcc -DDEBUG\=1 -emit-objc-header -emit-objc-header-path /tmp/NeuroForge-improvement-build/Build/Intermediates.noindex/NeuroForge.build/Debug/NeuroForge.build/Objects-normal/arm64/NeuroForge-Swift.h -working-directory /Users/takamimarsh/Developer/Projects/Zacro\ Tech/NeuroForge -experimental-emit-module-separately -disable-cmo

SwiftCompile normal arm64 Compiling\ AIAndSourceTests.swift /Users/takamimarsh/Developer/Projects/Zacro\ Tech/NeuroForge/Tests/AIAndSourceTests.swift (in target 'NeuroForgeTests' from project 'NeuroForge')
SwiftCompile normal arm64 /Users/takamimarsh/Developer/Projects/Zacro\ Tech/NeuroForge/Tests/AIAndSourceTests.swift (in target 'NeuroForgeTests' from project 'NeuroForge')
    cd /Users/takamimarsh/Developer/Projects/Zacro\ Tech/NeuroForge
    

SwiftCompile normal arm64 Compiling\ AdaptiveEngineTests.swift /Users/takamimarsh/Developer/Projects/Zacro\ Tech/NeuroForge/Tests/AdaptiveEngineTests.swift (in target 'NeuroForgeTests' from project 'NeuroForge')

SwiftCompile normal arm64 /Users/takamimarsh/Developer/Projects/Zacro\ Tech/NeuroForge/Tests/AdaptiveEngineTests.swift (in target 'NeuroForgeTests' from project 'NeuroForge')
    cd /Users/takamimarsh/Developer/Projects/Zacro\ Tech/NeuroForge
    

SwiftCompile normal arm64 Compiling\ AdaptivePlanHistoryTests.swift /Users/takamimarsh/Developer/Projects/Zacro\ Tech/NeuroForge/Tests/AdaptivePlanHistoryTests.swift (in target 'NeuroForgeTests' from project 'NeuroForge')

SwiftCompile normal arm64 /Users/takamimarsh/Developer/Projects/Zacro\ Tech/NeuroForge/Tests/AdaptivePlanHistoryTests.swift (in target 'NeuroForgeTests' from project 'NeuroForge')
    cd /Users/takamimarsh/Developer/Projects/Zacro\ Tech/NeuroForge
    

SwiftCompile normal arm64 Compiling\ AdaptiveQuestionPopulationPolicyTests.swift /Users/takamimarsh/Developer/Projects/Zacro\ Tech/NeuroForge/Tests/AdaptiveQuestionPopulationPolicyTests.swift (in target 'NeuroForgeTests' from project 'NeuroForge')

SwiftCompile normal arm64 /Users/takamimarsh/Developer/Projects/Zacro\ Tech/NeuroForge/Tests/AdaptiveQuestionPopulationPolicyTests.swift (in target 'NeuroForgeTests' from project 'NeuroForge')
    cd /Users/takamimarsh/Developer/Projects/Zacro\ Tech/NeuroForge
    

SwiftCompile normal arm64 Compiling\ AssessmentSchedulerTests.swift /Users/takamimarsh/Developer/Projects/Zacro\ Tech/NeuroForge/Tests/AssessmentSchedulerTests.swift (in target 'NeuroForgeTests' from project 'NeuroForge')

SwiftCompile normal arm64 /Users/takamimarsh/Developer/Projects/Zacro\ Tech/NeuroForge/Tests/AssessmentSchedulerTests.swift (in target 'NeuroForgeTests' from project 'NeuroForge')
    cd /Users/takamimarsh/Developer/Projects/Zacro\ Tech/NeuroForge
    

SwiftCompile normal arm64 Compiling\ BundledRetrievalCatalogTests.swift /Users/takamimarsh/Developer/Projects/Zacro\ Tech/NeuroForge/Tests/BundledRetrievalCatalogTests.swift (in target 'NeuroForgeTests' from project 'NeuroForge')

SwiftCompile normal arm64 /Users/takamimarsh/Developer/Projects/Zacro\ Tech/NeuroForge/Tests/BundledRetrievalCatalogTests.swift (in target 'NeuroForgeTests' from project 'NeuroForge')
    cd /Users/takamimarsh/Developer/Projects/Zacro\ Tech/NeuroForge
    

SwiftCompile normal arm64 Compiling\ MathContentContractTests.swift /Users/takamimarsh/Developer/Projects/Zacro\ Tech/NeuroForge/Tests/MathContentContractTests.swift (in target 'NeuroForgeTests' from project 'NeuroForge')

SwiftCompile normal arm64 /Users/takamimarsh/Developer/Projects/Zacro\ Tech/NeuroForge/Tests/MathContentContractTests.swift (in target 'NeuroForgeTests' from project 'NeuroForge')
    cd /Users/takamimarsh/Developer/Projects/Zacro\ Tech/NeuroForge
    

SwiftCompile normal arm64 Compiling\ AttemptReflectionContractTests.swift /Users/takamimarsh/Developer/Projects/Zacro\ Tech/NeuroForge/Tests/AttemptReflectionContractTests.swift (in target 'NeuroForgeTests' from project 'NeuroForge')

SwiftCompile normal arm64 /Users/takamimarsh/Developer/Projects/Zacro\ Tech/NeuroForge/Tests/AttemptReflectionContractTests.swift (in target 'NeuroForgeTests' from project 'NeuroForge')
    cd /Users/takamimarsh/Developer/Projects/Zacro\ Tech/NeuroForge
    

SwiftEmitModule normal arm64 Emitting\ module\ for\ NeuroForgeTests (in target 'NeuroForgeTests' from project 'NeuroForge')

EmitSwiftModule normal arm64 (in target 'NeuroForgeTests' from project 'NeuroForge')
    cd /Users/takamimarsh/Developer/Projects/Zacro\ Tech/NeuroForge
    

SwiftCompile normal arm64 Compiling\ ProfileProgressContractsTests.swift /Users/takamimarsh/Developer/Projects/Zacro\ Tech/NeuroForge/Tests/ProfileProgressContractsTests.swift (in target 'NeuroForgeTests' from project 'NeuroForge')

SwiftCompile normal arm64 /Users/takamimarsh/Developer/Projects/Zacro\ Tech/NeuroForge/Tests/ProfileProgressContractsTests.swift (in target 'NeuroForgeTests' from project 'NeuroForge')
    cd /Users/takamimarsh/Developer/Projects/Zacro\ Tech/NeuroForge
    

SwiftCompile normal arm64 Compiling\ LocalizationCatalogTests.swift /Users/takamimarsh/Developer/Projects/Zacro\ Tech/NeuroForge/Tests/LocalizationCatalogTests.swift (in target 'NeuroForgeTests' from project 'NeuroForge')

SwiftCompile normal arm64 /Users/takamimarsh/Developer/Projects/Zacro\ Tech/NeuroForge/Tests/LocalizationCatalogTests.swift (in target 'NeuroForgeTests' from project 'NeuroForge')
    cd /Users/takamimarsh/Developer/Projects/Zacro\ Tech/NeuroForge
    

SwiftCompile normal arm64 Compiling\ ReleaseContentIntegrityTests.swift /Users/takamimarsh/Developer/Projects/Zacro\ Tech/NeuroForge/Tests/ReleaseContentIntegrityTests.swift (in target 'NeuroForgeTests' from project 'NeuroForge')

SwiftCompile normal arm64 /Users/takamimarsh/Developer/Projects/Zacro\ Tech/NeuroForge/Tests/ReleaseContentIntegrityTests.swift (in target 'NeuroForgeTests' from project 'NeuroForge')
    cd /Users/takamimarsh/Developer/Projects/Zacro\ Tech/NeuroForge
    

SwiftEmitModule normal arm64 Emitting\ module\ for\ NeuroForge (in target 'NeuroForge' from project 'NeuroForge')
EmitSwiftModule normal arm64 (in target 'NeuroForge' from project 'NeuroForge')
    cd /Users/takamimarsh/Developer/Projects/Zacro\ Tech/NeuroForge
    

SwiftDriverJobDiscovery normal arm64 Compiling BundledRetrievalCatalogTests.swift (in target 'NeuroForgeTests' from project 'NeuroForge')

SwiftCompile normal arm64 Compiling\ SessionIntegrityReviewTests.swift /Users/takamimarsh/Developer/Projects/Zacro\ Tech/NeuroForge/Tests/SessionIntegrityReviewTests.swift (in target 'NeuroForgeTests' from project 'NeuroForge')

SwiftCompile normal arm64 /Users/takamimarsh/Developer/Projects/Zacro\ Tech/NeuroForge/Tests/SessionIntegrityReviewTests.swift (in target 'NeuroForgeTests' from project 'NeuroForge')
    cd /Users/takamimarsh/Developer/Projects/Zacro\ Tech/NeuroForge
    

SwiftDriverJobDiscovery normal arm64 Compiling AdaptiveQuestionPopulationPolicyTests.swift (in target 'NeuroForgeTests' from project 'NeuroForge')

SwiftCompile normal arm64 Compiling\ PrivacyLifecycleTests.swift /Users/takamimarsh/Developer/Projects/Zacro\ Tech/NeuroForge/Tests/PrivacyLifecycleTests.swift (in target 'NeuroForgeTests' from project 'NeuroForge')

SwiftCompile normal arm64 /Users/takamimarsh/Developer/Projects/Zacro\ Tech/NeuroForge/Tests/PrivacyLifecycleTests.swift (in target 'NeuroForgeTests' from project 'NeuroForge')
    cd /Users/takamimarsh/Developer/Projects/Zacro\ Tech/NeuroForge
    

SwiftDriverJobDiscovery normal arm64 Compiling ReleaseContentIntegrityTests.swift (in target 'NeuroForgeTests' from project 'NeuroForge')

SwiftCompile normal arm64 Compiling\ RetrievalMechanicsContractTests.swift /Users/takamimarsh/Developer/Projects/Zacro\ Tech/NeuroForge/Tests/RetrievalMechanicsContractTests.swift (in target 'NeuroForgeTests' from project 'NeuroForge')

SwiftCompile normal arm64 /Users/takamimarsh/Developer/Projects/Zacro\ Tech/NeuroForge/Tests/RetrievalMechanicsContractTests.swift (in target 'NeuroForgeTests' from project 'NeuroForge')
    cd /Users/takamimarsh/Developer/Projects/Zacro\ Tech/NeuroForge
    

SwiftDriverJobDiscovery normal arm64 Compiling AdaptivePlanHistoryTests.swift (in target 'NeuroForgeTests' from project 'NeuroForge')

SwiftCompile normal arm64 Compiling\ StarterQuestionSetCatalogTests.swift /Users/takamimarsh/Developer/Projects/Zacro\ Tech/NeuroForge/Tests/StarterQuestionSetCatalogTests.swift (in target 'NeuroForgeTests' from project 'NeuroForge')

SwiftCompile normal arm64 /Users/takamimarsh/Developer/Projects/Zacro\ Tech/NeuroForge/Tests/StarterQuestionSetCatalogTests.swift (in target 'NeuroForgeTests' from project 'NeuroForge')
    cd /Users/takamimarsh/Developer/Projects/Zacro\ Tech/NeuroForge
    

SwiftDriverJobDiscovery normal arm64 Compiling AttemptReflectionContractTests.swift (in target 'NeuroForgeTests' from project 'NeuroForge')

SwiftCompile normal arm64 Compiling\ LocalReservationBridgeTests.swift /Users/takamimarsh/Developer/Projects/Zacro\ Tech/NeuroForge/Tests/LocalReservationBridgeTests.swift (in target 'NeuroForgeTests' from project 'NeuroForge')

SwiftCompile normal arm64 /Users/takamimarsh/Developer/Projects/Zacro\ Tech/NeuroForge/Tests/LocalReservationBridgeTests.swift (in target 'NeuroForgeTests' from project 'NeuroForge')
    cd /Users/takamimarsh/Developer/Projects/Zacro\ Tech/NeuroForge
    

SwiftDriverJobDiscovery normal arm64 Compiling LocalizationCatalogTests.swift (in target 'NeuroForgeTests' from project 'NeuroForge')

SwiftCompile normal arm64 Compiling\ SessionWorkloadBudgetTests.swift /Users/takamimarsh/Developer/Projects/Zacro\ Tech/NeuroForge/Tests/SessionWorkloadBudgetTests.swift (in target 'NeuroForgeTests' from project 'NeuroForge')

SwiftCompile normal arm64 /Users/takamimarsh/Developer/Projects/Zacro\ Tech/NeuroForge/Tests/SessionWorkloadBudgetTests.swift (in target 'NeuroForgeTests' from project 'NeuroForge')
    cd /Users/takamimarsh/Developer/Projects/Zacro\ Tech/NeuroForge
    

SwiftDriverJobDiscovery normal arm64 Compiling AdaptiveEngineTests.swift (in target 'NeuroForgeTests' from project 'NeuroForge')

SwiftCompile normal arm64 Compiling\ OfflineQuestionBankTests.swift /Users/takamimarsh/Developer/Projects/Zacro\ Tech/NeuroForge/Tests/OfflineQuestionBankTests.swift (in target 'NeuroForgeTests' from project 'NeuroForge')

SwiftCompile normal arm64 /Users/takamimarsh/Developer/Projects/Zacro\ Tech/NeuroForge/Tests/OfflineQuestionBankTests.swift (in target 'NeuroForgeTests' from project 'NeuroForge')
    cd /Users/takamimarsh/Developer/Projects/Zacro\ Tech/NeuroForge
    

SwiftDriverJobDiscovery normal arm64 Compiling PrivacyLifecycleTests.swift (in target 'NeuroForgeTests' from project 'NeuroForge')

SwiftCompile normal arm64 Compiling\ ExperienceImprovementTests.swift /Users/takamimarsh/Developer/Projects/Zacro\ Tech/NeuroForge/Tests/ExperienceImprovementTests.swift (in target 'NeuroForgeTests' from project 'NeuroForge')

SwiftCompile normal arm64 /Users/takamimarsh/Developer/Projects/Zacro\ Tech/NeuroForge/Tests/ExperienceImprovementTests.swift (in target 'NeuroForgeTests' from project 'NeuroForge')
    cd /Users/takamimarsh/Developer/Projects/Zacro\ Tech/NeuroForge
    

SwiftDriverJobDiscovery normal arm64 Compiling RetrievalMechanicsContractTests.swift (in target 'NeuroForgeTests' from project 'NeuroForge')

SwiftCompile normal arm64 Compiling\ ProgressEvidenceTests.swift /Users/takamimarsh/Developer/Projects/Zacro\ Tech/NeuroForge/Tests/ProgressEvidenceTests.swift (in target 'NeuroForgeTests' from project 'NeuroForge')

SwiftCompile normal arm64 /Users/takamimarsh/Developer/Projects/Zacro\ Tech/NeuroForge/Tests/ProgressEvidenceTests.swift (in target 'NeuroForgeTests' from project 'NeuroForge')
    cd /Users/takamimarsh/Developer/Projects/Zacro\ Tech/NeuroForge
    

SwiftDriverJobDiscovery normal arm64 Compiling OfflineQuestionBankTests.swift (in target 'NeuroForgeTests' from project 'NeuroForge')

SwiftCompile normal arm64 Compiling\ SelectionReservationLedgerTests.swift /Users/takamimarsh/Developer/Projects/Zacro\ Tech/NeuroForge/Tests/SelectionReservationLedgerTests.swift (in target 'NeuroForgeTests' from project 'NeuroForge')

SwiftCompile normal arm64 /Users/takamimarsh/Developer/Projects/Zacro\ Tech/NeuroForge/Tests/SelectionReservationLedgerTests.swift (in target 'NeuroForgeTests' from project 'NeuroForge')
    cd /Users/takamimarsh/Developer/Projects/Zacro\ Tech/NeuroForge
    

SwiftDriverJobDiscovery normal arm64 Compiling AssessmentSchedulerTests.swift (in target 'NeuroForgeTests' from project 'NeuroForge')

SwiftCompile normal arm64 Compiling\ RestoreRequestStoreTests.swift /Users/takamimarsh/Developer/Projects/Zacro\ Tech/NeuroForge/Tests/RestoreRequestStoreTests.swift (in target 'NeuroForgeTests' from project 'NeuroForge')

SwiftCompile normal arm64 /Users/takamimarsh/Developer/Projects/Zacro\ Tech/NeuroForge/Tests/RestoreRequestStoreTests.swift (in target 'NeuroForgeTests' from project 'NeuroForge')
    cd /Users/takamimarsh/Developer/Projects/Zacro\ Tech/NeuroForge
    

SwiftDriverJobDiscovery normal arm64 Emitting module for NeuroForgeTests (in target 'NeuroForgeTests' from project 'NeuroForge')

SwiftDriver\ Compilation\ Requirements NeuroForgeTests normal arm64 com.apple.xcode.tools.swift.compiler (in target 'NeuroForgeTests' from project 'NeuroForge')
    cd /Users/takamimarsh/Developer/Projects/Zacro\ Tech/NeuroForge
    builtin-Swift-Compilation-Requirements -- /Applications/Xcode.app/Contents/Developer/Toolchains/XcodeDefault.xctoolchain/usr/bin/swiftc -module-name NeuroForgeTests -Onone @/tmp/NeuroForge-improvement-build/Build/Intermediates.noindex/NeuroForge.build/Debug/NeuroForgeTests.build/Objects-normal/arm64/NeuroForgeTests.SwiftFileList -DDEBUG -plugin-path /Applications/Xcode.app/Contents/Developer/Toolchains/XcodeDefault.xctoolchain/usr/lib/swift/host/plugins/testing -enable-experimental-feature DebugDescriptionMacro -sdk /Applications/Xcode.app/Contents/Developer/Platforms/MacOSX.platform/Developer/SDKs/MacOSX26.5.sdk -target arm64-apple-macos26.4 -g -module-cache-path /tmp/NeuroForge-improvement-build/ModuleCache.noindex -Xfrontend -serialize-debugging-options -enable-testing -warnings-as-errors -index-store-path /tmp/NeuroForge-improvement-build/Index.noindex/DataStore -Xcc -D_LIBCPP_HARDENING_MODE\=_LIBCPP_HARDENING_MODE_DEBUG -swift-version 6 -I /tmp/NeuroForge-improvement-build/Build/Products/Debug -Isystem /Applications/Xcode.app/Contents/Developer/Platforms/MacOSX.platform/Developer/usr/lib -F /tmp/NeuroForge-improvement-build/Build/Products/Debug/PackageFrameworks -F /tmp/NeuroForge-improvement-build/Build/Products/Debug -F /Applications/Xcode.app/Contents/Developer/Platforms/MacOSX.platform/Developer/Library/Frameworks -emit-localized-strings -emit-localized-strings-path /tmp/NeuroForge-improvement-build/Build/Intermediates.noindex/NeuroForge.build/Debug/NeuroForgeTests.build/Objects-normal/arm64 -c -j12 -disable-batch-mode -incremental -Xcc -ivfsstatcache -Xcc /tmp/NeuroForge-improvement-build/SDKStatCaches.noindex/macosx26.5-25F70-e082c4a02f00227109f4ed75e425c832.sdkstatcache -output-file-map /tmp/NeuroForge-improvement-build/Build/Intermediates.noindex/NeuroForge.build/Debug/NeuroForgeTests.build/Objects-normal/arm64/NeuroForgeTests-OutputFileMap.json -use-frontend-parseable-output -save-temps -no-color-diagnostics -explicit-module-build -module-cache-path /tmp/NeuroForge-improvement-build/Build/Intermediates.noindex/SwiftExplicitPrecompiledModules -clang-scanner-module-cache-path /tmp/NeuroForge-improvement-build/ModuleCache.noindex -sdk-module-cache-path /tmp/NeuroForge-improvement-build/ModuleCache.noindex -serialize-diagnostics -emit-dependencies -emit-module -emit-module-path /tmp/NeuroForge-improvement-build/Build/Intermediates.noindex/NeuroForge.build/Debug/NeuroForgeTests.build/Objects-normal/arm64/NeuroForgeTests.swiftmodule -validate-clang-modules-once -clang-build-session-file /tmp/NeuroForge-improvement-build/ModuleCache.noindex/Session.modulevalidation -Xcc -I/tmp/NeuroForge-improvement-build/Build/Intermediates.noindex/NeuroForge.build/Debug/NeuroForgeTests.build/swift-overrides.hmap -emit-const-values -Xfrontend -const-gather-protocols-file -Xfrontend /tmp/NeuroForge-improvement-build/Build/Intermediates.noindex/NeuroForge.build/Debug/NeuroForgeTests.build/Objects-normal/arm64/NeuroForgeTests_const_extract_protocols.json -Xcc -iquote -Xcc /tmp/NeuroForge-improvement-build/Build/Intermediates.noindex/NeuroForge.build/Debug/NeuroForgeTests.build/NeuroForgeTests-generated-files.hmap -Xcc -I/tmp/NeuroForge-improvement-build/Build/Intermediates.noindex/NeuroForge.build/Debug/NeuroForgeTests.build/NeuroForgeTests-own-target-headers.hmap -Xcc -I/tmp/NeuroForge-improvement-build/Build/Intermediates.noindex/NeuroForge.build/Debug/NeuroForgeTests.build/NeuroForgeTests-all-non-framework-target-headers.hmap -Xcc -ivfsoverlay -Xcc /tmp/NeuroForge-improvement-build/Build/Intermediates.noindex/NeuroForge.build/Debug/NeuroForge-1f477e43189f7d9a813ad7fc7bf5f2ec-VFS/all-product-headers.yaml -Xcc -iquote -Xcc /tmp/NeuroForge-improvement-build/Build/Intermediates.noindex/NeuroForge.build/Debug/NeuroForgeTests.build/NeuroForgeTests-project-headers.hmap -Xcc -I/tmp/NeuroForge-improvement-build/Build/Products/Debug/include -Xcc -I/tmp/NeuroForge-improvement-build/Build/Intermediates.noindex/NeuroForge.build/Debug/NeuroForgeTests.build/DerivedSources-normal/arm64 -Xcc -I/tmp/NeuroForge-improvement-build/Build/Intermediates.noindex/NeuroForge.build/Debug/NeuroForgeTests.build/DerivedSources/arm64 -Xcc -I/tmp/NeuroForge-improvement-build/Build/Intermediates.noindex/NeuroForge.build/Debug/NeuroForgeTests.build/DerivedSources -Xcc -DDEBUG\=1 -emit-objc-header -emit-objc-header-path /tmp/NeuroForge-improvement-build/Build/Intermediates.noindex/NeuroForge.build/Debug/NeuroForgeTests.build/Objects-normal/arm64/NeuroForgeTests-Swift.h -working-directory /Users/takamimarsh/Developer/Projects/Zacro\ Tech/NeuroForge -experimental-emit-module-separately -disable-cmo

SwiftDriverJobDiscovery normal arm64 Compiling SelectionReservationLedgerTests.swift (in target 'NeuroForgeTests' from project 'NeuroForge')

SwiftCompile normal arm64 Compiling\ SessionFlowContractTests.swift /Users/takamimarsh/Developer/Projects/Zacro\ Tech/NeuroForge/Tests/SessionFlowContractTests.swift (in target 'NeuroForgeTests' from project 'NeuroForge')

SwiftCompile normal arm64 /Users/takamimarsh/Developer/Projects/Zacro\ Tech/NeuroForge/Tests/SessionFlowContractTests.swift (in target 'NeuroForgeTests' from project 'NeuroForge')
    cd /Users/takamimarsh/Developer/Projects/Zacro\ Tech/NeuroForge
    

Copy /tmp/NeuroForge-improvement-build/Build/Products/Debug/NeuroForgeTests.swiftmodule/arm64-apple-macos.abi.json /tmp/NeuroForge-improvement-build/Build/Intermediates.noindex/NeuroForge.build/Debug/NeuroForgeTests.build/Objects-normal/arm64/NeuroForgeTests.abi.json (in target 'NeuroForgeTests' from project 'NeuroForge')
    cd /Users/takamimarsh/Developer/Projects/Zacro\ Tech/NeuroForge
    builtin-copy -exclude .DS_Store -exclude CVS -exclude .svn -exclude .git -exclude .hg -resolve-src-symlinks -rename /tmp/NeuroForge-improvement-build/Build/Intermediates.noindex/NeuroForge.build/Debug/NeuroForgeTests.build/Objects-normal/arm64/NeuroForgeTests.abi.json /tmp/NeuroForge-improvement-build/Build/Products/Debug/NeuroForgeTests.swiftmodule/arm64-apple-macos.abi.json

SwiftDriverJobDiscovery normal arm64 Compiling MathContentContractTests.swift (in target 'NeuroForgeTests' from project 'NeuroForge')

Copy /tmp/NeuroForge-improvement-build/Build/Products/Debug/NeuroForgeTests.swiftmodule/Project/arm64-apple-macos.swiftsourceinfo /tmp/NeuroForge-improvement-build/Build/Intermediates.noindex/NeuroForge.build/Debug/NeuroForgeTests.build/Objects-normal/arm64/NeuroForgeTests.swiftsourceinfo (in target 'NeuroForgeTests' from project 'NeuroForge')
    cd /Users/takamimarsh/Developer/Projects/Zacro\ Tech/NeuroForge
    builtin-copy -exclude .DS_Store -exclude CVS -exclude .svn -exclude .git -exclude .hg -resolve-src-symlinks -rename /tmp/NeuroForge-improvement-build/Build/Intermediates.noindex/NeuroForge.build/Debug/NeuroForgeTests.build/Objects-normal/arm64/NeuroForgeTests.swiftsourceinfo /tmp/NeuroForge-improvement-build/Build/Products/Debug/NeuroForgeTests.swiftmodule/Project/arm64-apple-macos.swiftsourceinfo

SwiftCompile normal arm64 Compiling\ DataExportTests.swift /Users/takamimarsh/Developer/Projects/Zacro\ Tech/NeuroForge/Tests/DataExportTests.swift (in target 'NeuroForgeTests' from project 'NeuroForge')

SwiftCompile normal arm64 /Users/takamimarsh/Developer/Projects/Zacro\ Tech/NeuroForge/Tests/DataExportTests.swift (in target 'NeuroForgeTests' from project 'NeuroForge')
    cd /Users/takamimarsh/Developer/Projects/Zacro\ Tech/NeuroForge
    

SwiftCompile normal arm64 Compiling\ RecoveryMigrationTests.swift /Users/takamimarsh/Developer/Projects/Zacro\ Tech/NeuroForge/Tests/RecoveryMigrationTests.swift (in target 'NeuroForgeTests' from project 'NeuroForge')

SwiftCompile normal arm64 /Users/takamimarsh/Developer/Projects/Zacro\ Tech/NeuroForge/Tests/RecoveryMigrationTests.swift (in target 'NeuroForgeTests' from project 'NeuroForge')
    cd /Users/takamimarsh/Developer/Projects/Zacro\ Tech/NeuroForge
    

SwiftDriverJobDiscovery normal arm64 Compiling StarterQuestionSetCatalogTests.swift (in target 'NeuroForgeTests' from project 'NeuroForge')

SwiftCompile normal arm64 Compiling\ DocumentImportLifecycleTests.swift /Users/takamimarsh/Developer/Projects/Zacro\ Tech/NeuroForge/Tests/DocumentImportLifecycleTests.swift (in target 'NeuroForgeTests' from project 'NeuroForge')

SwiftCompile normal arm64 /Users/takamimarsh/Developer/Projects/Zacro\ Tech/NeuroForge/Tests/DocumentImportLifecycleTests.swift (in target 'NeuroForgeTests' from project 'NeuroForge')
    cd /Users/takamimarsh/Developer/Projects/Zacro\ Tech/NeuroForge
    

SwiftDriverJobDiscovery normal arm64 Compiling SessionWorkloadBudgetTests.swift (in target 'NeuroForgeTests' from project 'NeuroForge')

SwiftCompile normal arm64 Compiling\ SemanticSourceImportTests.swift /Users/takamimarsh/Developer/Projects/Zacro\ Tech/NeuroForge/Tests/SemanticSourceImportTests.swift (in target 'NeuroForgeTests' from project 'NeuroForge')

SwiftCompile normal arm64 /Users/takamimarsh/Developer/Projects/Zacro\ Tech/NeuroForge/Tests/SemanticSourceImportTests.swift (in target 'NeuroForgeTests' from project 'NeuroForge')
    cd /Users/takamimarsh/Developer/Projects/Zacro\ Tech/NeuroForge
    

SwiftDriverJobDiscovery normal arm64 Compiling ProfileProgressContractsTests.swift (in target 'NeuroForgeTests' from project 'NeuroForge')

SwiftCompile normal arm64 Compiling\ LocalizationResidualTests.swift /Users/takamimarsh/Developer/Projects/Zacro\ Tech/NeuroForge/Tests/LocalizationResidualTests.swift (in target 'NeuroForgeTests' from project 'NeuroForge')

SwiftCompile normal arm64 /Users/takamimarsh/Developer/Projects/Zacro\ Tech/NeuroForge/Tests/LocalizationResidualTests.swift (in target 'NeuroForgeTests' from project 'NeuroForge')
    cd /Users/takamimarsh/Developer/Projects/Zacro\ Tech/NeuroForge
    

SwiftDriverJobDiscovery normal arm64 Compiling RestoreRequestStoreTests.swift (in target 'NeuroForgeTests' from project 'NeuroForge')

SwiftCompile normal arm64 Compiling\ PrivateCloudTransportTests.swift /Users/takamimarsh/Developer/Projects/Zacro\ Tech/NeuroForge/Tests/PrivateCloudTransportTests.swift (in target 'NeuroForgeTests' from project 'NeuroForge')

SwiftCompile normal arm64 /Users/takamimarsh/Developer/Projects/Zacro\ Tech/NeuroForge/Tests/PrivateCloudTransportTests.swift (in target 'NeuroForgeTests' from project 'NeuroForge')
    cd /Users/takamimarsh/Developer/Projects/Zacro\ Tech/NeuroForge
    

SwiftDriverJobDiscovery normal arm64 Compiling LocalReservationBridgeTests.swift (in target 'NeuroForgeTests' from project 'NeuroForge')

SwiftCompile normal arm64 Compiling\ TransferTaxonomyTests.swift /Users/takamimarsh/Developer/Projects/Zacro\ Tech/NeuroForge/Tests/TransferTaxonomyTests.swift (in target 'NeuroForgeTests' from project 'NeuroForge')

SwiftCompile normal arm64 /Users/takamimarsh/Developer/Projects/Zacro\ Tech/NeuroForge/Tests/TransferTaxonomyTests.swift (in target 'NeuroForgeTests' from project 'NeuroForge')
    cd /Users/takamimarsh/Developer/Projects/Zacro\ Tech/NeuroForge
    

SwiftDriverJobDiscovery normal arm64 Compiling SessionIntegrityReviewTests.swift (in target 'NeuroForgeTests' from project 'NeuroForge')

SwiftCompile normal arm64 Compiling\ PersistenceRuntimeTests.swift /Users/takamimarsh/Developer/Projects/Zacro\ Tech/NeuroForge/Tests/PersistenceRuntimeTests.swift (in target 'NeuroForgeTests' from project 'NeuroForge')

SwiftCompile normal arm64 /Users/takamimarsh/Developer/Projects/Zacro\ Tech/NeuroForge/Tests/PersistenceRuntimeTests.swift (in target 'NeuroForgeTests' from project 'NeuroForge')
    cd /Users/takamimarsh/Developer/Projects/Zacro\ Tech/NeuroForge
    

SwiftDriverJobDiscovery normal arm64 Compiling RecoveryMigrationTests.swift (in target 'NeuroForgeTests' from project 'NeuroForge')

SwiftCompile normal arm64 Compiling\ FocusedQuizRotationIntegrationTests.swift /Users/takamimarsh/Developer/Projects/Zacro\ Tech/NeuroForge/Tests/FocusedQuizRotationIntegrationTests.swift (in target 'NeuroForgeTests' from project 'NeuroForge')

SwiftCompile normal arm64 /Users/takamimarsh/Developer/Projects/Zacro\ Tech/NeuroForge/Tests/FocusedQuizRotationIntegrationTests.swift (in target 'NeuroForgeTests' from project 'NeuroForge')
    cd /Users/takamimarsh/Developer/Projects/Zacro\ Tech/NeuroForge
    

SwiftDriverJobDiscovery normal arm64 Compiling ProgressEvidenceTests.swift (in target 'NeuroForgeTests' from project 'NeuroForge')

SwiftCompile normal arm64 Compiling\ EditorialBandEvidenceTests.swift /Users/takamimarsh/Developer/Projects/Zacro\ Tech/NeuroForge/Tests/EditorialBandEvidenceTests.swift (in target 'NeuroForgeTests' from project 'NeuroForge')

SwiftCompile normal arm64 /Users/takamimarsh/Developer/Projects/Zacro\ Tech/NeuroForge/Tests/EditorialBandEvidenceTests.swift (in target 'NeuroForgeTests' from project 'NeuroForge')
    cd /Users/takamimarsh/Developer/Projects/Zacro\ Tech/NeuroForge
    

SwiftDriverJobDiscovery normal arm64 Compiling DocumentImportLifecycleTests.swift (in target 'NeuroForgeTests' from project 'NeuroForge')

SwiftCompile normal arm64 Compiling\ UserFacingContentLintTests.swift /Users/takamimarsh/Developer/Projects/Zacro\ Tech/NeuroForge/Tests/UserFacingContentLintTests.swift (in target 'NeuroForgeTests' from project 'NeuroForge')

SwiftCompile normal arm64 /Users/takamimarsh/Developer/Projects/Zacro\ Tech/NeuroForge/Tests/UserFacingContentLintTests.swift (in target 'NeuroForgeTests' from project 'NeuroForge')
    cd /Users/takamimarsh/Developer/Projects/Zacro\ Tech/NeuroForge
    

SwiftDriverJobDiscovery normal arm64 Compiling LocalizationResidualTests.swift (in target 'NeuroForgeTests' from project 'NeuroForge')

SwiftCompile normal arm64 Compiling\ SystemIntegrationTests.swift /Users/takamimarsh/Developer/Projects/Zacro\ Tech/NeuroForge/Tests/SystemIntegrationTests.swift (in target 'NeuroForgeTests' from project 'NeuroForge')

SwiftCompile normal arm64 /Users/takamimarsh/Developer/Projects/Zacro\ Tech/NeuroForge/Tests/SystemIntegrationTests.swift (in target 'NeuroForgeTests' from project 'NeuroForge')
    cd /Users/takamimarsh/Developer/Projects/Zacro\ Tech/NeuroForge
    

SwiftDriverJobDiscovery normal arm64 Compiling SessionFlowContractTests.swift (in target 'NeuroForgeTests' from project 'NeuroForge')

SwiftCompile normal arm64 Compiling\ ExactSessionContinuityTests.swift /Users/takamimarsh/Developer/Projects/Zacro\ Tech/NeuroForge/Tests/ExactSessionContinuityTests.swift (in target 'NeuroForgeTests' from project 'NeuroForge')

SwiftCompile normal arm64 /Users/takamimarsh/Developer/Projects/Zacro\ Tech/NeuroForge/Tests/ExactSessionContinuityTests.swift (in target 'NeuroForgeTests' from project 'NeuroForge')
    cd /Users/takamimarsh/Developer/Projects/Zacro\ Tech/NeuroForge
    

SwiftDriverJobDiscovery normal arm64 Compiling TransferTaxonomyTests.swift (in target 'NeuroForgeTests' from project 'NeuroForge')

SwiftCompile normal arm64 Compiling\ CloudAuthoringTests.swift /Users/takamimarsh/Developer/Projects/Zacro\ Tech/NeuroForge/Tests/CloudAuthoringTests.swift (in target 'NeuroForgeTests' from project 'NeuroForge')

SwiftCompile normal arm64 /Users/takamimarsh/Developer/Projects/Zacro\ Tech/NeuroForge/Tests/CloudAuthoringTests.swift (in target 'NeuroForgeTests' from project 'NeuroForge')
    cd /Users/takamimarsh/Developer/Projects/Zacro\ Tech/NeuroForge
    

SwiftDriverJobDiscovery normal arm64 Compiling DataExportTests.swift (in target 'NeuroForgeTests' from project 'NeuroForge')

SwiftCompile normal arm64 Compiling\ OrderedResponseInteractionTests.swift /Users/takamimarsh/Developer/Projects/Zacro\ Tech/NeuroForge/Tests/OrderedResponseInteractionTests.swift (in target 'NeuroForgeTests' from project 'NeuroForge')

SwiftCompile normal arm64 /Users/takamimarsh/Developer/Projects/Zacro\ Tech/NeuroForge/Tests/OrderedResponseInteractionTests.swift (in target 'NeuroForgeTests' from project 'NeuroForge')
    cd /Users/takamimarsh/Developer/Projects/Zacro\ Tech/NeuroForge
    

SwiftDriverJobDiscovery normal arm64 Compiling UserFacingContentLintTests.swift (in target 'NeuroForgeTests' from project 'NeuroForge')

SwiftCompile normal arm64 Compiling\ LocalLearningLifecycleTests.swift /Users/takamimarsh/Developer/Projects/Zacro\ Tech/NeuroForge/Tests/LocalLearningLifecycleTests.swift (in target 'NeuroForgeTests' from project 'NeuroForge')

SwiftCompile normal arm64 /Users/takamimarsh/Developer/Projects/Zacro\ Tech/NeuroForge/Tests/LocalLearningLifecycleTests.swift (in target 'NeuroForgeTests' from project 'NeuroForge')
    cd /Users/takamimarsh/Developer/Projects/Zacro\ Tech/NeuroForge
    

SwiftDriverJobDiscovery normal arm64 Compiling ExperienceImprovementTests.swift (in target 'NeuroForgeTests' from project 'NeuroForge')

SwiftCompile normal arm64 Compiling\ DataExportRoundTripTests.swift /Users/takamimarsh/Developer/Projects/Zacro\ Tech/NeuroForge/Tests/DataExportRoundTripTests.swift (in target 'NeuroForgeTests' from project 'NeuroForge')

SwiftCompile normal arm64 /Users/takamimarsh/Developer/Projects/Zacro\ Tech/NeuroForge/Tests/DataExportRoundTripTests.swift (in target 'NeuroForgeTests' from project 'NeuroForge')
    cd /Users/takamimarsh/Developer/Projects/Zacro\ Tech/NeuroForge
    

SwiftDriverJobDiscovery normal arm64 Compiling SemanticSourceImportTests.swift (in target 'NeuroForgeTests' from project 'NeuroForge')

SwiftCompile normal arm64 Compiling\ ProtectedPortableArchiveTests.swift /Users/takamimarsh/Developer/Projects/Zacro\ Tech/NeuroForge/Tests/ProtectedPortableArchiveTests.swift (in target 'NeuroForgeTests' from project 'NeuroForge')

SwiftCompile normal arm64 /Users/takamimarsh/Developer/Projects/Zacro\ Tech/NeuroForge/Tests/ProtectedPortableArchiveTests.swift (in target 'NeuroForgeTests' from project 'NeuroForge')
    cd /Users/takamimarsh/Developer/Projects/Zacro\ Tech/NeuroForge
    

SwiftDriverJobDiscovery normal arm64 Compiling CloudAuthoringTests.swift (in target 'NeuroForgeTests' from project 'NeuroForge')

SwiftCompile normal arm64 Compiling\ NextDayEnhancementCacheTests.swift /Users/takamimarsh/Developer/Projects/Zacro\ Tech/NeuroForge/Tests/NextDayEnhancementCacheTests.swift (in target 'NeuroForgeTests' from project 'NeuroForge')

SwiftCompile normal arm64 /Users/takamimarsh/Developer/Projects/Zacro\ Tech/NeuroForge/Tests/NextDayEnhancementCacheTests.swift (in target 'NeuroForgeTests' from project 'NeuroForge')
    cd /Users/takamimarsh/Developer/Projects/Zacro\ Tech/NeuroForge
    

SwiftDriverJobDiscovery normal arm64 Compiling OrderedResponseInteractionTests.swift (in target 'NeuroForgeTests' from project 'NeuroForge')

SwiftCompile normal arm64 Compiling\ CodeTraceInteractionTests.swift /Users/takamimarsh/Developer/Projects/Zacro\ Tech/NeuroForge/Tests/CodeTraceInteractionTests.swift (in target 'NeuroForgeTests' from project 'NeuroForge')

SwiftCompile normal arm64 /Users/takamimarsh/Developer/Projects/Zacro\ Tech/NeuroForge/Tests/CodeTraceInteractionTests.swift (in target 'NeuroForgeTests' from project 'NeuroForge')
    cd /Users/takamimarsh/Developer/Projects/Zacro\ Tech/NeuroForge
    

SwiftDriverJobDiscovery normal arm64 Compiling SystemIntegrationTests.swift (in target 'NeuroForgeTests' from project 'NeuroForge')

SwiftCompile normal arm64 Compiling\ ResidualIntegrationContractTests.swift /Users/takamimarsh/Developer/Projects/Zacro\ Tech/NeuroForge/Tests/ResidualIntegrationContractTests.swift (in target 'NeuroForgeTests' from project 'NeuroForge')

SwiftCompile normal arm64 /Users/takamimarsh/Developer/Projects/Zacro\ Tech/NeuroForge/Tests/ResidualIntegrationContractTests.swift (in target 'NeuroForgeTests' from project 'NeuroForge')
    cd /Users/takamimarsh/Developer/Projects/Zacro\ Tech/NeuroForge
    

SwiftDriverJobDiscovery normal arm64 Compiling EditorialBandEvidenceTests.swift (in target 'NeuroForgeTests' from project 'NeuroForge')

SwiftCompile normal arm64 Compiling\ ContentImprovementRegressionTests.swift /Users/takamimarsh/Developer/Projects/Zacro\ Tech/NeuroForge/Tests/ContentImprovementRegressionTests.swift (in target 'NeuroForgeTests' from project 'NeuroForge')
SwiftCompile normal arm64 /Users/takamimarsh/Developer/Projects/Zacro\ Tech/NeuroForge/Tests/ContentImprovementRegressionTests.swift (in target 'NeuroForgeTests' from project 'NeuroForge')
    cd /Users/takamimarsh/Developer/Projects/Zacro\ Tech/NeuroForge
    

SwiftDriverJobDiscovery normal arm64 Compiling NextDayEnhancementCacheTests.swift (in target 'NeuroForgeTests' from project 'NeuroForge')

SwiftCompile normal arm64 Compiling\ DefaultContentCatalogTests.swift /Users/takamimarsh/Developer/Projects/Zacro\ Tech/NeuroForge/Tests/DefaultContentCatalogTests.swift (in target 'NeuroForgeTests' from project 'NeuroForge')

SwiftCompile normal arm64 /Users/takamimarsh/Developer/Projects/Zacro\ Tech/NeuroForge/Tests/DefaultContentCatalogTests.swift (in target 'NeuroForgeTests' from project 'NeuroForge')
    cd /Users/takamimarsh/Developer/Projects/Zacro\ Tech/NeuroForge
    

SwiftDriverJobDiscovery normal arm64 Compiling ProtectedPortableArchiveTests.swift (in target 'NeuroForgeTests' from project 'NeuroForge')

SwiftCompile normal arm64 Compiling\ HistoricalContentCorrectionPolicyTests.swift /Users/takamimarsh/Developer/Projects/Zacro\ Tech/NeuroForge/Tests/HistoricalContentCorrectionPolicyTests.swift (in target 'NeuroForgeTests' from project 'NeuroForge')

SwiftCompile normal arm64 /Users/takamimarsh/Developer/Projects/Zacro\ Tech/NeuroForge/Tests/HistoricalContentCorrectionPolicyTests.swift (in target 'NeuroForgeTests' from project 'NeuroForge')
    cd /Users/takamimarsh/Developer/Projects/Zacro\ Tech/NeuroForge
    

SwiftDriverJobDiscovery normal arm64 Compiling ResidualIntegrationContractTests.swift (in target 'NeuroForgeTests' from project 'NeuroForge')

SwiftCompile normal arm64 Compiling\ GeneralExerciseEngineTests.swift /Users/takamimarsh/Developer/Projects/Zacro\ Tech/NeuroForge/Tests/GeneralExerciseEngineTests.swift (in target 'NeuroForgeTests' from project 'NeuroForge')

SwiftCompile normal arm64 /Users/takamimarsh/Developer/Projects/Zacro\ Tech/NeuroForge/Tests/GeneralExerciseEngineTests.swift (in target 'NeuroForgeTests' from project 'NeuroForge')
    cd /Users/takamimarsh/Developer/Projects/Zacro\ Tech/NeuroForge
    

SwiftDriverJobDiscovery normal arm64 Compiling CodeTraceInteractionTests.swift (in target 'NeuroForgeTests' from project 'NeuroForge')

SwiftCompile normal arm64 Compiling\ RetrievalRuntimeScoringTests.swift /Users/takamimarsh/Developer/Projects/Zacro\ Tech/NeuroForge/Tests/RetrievalRuntimeScoringTests.swift (in target 'NeuroForgeTests' from project 'NeuroForge')

SwiftCompile normal arm64 /Users/takamimarsh/Developer/Projects/Zacro\ Tech/NeuroForge/Tests/RetrievalRuntimeScoringTests.swift (in target 'NeuroForgeTests' from project 'NeuroForge')
    cd /Users/takamimarsh/Developer/Projects/Zacro\ Tech/NeuroForge
    

SwiftDriverJobDiscovery normal arm64 Compiling PrivateCloudTransportTests.swift (in target 'NeuroForgeTests' from project 'NeuroForge')

SwiftCompile normal arm64 Compiling\ OfflineQuestionRotationTests.swift /Users/takamimarsh/Developer/Projects/Zacro\ Tech/NeuroForge/Tests/OfflineQuestionRotationTests.swift (in target 'NeuroForgeTests' from project 'NeuroForge')

SwiftCompile normal arm64 /Users/takamimarsh/Developer/Projects/Zacro\ Tech/NeuroForge/Tests/OfflineQuestionRotationTests.swift (in target 'NeuroForgeTests' from project 'NeuroForge')
    cd /Users/takamimarsh/Developer/Projects/Zacro\ Tech/NeuroForge
    

SwiftDriverJobDiscovery normal arm64 Compiling HistoricalContentCorrectionPolicyTests.swift (in target 'NeuroForgeTests' from project 'NeuroForge')

SwiftCompile normal arm64 Compiling\ NFExerciseScoringEngine.swift /Users/takamimarsh/Developer/Projects/Zacro\ Tech/NeuroForge/Sources/TrainingEngine/NFExerciseScoringEngine.swift (in target 'NeuroForge' from project 'NeuroForge')

SwiftCompile normal arm64 /Users/takamimarsh/Developer/Projects/Zacro\ Tech/NeuroForge/Sources/TrainingEngine/NFExerciseScoringEngine.swift (in target 'NeuroForge' from project 'NeuroForge')
    cd /Users/takamimarsh/Developer/Projects/Zacro\ Tech/NeuroForge
    

SwiftDriverJobDiscovery normal arm64 Compiling RetrievalRuntimeScoringTests.swift (in target 'NeuroForgeTests' from project 'NeuroForge')

SwiftCompile normal arm64 Compiling\ AIStudioView.swift /Users/takamimarsh/Developer/Projects/Zacro\ Tech/NeuroForge/Sources/Features/AI/AIStudioView.swift (in target 'NeuroForge' from project 'NeuroForge')
SwiftCompile normal arm64 /Users/takamimarsh/Developer/Projects/Zacro\ Tech/NeuroForge/Sources/Features/AI/AIStudioView.swift (in target 'NeuroForge' from project 'NeuroForge')
    cd /Users/takamimarsh/Developer/Projects/Zacro\ Tech/NeuroForge
    

SwiftDriverJobDiscovery normal arm64 Compiling FocusedQuizRotationIntegrationTests.swift (in target 'NeuroForgeTests' from project 'NeuroForge')

SwiftCompile normal arm64 Compiling\ NFNextDayPlanPreparationService.swift /Users/takamimarsh/Developer/Projects/Zacro\ Tech/NeuroForge/Sources/AI/NFNextDayPlanPreparationService.swift (in target 'NeuroForge' from project 'NeuroForge')

SwiftCompile normal arm64 /Users/takamimarsh/Developer/Projects/Zacro\ Tech/NeuroForge/Sources/AI/NFNextDayPlanPreparationService.swift (in target 'NeuroForge' from project 'NeuroForge')
    cd /Users/takamimarsh/Developer/Projects/Zacro\ Tech/NeuroForge
    

SwiftDriverJobDiscovery normal arm64 Compiling PersistenceRuntimeTests.swift (in target 'NeuroForgeTests' from project 'NeuroForge')

SwiftCompile normal arm64 Compiling\ PersistenceModels.swift /Users/takamimarsh/Developer/Projects/Zacro\ Tech/NeuroForge/Sources/Persistence/PersistenceModels.swift (in target 'NeuroForge' from project 'NeuroForge')

SwiftCompile normal arm64 /Users/takamimarsh/Developer/Projects/Zacro\ Tech/NeuroForge/Sources/Persistence/PersistenceModels.swift (in target 'NeuroForge' from project 'NeuroForge')
    cd /Users/takamimarsh/Developer/Projects/Zacro\ Tech/NeuroForge
    

SwiftDriverJobDiscovery normal arm64 Compiling GeneralExerciseEngineTests.swift (in target 'NeuroForgeTests' from project 'NeuroForge')

SwiftCompile normal arm64 Compiling\ NFEditorialPracticePolicy.swift /Users/takamimarsh/Developer/Projects/Zacro\ Tech/NeuroForge/Sources/Adaptive/NFEditorialPracticePolicy.swift (in target 'NeuroForge' from project 'NeuroForge')

SwiftCompile normal arm64 /Users/takamimarsh/Developer/Projects/Zacro\ Tech/NeuroForge/Sources/Adaptive/NFEditorialPracticePolicy.swift (in target 'NeuroForge' from project 'NeuroForge')
    cd /Users/takamimarsh/Developer/Projects/Zacro\ Tech/NeuroForge
    

SwiftDriverJobDiscovery normal arm64 Compiling OfflineQuestionRotationTests.swift (in target 'NeuroForgeTests' from project 'NeuroForge')

SwiftCompile normal arm64 Compiling\ NFExerciseContractMetadata.swift /Users/takamimarsh/Developer/Projects/Zacro\ Tech/NeuroForge/Sources/TrainingEngine/NFExerciseContractMetadata.swift (in target 'NeuroForge' from project 'NeuroForge')

SwiftCompile normal arm64 /Users/takamimarsh/Developer/Projects/Zacro\ Tech/NeuroForge/Sources/TrainingEngine/NFExerciseContractMetadata.swift (in target 'NeuroForge' from project 'NeuroForge')
    cd /Users/takamimarsh/Developer/Projects/Zacro\ Tech/NeuroForge
    

SwiftDriverJobDiscovery normal arm64 Compiling ExactSessionContinuityTests.swift (in target 'NeuroForgeTests' from project 'NeuroForge')

SwiftCompile normal arm64 Compiling\ NFQuestionFingerprint.swift /Users/takamimarsh/Developer/Projects/Zacro\ Tech/NeuroForge/Sources/TrainingEngine/NFQuestionFingerprint.swift (in target 'NeuroForge' from project 'NeuroForge')

SwiftCompile normal arm64 /Users/takamimarsh/Developer/Projects/Zacro\ Tech/NeuroForge/Sources/TrainingEngine/NFQuestionFingerprint.swift (in target 'NeuroForge' from project 'NeuroForge')
    cd /Users/takamimarsh/Developer/Projects/Zacro\ Tech/NeuroForge
    

SwiftDriverJobDiscovery normal arm64 Compiling DefaultContentCatalogTests.swift (in target 'NeuroForgeTests' from project 'NeuroForge')

SwiftCompile normal arm64 Compiling\ NFEditorialSchedulingPolicy.swift /Users/takamimarsh/Developer/Projects/Zacro\ Tech/NeuroForge/Sources/Assessment/NFEditorialSchedulingPolicy.swift (in target 'NeuroForge' from project 'NeuroForge')

SwiftCompile normal arm64 /Users/takamimarsh/Developer/Projects/Zacro\ Tech/NeuroForge/Sources/Assessment/NFEditorialSchedulingPolicy.swift (in target 'NeuroForge' from project 'NeuroForge')
    cd /Users/takamimarsh/Developer/Projects/Zacro\ Tech/NeuroForge
    

SwiftDriverJobDiscovery normal arm64 Compiling NFQuestionFingerprint.swift (in target 'NeuroForge' from project 'NeuroForge')

SwiftCompile normal arm64 Compiling\ NFLocalReservationBridge.swift /Users/takamimarsh/Developer/Projects/Zacro\ Tech/NeuroForge/Sources/Adaptive/NFLocalReservationBridge.swift (in target 'NeuroForge' from project 'NeuroForge')

SwiftCompile normal arm64 /Users/takamimarsh/Developer/Projects/Zacro\ Tech/NeuroForge/Sources/Adaptive/NFLocalReservationBridge.swift (in target 'NeuroForge' from project 'NeuroForge')
    cd /Users/takamimarsh/Developer/Projects/Zacro\ Tech/NeuroForge
    

SwiftDriverJobDiscovery normal arm64 Compiling AIAndSourceTests.swift (in target 'NeuroForgeTests' from project 'NeuroForge')

SwiftCompile normal arm64 Compiling\ NFContentInventoryAudit.swift /Users/takamimarsh/Developer/Projects/Zacro\ Tech/NeuroForge/Sources/TrainingEngine/NFContentInventoryAudit.swift (in target 'NeuroForge' from project 'NeuroForge')

SwiftCompile normal arm64 /Users/takamimarsh/Developer/Projects/Zacro\ Tech/NeuroForge/Sources/TrainingEngine/NFContentInventoryAudit.swift (in target 'NeuroForge' from project 'NeuroForge')
    cd /Users/takamimarsh/Developer/Projects/Zacro\ Tech/NeuroForge
    

SwiftDriverJobDiscovery normal arm64 Compiling NFNextDayPlanPreparationService.swift (in target 'NeuroForge' from project 'NeuroForge')

SwiftCompile normal arm64 Compiling\ NFAttemptAnnotationView.swift /Users/takamimarsh/Developer/Projects/Zacro\ Tech/NeuroForge/Sources/Features/Progress/NFAttemptAnnotationView.swift (in target 'NeuroForge' from project 'NeuroForge')

SwiftCompile normal arm64 /Users/takamimarsh/Developer/Projects/Zacro\ Tech/NeuroForge/Sources/Features/Progress/NFAttemptAnnotationView.swift (in target 'NeuroForge' from project 'NeuroForge')
    cd /Users/takamimarsh/Developer/Projects/Zacro\ Tech/NeuroForge
    

SwiftDriverJobDiscovery normal arm64 Compiling NFContentInventoryAudit.swift (in target 'NeuroForge' from project 'NeuroForge')

SwiftCompile normal arm64 Compiling\ NFContinueSessionsCard.swift /Users/takamimarsh/Developer/Projects/Zacro\ Tech/NeuroForge/Sources/Features/Today/NFContinueSessionsCard.swift (in target 'NeuroForge' from project 'NeuroForge')

SwiftCompile normal arm64 /Users/takamimarsh/Developer/Projects/Zacro\ Tech/NeuroForge/Sources/Features/Today/NFContinueSessionsCard.swift (in target 'NeuroForge' from project 'NeuroForge')
    cd /Users/takamimarsh/Developer/Projects/Zacro\ Tech/NeuroForge
    

SwiftDriverJobDiscovery normal arm64 Compiling NFEditorialSchedulingPolicy.swift (in target 'NeuroForge' from project 'NeuroForge')

SwiftCompile normal arm64 Compiling\ NFRestoreColdCoordinator.swift /Users/takamimarsh/Developer/Projects/Zacro\ Tech/NeuroForge/Sources/Privacy/NFRestoreColdCoordinator.swift (in target 'NeuroForge' from project 'NeuroForge')

SwiftCompile normal arm64 /Users/takamimarsh/Developer/Projects/Zacro\ Tech/NeuroForge/Sources/Privacy/NFRestoreColdCoordinator.swift (in target 'NeuroForge' from project 'NeuroForge')
    cd /Users/takamimarsh/Developer/Projects/Zacro\ Tech/NeuroForge
    

SwiftDriverJobDiscovery normal arm64 Compiling NFLocalReservationBridge.swift (in target 'NeuroForge' from project 'NeuroForge')

SwiftCompile normal arm64 Compiling\ NotificationSettingsControls.swift /Users/takamimarsh/Developer/Projects/Zacro\ Tech/NeuroForge/Sources/Features/Settings/NotificationSettingsControls.swift (in target 'NeuroForge' from project 'NeuroForge')

SwiftCompile normal arm64 /Users/takamimarsh/Developer/Projects/Zacro\ Tech/NeuroForge/Sources/Features/Settings/NotificationSettingsControls.swift (in target 'NeuroForge' from project 'NeuroForge')
    cd /Users/takamimarsh/Developer/Projects/Zacro\ Tech/NeuroForge
    

SwiftDriverJobDiscovery normal arm64 Compiling NFExerciseScoringEngine.swift (in target 'NeuroForge' from project 'NeuroForge')

SwiftCompile normal arm64 Compiling\ NFContentCorrectionPolicy.swift /Users/takamimarsh/Developer/Projects/Zacro\ Tech/NeuroForge/Sources/TrainingEngine/NFContentCorrectionPolicy.swift (in target 'NeuroForge' from project 'NeuroForge')

SwiftCompile normal arm64 /Users/takamimarsh/Developer/Projects/Zacro\ Tech/NeuroForge/Sources/TrainingEngine/NFContentCorrectionPolicy.swift (in target 'NeuroForge' from project 'NeuroForge')
    cd /Users/takamimarsh/Developer/Projects/Zacro\ Tech/NeuroForge
    

SwiftDriverJobDiscovery normal arm64 Compiling NFAttemptAnnotationView.swift (in target 'NeuroForge' from project 'NeuroForge')

SwiftCompile normal arm64 Compiling\ ProgressDashboardView.swift /Users/takamimarsh/Developer/Projects/Zacro\ Tech/NeuroForge/Sources/Features/Progress/ProgressDashboardView.swift (in target 'NeuroForge' from project 'NeuroForge')

SwiftCompile normal arm64 /Users/takamimarsh/Developer/Projects/Zacro\ Tech/NeuroForge/Sources/Features/Progress/ProgressDashboardView.swift (in target 'NeuroForge' from project 'NeuroForge')
    cd /Users/takamimarsh/Developer/Projects/Zacro\ Tech/NeuroForge
    

SwiftDriverJobDiscovery normal arm64 Compiling DataExportRoundTripTests.swift (in target 'NeuroForgeTests' from project 'NeuroForge')

SwiftCompile normal arm64 Compiling\ NFWidgetSnapshotPublishing.swift /Users/takamimarsh/Developer/Projects/Zacro\ Tech/NeuroForge/Sources/Integrations/NFWidgetSnapshotPublishing.swift (in target 'NeuroForge' from project 'NeuroForge')

SwiftCompile normal arm64 /Users/takamimarsh/Developer/Projects/Zacro\ Tech/NeuroForge/Sources/Integrations/NFWidgetSnapshotPublishing.swift (in target 'NeuroForge' from project 'NeuroForge')
    cd /Users/takamimarsh/Developer/Projects/Zacro\ Tech/NeuroForge
    

SwiftDriverJobDiscovery normal arm64 Compiling NFEditorialPracticePolicy.swift (in target 'NeuroForge' from project 'NeuroForge')

SwiftCompile normal arm64 Compiling\ NFNextDayEnhancementCache.swift /Users/takamimarsh/Developer/Projects/Zacro\ Tech/NeuroForge/Sources/AI/NFNextDayEnhancementCache.swift (in target 'NeuroForge' from project 'NeuroForge')

SwiftCompile normal arm64 /Users/takamimarsh/Developer/Projects/Zacro\ Tech/NeuroForge/Sources/AI/NFNextDayEnhancementCache.swift (in target 'NeuroForge' from project 'NeuroForge')
    cd /Users/takamimarsh/Developer/Projects/Zacro\ Tech/NeuroForge
    

SwiftDriverJobDiscovery normal arm64 Compiling NFContinueSessionsCard.swift (in target 'NeuroForge' from project 'NeuroForge')

SwiftCompile normal arm64 Compiling\ NFProgressInsightEngine.swift /Users/takamimarsh/Developer/Projects/Zacro\ Tech/NeuroForge/Sources/Adaptive/NFProgressInsightEngine.swift (in target 'NeuroForge' from project 'NeuroForge')

SwiftCompile normal arm64 /Users/takamimarsh/Developer/Projects/Zacro\ Tech/NeuroForge/Sources/Adaptive/NFProgressInsightEngine.swift (in target 'NeuroForge' from project 'NeuroForge')
    cd /Users/takamimarsh/Developer/Projects/Zacro\ Tech/NeuroForge
    

SwiftDriverJobDiscovery normal arm64 Compiling NFContentCorrectionPolicy.swift (in target 'NeuroForge' from project 'NeuroForge')

SwiftCompile normal arm64 Compiling\ OnboardingView.swift /Users/takamimarsh/Developer/Projects/Zacro\ Tech/NeuroForge/Sources/Features/Onboarding/OnboardingView.swift (in target 'NeuroForge' from project 'NeuroForge')

SwiftCompile normal arm64 /Users/takamimarsh/Developer/Projects/Zacro\ Tech/NeuroForge/Sources/Features/Onboarding/OnboardingView.swift (in target 'NeuroForge' from project 'NeuroForge')
    cd /Users/takamimarsh/Developer/Projects/Zacro\ Tech/NeuroForge
    

SwiftDriverJobDiscovery normal arm64 Compiling NFExerciseContractMetadata.swift (in target 'NeuroForge' from project 'NeuroForge')

SwiftCompile normal arm64 Compiling\ NFDataInspectionView.swift /Users/takamimarsh/Developer/Projects/Zacro\ Tech/NeuroForge/Sources/Features/Training/NFDataInspectionView.swift (in target 'NeuroForge' from project 'NeuroForge')

SwiftCompile normal arm64 /Users/takamimarsh/Developer/Projects/Zacro\ Tech/NeuroForge/Sources/Features/Training/NFDataInspectionView.swift (in target 'NeuroForge' from project 'NeuroForge')
    cd /Users/takamimarsh/Developer/Projects/Zacro\ Tech/NeuroForge
    

SwiftDriverJobDiscovery normal arm64 Compiling NotificationSettingsControls.swift (in target 'NeuroForge' from project 'NeuroForge')

SwiftCompile normal arm64 Compiling\ ScratchpadView.swift /Users/takamimarsh/Developer/Projects/Zacro\ Tech/NeuroForge/Sources/Features/Training/ScratchpadView.swift (in target 'NeuroForge' from project 'NeuroForge')

SwiftCompile normal arm64 /Users/takamimarsh/Developer/Projects/Zacro\ Tech/NeuroForge/Sources/Features/Training/ScratchpadView.swift (in target 'NeuroForge' from project 'NeuroForge')
    cd /Users/takamimarsh/Developer/Projects/Zacro\ Tech/NeuroForge
    

SwiftDriverJobDiscovery normal arm64 Compiling NFRestoreColdCoordinator.swift (in target 'NeuroForge' from project 'NeuroForge')

SwiftCompile normal arm64 Compiling\ NFCodeTraceContract.swift /Users/takamimarsh/Developer/Projects/Zacro\ Tech/NeuroForge/Sources/TrainingEngine/NFCodeTraceContract.swift (in target 'NeuroForge' from project 'NeuroForge')

SwiftCompile normal arm64 /Users/takamimarsh/Developer/Projects/Zacro\ Tech/NeuroForge/Sources/TrainingEngine/NFCodeTraceContract.swift (in target 'NeuroForge' from project 'NeuroForge')
    cd /Users/takamimarsh/Developer/Projects/Zacro\ Tech/NeuroForge
    

SwiftDriverJobDiscovery normal arm64 Compiling NFWidgetSnapshotPublishing.swift (in target 'NeuroForge' from project 'NeuroForge')

SwiftCompile normal arm64 Compiling\ NFClaimEvidenceEditor.swift /Users/takamimarsh/Developer/Projects/Zacro\ Tech/NeuroForge/Sources/Features/Training/NFClaimEvidenceEditor.swift (in target 'NeuroForge' from project 'NeuroForge')

SwiftCompile normal arm64 /Users/takamimarsh/Developer/Projects/Zacro\ Tech/NeuroForge/Sources/Features/Training/NFClaimEvidenceEditor.swift (in target 'NeuroForge' from project 'NeuroForge')
    cd /Users/takamimarsh/Developer/Projects/Zacro\ Tech/NeuroForge
    

SwiftDriverJobDiscovery normal arm64 Compiling NFNextDayEnhancementCache.swift (in target 'NeuroForge' from project 'NeuroForge')

SwiftCompile normal arm64 Compiling\ NFUserFacingContentLinter.swift /Users/takamimarsh/Developer/Projects/Zacro\ Tech/NeuroForge/Sources/TrainingEngine/NFUserFacingContentLinter.swift (in target 'NeuroForge' from project 'NeuroForge')

SwiftCompile normal arm64 /Users/takamimarsh/Developer/Projects/Zacro\ Tech/NeuroForge/Sources/TrainingEngine/NFUserFacingContentLinter.swift (in target 'NeuroForge' from project 'NeuroForge')
    cd /Users/takamimarsh/Developer/Projects/Zacro\ Tech/NeuroForge
    

SwiftDriverJobDiscovery normal arm64 Compiling NFCodeTraceContract.swift (in target 'NeuroForge' from project 'NeuroForge')

SwiftCompile normal arm64 Compiling\ NFPlanReplacementPersistence.swift /Users/takamimarsh/Developer/Projects/Zacro\ Tech/NeuroForge/Sources/Persistence/NFPlanReplacementPersistence.swift (in target 'NeuroForge' from project 'NeuroForge')

SwiftCompile normal arm64 /Users/takamimarsh/Developer/Projects/Zacro\ Tech/NeuroForge/Sources/Persistence/NFPlanReplacementPersistence.swift (in target 'NeuroForge' from project 'NeuroForge')
    cd /Users/takamimarsh/Developer/Projects/Zacro\ Tech/NeuroForge
    

SwiftDriverJobDiscovery normal arm64 Compiling LocalLearningLifecycleTests.swift (in target 'NeuroForgeTests' from project 'NeuroForge')

SwiftCompile normal arm64 Compiling\ NFDataArchiveRestoreService.swift /Users/takamimarsh/Developer/Projects/Zacro\ Tech/NeuroForge/Sources/Privacy/NFDataArchiveRestoreService.swift (in target 'NeuroForge' from project 'NeuroForge')

SwiftCompile normal arm64 /Users/takamimarsh/Developer/Projects/Zacro\ Tech/NeuroForge/Sources/Privacy/NFDataArchiveRestoreService.swift (in target 'NeuroForge' from project 'NeuroForge')
    cd /Users/takamimarsh/Developer/Projects/Zacro\ Tech/NeuroForge
    

SwiftCompile normal arm64 Compiling\ ProgressAnnotationsView.swift /Users/takamimarsh/Developer/Projects/Zacro\ Tech/NeuroForge/Sources/Features/Progress/ProgressAnnotationsView.swift (in target 'NeuroForge' from project 'NeuroForge')

SwiftCompile normal arm64 /Users/takamimarsh/Developer/Projects/Zacro\ Tech/NeuroForge/Sources/Features/Progress/ProgressAnnotationsView.swift (in target 'NeuroForge' from project 'NeuroForge')
    cd /Users/takamimarsh/Developer/Projects/Zacro\ Tech/NeuroForge
    

SwiftDriverJobDiscovery normal arm64 Compiling NFUserFacingContentLinter.swift (in target 'NeuroForge' from project 'NeuroForge')

SwiftCompile normal arm64 Compiling\ NFRestoreRuntimeController.swift /Users/takamimarsh/Developer/Projects/Zacro\ Tech/NeuroForge/Sources/Privacy/NFRestoreRuntimeController.swift (in target 'NeuroForge' from project 'NeuroForge')

SwiftCompile normal arm64 /Users/takamimarsh/Developer/Projects/Zacro\ Tech/NeuroForge/Sources/Privacy/NFRestoreRuntimeController.swift (in target 'NeuroForge' from project 'NeuroForge')
    cd /Users/takamimarsh/Developer/Projects/Zacro\ Tech/NeuroForge
    

SwiftDriverJobDiscovery normal arm64 Compiling NFProgressInsightEngine.swift (in target 'NeuroForge' from project 'NeuroForge')

SwiftCompile normal arm64 Compiling\ AIModels.swift /Users/takamimarsh/Developer/Projects/Zacro\ Tech/NeuroForge/Sources/AI/AIModels.swift (in target 'NeuroForge' from project 'NeuroForge')

SwiftCompile normal arm64 /Users/takamimarsh/Developer/Projects/Zacro\ Tech/NeuroForge/Sources/AI/AIModels.swift (in target 'NeuroForge' from project 'NeuroForge')
    cd /Users/takamimarsh/Developer/Projects/Zacro\ Tech/NeuroForge
    

SwiftDriverJobDiscovery normal arm64 Compiling NFDataInspectionView.swift (in target 'NeuroForge' from project 'NeuroForge')

SwiftCompile normal arm64 Compiling\ LibraryView.swift /Users/takamimarsh/Developer/Projects/Zacro\ Tech/NeuroForge/Sources/Features/Library/LibraryView.swift (in target 'NeuroForge' from project 'NeuroForge')

SwiftCompile normal arm64 /Users/takamimarsh/Developer/Projects/Zacro\ Tech/NeuroForge/Sources/Features/Library/LibraryView.swift (in target 'NeuroForge' from project 'NeuroForge')
    cd /Users/takamimarsh/Developer/Projects/Zacro\ Tech/NeuroForge
    

SwiftDriverJobDiscovery normal arm64 Compiling ScratchpadView.swift (in target 'NeuroForge' from project 'NeuroForge')

SwiftCompile normal arm64 Compiling\ NFSchemaMigration.swift /Users/takamimarsh/Developer/Projects/Zacro\ Tech/NeuroForge/Sources/Persistence/NFSchemaMigration.swift (in target 'NeuroForge' from project 'NeuroForge')

SwiftCompile normal arm64 /Users/takamimarsh/Developer/Projects/Zacro\ Tech/NeuroForge/Sources/Persistence/NFSchemaMigration.swift (in target 'NeuroForge' from project 'NeuroForge')
    cd /Users/takamimarsh/Developer/Projects/Zacro\ Tech/NeuroForge
    

SwiftDriverJobDiscovery normal arm64 Compiling OnboardingView.swift (in target 'NeuroForge' from project 'NeuroForge')

SwiftCompile normal arm64 Compiling\ NFReviewQueueView.swift /Users/takamimarsh/Developer/Projects/Zacro\ Tech/NeuroForge/Sources/Features/Progress/NFReviewQueueView.swift (in target 'NeuroForge' from project 'NeuroForge')

SwiftCompile normal arm64 /Users/takamimarsh/Developer/Projects/Zacro\ Tech/NeuroForge/Sources/Features/Progress/NFReviewQueueView.swift (in target 'NeuroForge' from project 'NeuroForge')
    cd /Users/takamimarsh/Developer/Projects/Zacro\ Tech/NeuroForge
    

SwiftDriverJobDiscovery normal arm64 Compiling NFClaimEvidenceEditor.swift (in target 'NeuroForge' from project 'NeuroForge')

SwiftCompile normal arm64 Compiling\ InputCalibrationSettingsView.swift /Users/takamimarsh/Developer/Projects/Zacro\ Tech/NeuroForge/Sources/Features/Settings/InputCalibrationSettingsView.swift (in target 'NeuroForge' from project 'NeuroForge')

SwiftCompile normal arm64 /Users/takamimarsh/Developer/Projects/Zacro\ Tech/NeuroForge/Sources/Features/Settings/InputCalibrationSettingsView.swift (in target 'NeuroForge' from project 'NeuroForge')
    cd /Users/takamimarsh/Developer/Projects/Zacro\ Tech/NeuroForge
    

SwiftDriverJobDiscovery normal arm64 Compiling NFPlanReplacementPersistence.swift (in target 'NeuroForge' from project 'NeuroForge')

SwiftCompile normal arm64 Compiling\ SystemControlsCard.swift /Users/takamimarsh/Developer/Projects/Zacro\ Tech/NeuroForge/Sources/Features/Settings/SystemControlsCard.swift (in target 'NeuroForge' from project 'NeuroForge')

SwiftCompile normal arm64 /Users/takamimarsh/Developer/Projects/Zacro\ Tech/NeuroForge/Sources/Features/Settings/SystemControlsCard.swift (in target 'NeuroForge' from project 'NeuroForge')
    cd /Users/takamimarsh/Developer/Projects/Zacro\ Tech/NeuroForge
    

SwiftDriverJobDiscovery normal arm64 Compiling ProgressAnnotationsView.swift (in target 'NeuroForge' from project 'NeuroForge')

SwiftCompile normal arm64 Compiling\ NFRetrievalResponseAuthority.swift /Users/takamimarsh/Developer/Projects/Zacro\ Tech/NeuroForge/Sources/TrainingEngine/NFRetrievalResponseAuthority.swift (in target 'NeuroForge' from project 'NeuroForge')

SwiftCompile normal arm64 /Users/takamimarsh/Developer/Projects/Zacro\ Tech/NeuroForge/Sources/TrainingEngine/NFRetrievalResponseAuthority.swift (in target 'NeuroForge' from project 'NeuroForge')
    cd /Users/takamimarsh/Developer/Projects/Zacro\ Tech/NeuroForge
    

SwiftDriverJobDiscovery normal arm64 Compiling AIModels.swift (in target 'NeuroForge' from project 'NeuroForge')

SwiftCompile normal arm64 Compiling\ NFModelAuthoringValidator.swift /Users/takamimarsh/Developer/Projects/Zacro\ Tech/NeuroForge/Sources/AI/NFModelAuthoringValidator.swift (in target 'NeuroForge' from project 'NeuroForge')

SwiftCompile normal arm64 /Users/takamimarsh/Developer/Projects/Zacro\ Tech/NeuroForge/Sources/AI/NFModelAuthoringValidator.swift (in target 'NeuroForge' from project 'NeuroForge')
    cd /Users/takamimarsh/Developer/Projects/Zacro\ Tech/NeuroForge
    

SwiftDriverJobDiscovery normal arm64 Compiling SystemControlsCard.swift (in target 'NeuroForge' from project 'NeuroForge')

SwiftCompile normal arm64 Compiling\ NFExerciseModels.swift /Users/takamimarsh/Developer/Projects/Zacro\ Tech/NeuroForge/Sources/TrainingEngine/NFExerciseModels.swift (in target 'NeuroForge' from project 'NeuroForge')

SwiftCompile normal arm64 /Users/takamimarsh/Developer/Projects/Zacro\ Tech/NeuroForge/Sources/TrainingEngine/NFExerciseModels.swift (in target 'NeuroForge' from project 'NeuroForge')
    cd /Users/takamimarsh/Developer/Projects/Zacro\ Tech/NeuroForge
    

SwiftDriverJobDiscovery normal arm64 Compiling NFRestoreRuntimeController.swift (in target 'NeuroForge' from project 'NeuroForge')

SwiftCompile normal arm64 Compiling\ NeuroForgeApp.swift /Users/takamimarsh/Developer/Projects/Zacro\ Tech/NeuroForge/Sources/App/NeuroForgeApp.swift (in target 'NeuroForge' from project 'NeuroForge')

SwiftCompile normal arm64 /Users/takamimarsh/Developer/Projects/Zacro\ Tech/NeuroForge/Sources/App/NeuroForgeApp.swift (in target 'NeuroForge' from project 'NeuroForge')
    cd /Users/takamimarsh/Developer/Projects/Zacro\ Tech/NeuroForge
    

SwiftDriverJobDiscovery normal arm64 Compiling NFRetrievalResponseAuthority.swift (in target 'NeuroForge' from project 'NeuroForge')

SwiftCompile normal arm64 Compiling\ NFExternalRoute.swift /Users/takamimarsh/Developer/Projects/Zacro\ Tech/NeuroForge/Sources/App/NFExternalRoute.swift (in target 'NeuroForge' from project 'NeuroForge')

SwiftCompile normal arm64 /Users/takamimarsh/Developer/Projects/Zacro\ Tech/NeuroForge/Sources/App/NFExternalRoute.swift (in target 'NeuroForge' from project 'NeuroForge')
    cd /Users/takamimarsh/Developer/Projects/Zacro\ Tech/NeuroForge
    

SwiftDriverJobDiscovery normal arm64 Compiling NFSchemaMigration.swift (in target 'NeuroForge' from project 'NeuroForge')

SwiftCompile normal arm64 Compiling\ NFMentalMathProgressAdapter.swift /Users/takamimarsh/Developer/Projects/Zacro\ Tech/NeuroForge/Sources/Adaptive/NFMentalMathProgressAdapter.swift (in target 'NeuroForge' from project 'NeuroForge')

SwiftCompile normal arm64 /Users/takamimarsh/Developer/Projects/Zacro\ Tech/NeuroForge/Sources/Adaptive/NFMentalMathProgressAdapter.swift (in target 'NeuroForge' from project 'NeuroForge')
    cd /Users/takamimarsh/Developer/Projects/Zacro\ Tech/NeuroForge
    

SwiftDriverJobDiscovery normal arm64 Compiling InputCalibrationSettingsView.swift (in target 'NeuroForge' from project 'NeuroForge')

SwiftCompile normal arm64 Compiling\ NeuroForgeIntents.swift /Users/takamimarsh/Developer/Projects/Zacro\ Tech/NeuroForge/Sources/Integrations/NeuroForgeIntents.swift (in target 'NeuroForge' from project 'NeuroForge')

SwiftCompile normal arm64 /Users/takamimarsh/Developer/Projects/Zacro\ Tech/NeuroForge/Sources/Integrations/NeuroForgeIntents.swift (in target 'NeuroForge' from project 'NeuroForge')
    cd /Users/takamimarsh/Developer/Projects/Zacro\ Tech/NeuroForge
    

SwiftDriverJobDiscovery normal arm64 Compiling PersistenceModels.swift (in target 'NeuroForge' from project 'NeuroForge')

SwiftCompile normal arm64 Compiling\ NFSpeedEvidenceEngine.swift /Users/takamimarsh/Developer/Projects/Zacro\ Tech/NeuroForge/Sources/Adaptive/NFSpeedEvidenceEngine.swift (in target 'NeuroForge' from project 'NeuroForge')

SwiftCompile normal arm64 /Users/takamimarsh/Developer/Projects/Zacro\ Tech/NeuroForge/Sources/Adaptive/NFSpeedEvidenceEngine.swift (in target 'NeuroForge' from project 'NeuroForge')
    cd /Users/takamimarsh/Developer/Projects/Zacro\ Tech/NeuroForge
    

SwiftDriverJobDiscovery normal arm64 Compiling NFModelAuthoringValidator.swift (in target 'NeuroForge' from project 'NeuroForge')

SwiftCompile normal arm64 Compiling\ NFAdaptiveQuestionPopulationPolicy.swift /Users/takamimarsh/Developer/Projects/Zacro\ Tech/NeuroForge/Sources/AI/NFAdaptiveQuestionPopulationPolicy.swift (in target 'NeuroForge' from project 'NeuroForge')

SwiftCompile normal arm64 /Users/takamimarsh/Developer/Projects/Zacro\ Tech/NeuroForge/Sources/AI/NFAdaptiveQuestionPopulationPolicy.swift (in target 'NeuroForge' from project 'NeuroForge')
    cd /Users/takamimarsh/Developer/Projects/Zacro\ Tech/NeuroForge
    

SwiftDriverJobDiscovery normal arm64 Compiling NFSpeedEvidenceEngine.swift (in target 'NeuroForge' from project 'NeuroForge')

SwiftCompile normal arm64 Compiling\ AppRootView.swift /Users/takamimarsh/Developer/Projects/Zacro\ Tech/NeuroForge/Sources/App/AppRootView.swift (in target 'NeuroForge' from project 'NeuroForge')

SwiftCompile normal arm64 /Users/takamimarsh/Developer/Projects/Zacro\ Tech/NeuroForge/Sources/App/AppRootView.swift (in target 'NeuroForge' from project 'NeuroForge')
    cd /Users/takamimarsh/Developer/Projects/Zacro\ Tech/NeuroForge
    

SwiftDriverJobDiscovery normal arm64 Compiling NFExternalRoute.swift (in target 'NeuroForge' from project 'NeuroForge')

SwiftCompile normal arm64 Compiling\ NFSystemIntegrationCoordinator.swift /Users/takamimarsh/Developer/Projects/Zacro\ Tech/NeuroForge/Sources/Integrations/System/NFSystemIntegrationCoordinator.swift (in target 'NeuroForge' from project 'NeuroForge')

SwiftCompile normal arm64 /Users/takamimarsh/Developer/Projects/Zacro\ Tech/NeuroForge/Sources/Integrations/System/NFSystemIntegrationCoordinator.swift (in target 'NeuroForge' from project 'NeuroForge')
    cd /Users/takamimarsh/Developer/Projects/Zacro\ Tech/NeuroForge
    

SwiftDriverJobDiscovery normal arm64 Compiling NFAdaptiveQuestionPopulationPolicy.swift (in target 'NeuroForge' from project 'NeuroForge')

SwiftCompile normal arm64 Compiling\ SpotlightSettingsControls.swift /Users/takamimarsh/Developer/Projects/Zacro\ Tech/NeuroForge/Sources/Features/Settings/SpotlightSettingsControls.swift (in target 'NeuroForge' from project 'NeuroForge')

SwiftCompile normal arm64 /Users/takamimarsh/Developer/Projects/Zacro\ Tech/NeuroForge/Sources/Features/Settings/SpotlightSettingsControls.swift (in target 'NeuroForge' from project 'NeuroForge')
    cd /Users/takamimarsh/Developer/Projects/Zacro\ Tech/NeuroForge
    

SwiftDriverJobDiscovery normal arm64 Compiling NeuroForgeIntents.swift (in target 'NeuroForge' from project 'NeuroForge')

SwiftCompile normal arm64 Compiling\ SettingsView.swift /Users/takamimarsh/Developer/Projects/Zacro\ Tech/NeuroForge/Sources/Features/Settings/SettingsView.swift (in target 'NeuroForge' from project 'NeuroForge')

SwiftCompile normal arm64 /Users/takamimarsh/Developer/Projects/Zacro\ Tech/NeuroForge/Sources/Features/Settings/SettingsView.swift (in target 'NeuroForge' from project 'NeuroForge')
    cd /Users/takamimarsh/Developer/Projects/Zacro\ Tech/NeuroForge
    

SwiftDriverJobDiscovery normal arm64 Compiling NFReviewQueueView.swift (in target 'NeuroForge' from project 'NeuroForge')

SwiftCompile normal arm64 Compiling\ NFRetentionTransferScheduler.swift /Users/takamimarsh/Developer/Projects/Zacro\ Tech/NeuroForge/Sources/Assessment/NFRetentionTransferScheduler.swift (in target 'NeuroForge' from project 'NeuroForge')

SwiftCompile normal arm64 /Users/takamimarsh/Developer/Projects/Zacro\ Tech/NeuroForge/Sources/Assessment/NFRetentionTransferScheduler.swift (in target 'NeuroForge' from project 'NeuroForge')
    cd /Users/takamimarsh/Developer/Projects/Zacro\ Tech/NeuroForge
    

SwiftDriverJobDiscovery normal arm64 Compiling NFMentalMathProgressAdapter.swift (in target 'NeuroForge' from project 'NeuroForge')

SwiftCompile normal arm64 Compiling\ NFAuthoredExerciseAuthority.swift /Users/takamimarsh/Developer/Projects/Zacro\ Tech/NeuroForge/Sources/AI/NFAuthoredExerciseAuthority.swift (in target 'NeuroForge' from project 'NeuroForge')

SwiftCompile normal arm64 /Users/takamimarsh/Developer/Projects/Zacro\ Tech/NeuroForge/Sources/AI/NFAuthoredExerciseAuthority.swift (in target 'NeuroForge' from project 'NeuroForge')
    cd /Users/takamimarsh/Developer/Projects/Zacro\ Tech/NeuroForge
    

SwiftDriverJobDiscovery normal arm64 Compiling ContentImprovementRegressionTests.swift (in target 'NeuroForgeTests' from project 'NeuroForge')

SwiftDriver\ Compilation NeuroForgeTests normal arm64 com.apple.xcode.tools.swift.compiler (in target 'NeuroForgeTests' from project 'NeuroForge')
    cd /Users/takamimarsh/Developer/Projects/Zacro\ Tech/NeuroForge
    builtin-Swift-Compilation -- /Applications/Xcode.app/Contents/Developer/Toolchains/XcodeDefault.xctoolchain/usr/bin/swiftc -module-name NeuroForgeTests -Onone @/tmp/NeuroForge-improvement-build/Build/Intermediates.noindex/NeuroForge.build/Debug/NeuroForgeTests.build/Objects-normal/arm64/NeuroForgeTests.SwiftFileList -DDEBUG -plugin-path /Applications/Xcode.app/Contents/Developer/Toolchains/XcodeDefault.xctoolchain/usr/lib/swift/host/plugins/testing -enable-experimental-feature DebugDescriptionMacro -sdk /Applications/Xcode.app/Contents/Developer/Platforms/MacOSX.platform/Developer/SDKs/MacOSX26.5.sdk -target arm64-apple-macos26.4 -g -module-cache-path /tmp/NeuroForge-improvement-build/ModuleCache.noindex -Xfrontend -serialize-debugging-options -enable-testing -warnings-as-errors -index-store-path /tmp/NeuroForge-improvement-build/Index.noindex/DataStore -Xcc -D_LIBCPP_HARDENING_MODE\=_LIBCPP_HARDENING_MODE_DEBUG -swift-version 6 -I /tmp/NeuroForge-improvement-build/Build/Products/Debug -Isystem /Applications/Xcode.app/Contents/Developer/Platforms/MacOSX.platform/Developer/usr/lib -F /tmp/NeuroForge-improvement-build/Build/Products/Debug/PackageFrameworks -F /tmp/NeuroForge-improvement-build/Build/Products/Debug -F /Applications/Xcode.app/Contents/Developer/Platforms/MacOSX.platform/Developer/Library/Frameworks -emit-localized-strings -emit-localized-strings-path /tmp/NeuroForge-improvement-build/Build/Intermediates.noindex/NeuroForge.build/Debug/NeuroForgeTests.build/Objects-normal/arm64 -c -j12 -disable-batch-mode -incremental -Xcc -ivfsstatcache -Xcc /tmp/NeuroForge-improvement-build/SDKStatCaches.noindex/macosx26.5-25F70-e082c4a02f00227109f4ed75e425c832.sdkstatcache -output-file-map /tmp/NeuroForge-improvement-build/Build/Intermediates.noindex/NeuroForge.build/Debug/NeuroForgeTests.build/Objects-normal/arm64/NeuroForgeTests-OutputFileMap.json -use-frontend-parseable-output -save-temps -no-color-diagnostics -explicit-module-build -module-cache-path /tmp/NeuroForge-improvement-build/Build/Intermediates.noindex/SwiftExplicitPrecompiledModules -clang-scanner-module-cache-path /tmp/NeuroForge-improvement-build/ModuleCache.noindex -sdk-module-cache-path /tmp/NeuroForge-improvement-build/ModuleCache.noindex -serialize-diagnostics -emit-dependencies -emit-module -emit-module-path /tmp/NeuroForge-improvement-build/Build/Intermediates.noindex/NeuroForge.build/Debug/NeuroForgeTests.build/Objects-normal/arm64/NeuroForgeTests.swiftmodule -validate-clang-modules-once -clang-build-session-file /tmp/NeuroForge-improvement-build/ModuleCache.noindex/Session.modulevalidation -Xcc -I/tmp/NeuroForge-improvement-build/Build/Intermediates.noindex/NeuroForge.build/Debug/NeuroForgeTests.build/swift-overrides.hmap -emit-const-values -Xfrontend -const-gather-protocols-file -Xfrontend /tmp/NeuroForge-improvement-build/Build/Intermediates.noindex/NeuroForge.build/Debug/NeuroForgeTests.build/Objects-normal/arm64/NeuroForgeTests_const_extract_protocols.json -Xcc -iquote -Xcc /tmp/NeuroForge-improvement-build/Build/Intermediates.noindex/NeuroForge.build/Debug/NeuroForgeTests.build/NeuroForgeTests-generated-files.hmap -Xcc -I/tmp/NeuroForge-improvement-build/Build/Intermediates.noindex/NeuroForge.build/Debug/NeuroForgeTests.build/NeuroForgeTests-own-target-headers.hmap -Xcc -I/tmp/NeuroForge-improvement-build/Build/Intermediates.noindex/NeuroForge.build/Debug/NeuroForgeTests.build/NeuroForgeTests-all-non-framework-target-headers.hmap -Xcc -ivfsoverlay -Xcc /tmp/NeuroForge-improvement-build/Build/Intermediates.noindex/NeuroForge.build/Debug/NeuroForge-1f477e43189f7d9a813ad7fc7bf5f2ec-VFS/all-product-headers.yaml -Xcc -iquote -Xcc /tmp/NeuroForge-improvement-build/Build/Intermediates.noindex/NeuroForge.build/Debug/NeuroForgeTests.build/NeuroForgeTests-project-headers.hmap -Xcc -I/tmp/NeuroForge-improvement-build/Build/Products/Debug/include -Xcc -I/tmp/NeuroForge-improvement-build/Build/Intermediates.noindex/NeuroForge.build/Debug/NeuroForgeTests.build/DerivedSources-normal/arm64 -Xcc -I/tmp/NeuroForge-improvement-build/Build/Intermediates.noindex/NeuroForge.build/Debug/NeuroForgeTests.build/DerivedSources/arm64 -Xcc -I/tmp/NeuroForge-improvement-build/Build/Intermediates.noindex/NeuroForge.build/Debug/NeuroForgeTests.build/DerivedSources -Xcc -DDEBUG\=1 -emit-objc-header -emit-objc-header-path /tmp/NeuroForge-improvement-build/Build/Intermediates.noindex/NeuroForge.build/Debug/NeuroForgeTests.build/Objects-normal/arm64/NeuroForgeTests-Swift.h -working-directory /Users/takamimarsh/Developer/Projects/Zacro\ Tech/NeuroForge -experimental-emit-module-separately -disable-cmo

SwiftDriverJobDiscovery normal arm64 Compiling NFAuthoredExerciseAuthority.swift (in target 'NeuroForge' from project 'NeuroForge')

SwiftCompile normal arm64 Compiling\ NFPrivateStudyMetadata.swift /Users/takamimarsh/Developer/Projects/Zacro\ Tech/NeuroForge/Sources/Features/Library/NFPrivateStudyMetadata.swift (in target 'NeuroForge' from project 'NeuroForge')

SwiftCompile normal arm64 /Users/takamimarsh/Developer/Projects/Zacro\ Tech/NeuroForge/Sources/Features/Library/NFPrivateStudyMetadata.swift (in target 'NeuroForge' from project 'NeuroForge')
    cd /Users/takamimarsh/Developer/Projects/Zacro\ Tech/NeuroForge
    

SwiftCompile normal arm64 Compiling\ UniversalSessionView.swift /Users/takamimarsh/Developer/Projects/Zacro\ Tech/NeuroForge/Sources/Features/Training/UniversalSessionView.swift (in target 'NeuroForge' from project 'NeuroForge')
SwiftCompile normal arm64 /Users/takamimarsh/Developer/Projects/Zacro\ Tech/NeuroForge/Sources/Features/Training/UniversalSessionView.swift (in target 'NeuroForge' from project 'NeuroForge')
    cd /Users/takamimarsh/Developer/Projects/Zacro\ Tech/NeuroForge
    

SwiftDriverJobDiscovery normal arm64 Compiling SpotlightSettingsControls.swift (in target 'NeuroForge' from project 'NeuroForge')

SwiftCompile normal arm64 Compiling\ NFTodaySessionSequence.swift /Users/takamimarsh/Developer/Projects/Zacro\ Tech/NeuroForge/Sources/Features/Training/NFTodaySessionSequence.swift (in target 'NeuroForge' from project 'NeuroForge')

SwiftCompile normal arm64 /Users/takamimarsh/Developer/Projects/Zacro\ Tech/NeuroForge/Sources/Features/Training/NFTodaySessionSequence.swift (in target 'NeuroForge' from project 'NeuroForge')
    cd /Users/takamimarsh/Developer/Projects/Zacro\ Tech/NeuroForge
    

SwiftDriverJobDiscovery normal arm64 Compiling NFRetentionTransferScheduler.swift (in target 'NeuroForge' from project 'NeuroForge')

SwiftCompile normal arm64 Compiling\ NFResponsePresentation.swift /Users/takamimarsh/Developer/Projects/Zacro\ Tech/NeuroForge/Sources/Features/Progress/NFResponsePresentation.swift (in target 'NeuroForge' from project 'NeuroForge')

SwiftCompile normal arm64 /Users/takamimarsh/Developer/Projects/Zacro\ Tech/NeuroForge/Sources/Features/Progress/NFResponsePresentation.swift (in target 'NeuroForge' from project 'NeuroForge')
    cd /Users/takamimarsh/Developer/Projects/Zacro\ Tech/NeuroForge
    

SwiftDriverJobDiscovery normal arm64 Compiling NFExerciseModels.swift (in target 'NeuroForge' from project 'NeuroForge')

SwiftCompile normal arm64 Compiling\ NFGeneratedPracticeDraft.swift /Users/takamimarsh/Developer/Projects/Zacro\ Tech/NeuroForge/Sources/Features/AI/NFGeneratedPracticeDraft.swift (in target 'NeuroForge' from project 'NeuroForge')

SwiftCompile normal arm64 /Users/takamimarsh/Developer/Projects/Zacro\ Tech/NeuroForge/Sources/Features/AI/NFGeneratedPracticeDraft.swift (in target 'NeuroForge' from project 'NeuroForge')
    cd /Users/takamimarsh/Developer/Projects/Zacro\ Tech/NeuroForge
    

SwiftDriverJobDiscovery normal arm64 Compiling NFDataArchiveRestoreService.swift (in target 'NeuroForge' from project 'NeuroForge')

SwiftCompile normal arm64 Compiling\ NFTransferTaxonomy.swift /Users/takamimarsh/Developer/Projects/Zacro\ Tech/NeuroForge/Sources/Adaptive/NFTransferTaxonomy.swift (in target 'NeuroForge' from project 'NeuroForge')

SwiftCompile normal arm64 /Users/takamimarsh/Developer/Projects/Zacro\ Tech/NeuroForge/Sources/Adaptive/NFTransferTaxonomy.swift (in target 'NeuroForge' from project 'NeuroForge')
    cd /Users/takamimarsh/Developer/Projects/Zacro\ Tech/NeuroForge
    

SwiftDriverJobDiscovery normal arm64 Compiling NFResponsePresentation.swift (in target 'NeuroForge' from project 'NeuroForge')

SwiftCompile normal arm64 Compiling\ NFCubeNetEngine.swift /Users/takamimarsh/Developer/Projects/Zacro\ Tech/NeuroForge/Sources/TrainingEngine/NFCubeNetEngine.swift (in target 'NeuroForge' from project 'NeuroForge')

SwiftCompile normal arm64 /Users/takamimarsh/Developer/Projects/Zacro\ Tech/NeuroForge/Sources/TrainingEngine/NFCubeNetEngine.swift (in target 'NeuroForge' from project 'NeuroForge')
    cd /Users/takamimarsh/Developer/Projects/Zacro\ Tech/NeuroForge
    

SwiftDriverJobDiscovery normal arm64 Compiling NFTransferTaxonomy.swift (in target 'NeuroForge' from project 'NeuroForge')

SwiftCompile normal arm64 Compiling\ NFStudyResourcesView.swift /Users/takamimarsh/Developer/Projects/Zacro\ Tech/NeuroForge/Sources/Features/Library/NFStudyResourcesView.swift (in target 'NeuroForge' from project 'NeuroForge')

SwiftCompile normal arm64 /Users/takamimarsh/Developer/Projects/Zacro\ Tech/NeuroForge/Sources/Features/Library/NFStudyResourcesView.swift (in target 'NeuroForge' from project 'NeuroForge')
    cd /Users/takamimarsh/Developer/Projects/Zacro\ Tech/NeuroForge
    

SwiftDriverJobDiscovery normal arm64 Compiling NeuroForgeApp.swift (in target 'NeuroForge' from project 'NeuroForge')

SwiftCompile normal arm64 Compiling\ NFShortcutAuthoringBridge.swift /Users/takamimarsh/Developer/Projects/Zacro\ Tech/NeuroForge/Sources/Integrations/NFShortcutAuthoringBridge.swift (in target 'NeuroForge' from project 'NeuroForge')

SwiftCompile normal arm64 /Users/takamimarsh/Developer/Projects/Zacro\ Tech/NeuroForge/Sources/Integrations/NFShortcutAuthoringBridge.swift (in target 'NeuroForge' from project 'NeuroForge')
    cd /Users/takamimarsh/Developer/Projects/Zacro\ Tech/NeuroForge
    

SwiftDriverJobDiscovery normal arm64 Compiling NFSystemIntegrationCoordinator.swift (in target 'NeuroForge' from project 'NeuroForge')

SwiftCompile normal arm64 Compiling\ NFAssessmentEngine.swift /Users/takamimarsh/Developer/Projects/Zacro\ Tech/NeuroForge/Sources/Assessment/NFAssessmentEngine.swift (in target 'NeuroForge' from project 'NeuroForge')

SwiftCompile normal arm64 /Users/takamimarsh/Developer/Projects/Zacro\ Tech/NeuroForge/Sources/Assessment/NFAssessmentEngine.swift (in target 'NeuroForge' from project 'NeuroForge')
    cd /Users/takamimarsh/Developer/Projects/Zacro\ Tech/NeuroForge
    

SwiftDriverJobDiscovery normal arm64 Compiling NFTodaySessionSequence.swift (in target 'NeuroForge' from project 'NeuroForge')

SwiftCompile normal arm64 Compiling\ NFAdaptiveQuestionPopulationAppBridge.swift /Users/takamimarsh/Developer/Projects/Zacro\ Tech/NeuroForge/Sources/AI/NFAdaptiveQuestionPopulationAppBridge.swift (in target 'NeuroForge' from project 'NeuroForge')

SwiftCompile normal arm64 /Users/takamimarsh/Developer/Projects/Zacro\ Tech/NeuroForge/Sources/AI/NFAdaptiveQuestionPopulationAppBridge.swift (in target 'NeuroForge' from project 'NeuroForge')
    cd /Users/takamimarsh/Developer/Projects/Zacro\ Tech/NeuroForge
    

SwiftDriverJobDiscovery normal arm64 Compiling AppRootView.swift (in target 'NeuroForge' from project 'NeuroForge')

SwiftCompile normal arm64 Compiling\ NFEstimateExactContract.swift /Users/takamimarsh/Developer/Projects/Zacro\ Tech/NeuroForge/Sources/TrainingEngine/NFEstimateExactContract.swift (in target 'NeuroForge' from project 'NeuroForge')

SwiftCompile normal arm64 /Users/takamimarsh/Developer/Projects/Zacro\ Tech/NeuroForge/Sources/TrainingEngine/NFEstimateExactContract.swift (in target 'NeuroForge' from project 'NeuroForge')
    cd /Users/takamimarsh/Developer/Projects/Zacro\ Tech/NeuroForge
    

SwiftDriverJobDiscovery normal arm64 Compiling ProgressDashboardView.swift (in target 'NeuroForge' from project 'NeuroForge')

SwiftCompile normal arm64 Compiling\ NFLocalSessionRepository.swift /Users/takamimarsh/Developer/Projects/Zacro\ Tech/NeuroForge/Sources/Persistence/NFLocalSessionRepository.swift (in target 'NeuroForge' from project 'NeuroForge')

SwiftCompile normal arm64 /Users/takamimarsh/Developer/Projects/Zacro\ Tech/NeuroForge/Sources/Persistence/NFLocalSessionRepository.swift (in target 'NeuroForge' from project 'NeuroForge')
    cd /Users/takamimarsh/Developer/Projects/Zacro\ Tech/NeuroForge
    

SwiftDriverJobDiscovery normal arm64 Compiling NFEstimateExactContract.swift (in target 'NeuroForge' from project 'NeuroForge')

SwiftCompile normal arm64 Compiling\ BaselineOverviewView.swift /Users/takamimarsh/Developer/Projects/Zacro\ Tech/NeuroForge/Sources/Features/Assessment/BaselineOverviewView.swift (in target 'NeuroForge' from project 'NeuroForge')

SwiftCompile normal arm64 /Users/takamimarsh/Developer/Projects/Zacro\ Tech/NeuroForge/Sources/Features/Assessment/BaselineOverviewView.swift (in target 'NeuroForge' from project 'NeuroForge')
    cd /Users/takamimarsh/Developer/Projects/Zacro\ Tech/NeuroForge
    

SwiftDriverJobDiscovery normal arm64 Compiling NFShortcutAuthoringBridge.swift (in target 'NeuroForge' from project 'NeuroForge')

SwiftCompile normal arm64 Compiling\ NFAuthoringEngine.swift /Users/takamimarsh/Developer/Projects/Zacro\ Tech/NeuroForge/Sources/AI/NFAuthoringEngine.swift (in target 'NeuroForge' from project 'NeuroForge')

SwiftCompile normal arm64 /Users/takamimarsh/Developer/Projects/Zacro\ Tech/NeuroForge/Sources/AI/NFAuthoringEngine.swift (in target 'NeuroForge' from project 'NeuroForge')
    cd /Users/takamimarsh/Developer/Projects/Zacro\ Tech/NeuroForge
    

SwiftDriverJobDiscovery normal arm64 Compiling NFPrivateStudyMetadata.swift (in target 'NeuroForge' from project 'NeuroForge')

SwiftCompile normal arm64 Compiling\ NFOfflineQuestionBank.swift /Users/takamimarsh/Developer/Projects/Zacro\ Tech/NeuroForge/Sources/TrainingEngine/NFOfflineQuestionBank.swift (in target 'NeuroForge' from project 'NeuroForge')

SwiftCompile normal arm64 /Users/takamimarsh/Developer/Projects/Zacro\ Tech/NeuroForge/Sources/TrainingEngine/NFOfflineQuestionBank.swift (in target 'NeuroForge' from project 'NeuroForge')
    cd /Users/takamimarsh/Developer/Projects/Zacro\ Tech/NeuroForge
    

SwiftDriverJobDiscovery normal arm64 Compiling NFGeneratedPracticeDraft.swift (in target 'NeuroForge' from project 'NeuroForge')

SwiftCompile normal arm64 Compiling\ AdaptiveEngine.swift /Users/takamimarsh/Developer/Projects/Zacro\ Tech/NeuroForge/Sources/Adaptive/AdaptiveEngine.swift (in target 'NeuroForge' from project 'NeuroForge')

SwiftCompile normal arm64 /Users/takamimarsh/Developer/Projects/Zacro\ Tech/NeuroForge/Sources/Adaptive/AdaptiveEngine.swift (in target 'NeuroForge' from project 'NeuroForge')
    cd /Users/takamimarsh/Developer/Projects/Zacro\ Tech/NeuroForge
    

SwiftDriverJobDiscovery normal arm64 Compiling NFAdaptiveQuestionPopulationAppBridge.swift (in target 'NeuroForge' from project 'NeuroForge')

SwiftCompile normal arm64 Compiling\ EditorialBandEvidenceV1.swift /Users/takamimarsh/Developer/Projects/Zacro\ Tech/NeuroForge/Sources/Adaptive/EditorialBandEvidenceV1.swift (in target 'NeuroForge' from project 'NeuroForge')

SwiftCompile normal arm64 /Users/takamimarsh/Developer/Projects/Zacro\ Tech/NeuroForge/Sources/Adaptive/EditorialBandEvidenceV1.swift (in target 'NeuroForge' from project 'NeuroForge')
    cd /Users/takamimarsh/Developer/Projects/Zacro\ Tech/NeuroForge
    

SwiftDriverJobDiscovery normal arm64 Compiling NFAssessmentEngine.swift (in target 'NeuroForge' from project 'NeuroForge')

SwiftCompile normal arm64 Compiling\ NFDataExportService.swift /Users/takamimarsh/Developer/Projects/Zacro\ Tech/NeuroForge/Sources/Privacy/NFDataExportService.swift (in target 'NeuroForge' from project 'NeuroForge')

SwiftCompile normal arm64 /Users/takamimarsh/Developer/Projects/Zacro\ Tech/NeuroForge/Sources/Privacy/NFDataExportService.swift (in target 'NeuroForge' from project 'NeuroForge')
    cd /Users/takamimarsh/Developer/Projects/Zacro\ Tech/NeuroForge
    

SwiftDriverJobDiscovery normal arm64 Compiling NFOfflineQuestionBank.swift (in target 'NeuroForge' from project 'NeuroForge')

SwiftCompile normal arm64 Compiling\ TrainCatalogView.swift /Users/takamimarsh/Developer/Projects/Zacro\ Tech/NeuroForge/Sources/Features/Train/TrainCatalogView.swift (in target 'NeuroForge' from project 'NeuroForge')

SwiftCompile normal arm64 /Users/takamimarsh/Developer/Projects/Zacro\ Tech/NeuroForge/Sources/Features/Train/TrainCatalogView.swift (in target 'NeuroForge' from project 'NeuroForge')
    cd /Users/takamimarsh/Developer/Projects/Zacro\ Tech/NeuroForge
    

SwiftDriverJobDiscovery normal arm64 Compiling LibraryView.swift (in target 'NeuroForge' from project 'NeuroForge')

SwiftCompile normal arm64 Compiling\ SpatialDiagramView.swift /Users/takamimarsh/Developer/Projects/Zacro\ Tech/NeuroForge/Sources/Features/Training/SpatialDiagramView.swift (in target 'NeuroForge' from project 'NeuroForge')

SwiftCompile normal arm64 /Users/takamimarsh/Developer/Projects/Zacro\ Tech/NeuroForge/Sources/Features/Training/SpatialDiagramView.swift (in target 'NeuroForge' from project 'NeuroForge')
    cd /Users/takamimarsh/Developer/Projects/Zacro\ Tech/NeuroForge
    

SwiftDriverJobDiscovery normal arm64 Compiling AdaptiveEngine.swift (in target 'NeuroForge' from project 'NeuroForge')

SwiftCompile normal arm64 Compiling\ NFFallbackExerciseGenerator.swift /Users/takamimarsh/Developer/Projects/Zacro\ Tech/NeuroForge/Sources/TrainingEngine/NFFallbackExerciseGenerator.swift (in target 'NeuroForge' from project 'NeuroForge')

SwiftCompile normal arm64 /Users/takamimarsh/Developer/Projects/Zacro\ Tech/NeuroForge/Sources/TrainingEngine/NFFallbackExerciseGenerator.swift (in target 'NeuroForge' from project 'NeuroForge')
    cd /Users/takamimarsh/Developer/Projects/Zacro\ Tech/NeuroForge
    

SwiftDriverJobDiscovery normal arm64 Compiling NFStudyResourcesView.swift (in target 'NeuroForge' from project 'NeuroForge')

SwiftCompile normal arm64 Compiling\ NFNavigationState.swift /Users/takamimarsh/Developer/Projects/Zacro\ Tech/NeuroForge/Sources/App/NFNavigationState.swift (in target 'NeuroForge' from project 'NeuroForge')

SwiftCompile normal arm64 /Users/takamimarsh/Developer/Projects/Zacro\ Tech/NeuroForge/Sources/App/NFNavigationState.swift (in target 'NeuroForge' from project 'NeuroForge')
    cd /Users/takamimarsh/Developer/Projects/Zacro\ Tech/NeuroForge
    

SwiftDriverJobDiscovery normal arm64 Compiling SettingsView.swift (in target 'NeuroForge' from project 'NeuroForge')

SwiftCompile normal arm64 Compiling\ TodayView.swift /Users/takamimarsh/Developer/Projects/Zacro\ Tech/NeuroForge/Sources/Features/Today/TodayView.swift (in target 'NeuroForge' from project 'NeuroForge')

SwiftCompile normal arm64 /Users/takamimarsh/Developer/Projects/Zacro\ Tech/NeuroForge/Sources/Features/Today/TodayView.swift (in target 'NeuroForge' from project 'NeuroForge')
    cd /Users/takamimarsh/Developer/Projects/Zacro\ Tech/NeuroForge
    

SwiftDriverJobDiscovery normal arm64 Compiling BaselineOverviewView.swift (in target 'NeuroForge' from project 'NeuroForge')

SwiftCompile normal arm64 Compiling\ NFDirtyEditorGuard.swift /Users/takamimarsh/Developer/Projects/Zacro\ Tech/NeuroForge/Sources/DesignSystem/NFDirtyEditorGuard.swift (in target 'NeuroForge' from project 'NeuroForge')

SwiftCompile normal arm64 /Users/takamimarsh/Developer/Projects/Zacro\ Tech/NeuroForge/Sources/DesignSystem/NFDirtyEditorGuard.swift (in target 'NeuroForge' from project 'NeuroForge')
    cd /Users/takamimarsh/Developer/Projects/Zacro\ Tech/NeuroForge
    

SwiftDriverJobDiscovery normal arm64 Compiling NFNavigationState.swift (in target 'NeuroForge' from project 'NeuroForge')

SwiftDriverJobDiscovery normal arm64 Compiling EditorialBandEvidenceV1.swift (in target 'NeuroForge' from project 'NeuroForge')

SwiftCompile normal arm64 Compiling\ NFDailyScheduler.swift /Users/takamimarsh/Developer/Projects/Zacro\ Tech/NeuroForge/Sources/Assessment/NFDailyScheduler.swift (in target 'NeuroForge' from project 'NeuroForge')

SwiftCompile normal arm64 /Users/takamimarsh/Developer/Projects/Zacro\ Tech/NeuroForge/Sources/Assessment/NFDailyScheduler.swift (in target 'NeuroForge' from project 'NeuroForge')
    cd /Users/takamimarsh/Developer/Projects/Zacro\ Tech/NeuroForge
    

SwiftCompile normal arm64 Compiling\ NFHistoricalPracticeProjection.swift /Users/takamimarsh/Developer/Projects/Zacro\ Tech/NeuroForge/Sources/Adaptive/NFHistoricalPracticeProjection.swift (in target 'NeuroForge' from project 'NeuroForge')

SwiftCompile normal arm64 /Users/takamimarsh/Developer/Projects/Zacro\ Tech/NeuroForge/Sources/Adaptive/NFHistoricalPracticeProjection.swift (in target 'NeuroForge' from project 'NeuroForge')
    cd /Users/takamimarsh/Developer/Projects/Zacro\ Tech/NeuroForge
    

SwiftDriverJobDiscovery normal arm64 Compiling NFAuthoringEngine.swift (in target 'NeuroForge' from project 'NeuroForge')

SwiftCompile normal arm64 Compiling\ DomainModels.swift /Users/takamimarsh/Developer/Projects/Zacro\ Tech/NeuroForge/Sources/Domain/DomainModels.swift (in target 'NeuroForge' from project 'NeuroForge')

SwiftCompile normal arm64 /Users/takamimarsh/Developer/Projects/Zacro\ Tech/NeuroForge/Sources/Domain/DomainModels.swift (in target 'NeuroForge' from project 'NeuroForge')
    cd /Users/takamimarsh/Developer/Projects/Zacro\ Tech/NeuroForge
    

SwiftDriverJobDiscovery normal arm64 Compiling NFDirtyEditorGuard.swift (in target 'NeuroForge' from project 'NeuroForge')

SwiftCompile normal arm64 Compiling\ NFImprovementClaimEngine.swift /Users/takamimarsh/Developer/Projects/Zacro\ Tech/NeuroForge/Sources/Adaptive/NFImprovementClaimEngine.swift (in target 'NeuroForge' from project 'NeuroForge')

SwiftCompile normal arm64 /Users/takamimarsh/Developer/Projects/Zacro\ Tech/NeuroForge/Sources/Adaptive/NFImprovementClaimEngine.swift (in target 'NeuroForge' from project 'NeuroForge')
    cd /Users/takamimarsh/Developer/Projects/Zacro\ Tech/NeuroForge
    

SwiftDriverJobDiscovery normal arm64 Compiling NFDailyScheduler.swift (in target 'NeuroForge' from project 'NeuroForge')

SwiftDriverJobDiscovery normal arm64 Compiling NFImprovementClaimEngine.swift (in target 'NeuroForge' from project 'NeuroForge')

SwiftDriverJobDiscovery normal arm64 Compiling NFHistoricalPracticeProjection.swift (in target 'NeuroForge' from project 'NeuroForge')

SwiftDriverJobDiscovery normal arm64 Compiling DomainModels.swift (in target 'NeuroForge' from project 'NeuroForge')

SwiftDriverJobDiscovery normal arm64 Compiling NFFallbackExerciseGenerator.swift (in target 'NeuroForge' from project 'NeuroForge')

SwiftCompile normal arm64 Compiling\ NFDefaultContentCatalog.swift /Users/takamimarsh/Developer/Projects/Zacro\ Tech/NeuroForge/Sources/TrainingEngine/NFDefaultContentCatalog.swift (in target 'NeuroForge' from project 'NeuroForge')

SwiftCompile normal arm64 /Users/takamimarsh/Developer/Projects/Zacro\ Tech/NeuroForge/Sources/TrainingEngine/NFDefaultContentCatalog.swift (in target 'NeuroForge' from project 'NeuroForge')
    cd /Users/takamimarsh/Developer/Projects/Zacro\ Tech/NeuroForge
    

SwiftDriverJobDiscovery normal arm64 Compiling NFDataExportService.swift (in target 'NeuroForge' from project 'NeuroForge')

SwiftDriverJobDiscovery normal arm64 Compiling NFDefaultContentCatalog.swift (in target 'NeuroForge' from project 'NeuroForge')

SwiftDriverJobDiscovery normal arm64 Compiling TrainCatalogView.swift (in target 'NeuroForge' from project 'NeuroForge')

SwiftDriverJobDiscovery normal arm64 Compiling SpatialDiagramView.swift (in target 'NeuroForge' from project 'NeuroForge')

SwiftCompile normal arm64 Compiling\ NFOrderedResponseEditor.swift /Users/takamimarsh/Developer/Projects/Zacro\ Tech/NeuroForge/Sources/Features/Training/NFOrderedResponseEditor.swift (in target 'NeuroForge' from project 'NeuroForge')

SwiftCompile normal arm64 /Users/takamimarsh/Developer/Projects/Zacro\ Tech/NeuroForge/Sources/Features/Training/NFOrderedResponseEditor.swift (in target 'NeuroForge' from project 'NeuroForge')
    cd /Users/takamimarsh/Developer/Projects/Zacro\ Tech/NeuroForge
    

SwiftCompile normal arm64 Compiling\ Theme.swift /Users/takamimarsh/Developer/Projects/Zacro\ Tech/NeuroForge/Sources/DesignSystem/Theme.swift (in target 'NeuroForge' from project 'NeuroForge')

SwiftCompile normal arm64 /Users/takamimarsh/Developer/Projects/Zacro\ Tech/NeuroForge/Sources/DesignSystem/Theme.swift (in target 'NeuroForge' from project 'NeuroForge')
    cd /Users/takamimarsh/Developer/Projects/Zacro\ Tech/NeuroForge
    

SwiftCompile normal arm64 Compiling\ NFLaTeXEquationView.swift /Users/takamimarsh/Developer/Projects/Zacro\ Tech/NeuroForge/Sources/DesignSystem/NFLaTeXEquationView.swift (in target 'NeuroForge' from project 'NeuroForge')

SwiftCompile normal arm64 /Users/takamimarsh/Developer/Projects/Zacro\ Tech/NeuroForge/Sources/DesignSystem/NFLaTeXEquationView.swift (in target 'NeuroForge' from project 'NeuroForge')
    cd /Users/takamimarsh/Developer/Projects/Zacro\ Tech/NeuroForge
    

SwiftDriverJobDiscovery normal arm64 Compiling NFCubeNetEngine.swift (in target 'NeuroForge' from project 'NeuroForge')

SwiftCompile normal arm64 Compiling\ NFPlanBoundaryPolicy.swift /Users/takamimarsh/Developer/Projects/Zacro\ Tech/NeuroForge/Sources/Assessment/NFPlanBoundaryPolicy.swift (in target 'NeuroForge' from project 'NeuroForge')

SwiftCompile normal arm64 /Users/takamimarsh/Developer/Projects/Zacro\ Tech/NeuroForge/Sources/Assessment/NFPlanBoundaryPolicy.swift (in target 'NeuroForge' from project 'NeuroForge')
    cd /Users/takamimarsh/Developer/Projects/Zacro\ Tech/NeuroForge
    

SwiftCompile normal arm64 Compiling\ NFOCRService.swift /Users/takamimarsh/Developer/Projects/Zacro\ Tech/NeuroForge/Sources/AI/NFOCRService.swift (in target 'NeuroForge' from project 'NeuroForge')

SwiftCompile normal arm64 /Users/takamimarsh/Developer/Projects/Zacro\ Tech/NeuroForge/Sources/AI/NFOCRService.swift (in target 'NeuroForge' from project 'NeuroForge')
    cd /Users/takamimarsh/Developer/Projects/Zacro\ Tech/NeuroForge
    

SwiftCompile normal arm64 Compiling\ NFCodeTraceView.swift /Users/takamimarsh/Developer/Projects/Zacro\ Tech/NeuroForge/Sources/Features/Training/NFCodeTraceView.swift (in target 'NeuroForge' from project 'NeuroForge')

SwiftCompile normal arm64 /Users/takamimarsh/Developer/Projects/Zacro\ Tech/NeuroForge/Sources/Features/Training/NFCodeTraceView.swift (in target 'NeuroForge' from project 'NeuroForge')
    cd /Users/takamimarsh/Developer/Projects/Zacro\ Tech/NeuroForge
    

SwiftCompile normal arm64 Compiling\ NFResponseAuthority.swift /Users/takamimarsh/Developer/Projects/Zacro\ Tech/NeuroForge/Sources/TrainingEngine/NFResponseAuthority.swift (in target 'NeuroForge' from project 'NeuroForge')

SwiftCompile normal arm64 /Users/takamimarsh/Developer/Projects/Zacro\ Tech/NeuroForge/Sources/TrainingEngine/NFResponseAuthority.swift (in target 'NeuroForge' from project 'NeuroForge')
    cd /Users/takamimarsh/Developer/Projects/Zacro\ Tech/NeuroForge
    

SwiftCompile normal arm64 Compiling\ NFMentalMathDomainPacks.swift /Users/takamimarsh/Developer/Projects/Zacro\ Tech/NeuroForge/Sources/TrainingEngine/NFMentalMathDomainPacks.swift (in target 'NeuroForge' from project 'NeuroForge')

SwiftCompile normal arm64 /Users/takamimarsh/Developer/Projects/Zacro\ Tech/NeuroForge/Sources/TrainingEngine/NFMentalMathDomainPacks.swift (in target 'NeuroForge' from project 'NeuroForge')
    cd /Users/takamimarsh/Developer/Projects/Zacro\ Tech/NeuroForge
    

SwiftCompile normal arm64 Compiling\ NFSelectionReservationLedger.swift /Users/takamimarsh/Developer/Projects/Zacro\ Tech/NeuroForge/Sources/Adaptive/NFSelectionReservationLedger.swift (in target 'NeuroForge' from project 'NeuroForge')

SwiftCompile normal arm64 /Users/takamimarsh/Developer/Projects/Zacro\ Tech/NeuroForge/Sources/Adaptive/NFSelectionReservationLedger.swift (in target 'NeuroForge' from project 'NeuroForge')
    cd /Users/takamimarsh/Developer/Projects/Zacro\ Tech/NeuroForge
    

SwiftDriverJobDiscovery normal arm64 Compiling NFPlanBoundaryPolicy.swift (in target 'NeuroForge' from project 'NeuroForge')

SwiftCompile normal arm64 Compiling\ NFOnboardingSampleView.swift /Users/takamimarsh/Developer/Projects/Zacro\ Tech/NeuroForge/Sources/Features/Onboarding/NFOnboardingSampleView.swift (in target 'NeuroForge' from project 'NeuroForge')

SwiftCompile normal arm64 /Users/takamimarsh/Developer/Projects/Zacro\ Tech/NeuroForge/Sources/Features/Onboarding/NFOnboardingSampleView.swift (in target 'NeuroForge' from project 'NeuroForge')
    cd /Users/takamimarsh/Developer/Projects/Zacro\ Tech/NeuroForge
    

SwiftDriverJobDiscovery normal arm64 Compiling NFLaTeXEquationView.swift (in target 'NeuroForge' from project 'NeuroForge')

SwiftCompile normal arm64 Compiling\ NFReleaseContentRuntimeBridge.swift /Users/takamimarsh/Developer/Projects/Zacro\ Tech/NeuroForge/Sources/TrainingEngine/NFReleaseContentRuntimeBridge.swift (in target 'NeuroForge' from project 'NeuroForge')

SwiftCompile normal arm64 /Users/takamimarsh/Developer/Projects/Zacro\ Tech/NeuroForge/Sources/TrainingEngine/NFReleaseContentRuntimeBridge.swift (in target 'NeuroForge' from project 'NeuroForge')
    cd /Users/takamimarsh/Developer/Projects/Zacro\ Tech/NeuroForge
    

SwiftDriverJobDiscovery normal arm64 Compiling TodayView.swift (in target 'NeuroForge' from project 'NeuroForge')

SwiftCompile normal arm64 Compiling\ NFSpotlightIntegration.swift /Users/takamimarsh/Developer/Projects/Zacro\ Tech/NeuroForge/Sources/Integrations/System/NFSpotlightIntegration.swift (in target 'NeuroForge' from project 'NeuroForge')

SwiftCompile normal arm64 /Users/takamimarsh/Developer/Projects/Zacro\ Tech/NeuroForge/Sources/Integrations/System/NFSpotlightIntegration.swift (in target 'NeuroForge' from project 'NeuroForge')
    cd /Users/takamimarsh/Developer/Projects/Zacro\ Tech/NeuroForge
    

SwiftDriverJobDiscovery normal arm64 Compiling NFResponseAuthority.swift (in target 'NeuroForge' from project 'NeuroForge')

SwiftCompile normal arm64 Compiling\ NFPrivateDocumentAssetQueue.swift /Users/takamimarsh/Developer/Projects/Zacro\ Tech/NeuroForge/Sources/Integrations/System/NFPrivateDocumentAssetQueue.swift (in target 'NeuroForge' from project 'NeuroForge')

SwiftCompile normal arm64 /Users/takamimarsh/Developer/Projects/Zacro\ Tech/NeuroForge/Sources/Integrations/System/NFPrivateDocumentAssetQueue.swift (in target 'NeuroForge' from project 'NeuroForge')
    cd /Users/takamimarsh/Developer/Projects/Zacro\ Tech/NeuroForge
    

SwiftDriverJobDiscovery normal arm64 Compiling NFOCRService.swift (in target 'NeuroForge' from project 'NeuroForge')

SwiftCompile normal arm64 Compiling\ NFSyncIntegration.swift /Users/takamimarsh/Developer/Projects/Zacro\ Tech/NeuroForge/Sources/Integrations/System/NFSyncIntegration.swift (in target 'NeuroForge' from project 'NeuroForge')

SwiftCompile normal arm64 /Users/takamimarsh/Developer/Projects/Zacro\ Tech/NeuroForge/Sources/Integrations/System/NFSyncIntegration.swift (in target 'NeuroForge' from project 'NeuroForge')
    cd /Users/takamimarsh/Developer/Projects/Zacro\ Tech/NeuroForge
    

SwiftDriverJobDiscovery normal arm64 Compiling NFMentalMathDomainPacks.swift (in target 'NeuroForge' from project 'NeuroForge')

SwiftCompile normal arm64 Compiling\ NFReleaseContentCatalog.swift /Users/takamimarsh/Developer/Projects/Zacro\ Tech/NeuroForge/Sources/TrainingEngine/NFReleaseContentCatalog.swift (in target 'NeuroForge' from project 'NeuroForge')

SwiftCompile normal arm64 /Users/takamimarsh/Developer/Projects/Zacro\ Tech/NeuroForge/Sources/TrainingEngine/NFReleaseContentCatalog.swift (in target 'NeuroForge' from project 'NeuroForge')
    cd /Users/takamimarsh/Developer/Projects/Zacro\ Tech/NeuroForge
    

SwiftDriverJobDiscovery normal arm64 Compiling AIStudioView.swift (in target 'NeuroForge' from project 'NeuroForge')

SwiftCompile normal arm64 Compiling\ SourceGrounding.swift /Users/takamimarsh/Developer/Projects/Zacro\ Tech/NeuroForge/Sources/AI/SourceGrounding.swift (in target 'NeuroForge' from project 'NeuroForge')

SwiftCompile normal arm64 /Users/takamimarsh/Developer/Projects/Zacro\ Tech/NeuroForge/Sources/AI/SourceGrounding.swift (in target 'NeuroForge' from project 'NeuroForge')
    cd /Users/takamimarsh/Developer/Projects/Zacro\ Tech/NeuroForge
    

SwiftDriverJobDiscovery normal arm64 Compiling NFReleaseContentRuntimeBridge.swift (in target 'NeuroForge' from project 'NeuroForge')

SwiftCompile normal arm64 Compiling\ ProfileEditorView.swift /Users/takamimarsh/Developer/Projects/Zacro\ Tech/NeuroForge/Sources/Features/Settings/ProfileEditorView.swift (in target 'NeuroForge' from project 'NeuroForge')

SwiftCompile normal arm64 /Users/takamimarsh/Developer/Projects/Zacro\ Tech/NeuroForge/Sources/Features/Settings/ProfileEditorView.swift (in target 'NeuroForge' from project 'NeuroForge')
    cd /Users/takamimarsh/Developer/Projects/Zacro\ Tech/NeuroForge
    

SwiftDriverJobDiscovery normal arm64 Compiling NFCodeTraceView.swift (in target 'NeuroForge' from project 'NeuroForge')

SwiftCompile normal arm64 Compiling\ NFBackgroundTaskIntegration.swift /Users/takamimarsh/Developer/Projects/Zacro\ Tech/NeuroForge/Sources/Integrations/System/NFBackgroundTaskIntegration.swift (in target 'NeuroForge' from project 'NeuroForge')

SwiftCompile normal arm64 /Users/takamimarsh/Developer/Projects/Zacro\ Tech/NeuroForge/Sources/Integrations/System/NFBackgroundTaskIntegration.swift (in target 'NeuroForge' from project 'NeuroForge')
    cd /Users/takamimarsh/Developer/Projects/Zacro\ Tech/NeuroForge
    

SwiftDriverJobDiscovery normal arm64 Compiling Theme.swift (in target 'NeuroForge' from project 'NeuroForge')

SwiftCompile normal arm64 Compiling\ NFRestoreRequestStore.swift /Users/takamimarsh/Developer/Projects/Zacro\ Tech/NeuroForge/Sources/Privacy/NFRestoreRequestStore.swift (in target 'NeuroForge' from project 'NeuroForge')

SwiftCompile normal arm64 /Users/takamimarsh/Developer/Projects/Zacro\ Tech/NeuroForge/Sources/Privacy/NFRestoreRequestStore.swift (in target 'NeuroForge' from project 'NeuroForge')
    cd /Users/takamimarsh/Developer/Projects/Zacro\ Tech/NeuroForge
    

SwiftDriverJobDiscovery normal arm64 Compiling NFSpotlightIntegration.swift (in target 'NeuroForge' from project 'NeuroForge')

SwiftCompile normal arm64 Compiling\ NFDocumentImportPipeline.swift /Users/takamimarsh/Developer/Projects/Zacro\ Tech/NeuroForge/Sources/AI/NFDocumentImportPipeline.swift (in target 'NeuroForge' from project 'NeuroForge')

SwiftCompile normal arm64 /Users/takamimarsh/Developer/Projects/Zacro\ Tech/NeuroForge/Sources/AI/NFDocumentImportPipeline.swift (in target 'NeuroForge' from project 'NeuroForge')
    cd /Users/takamimarsh/Developer/Projects/Zacro\ Tech/NeuroForge
    

SwiftDriverJobDiscovery normal arm64 Compiling NFBackgroundTaskIntegration.swift (in target 'NeuroForge' from project 'NeuroForge')

SwiftCompile normal arm64 Compiling\ NFBundledRetrievalCatalog.swift /Users/takamimarsh/Developer/Projects/Zacro\ Tech/NeuroForge/Sources/TrainingEngine/NFBundledRetrievalCatalog.swift (in target 'NeuroForge' from project 'NeuroForge')

SwiftCompile normal arm64 /Users/takamimarsh/Developer/Projects/Zacro\ Tech/NeuroForge/Sources/TrainingEngine/NFBundledRetrievalCatalog.swift (in target 'NeuroForge' from project 'NeuroForge')
    cd /Users/takamimarsh/Developer/Projects/Zacro\ Tech/NeuroForge
    

SwiftDriverJobDiscovery normal arm64 Compiling NFOnboardingSampleView.swift (in target 'NeuroForge' from project 'NeuroForge')

SwiftCompile normal arm64 Compiling\ NFRestrictedPseudocodeInterpreter.swift /Users/takamimarsh/Developer/Projects/Zacro\ Tech/NeuroForge/Sources/TrainingEngine/NFRestrictedPseudocodeInterpreter.swift (in target 'NeuroForge' from project 'NeuroForge')

SwiftCompile normal arm64 /Users/takamimarsh/Developer/Projects/Zacro\ Tech/NeuroForge/Sources/TrainingEngine/NFRestrictedPseudocodeInterpreter.swift (in target 'NeuroForge' from project 'NeuroForge')
    cd /Users/takamimarsh/Developer/Projects/Zacro\ Tech/NeuroForge
    

SwiftDriverJobDiscovery normal arm64 Compiling NFReleaseContentCatalog.swift (in target 'NeuroForge' from project 'NeuroForge')

SwiftCompile normal arm64 Compiling\ NFContentAdmission.swift /Users/takamimarsh/Developer/Projects/Zacro\ Tech/NeuroForge/Sources/TrainingEngine/NFContentAdmission.swift (in target 'NeuroForge' from project 'NeuroForge')

SwiftCompile normal arm64 /Users/takamimarsh/Developer/Projects/Zacro\ Tech/NeuroForge/Sources/TrainingEngine/NFContentAdmission.swift (in target 'NeuroForge' from project 'NeuroForge')
    cd /Users/takamimarsh/Developer/Projects/Zacro\ Tech/NeuroForge
    

SwiftDriverJobDiscovery normal arm64 Compiling NFPrivateDocumentAssetQueue.swift (in target 'NeuroForge' from project 'NeuroForge')

SwiftCompile normal arm64 Compiling\ SessionView.swift /Users/takamimarsh/Developer/Projects/Zacro\ Tech/NeuroForge/Sources/Features/Training/SessionView.swift (in target 'NeuroForge' from project 'NeuroForge')

SwiftCompile normal arm64 /Users/takamimarsh/Developer/Projects/Zacro\ Tech/NeuroForge/Sources/Features/Training/SessionView.swift (in target 'NeuroForge' from project 'NeuroForge')
    cd /Users/takamimarsh/Developer/Projects/Zacro\ Tech/NeuroForge
    

SwiftCompile normal arm64 Compiling\ NFLegacyRotationMigrationBridge.swift /Users/takamimarsh/Developer/Projects/Zacro\ Tech/NeuroForge/Sources/Adaptive/NFLegacyRotationMigrationBridge.swift (in target 'NeuroForge' from project 'NeuroForge')

SwiftCompile normal arm64 /Users/takamimarsh/Developer/Projects/Zacro\ Tech/NeuroForge/Sources/Adaptive/NFLegacyRotationMigrationBridge.swift (in target 'NeuroForge' from project 'NeuroForge')
    cd /Users/takamimarsh/Developer/Projects/Zacro\ Tech/NeuroForge
    

SwiftDriverJobDiscovery normal arm64 Compiling NFOrderedResponseEditor.swift (in target 'NeuroForge' from project 'NeuroForge')

SwiftDriverJobDiscovery normal arm64 Compiling NFSelectionReservationLedger.swift (in target 'NeuroForge' from project 'NeuroForge')

SwiftCompile normal arm64 Compiling\ NFReleaseContentIntegrity.swift /Users/takamimarsh/Developer/Projects/Zacro\ Tech/NeuroForge/Sources/TrainingEngine/NFReleaseContentIntegrity.swift (in target 'NeuroForge' from project 'NeuroForge')

SwiftCompile normal arm64 /Users/takamimarsh/Developer/Projects/Zacro\ Tech/NeuroForge/Sources/TrainingEngine/NFReleaseContentIntegrity.swift (in target 'NeuroForge' from project 'NeuroForge')
    cd /Users/takamimarsh/Developer/Projects/Zacro\ Tech/NeuroForge
    

SwiftDriverJobDiscovery normal arm64 Compiling NFDocumentImportPipeline.swift (in target 'NeuroForge' from project 'NeuroForge')

SwiftCompile normal arm64 Compiling\ NFOfflineQuestionRotation.swift /Users/takamimarsh/Developer/Projects/Zacro\ Tech/NeuroForge/Sources/TrainingEngine/NFOfflineQuestionRotation.swift (in target 'NeuroForge' from project 'NeuroForge')

SwiftCompile normal arm64 /Users/takamimarsh/Developer/Projects/Zacro\ Tech/NeuroForge/Sources/TrainingEngine/NFOfflineQuestionRotation.swift (in target 'NeuroForge' from project 'NeuroForge')
    cd /Users/takamimarsh/Developer/Projects/Zacro\ Tech/NeuroForge
    

SwiftDriverJobDiscovery normal arm64 Compiling ProfileEditorView.swift (in target 'NeuroForge' from project 'NeuroForge')

SwiftCompile normal arm64 Compiling\ MethodologyLibraryView.swift /Users/takamimarsh/Developer/Projects/Zacro\ Tech/NeuroForge/Sources/Features/Methodology/MethodologyLibraryView.swift (in target 'NeuroForge' from project 'NeuroForge')

SwiftCompile normal arm64 /Users/takamimarsh/Developer/Projects/Zacro\ Tech/NeuroForge/Sources/Features/Methodology/MethodologyLibraryView.swift (in target 'NeuroForge' from project 'NeuroForge')
    cd /Users/takamimarsh/Developer/Projects/Zacro\ Tech/NeuroForge
    

SwiftDriverJobDiscovery normal arm64 Compiling NFLegacyRotationMigrationBridge.swift (in target 'NeuroForge' from project 'NeuroForge')

SwiftCompile normal arm64 Compiling\ NFCalculationChainEngine.swift /Users/takamimarsh/Developer/Projects/Zacro\ Tech/NeuroForge/Sources/TrainingEngine/NFCalculationChainEngine.swift (in target 'NeuroForge' from project 'NeuroForge')

SwiftCompile normal arm64 /Users/takamimarsh/Developer/Projects/Zacro\ Tech/NeuroForge/Sources/TrainingEngine/NFCalculationChainEngine.swift (in target 'NeuroForge' from project 'NeuroForge')
    cd /Users/takamimarsh/Developer/Projects/Zacro\ Tech/NeuroForge
    

SwiftDriverJobDiscovery normal arm64 Compiling SessionView.swift (in target 'NeuroForge' from project 'NeuroForge')

SwiftCompile normal arm64 Compiling\ NFCodeTraceSampleView.swift /Users/takamimarsh/Developer/Projects/Zacro\ Tech/NeuroForge/Sources/Features/Training/NFCodeTraceSampleView.swift (in target 'NeuroForge' from project 'NeuroForge')

SwiftCompile normal arm64 /Users/takamimarsh/Developer/Projects/Zacro\ Tech/NeuroForge/Sources/Features/Training/NFCodeTraceSampleView.swift (in target 'NeuroForge' from project 'NeuroForge')
    cd /Users/takamimarsh/Developer/Projects/Zacro\ Tech/NeuroForge
    

SwiftDriverJobDiscovery normal arm64 Compiling NFRestrictedPseudocodeInterpreter.swift (in target 'NeuroForge' from project 'NeuroForge')

SwiftCompile normal arm64 Compiling\ NFNotificationIntegration.swift /Users/takamimarsh/Developer/Projects/Zacro\ Tech/NeuroForge/Sources/Integrations/System/NFNotificationIntegration.swift (in target 'NeuroForge' from project 'NeuroForge')

SwiftCompile normal arm64 /Users/takamimarsh/Developer/Projects/Zacro\ Tech/NeuroForge/Sources/Integrations/System/NFNotificationIntegration.swift (in target 'NeuroForge' from project 'NeuroForge')
    cd /Users/takamimarsh/Developer/Projects/Zacro\ Tech/NeuroForge
    

SwiftDriverJobDiscovery normal arm64 Compiling SourceGrounding.swift (in target 'NeuroForge' from project 'NeuroForge')

SwiftCompile normal arm64 Compiling\ NFExactArithmetic.swift /Users/takamimarsh/Developer/Projects/Zacro\ Tech/NeuroForge/Sources/TrainingEngine/NFExactArithmetic.swift (in target 'NeuroForge' from project 'NeuroForge')

SwiftCompile normal arm64 /Users/takamimarsh/Developer/Projects/Zacro\ Tech/NeuroForge/Sources/TrainingEngine/NFExactArithmetic.swift (in target 'NeuroForge' from project 'NeuroForge')
    cd /Users/takamimarsh/Developer/Projects/Zacro\ Tech/NeuroForge
    

SwiftDriverJobDiscovery normal arm64 Compiling NFContentAdmission.swift (in target 'NeuroForge' from project 'NeuroForge')

SwiftCompile normal arm64 Compiling\ NFMentalMathEvidence.swift /Users/takamimarsh/Developer/Projects/Zacro\ Tech/NeuroForge/Sources/TrainingEngine/NFMentalMathEvidence.swift (in target 'NeuroForge' from project 'NeuroForge')

SwiftCompile normal arm64 /Users/takamimarsh/Developer/Projects/Zacro\ Tech/NeuroForge/Sources/TrainingEngine/NFMentalMathEvidence.swift (in target 'NeuroForge' from project 'NeuroForge')
    cd /Users/takamimarsh/Developer/Projects/Zacro\ Tech/NeuroForge
    

SwiftDriverJobDiscovery normal arm64 Compiling NFReleaseContentIntegrity.swift (in target 'NeuroForge' from project 'NeuroForge')

SwiftCompile normal arm64 Compiling\ NFRestrictedSymbolicAuthority.swift /Users/takamimarsh/Developer/Projects/Zacro\ Tech/NeuroForge/Sources/TrainingEngine/NFRestrictedSymbolicAuthority.swift (in target 'NeuroForge' from project 'NeuroForge')

SwiftCompile normal arm64 /Users/takamimarsh/Developer/Projects/Zacro\ Tech/NeuroForge/Sources/TrainingEngine/NFRestrictedSymbolicAuthority.swift (in target 'NeuroForge' from project 'NeuroForge')
    cd /Users/takamimarsh/Developer/Projects/Zacro\ Tech/NeuroForge
    

SwiftDriverJobDiscovery normal arm64 Compiling NFSyncIntegration.swift (in target 'NeuroForge' from project 'NeuroForge')

SwiftCompile normal arm64 Compiling\ NFReassessmentScheduler.swift /Users/takamimarsh/Developer/Projects/Zacro\ Tech/NeuroForge/Sources/Assessment/NFReassessmentScheduler.swift (in target 'NeuroForge' from project 'NeuroForge')

SwiftCompile normal arm64 /Users/takamimarsh/Developer/Projects/Zacro\ Tech/NeuroForge/Sources/Assessment/NFReassessmentScheduler.swift (in target 'NeuroForge' from project 'NeuroForge')
    cd /Users/takamimarsh/Developer/Projects/Zacro\ Tech/NeuroForge
    

SwiftDriverJobDiscovery normal arm64 Compiling NFCalculationChainEngine.swift (in target 'NeuroForge' from project 'NeuroForge')

SwiftCompile normal arm64 Compiling\ NFAppLocalization.swift /Users/takamimarsh/Developer/Projects/Zacro\ Tech/NeuroForge/Sources/Resources/NFAppLocalization.swift (in target 'NeuroForge' from project 'NeuroForge')

SwiftCompile normal arm64 /Users/takamimarsh/Developer/Projects/Zacro\ Tech/NeuroForge/Sources/Resources/NFAppLocalization.swift (in target 'NeuroForge' from project 'NeuroForge')
    cd /Users/takamimarsh/Developer/Projects/Zacro\ Tech/NeuroForge
    

SwiftDriverJobDiscovery normal arm64 Compiling MethodologyLibraryView.swift (in target 'NeuroForge' from project 'NeuroForge')

SwiftCompile normal arm64 Compiling\ NFAdaptivePlanHistory.swift /Users/takamimarsh/Developer/Projects/Zacro\ Tech/NeuroForge/Sources/Adaptive/NFAdaptivePlanHistory.swift (in target 'NeuroForge' from project 'NeuroForge')

SwiftCompile normal arm64 /Users/takamimarsh/Developer/Projects/Zacro\ Tech/NeuroForge/Sources/Adaptive/NFAdaptivePlanHistory.swift (in target 'NeuroForge' from project 'NeuroForge')
    cd /Users/takamimarsh/Developer/Projects/Zacro\ Tech/NeuroForge
    

SwiftDriverJobDiscovery normal arm64 Compiling NFExactArithmetic.swift (in target 'NeuroForge' from project 'NeuroForge')

SwiftCompile normal arm64 Compiling\ NFStarterQuestionSetCatalog.swift /Users/takamimarsh/Developer/Projects/Zacro\ Tech/NeuroForge/Sources/TrainingEngine/NFStarterQuestionSetCatalog.swift (in target 'NeuroForge' from project 'NeuroForge')

SwiftCompile normal arm64 /Users/takamimarsh/Developer/Projects/Zacro\ Tech/NeuroForge/Sources/TrainingEngine/NFStarterQuestionSetCatalog.swift (in target 'NeuroForge' from project 'NeuroForge')
    cd /Users/takamimarsh/Developer/Projects/Zacro\ Tech/NeuroForge
    

SwiftDriverJobDiscovery normal arm64 Compiling NFOfflineQuestionRotation.swift (in target 'NeuroForge' from project 'NeuroForge')

SwiftDriverJobDiscovery normal arm64 Compiling NFNotificationIntegration.swift (in target 'NeuroForge' from project 'NeuroForge')

SwiftDriverJobDiscovery normal arm64 Compiling NFBundledRetrievalCatalog.swift (in target 'NeuroForge' from project 'NeuroForge')

SwiftDriverJobDiscovery normal arm64 Compiling NFCodeTraceSampleView.swift (in target 'NeuroForge' from project 'NeuroForge')

SwiftDriverJobDiscovery normal arm64 Compiling NFReassessmentScheduler.swift (in target 'NeuroForge' from project 'NeuroForge')

SwiftDriverJobDiscovery normal arm64 Compiling NFRestrictedSymbolicAuthority.swift (in target 'NeuroForge' from project 'NeuroForge')

SwiftDriverJobDiscovery normal arm64 Compiling NFMentalMathEvidence.swift (in target 'NeuroForge' from project 'NeuroForge')

SwiftDriverJobDiscovery normal arm64 Compiling NFAppLocalization.swift (in target 'NeuroForge' from project 'NeuroForge')

SwiftDriverJobDiscovery normal arm64 Compiling NFAdaptivePlanHistory.swift (in target 'NeuroForge' from project 'NeuroForge')

SwiftDriverJobDiscovery normal arm64 Compiling NFRestoreRequestStore.swift (in target 'NeuroForge' from project 'NeuroForge')

SwiftDriverJobDiscovery normal arm64 Compiling NFStarterQuestionSetCatalog.swift (in target 'NeuroForge' from project 'NeuroForge')

SwiftDriverJobDiscovery normal arm64 Compiling NFLocalSessionRepository.swift (in target 'NeuroForge' from project 'NeuroForge')

SwiftDriverJobDiscovery normal arm64 Compiling UniversalSessionView.swift (in target 'NeuroForge' from project 'NeuroForge')

SwiftDriver\ Compilation NeuroForge normal arm64 com.apple.xcode.tools.swift.compiler (in target 'NeuroForge' from project 'NeuroForge')
    cd /Users/takamimarsh/Developer/Projects/Zacro\ Tech/NeuroForge
    builtin-Swift-Compilation -- /Applications/Xcode.app/Contents/Developer/Toolchains/XcodeDefault.xctoolchain/usr/bin/swiftc -module-name NeuroForge -Onone @/tmp/NeuroForge-improvement-build/Build/Intermediates.noindex/NeuroForge.build/Debug/NeuroForge.build/Objects-normal/arm64/NeuroForge.SwiftFileList -DDEBUG -enable-experimental-feature DebugDescriptionMacro -sdk /Applications/Xcode.app/Contents/Developer/Platforms/MacOSX.platform/Developer/SDKs/MacOSX26.5.sdk -target arm64-apple-macos26.4 -g -module-cache-path /tmp/NeuroForge-improvement-build/ModuleCache.noindex -Xfrontend -serialize-debugging-options -enable-testing -warnings-as-errors -index-store-path /tmp/NeuroForge-improvement-build/Index.noindex/DataStore -Xcc -D_LIBCPP_HARDENING_MODE\=_LIBCPP_HARDENING_MODE_DEBUG -swift-version 6 -I /tmp/NeuroForge-improvement-build/Build/Products/Debug -F /tmp/NeuroForge-improvement-build/Build/Products/Debug/PackageFrameworks -F /tmp/NeuroForge-improvement-build/Build/Products/Debug -emit-localized-strings -emit-localized-strings-path /tmp/NeuroForge-improvement-build/Build/Intermediates.noindex/NeuroForge.build/Debug/NeuroForge.build/Objects-normal/arm64 -c -j12 -disable-batch-mode -incremental -Xcc -ivfsstatcache -Xcc /tmp/NeuroForge-improvement-build/SDKStatCaches.noindex/macosx26.5-25F70-e082c4a02f00227109f4ed75e425c832.sdkstatcache -output-file-map /tmp/NeuroForge-improvement-build/Build/Intermediates.noindex/NeuroForge.build/Debug/NeuroForge.build/Objects-normal/arm64/NeuroForge-OutputFileMap.json -use-frontend-parseable-output -save-temps -no-color-diagnostics -explicit-module-build -module-cache-path /tmp/NeuroForge-improvement-build/Build/Intermediates.noindex/SwiftExplicitPrecompiledModules -clang-scanner-module-cache-path /tmp/NeuroForge-improvement-build/ModuleCache.noindex -sdk-module-cache-path /tmp/NeuroForge-improvement-build/ModuleCache.noindex -serialize-diagnostics -emit-dependencies -emit-module -emit-module-path /tmp/NeuroForge-improvement-build/Build/Intermediates.noindex/NeuroForge.build/Debug/NeuroForge.build/Objects-normal/arm64/NeuroForge.swiftmodule -validate-clang-modules-once -clang-build-session-file /tmp/NeuroForge-improvement-build/ModuleCache.noindex/Session.modulevalidation -Xcc -I/tmp/NeuroForge-improvement-build/Build/Intermediates.noindex/NeuroForge.build/Debug/NeuroForge.build/swift-overrides.hmap -emit-const-values -Xfrontend -const-gather-protocols-file -Xfrontend /tmp/NeuroForge-improvement-build/Build/Intermediates.noindex/NeuroForge.build/Debug/NeuroForge.build/Objects-normal/arm64/NeuroForge_const_extract_protocols.json -Xcc -iquote -Xcc /tmp/NeuroForge-improvement-build/Build/Intermediates.noindex/NeuroForge.build/Debug/NeuroForge.build/NeuroForge-generated-files.hmap -Xcc -I/tmp/NeuroForge-improvement-build/Build/Intermediates.noindex/NeuroForge.build/Debug/NeuroForge.build/NeuroForge-own-target-headers.hmap -Xcc -I/tmp/NeuroForge-improvement-build/Build/Intermediates.noindex/NeuroForge.build/Debug/NeuroForge.build/NeuroForge-all-non-framework-target-headers.hmap -Xcc -ivfsoverlay -Xcc /tmp/NeuroForge-improvement-build/Build/Intermediates.noindex/NeuroForge.build/Debug/NeuroForge-1f477e43189f7d9a813ad7fc7bf5f2ec-VFS/all-product-headers.yaml -Xcc -iquote -Xcc /tmp/NeuroForge-improvement-build/Build/Intermediates.noindex/NeuroForge.build/Debug/NeuroForge.build/NeuroForge-project-headers.hmap -Xcc -I/tmp/NeuroForge-improvement-build/Build/Products/Debug/include -Xcc -I/tmp/NeuroForge-improvement-build/Build/Intermediates.noindex/NeuroForge.build/Debug/NeuroForge.build/DerivedSources-normal/arm64 -Xcc -I/tmp/NeuroForge-improvement-build/Build/Intermediates.noindex/NeuroForge.build/Debug/NeuroForge.build/DerivedSources/arm64 -Xcc -I/tmp/NeuroForge-improvement-build/Build/Intermediates.noindex/NeuroForge.build/Debug/NeuroForge.build/DerivedSources -Xcc -DDEBUG\=1 -emit-objc-header -emit-objc-header-path /tmp/NeuroForge-improvement-build/Build/Intermediates.noindex/NeuroForge.build/Debug/NeuroForge.build/Objects-normal/arm64/NeuroForge-Swift.h -working-directory /Users/takamimarsh/Developer/Projects/Zacro\ Tech/NeuroForge -experimental-emit-module-separately -disable-cmo

Ld /tmp/NeuroForge-improvement-build/Build/Products/Debug/NeuroForge.app/Contents/MacOS/NeuroForge.debug.dylib normal (in target 'NeuroForge' from project 'NeuroForge')
    cd /Users/takamimarsh/Developer/Projects/Zacro\ Tech/NeuroForge
    /Applications/Xcode.app/Contents/Developer/Toolchains/XcodeDefault.xctoolchain/usr/bin/clang -Xlinker -reproducible -target arm64-apple-macos26.4 -dynamiclib -isysroot /Applications/Xcode.app/Contents/Developer/Platforms/MacOSX.platform/Developer/SDKs/MacOSX26.5.sdk -O0 -L/tmp/NeuroForge-improvement-build/Build/Intermediates.noindex/EagerLinkingTBDs/Debug -L/tmp/NeuroForge-improvement-build/Build/Products/Debug -F/tmp/NeuroForge-improvement-build/Build/Intermediates.noindex/EagerLinkingTBDs/Debug -F/tmp/NeuroForge-improvement-build/Build/Products/Debug/PackageFrameworks -F/tmp/NeuroForge-improvement-build/Build/Products/Debug -filelist /tmp/NeuroForge-improvement-build/Build/Intermediates.noindex/NeuroForge.build/Debug/NeuroForge.build/Objects-normal/arm64/NeuroForge.LinkFileList -install_name @rpath/NeuroForge.debug.dylib -Xlinker -rpath -Xlinker /tmp/NeuroForge-improvement-build/Build/Products/Debug/PackageFrameworks -Xlinker -rpath -Xlinker @executable_path/Frameworks -Xlinker -object_path_lto -Xlinker /tmp/NeuroForge-improvement-build/Build/Intermediates.noindex/NeuroForge.build/Debug/NeuroForge.build/Objects-normal/arm64/NeuroForge_lto.o -rdynamic -Xlinker -no_deduplicate -Xlinker -dependency_info -Xlinker /tmp/NeuroForge-improvement-build/Build/Intermediates.noindex/NeuroForge.build/Debug/NeuroForge.build/Objects-normal/arm64/NeuroForge_dependency_info.dat -fobjc-link-runtime -L/Applications/Xcode.app/Contents/Developer/Toolchains/XcodeDefault.xctoolchain/usr/lib/swift/macosx -L/usr/lib/swift -Xlinker -add_ast_path -Xlinker /tmp/NeuroForge-improvement-build/Build/Intermediates.noindex/NeuroForge.build/Debug/NeuroForge.build/Objects-normal/arm64/NeuroForge.swiftmodule @/tmp/NeuroForge-improvement-build/Build/Intermediates.noindex/NeuroForge.build/Debug/NeuroForge.build/Objects-normal/arm64/NeuroForge-linker-args.resp -Wl,-no_warn_duplicate_libraries -Xlinker -alias -Xlinker _main -Xlinker ___debug_main_executable_dylib_entry_point -o /tmp/NeuroForge-improvement-build/Build/Products/Debug/NeuroForge.app/Contents/MacOS/NeuroForge.debug.dylib -Xlinker -add_ast_path -Xlinker /tmp/NeuroForge-improvement-build/Build/Intermediates.noindex/SwiftMath.build/Debug/SwiftMath.build/Objects-normal/arm64/SwiftMath.swiftmodule @/tmp/NeuroForge-improvement-build/Build/Intermediates.noindex/SwiftMath.build/Debug/SwiftMath.build/Objects-normal/arm64/SwiftMath-linker-args.resp

ConstructStubExecutorLinkFileList /tmp/NeuroForge-improvement-build/Build/Intermediates.noindex/NeuroForge.build/Debug/NeuroForge.build/NeuroForge-ExecutorLinkFileList-normal-arm64.txt (in target 'NeuroForge' from project 'NeuroForge')
    cd /Users/takamimarsh/Developer/Projects/Zacro\ Tech/NeuroForge
    construct-stub-executor-link-file-list /tmp/NeuroForge-improvement-build/Build/Products/Debug/NeuroForge.app/Contents/MacOS/NeuroForge.debug.dylib /Applications/Xcode.app/Contents/Developer/Platforms/MacOSX.platform/Developer/usr/lib/libPreviewsJITStubExecutor_no_swift_entry_point.a /Applications/Xcode.app/Contents/Developer/Platforms/MacOSX.platform/Developer/usr/lib/libPreviewsJITStubExecutor.a --output /tmp/NeuroForge-improvement-build/Build/Intermediates.noindex/NeuroForge.build/Debug/NeuroForge.build/NeuroForge-ExecutorLinkFileList-normal-arm64.txt
note: Using stub executor library with Swift entry point. (in target 'NeuroForge' from project 'NeuroForge')

Ld /tmp/NeuroForge-improvement-build/Build/Products/Debug/NeuroForge.app/Contents/MacOS/NeuroForge normal (in target 'NeuroForge' from project 'NeuroForge')
    cd /Users/takamimarsh/Developer/Projects/Zacro\ Tech/NeuroForge
    /Applications/Xcode.app/Contents/Developer/Toolchains/XcodeDefault.xctoolchain/usr/bin/clang -Xlinker -reproducible -target arm64-apple-macos26.4 -isysroot /Applications/Xcode.app/Contents/Developer/Platforms/MacOSX.platform/Developer/SDKs/MacOSX26.5.sdk -O0 -L/tmp/NeuroForge-improvement-build/Build/Products/Debug -F/tmp/NeuroForge-improvement-build/Build/Products/Debug/PackageFrameworks -F/tmp/NeuroForge-improvement-build/Build/Products/Debug -Xlinker -rpath -Xlinker @executable_path -Xlinker -rpath -Xlinker /tmp/NeuroForge-improvement-build/Build/Products/Debug/PackageFrameworks -Xlinker -rpath -Xlinker @executable_path/Frameworks -rdynamic -Xlinker -no_deduplicate -e ___debug_blank_executor_main -Xlinker -sectcreate -Xlinker __TEXT -Xlinker __debug_dylib -Xlinker /tmp/NeuroForge-improvement-build/Build/Intermediates.noindex/NeuroForge.build/Debug/NeuroForge.build/NeuroForge-DebugDylibPath-normal-arm64.txt -Xlinker -sectcreate -Xlinker __TEXT -Xlinker __debug_instlnm -Xlinker /tmp/NeuroForge-improvement-build/Build/Intermediates.noindex/NeuroForge.build/Debug/NeuroForge.build/NeuroForge-DebugDylibInstallName-normal-arm64.txt -Xlinker -filelist -Xlinker /tmp/NeuroForge-improvement-build/Build/Intermediates.noindex/NeuroForge.build/Debug/NeuroForge.build/NeuroForge-ExecutorLinkFileList-normal-arm64.txt /tmp/NeuroForge-improvement-build/Build/Products/Debug/NeuroForge.app/Contents/MacOS/NeuroForge.debug.dylib -o /tmp/NeuroForge-improvement-build/Build/Products/Debug/NeuroForge.app/Contents/MacOS/NeuroForge

CopySwiftLibs /tmp/NeuroForge-improvement-build/Build/Products/Debug/NeuroForge.app (in target 'NeuroForge' from project 'NeuroForge')
    cd /Users/takamimarsh/Developer/Projects/Zacro\ Tech/NeuroForge
    builtin-swiftStdLibTool --copy --verbose --scan-executable /tmp/NeuroForge-improvement-build/Build/Products/Debug/NeuroForge.app/Contents/MacOS/NeuroForge.debug.dylib --scan-folder /tmp/NeuroForge-improvement-build/Build/Products/Debug/NeuroForge.app/Contents/Frameworks --scan-folder /tmp/NeuroForge-improvement-build/Build/Products/Debug/NeuroForge.app/Contents/PlugIns --scan-folder /tmp/NeuroForge-improvement-build/Build/Products/Debug/NeuroForge.app/Contents/Library/SystemExtensions --scan-folder /tmp/NeuroForge-improvement-build/Build/Products/Debug/NeuroForge.app/Contents/Extensions --platform macosx --toolchain /Applications/Xcode.app/Contents/Developer/Toolchains/XcodeDefault.xctoolchain --destination /tmp/NeuroForge-improvement-build/Build/Products/Debug/NeuroForge.app/Contents/Frameworks --strip-bitcode --strip-bitcode-tool /Applications/Xcode.app/Contents/Developer/Toolchains/XcodeDefault.xctoolchain/usr/bin/bitcode_strip --emit-dependency-info /tmp/NeuroForge-improvement-build/Build/Intermediates.noindex/NeuroForge.build/Debug/NeuroForge.build/SwiftStdLibToolInputDependencies.dep --filter-for-swift-os
Ignoring --strip-bitcode because --sign was not passed

ExtractAppIntentsMetadata (in target 'NeuroForge' from project 'NeuroForge')
    cd /Users/takamimarsh/Developer/Projects/Zacro\ Tech/NeuroForge
    /Applications/Xcode.app/Contents/Developer/Toolchains/XcodeDefault.xctoolchain/usr/bin/appintentsmetadataprocessor --toolchain-dir /Applications/Xcode.app/Contents/Developer/Toolchains/XcodeDefault.xctoolchain --module-name NeuroForge --sdk-root /Applications/Xcode.app/Contents/Developer/Platforms/MacOSX.platform/Developer/SDKs/MacOSX26.5.sdk --xcode-version 17F113 --platform-family macOS --deployment-target 26.4 --bundle-identifier com.zacrotech.NeuroForge --output /tmp/NeuroForge-improvement-build/Build/Products/Debug/NeuroForge.app/Contents/Resources --target-triple arm64-apple-macos26.4 --binary-file /tmp/NeuroForge-improvement-build/Build/Products/Debug/NeuroForge.app/Contents/MacOS/NeuroForge --dependency-file /tmp/NeuroForge-improvement-build/Build/Intermediates.noindex/NeuroForge.build/Debug/NeuroForge.build/Objects-normal/arm64/NeuroForge_dependency_info.dat --stringsdata-file /tmp/NeuroForge-improvement-build/Build/Intermediates.noindex/NeuroForge.build/Debug/NeuroForge.build/Objects-normal/arm64/ExtractedAppShortcutsMetadata.stringsdata --source-file-list /tmp/NeuroForge-improvement-build/Build/Intermediates.noindex/NeuroForge.build/Debug/NeuroForge.build/Objects-normal/arm64/NeuroForge.SwiftFileList --metadata-file-list /tmp/NeuroForge-improvement-build/Build/Intermediates.noindex/NeuroForge.build/Debug/NeuroForge.build/NeuroForge.DependencyMetadataFileList --static-metadata-file-list /tmp/NeuroForge-improvement-build/Build/Intermediates.noindex/NeuroForge.build/Debug/NeuroForge.build/NeuroForge.DependencyStaticMetadataFileList --swift-const-vals-list /tmp/NeuroForge-improvement-build/Build/Intermediates.noindex/NeuroForge.build/Debug/NeuroForge.build/Objects-normal/arm64/NeuroForge.SwiftConstValuesFileList --compile-time-extraction --deployment-aware-processing --validate-assistant-intents
2026-09-05 19:13:56.144 appintentsmetadataprocessor[18756:6465000] Starting appintentsmetadataprocessor export
2026-09-05 19:13:56.361 appintentsmetadataprocessor[18756:6465000] Writing Metadata.appintents
2026-09-05 19:13:56.361 appintentsmetadataprocessor[18756:6465000] Metadata root: /tmp/NeuroForge-improvement-build/Build/Products/Debug/NeuroForge.app/Contents/Resources/Metadata.appintents

Ld /tmp/NeuroForge-improvement-build/Build/Products/Debug/NeuroForge.app/Contents/PlugIns/NeuroForgeTests.xctest/Contents/MacOS/NeuroForgeTests normal (in target 'NeuroForgeTests' from project 'NeuroForge')
    cd /Users/takamimarsh/Developer/Projects/Zacro\ Tech/NeuroForge
    /Applications/Xcode.app/Contents/Developer/Toolchains/XcodeDefault.xctoolchain/usr/bin/clang -Xlinker -reproducible -target arm64-apple-macos26.4 -bundle -isysroot /Applications/Xcode.app/Contents/Developer/Platforms/MacOSX.platform/Developer/SDKs/MacOSX26.5.sdk -O0 -L/tmp/NeuroForge-improvement-build/Build/Intermediates.noindex/EagerLinkingTBDs/Debug -L/tmp/NeuroForge-improvement-build/Build/Products/Debug -L/Applications/Xcode.app/Contents/Developer/Platforms/MacOSX.platform/Developer/usr/lib -F/tmp/NeuroForge-improvement-build/Build/Intermediates.noindex/EagerLinkingTBDs/Debug -F/tmp/NeuroForge-improvement-build/Build/Products/Debug/PackageFrameworks -F/tmp/NeuroForge-improvement-build/Build/Products/Debug -iframework /Applications/Xcode.app/Contents/Developer/Platforms/MacOSX.platform/Developer/Library/Frameworks -filelist /tmp/NeuroForge-improvement-build/Build/Intermediates.noindex/NeuroForge.build/Debug/NeuroForgeTests.build/Objects-normal/arm64/NeuroForgeTests.LinkFileList -Xlinker -rpath -Xlinker /tmp/NeuroForge-improvement-build/Build/Products/Debug/PackageFrameworks -Xlinker -rpath -Xlinker @loader_path/../Frameworks -Xlinker -rpath -Xlinker @executable_path/../Frameworks -bundle_loader /tmp/NeuroForge-improvement-build/Build/Products/Debug/NeuroForge.app/Contents/MacOS/NeuroForge -Xlinker -object_path_lto -Xlinker /tmp/NeuroForge-improvement-build/Build/Intermediates.noindex/NeuroForge.build/Debug/NeuroForgeTests.build/Objects-normal/arm64/NeuroForgeTests_lto.o -rdynamic -Xlinker -no_deduplicate -Xlinker -dependency_info -Xlinker /tmp/NeuroForge-improvement-build/Build/Intermediates.noindex/NeuroForge.build/Debug/NeuroForgeTests.build/Objects-normal/arm64/NeuroForgeTests_dependency_info.dat -fobjc-link-runtime -L/Applications/Xcode.app/Contents/Developer/Toolchains/XcodeDefault.xctoolchain/usr/lib/swift/macosx -L/usr/lib/swift -Xlinker -add_ast_path -Xlinker /tmp/NeuroForge-improvement-build/Build/Intermediates.noindex/NeuroForge.build/Debug/NeuroForgeTests.build/Objects-normal/arm64/NeuroForgeTests.swiftmodule @/tmp/NeuroForge-improvement-build/Build/Intermediates.noindex/NeuroForge.build/Debug/NeuroForgeTests.build/Objects-normal/arm64/NeuroForgeTests-linker-args.resp -Wl,-no_warn_duplicate_libraries -Xlinker -needed_framework -Xlinker XCTest -framework XCTest -Xlinker -needed-lXCTestSwiftSupport -lXCTestSwiftSupport /tmp/NeuroForge-improvement-build/Build/Products/Debug/NeuroForge.app/Contents/MacOS/NeuroForge.debug.dylib -o /tmp/NeuroForge-improvement-build/Build/Products/Debug/NeuroForge.app/Contents/PlugIns/NeuroForgeTests.xctest/Contents/MacOS/NeuroForgeTests

CopySwiftLibs /tmp/NeuroForge-improvement-build/Build/Products/Debug/NeuroForge.app/Contents/PlugIns/NeuroForgeTests.xctest (in target 'NeuroForgeTests' from project 'NeuroForge')
    cd /Users/takamimarsh/Developer/Projects/Zacro\ Tech/NeuroForge
    builtin-swiftStdLibTool --copy --verbose --scan-executable /tmp/NeuroForge-improvement-build/Build/Products/Debug/NeuroForge.app/Contents/PlugIns/NeuroForgeTests.xctest/Contents/MacOS/NeuroForgeTests --scan-folder /tmp/NeuroForge-improvement-build/Build/Products/Debug/NeuroForge.app/Contents/PlugIns/NeuroForgeTests.xctest/Contents/Frameworks --scan-folder /tmp/NeuroForge-improvement-build/Build/Products/Debug/NeuroForge.app/Contents/PlugIns/NeuroForgeTests.xctest/Contents/PlugIns --scan-folder /tmp/NeuroForge-improvement-build/Build/Products/Debug/NeuroForge.app/Contents/PlugIns/NeuroForgeTests.xctest/Contents/Library/SystemExtensions --scan-folder /tmp/NeuroForge-improvement-build/Build/Products/Debug/NeuroForge.app/Contents/PlugIns/NeuroForgeTests.xctest/Contents/Extensions --platform macosx --toolchain /Applications/Xcode.app/Contents/Developer/Toolchains/XcodeDefault.xctoolchain --destination /tmp/NeuroForge-improvement-build/Build/Products/Debug/NeuroForge.app/Contents/PlugIns/NeuroForgeTests.xctest/Contents/Frameworks --strip-bitcode --scan-executable /Applications/Xcode.app/Contents/Developer/Platforms/MacOSX.platform/Developer/usr/lib/libXCTestSwiftSupport.dylib --strip-bitcode-tool /Applications/Xcode.app/Contents/Developer/Toolchains/XcodeDefault.xctoolchain/usr/bin/bitcode_strip --emit-dependency-info /tmp/NeuroForge-improvement-build/Build/Intermediates.noindex/NeuroForge.build/Debug/NeuroForgeTests.build/SwiftStdLibToolInputDependencies.dep --filter-for-swift-os
Ignoring --strip-bitcode because --sign was not passed

ExtractAppIntentsMetadata (in target 'NeuroForgeTests' from project 'NeuroForge')
    cd /Users/takamimarsh/Developer/Projects/Zacro\ Tech/NeuroForge
    /Applications/Xcode.app/Contents/Developer/Toolchains/XcodeDefault.xctoolchain/usr/bin/appintentsmetadataprocessor --toolchain-dir /Applications/Xcode.app/Contents/Developer/Toolchains/XcodeDefault.xctoolchain --module-name NeuroForgeTests --sdk-root /Applications/Xcode.app/Contents/Developer/Platforms/MacOSX.platform/Developer/SDKs/MacOSX26.5.sdk --xcode-version 17F113 --platform-family macOS --deployment-target 26.4 --bundle-identifier com.zacrotech.NeuroForgeTests --output /tmp/NeuroForge-improvement-build/Build/Products/Debug/NeuroForge.app/Contents/PlugIns/NeuroForgeTests.xctest/Contents/Resources --target-triple arm64-apple-macos26.4 --binary-file /tmp/NeuroForge-improvement-build/Build/Products/Debug/NeuroForge.app/Contents/PlugIns/NeuroForgeTests.xctest/Contents/MacOS/NeuroForgeTests --dependency-file /tmp/NeuroForge-improvement-build/Build/Intermediates.noindex/NeuroForge.build/Debug/NeuroForgeTests.build/Objects-normal/arm64/NeuroForgeTests_dependency_info.dat --stringsdata-file /tmp/NeuroForge-improvement-build/Build/Intermediates.noindex/NeuroForge.build/Debug/NeuroForgeTests.build/Objects-normal/arm64/ExtractedAppShortcutsMetadata.stringsdata --source-file-list /tmp/NeuroForge-improvement-build/Build/Intermediates.noindex/NeuroForge.build/Debug/NeuroForgeTests.build/Objects-normal/arm64/NeuroForgeTests.SwiftFileList --metadata-file-list /tmp/NeuroForge-improvement-build/Build/Intermediates.noindex/NeuroForge.build/Debug/NeuroForgeTests.build/NeuroForgeTests.DependencyMetadataFileList --static-metadata-file-list /tmp/NeuroForge-improvement-build/Build/Intermediates.noindex/NeuroForge.build/Debug/NeuroForgeTests.build/NeuroForgeTests.DependencyStaticMetadataFileList --swift-const-vals-list /tmp/NeuroForge-improvement-build/Build/Intermediates.noindex/NeuroForge.build/Debug/NeuroForgeTests.build/Objects-normal/arm64/NeuroForgeTests.SwiftConstValuesFileList --compile-time-extraction --deployment-aware-processing --validate-assistant-intents --no-app-shortcuts-localization
2026-09-05 19:13:57.089 appintentsmetadataprocessor[18762:6465062] Starting appintentsmetadataprocessor export
2026-09-05 19:13:57.115 appintentsmetadataprocessor[18762:6465062] Extracted no relevant App Intents symbols, skipping writing output

Validate /tmp/NeuroForge-improvement-build/Build/Products/Debug/NeuroForge.app (in target 'NeuroForge' from project 'NeuroForge')
    cd /Users/takamimarsh/Developer/Projects/Zacro\ Tech/NeuroForge
    builtin-validationUtility /tmp/NeuroForge-improvement-build/Build/Products/Debug/NeuroForge.app -no-validate-extension -infoplist-subpath Contents/Info.plist

RegisterWithLaunchServices /tmp/NeuroForge-improvement-build/Build/Products/Debug/NeuroForge.app (in target 'NeuroForge' from project 'NeuroForge')
    cd /Users/takamimarsh/Developer/Projects/Zacro\ Tech/NeuroForge
    /System/Library/Frameworks/CoreServices.framework/Versions/Current/Frameworks/LaunchServices.framework/Versions/Current/Support/lsregister -f -R -trusted /tmp/NeuroForge-improvement-build/Build/Products/Debug/NeuroForge.app

2026-09-05 19:14:01.916711-0400 NeuroForge[18780:6465475] [Connection] Unable to get synchronousRemoteObjectProxy, error: Error Domain=NSCocoaErrorDomain Code=4097 "connection to service named com.apple.linkd.autoShortcut" UserInfo={NSDebugDescription=connection to service named com.apple.linkd.autoShortcut}
2026-09-05 19:14:01.917493-0400 NeuroForge[18780:6465475] [Application] Error registering app with intents framework: Error Domain=NSCocoaErrorDomain Code=4097 "connection to service named com.apple.linkd.autoShortcut" UserInfo={NSDebugDescription=connection to service named com.apple.linkd.autoShortcut}
2026-09-05 19:14:01.918126-0400 NeuroForge[18780:6465450] [Connection] Unable to get synchronousRemoteObjectProxy, error: Error Domain=NSCocoaErrorDomain Code=4097 "connection to service named com.apple.linkd.autoShortcut" UserInfo={NSDebugDescription=connection to service named com.apple.linkd.autoShortcut}
2026-09-05 19:14:01.918144-0400 NeuroForge[18780:6465450] [Connection] Unable to re-register with Process Instance Registry, error: Error Domain=NSCocoaErrorDomain Code=4097 "connection to service named com.apple.linkd.autoShortcut" UserInfo={NSDebugDescription=connection to service named com.apple.linkd.autoShortcut}
2026-09-05 19:14:01.919246-0400 NeuroForge[18780:6465451] [Connection] Unable to get synchronousRemoteObjectProxy, error: Error Domain=NSCocoaErrorDomain Code=4097 "connection to service named com.apple.linkd.autoShortcut" UserInfo={NSDebugDescription=connection to service named com.apple.linkd.autoShortcut}
2026-09-05 19:14:01.919266-0400 NeuroForge[18780:6465451] [Connection] Unable to re-register with Process Instance Registry, error: Error Domain=NSCocoaErrorDomain Code=4097 "connection to service named com.apple.linkd.autoShortcut" UserInfo={NSDebugDescription=connection to service named com.apple.linkd.autoShortcut}
2026-09-05 19:14:01.920306-0400 NeuroForge[18780:6465475] [Connection] Unable to get synchronousRemoteObjectProxy, error: Error Domain=NSCocoaErrorDomain Code=4097 "connection to service named com.apple.linkd.autoShortcut" UserInfo={NSDebugDescription=connection to service named com.apple.linkd.autoShortcut}
2026-09-05 19:14:01.921114-0400 NeuroForge[18780:6465450] [Connection] Unable to get synchronousRemoteObjectProxy, error: Error Domain=NSCocoaErrorDomain Code=4097 "connection to service named com.apple.linkd.autoShortcut" UserInfo={NSDebugDescription=connection to service named com.apple.linkd.autoShortcut}
2026-09-05 19:14:01.921953-0400 NeuroForge[18780:6465475] [Connection] Unable to re-register with Process Instance Registry, error: Error Domain=NSCocoaErrorDomain Code=4097 "connection to service named com.apple.linkd.autoShortcut" UserInfo={NSDebugDescription=connection to service named com.apple.linkd.autoShortcut}
2026-09-05 19:14:01.921961-0400 NeuroForge[18780:6465450] [Connection] Unable to re-register with Process Instance Registry, error: Error Domain=NSCocoaErrorDomain Code=4097 "connection to service named com.apple.linkd.autoShortcut" UserInfo={NSDebugDescription=connection to service named com.apple.linkd.autoShortcut}
2026-09-05 19:14:01.921979-0400 NeuroForge[18780:6465451] [Connection] Will NOT re-try to establish the connection
2026-09-05 19:14:01.922526-0400 NeuroForge[18780:6465487] [Connection] Unable to get synchronousRemoteObjectProxy, error: Error Domain=NSCocoaErrorDomain Code=4097 "connection to service named com.apple.linkd.autoShortcut" UserInfo={NSDebugDescription=connection to service named com.apple.linkd.autoShortcut}
2026-09-05 19:14:01.922541-0400 NeuroForge[18780:6465487] [Connection] Unable to re-register with Process Instance Registry, error: Error Domain=NSCocoaErrorDomain Code=4097 "connection to service named com.apple.linkd.autoShortcut" UserInfo={NSDebugDescription=connection to service named com.apple.linkd.autoShortcut}
2026-09-05 19:14:02.388636-0400 NeuroForge[18780:6465318] ApplePersistenceIgnoreState: Existing state will not be touched. New state will be written to /var/folders/9s/lwj2ss7d679bl8hv9dx2qf6h0000gn/T/com.zacrotech.NeuroForge.savedState
Test Suite 'All tests' started at 2026-09-05 19:14:05.375.
Test Suite 'NeuroForgeTests.xctest' started at 2026-09-05 19:14:05.380.
Test Suite 'AIAndSourceTests' started at 2026-09-05 19:14:05.380.
Test Case '-[NeuroForgeTests.AIAndSourceTests testAIStudioAuthoringUsesTheProfileLanguageInsteadOfTheSystemLocale]' started.
Test Case '-[NeuroForgeTests.AIAndSourceTests testAIStudioAuthoringUsesTheProfileLanguageInsteadOfTheSystemLocale]' passed (0.007 seconds).
Test Case '-[NeuroForgeTests.AIAndSourceTests testAIStudioConfigurationDraftPayloadRoundTripsEveryEditorField]' started.
Test Case '-[NeuroForgeTests.AIAndSourceTests testAIStudioConfigurationDraftPayloadRoundTripsEveryEditorField]' passed (0.003 seconds).
Test Case '-[NeuroForgeTests.AIAndSourceTests testAnswerLeakingPresentationFailsClosedAfterOneRepair]' started.
Test Case '-[NeuroForgeTests.AIAndSourceTests testAnswerLeakingPresentationFailsClosedAfterOneRepair]' passed (0.027 seconds).
Test Case '-[NeuroForgeTests.AIAndSourceTests testAuthoredReportQuarantinesStableContentIdentityAndCanBeAllowedAgain]' started.
Test Case '-[NeuroForgeTests.AIAndSourceTests testAuthoredReportQuarantinesStableContentIdentityAndCanBeAllowedAgain]' passed (0.086 seconds).
Test Case '-[NeuroForgeTests.AIAndSourceTests testAuthoringCacheIsBoundedAndZeroTTLExpiresImmediately]' started.
Test Case '-[NeuroForgeTests.AIAndSourceTests testAuthoringCacheIsBoundedAndZeroTTLExpiresImmediately]' passed (0.014 seconds).
Test Case '-[NeuroForgeTests.AIAndSourceTests testAuthoringCacheUsesPromptAndSourceFingerprint]' started.
Test Case '-[NeuroForgeTests.AIAndSourceTests testAuthoringCacheUsesPromptAndSourceFingerprint]' passed (0.006 seconds).
Test Case '-[NeuroForgeTests.AIAndSourceTests testChemistryStoichiometryDebuggingUsesDomainMechanicsAndAcceptsReasonedParaphrase]' started.
Test Case '-[NeuroForgeTests.AIAndSourceTests testChemistryStoichiometryDebuggingUsesDomainMechanicsAndAcceptsReasonedParaphrase]' passed (0.014 seconds).
Test Case '-[NeuroForgeTests.AIAndSourceTests testCitationIdentifierAloneDoesNotCountAsSourceSupport]' started.
Test Case '-[NeuroForgeTests.AIAndSourceTests testCitationIdentifierAloneDoesNotCountAsSourceSupport]' passed (0.001 seconds).
Test Case '-[NeuroForgeTests.AIAndSourceTests testComputingSemanticRouterSelectsDistinctAlgorithmMechanics]' started.
Test Case '-[NeuroForgeTests.AIAndSourceTests testComputingSemanticRouterSelectsDistinctAlgorithmMechanics]' passed (0.012 seconds).
Test Case '-[NeuroForgeTests.AIAndSourceTests testConstrainedConceptScoringRejectsWrongPolarityAndPreservesSignsAndOperators]' started.
Test Case '-[NeuroForgeTests.AIAndSourceTests testConstrainedConceptScoringRejectsWrongPolarityAndPreservesSignsAndOperators]' passed (0.010 seconds).
Test Case '-[NeuroForgeTests.AIAndSourceTests testDeterministicAuthoringHonorsEveryQuestionForm]' started.
Test Case '-[NeuroForgeTests.AIAndSourceTests testDeterministicAuthoringHonorsEveryQuestionForm]' passed (0.054 seconds).
Test Case '-[NeuroForgeTests.AIAndSourceTests testDiagnosticRedactorNeverReturnsRawPathsSourceOrAnswerText]' started.
Test Case '-[NeuroForgeTests.AIAndSourceTests testDiagnosticRedactorNeverReturnsRawPathsSourceOrAnswerText]' passed (0.002 seconds).
Test Case '-[NeuroForgeTests.AIAndSourceTests testDijkstraDebuggingFallbackCoversInvariantNegativeEdgesAndPriorityQueueSemantics]' started.
Test Case '-[NeuroForgeTests.AIAndSourceTests testDijkstraDebuggingFallbackCoversInvariantNegativeEdgesAndPriorityQueueSemantics]' passed (0.016 seconds).
Test Case '-[NeuroForgeTests.AIAndSourceTests testDisabledModeAlwaysUsesDeterministicFallbackAcrossEveryLab]' started.
Test Case '-[NeuroForgeTests.AIAndSourceTests testDisabledModeAlwaysUsesDeterministicFallbackAcrossEveryLab]' passed (0.037 seconds).
Test Case '-[NeuroForgeTests.AIAndSourceTests testDocumentPolicyParticipatesInAuthoringCacheIdentity]' started.
Test Case '-[NeuroForgeTests.AIAndSourceTests testDocumentPolicyParticipatesInAuthoringCacheIdentity]' passed (0.006 seconds).
Test Case '-[NeuroForgeTests.AIAndSourceTests testEquivalentRequestsReuseContentWithoutLeakingRequestIdentity]' started.
Test Case '-[NeuroForgeTests.AIAndSourceTests testEquivalentRequestsReuseContentWithoutLeakingRequestIdentity]' passed (0.003 seconds).
Test Case '-[NeuroForgeTests.AIAndSourceTests testExactSourceAnswerIsDistinguishedFromSemanticProof]' started.
Test Case '-[NeuroForgeTests.AIAndSourceTests testExactSourceAnswerIsDistinguishedFromSemanticProof]' passed (0.001 seconds).
Test Case '-[NeuroForgeTests.AIAndSourceTests testFieldSpecificNumericalAuthoringUsesTopicNativeQuantities]' started.
Test Case '-[NeuroForgeTests.AIAndSourceTests testFieldSpecificNumericalAuthoringUsesTopicNativeQuantities]' passed (0.011 seconds).
Test Case '-[NeuroForgeTests.AIAndSourceTests testFutureGeneratedPendingCommitStaysReadOnlyAndPreservesOriginalBytes]' started.
Test Case '-[NeuroForgeTests.AIAndSourceTests testFutureGeneratedPendingCommitStaysReadOnlyAndPreservesOriginalBytes]' passed (0.020 seconds).
Test Case '-[NeuroForgeTests.AIAndSourceTests testGeneratedClarificationIsDurableInlineGuidanceWithoutAnAttemptOrSaveAlert]' started.
Test Case '-[NeuroForgeTests.AIAndSourceTests testGeneratedClarificationIsDurableInlineGuidanceWithoutAnAttemptOrSaveAlert]' passed (0.052 seconds).
Test Case '-[NeuroForgeTests.AIAndSourceTests testGeneratedCommittedReceiptAcknowledgesDespiteLaterQuarantineWithoutReplacingOriginal]' started.
Test Case '-[NeuroForgeTests.AIAndSourceTests testGeneratedCommittedReceiptAcknowledgesDespiteLaterQuarantineWithoutReplacingOriginal]' passed (0.017 seconds).
Test Case '-[NeuroForgeTests.AIAndSourceTests testGeneratedConflictingCommittedReceiptIsNotAcknowledgedOrRewritten]' started.
Test Case '-[NeuroForgeTests.AIAndSourceTests testGeneratedConflictingCommittedReceiptIsNotAcknowledgedOrRewritten]' passed (0.018 seconds).
Test Case '-[NeuroForgeTests.AIAndSourceTests testGeneratedDraftRejectsDuplicateClaimIdentitiesBeforeRestoreButKeepsBlankAndWrongDrafts]' started.
Test Case '-[NeuroForgeTests.AIAndSourceTests testGeneratedDraftRejectsDuplicateClaimIdentitiesBeforeRestoreButKeepsBlankAndWrongDrafts]' passed (0.011 seconds).
Test Case '-[NeuroForgeTests.AIAndSourceTests testGeneratedDraftVersionPinsDecodeLegacyWithoutGuessingAnEvaluator]' started.
Test Case '-[NeuroForgeTests.AIAndSourceTests testGeneratedDraftVersionPinsDecodeLegacyWithoutGuessingAnEvaluator]' passed (0.004 seconds).
Test Case '-[NeuroForgeTests.AIAndSourceTests testGeneratedNestedFutureExerciseSchemaCannotValidateOrScore]' started.
Test Case '-[NeuroForgeTests.AIAndSourceTests testGeneratedNestedFutureExerciseSchemaCannotValidateOrScore]' passed (0.011 seconds).
Test Case '-[NeuroForgeTests.AIAndSourceTests testGeneratedNextWriteFailureRetainsFeedbackThenPublishesExactSavedQuestion]' started.
Test Case '-[NeuroForgeTests.AIAndSourceTests testGeneratedNextWriteFailureRetainsFeedbackThenPublishesExactSavedQuestion]' passed (0.046 seconds).
Test Case '-[NeuroForgeTests.AIAndSourceTests testGeneratedOldWriterCannotRetryOrAcknowledgeAfterTakeover]' started.
Test Case '-[NeuroForgeTests.AIAndSourceTests testGeneratedOldWriterCannotRetryOrAcknowledgeAfterTakeover]' passed (0.026 seconds).
Test Case '-[NeuroForgeTests.AIAndSourceTests testGeneratedPracticeRuntimeDetectsDraftAndPersistsReferenceExposureBeforeDismissal]' started.
Test Case '-[NeuroForgeTests.AIAndSourceTests testGeneratedPracticeRuntimeDetectsDraftAndPersistsReferenceExposureBeforeDismissal]' passed (0.016 seconds).
Test Case '-[NeuroForgeTests.AIAndSourceTests testGeneratedPracticeRuntimePersistsEntireMultilineFieldValue]' started.
Test Case '-[NeuroForgeTests.AIAndSourceTests testGeneratedPracticeRuntimePersistsEntireMultilineFieldValue]' passed (0.024 seconds).
Test Case '-[NeuroForgeTests.AIAndSourceTests testGeneratedPreparedAndFeedbackDraftsRequireFrozenResponseAndMatchingResult]' started.
Test Case '-[NeuroForgeTests.AIAndSourceTests testGeneratedPreparedAndFeedbackDraftsRequireFrozenResponseAndMatchingResult]' passed (0.008 seconds).
Test Case '-[NeuroForgeTests.AIAndSourceTests testGeneratedSetHistorySearchPagingAndExportIncludeOlderAttempts]' started.
Test Case '-[NeuroForgeTests.AIAndSourceTests testGeneratedSetHistorySearchPagingAndExportIncludeOlderAttempts]' passed (0.019 seconds).
Test Case '-[NeuroForgeTests.AIAndSourceTests testGeneratedSharedLifecycleReferenceIsNotExposedWhenSaveFails]' started.
Test Case '-[NeuroForgeTests.AIAndSourceTests testGeneratedSharedLifecycleReferenceIsNotExposedWhenSaveFails]' passed (0.013 seconds).
Test Case '-[NeuroForgeTests.AIAndSourceTests testGenerationHistoryConfidenceNeverExposesRawOrMissingIdentifiers]' started.
Test Case '-[NeuroForgeTests.AIAndSourceTests testGenerationHistoryConfidenceNeverExposesRawOrMissingIdentifiers]' passed (0.001 seconds).
Test Case '-[NeuroForgeTests.AIAndSourceTests testGenerationRecordPersistsRecoversAndExpiresValidatedQuestionPayload]' started.
Test Case '-[NeuroForgeTests.AIAndSourceTests testGenerationRecordPersistsRecoversAndExpiresValidatedQuestionPayload]' passed (0.017 seconds).
Test Case '-[NeuroForgeTests.AIAndSourceTests testInvalidPresentationSchemaFailsClosedWithoutAssessmentAuthority]' started.
Test Case '-[NeuroForgeTests.AIAndSourceTests testInvalidPresentationSchemaFailsClosedWithoutAssessmentAuthority]' passed (0.004 seconds).
Test Case '-[NeuroForgeTests.AIAndSourceTests testJapaneseDeterministicAuthoringLocalizesEveryQuestionFormWithoutBreakingScoring]' started.
Test Case '-[NeuroForgeTests.AIAndSourceTests testJapaneseDeterministicAuthoringLocalizesEveryQuestionFormWithoutBreakingScoring]' passed (0.038 seconds).
Test Case '-[NeuroForgeTests.AIAndSourceTests testJapaneseDijkstraSemanticFallbackLocalizesVisibleReasoningAndKeepsObjectiveScoring]' started.
Test Case '-[NeuroForgeTests.AIAndSourceTests testJapaneseDijkstraSemanticFallbackLocalizesVisibleReasoningAndKeepsObjectiveScoring]' passed (0.010 seconds).
Test Case '-[NeuroForgeTests.AIAndSourceTests testJapaneseSelectedSourceSplitsUnspacedProseAtExactCitationBoundaries]' started.
Test Case '-[NeuroForgeTests.AIAndSourceTests testJapaneseSelectedSourceSplitsUnspacedProseAtExactCitationBoundaries]' passed (0.005 seconds).
Test Case '-[NeuroForgeTests.AIAndSourceTests testJapaneseSourceTransformationsKeepExactCitationsAndLocalizedReasoning]' started.
Test Case '-[NeuroForgeTests.AIAndSourceTests testJapaneseSourceTransformationsKeepExactCitationsAndLocalizedReasoning]' passed (0.003 seconds).
Test Case '-[NeuroForgeTests.AIAndSourceTests testMixedProductSpecificationProducesCompleteAndDiverseDebuggingQuestions]' started.
Test Case '-[NeuroForgeTests.AIAndSourceTests testMixedProductSpecificationProducesCompleteAndDiverseDebuggingQuestions]' passed (0.001 seconds).
Test Case '-[NeuroForgeTests.AIAndSourceTests testModelAuthorityAcceptsOnlyFixedExactCitedRestatement]' started.
Test Case '-[NeuroForgeTests.AIAndSourceTests testModelAuthorityAcceptsOnlyFixedExactCitedRestatement]' passed (0.001 seconds).
Test Case '-[NeuroForgeTests.AIAndSourceTests testModelAuthorityUsesTheSameLocalizedPromptForInstructionsAndValidation]' started.
Test Case '-[NeuroForgeTests.AIAndSourceTests testModelAuthorityUsesTheSameLocalizedPromptForInstructionsAndValidation]' passed (0.001 seconds).
Test Case '-[NeuroForgeTests.AIAndSourceTests testModelBecomingUnavailableFallsBackWithoutRepairOrAuthorityChange]' started.
Test Case '-[NeuroForgeTests.AIAndSourceTests testModelBecomingUnavailableFallsBackWithoutRepairOrAuthorityChange]' passed (0.002 seconds).
Test Case '-[NeuroForgeTests.AIAndSourceTests testNoAIDocumentPolicyNeverAttemptsModelAndKeepsCitation]' started.
Test Case '-[NeuroForgeTests.AIAndSourceTests testNoAIDocumentPolicyNeverAttemptsModelAndKeepsCitation]' passed (0.002 seconds).
Test Case '-[NeuroForgeTests.AIAndSourceTests testOpenReasoningScoringAcceptsConceptsButRejectsAnIncompleteNumber]' started.
Test Case '-[NeuroForgeTests.AIAndSourceTests testOpenReasoningScoringAcceptsConceptsButRejectsAnIncompleteNumber]' passed (0.006 seconds).
Test Case '-[NeuroForgeTests.AIAndSourceTests testParaphraseCanPassConservativeLexicalSupportWithoutTruthClaim]' started.
Test Case '-[NeuroForgeTests.AIAndSourceTests testParaphraseCanPassConservativeLexicalSupportWithoutTruthClaim]' passed (0.001 seconds).
Test Case '-[NeuroForgeTests.AIAndSourceTests testPreCancelledAuthoringPropagatesWithoutCreatingFallbackOrCacheEntry]' started.
Test Case '-[NeuroForgeTests.AIAndSourceTests testPreCancelledAuthoringPropagatesWithoutCreatingFallbackOrCacheEntry]' passed (0.001 seconds).
Test Case '-[NeuroForgeTests.AIAndSourceTests testReasoningAndNumericalModelKeysFailClosedToDeterministicAuthority]' started.
Test Case '-[NeuroForgeTests.AIAndSourceTests testReasoningAndNumericalModelKeysFailClosedToDeterministicAuthority]' passed (0.001 seconds).
Test Case '-[NeuroForgeTests.AIAndSourceTests testReasoningLevelPolicyTracksFormAndDifficultyWithoutChangingAuthority]' started.
Test Case '-[NeuroForgeTests.AIAndSourceTests testReasoningLevelPolicyTracksFormAndDifficultyWithoutChangingAuthority]' passed (0.001 seconds).
Test Case '-[NeuroForgeTests.AIAndSourceTests testRecognizedPagesProduceStablePageCitations]' started.
Test Case '-[NeuroForgeTests.AIAndSourceTests testRecognizedPagesProduceStablePageCitations]' passed (0.003 seconds).
Test Case '-[NeuroForgeTests.AIAndSourceTests testRejectedPredicateDoesNotPoisonARequiredSubjectConcept]' started.
Test Case '-[NeuroForgeTests.AIAndSourceTests testRejectedPredicateDoesNotPoisonARequiredSubjectConcept]' passed (0.003 seconds).
Test Case '-[NeuroForgeTests.AIAndSourceTests testRetrieverRanksRelevantChunk]' started.
Test Case '-[NeuroForgeTests.AIAndSourceTests testRetrieverRanksRelevantChunk]' passed (0.001 seconds).
Test Case '-[NeuroForgeTests.AIAndSourceTests testSemanticProofFallbackUsesTopicNativeMathematicsAndPhysicsDerivations]' started.
Test Case '-[NeuroForgeTests.AIAndSourceTests testSemanticProofFallbackUsesTopicNativeMathematicsAndPhysicsDerivations]' passed (0.007 seconds).
Test Case '-[NeuroForgeTests.AIAndSourceTests testShortcutPromptCountPhraseUsesSingularAndPluralObjectGrammar]' started.
Test Case '-[NeuroForgeTests.AIAndSourceTests testShortcutPromptCountPhraseUsesSingularAndPluralObjectGrammar]' passed (0.001 seconds).
Test Case '-[NeuroForgeTests.AIAndSourceTests testSourceGenerationUsesCodeTableAndEquationStructureAndGuardsUnsuitableProse]' started.
Test Case '-[NeuroForgeTests.AIAndSourceTests testSourceGenerationUsesCodeTableAndEquationStructureAndGuardsUnsuitableProse]' passed (0.001 seconds).
Test Case '-[NeuroForgeTests.AIAndSourceTests testSourceGroundedFallbackBuildsStyleNativeKeysInsteadOfAdaptedProse]' started.
Test Case '-[NeuroForgeTests.AIAndSourceTests testSourceGroundedFallbackBuildsStyleNativeKeysInsteadOfAdaptedProse]' passed (0.003 seconds).
Test Case '-[NeuroForgeTests.AIAndSourceTests testSourceReviewRotationChoosesFirstUnreviewedExcerptInStableOrder]' started.
Test Case '-[NeuroForgeTests.AIAndSourceTests testSourceReviewRotationChoosesFirstUnreviewedExcerptInStableOrder]' passed (0.001 seconds).
Test Case '-[NeuroForgeTests.AIAndSourceTests testSourceReviewRotationUsesLeastRecentReviewAndAvoidsImmediateRepeat]' started.
Test Case '-[NeuroForgeTests.AIAndSourceTests testSourceReviewRotationUsesLeastRecentReviewAndAvoidsImmediateRepeat]' passed (0.001 seconds).
Test Case '-[NeuroForgeTests.AIAndSourceTests testSourceSelfCheckAttemptRemainsNonStandardizedDocumentPractice]' started.
Test Case '-[NeuroForgeTests.AIAndSourceTests testSourceSelfCheckAttemptRemainsNonStandardizedDocumentPractice]' passed (0.001 seconds).
Test Case '-[NeuroForgeTests.AIAndSourceTests testSupportedPinnedGeneratedDraftResumesItsExactQuestionAndScorer]' started.
Test Case '-[NeuroForgeTests.AIAndSourceTests testSupportedPinnedGeneratedDraftResumesItsExactQuestionAndScorer]' passed (0.016 seconds).
Test Case '-[NeuroForgeTests.AIAndSourceTests testTextExtractionProducesStableLocatorsAndIDs]' started.
Test Case '-[NeuroForgeTests.AIAndSourceTests testTextExtractionProducesStableLocatorsAndIDs]' passed (0.009 seconds).
Test Case '-[NeuroForgeTests.AIAndSourceTests testTierCContextRespondsToFieldTopicObjectiveAndScaffolding]' started.
Test Case '-[NeuroForgeTests.AIAndSourceTests testTierCContextRespondsToFieldTopicObjectiveAndScaffolding]' passed (0.006 seconds).
Test Case '-[NeuroForgeTests.AIAndSourceTests testTierCContextualizationPreservesAssessmentAuthorityAcrossEveryQuestionForm]' started.
Test Case '-[NeuroForgeTests.AIAndSourceTests testTierCContextualizationPreservesAssessmentAuthorityAcrossEveryQuestionForm]' passed (0.032 seconds).
Test Case '-[NeuroForgeTests.AIAndSourceTests testTypedPersonalPracticeAttemptIsIdempotentAndResumesAtNextQuestion]' started.
Test Case '-[NeuroForgeTests.AIAndSourceTests testTypedPersonalPracticeAttemptIsIdempotentAndResumesAtNextQuestion]' passed (0.031 seconds).
Test Case '-[NeuroForgeTests.AIAndSourceTests testUnknownGeneratedDraftCannotBeMistakenForANewEmptySession]' started.
Test Case '-[NeuroForgeTests.AIAndSourceTests testUnknownGeneratedDraftCannotBeMistakenForANewEmptySession]' passed (0.008 seconds).
Test Suite 'AIAndSourceTests' passed at 2026-09-05 19:14:06.210.
	 Executed 65 tests, with 0 failures (0 unexpected) in 0.813 (0.830) seconds
Test Suite 'AdaptiveEngineTests' started at 2026-09-05 19:14:06.211.
Test Case '-[NeuroForgeTests.AdaptiveEngineTests testActiveSessionIsNotReplacedAndDeleteAllCoversReports]' started.
Test Case '-[NeuroForgeTests.AdaptiveEngineTests testActiveSessionIsNotReplacedAndDeleteAllCoversReports]' passed (7.291 seconds).
Test Case '-[NeuroForgeTests.AdaptiveEngineTests testAppStoreCentralizesStandardizedAndTodayEvidenceEligibility]' started.
Test Case '-[NeuroForgeTests.AdaptiveEngineTests testAppStoreCentralizesStandardizedAndTodayEvidenceEligibility]' passed (0.028 seconds).
Test Case '-[NeuroForgeTests.AdaptiveEngineTests testDailyPlanIsDeterministicForIdenticalProfileAndDate]' started.
Test Case '-[NeuroForgeTests.AdaptiveEngineTests testDailyPlanIsDeterministicForIdenticalProfileAndDate]' passed (0.003 seconds).
Test Case '-[NeuroForgeTests.AdaptiveEngineTests testDocumentDeletionRemovesManagedCopyAndAssociatedReviewHistory]' started.
Test Case '-[NeuroForgeTests.AdaptiveEngineTests testDocumentDeletionRemovesManagedCopyAndAssociatedReviewHistory]' passed (0.062 seconds).
Test Case '-[NeuroForgeTests.AdaptiveEngineTests testImprovementClaimRejectsSingleWindowPracticeOnlyAndConfoundedEvidence]' started.
Test Case '-[NeuroForgeTests.AdaptiveEngineTests testImprovementClaimRejectsSingleWindowPracticeOnlyAndConfoundedEvidence]' passed (0.001 seconds).
Test Case '-[NeuroForgeTests.AdaptiveEngineTests testImprovementClaimRequiresSeparatedComparableWindowsAndAlternateTransferForms]' started.
Test Case '-[NeuroForgeTests.AdaptiveEngineTests testImprovementClaimRequiresSeparatedComparableWindowsAndAlternateTransferForms]' passed (0.001 seconds).
Test Case '-[NeuroForgeTests.AdaptiveEngineTests testMentalMathGeneratorHonorsShortcutSubskillPreference]' started.
Test Case '-[NeuroForgeTests.AdaptiveEngineTests testMentalMathGeneratorHonorsShortcutSubskillPreference]' passed (0.003 seconds).
Test Case '-[NeuroForgeTests.AdaptiveEngineTests testMentalMathGeneratorIsDeterministicAcrossSeedsAndIndices]' started.
Test Case '-[NeuroForgeTests.AdaptiveEngineTests testMentalMathGeneratorIsDeterministicAcrossSeedsAndIndices]' passed (0.002 seconds).
Test Case '-[NeuroForgeTests.AdaptiveEngineTests testPlansRespectSupportedDurationBudgets]' started.
Test Case '-[NeuroForgeTests.AdaptiveEngineTests testPlansRespectSupportedDurationBudgets]' passed (0.001 seconds).
Test Case '-[NeuroForgeTests.AdaptiveEngineTests testRawInvalidCreditIsPreservedAndExcludedInsteadOfConvertedToCorrectness]' started.
Test Case '-[NeuroForgeTests.AdaptiveEngineTests testRawInvalidCreditIsPreservedAndExcludedInsteadOfConvertedToCorrectness]' passed (0.001 seconds).
Test Case '-[NeuroForgeTests.AdaptiveEngineTests testReadinessDoesNotChangePlanOrBlockIdentity]' started.
Test Case '-[NeuroForgeTests.AdaptiveEngineTests testReadinessDoesNotChangePlanOrBlockIdentity]' passed (0.001 seconds).
Test Case '-[NeuroForgeTests.AdaptiveEngineTests testReducerCalculatesAccuracyAndCalibrationAndExcludesDocumentPractice]' started.
Test Case '-[NeuroForgeTests.AdaptiveEngineTests testReducerCalculatesAccuracyAndCalibrationAndExcludesDocumentPractice]' passed (0.001 seconds).
Test Case '-[NeuroForgeTests.AdaptiveEngineTests testReducerPreservesDeterministicPartialCredit]' started.
Test Case '-[NeuroForgeTests.AdaptiveEngineTests testReducerPreservesDeterministicPartialCredit]' passed (0.001 seconds).
Test Case '-[NeuroForgeTests.AdaptiveEngineTests testReducerUsesDocumentedEvidenceCountStatusThresholds]' started.
Test Case '-[NeuroForgeTests.AdaptiveEngineTests testReducerUsesDocumentedEvidenceCountStatusThresholds]' passed (0.001 seconds).
Test Case '-[NeuroForgeTests.AdaptiveEngineTests testScoringAcceptsExactNormalizedAnswersAndRejectsWrongAnswers]' started.
Test Case '-[NeuroForgeTests.AdaptiveEngineTests testScoringAcceptsExactNormalizedAnswersAndRejectsWrongAnswers]' passed (0.001 seconds).
Test Case '-[NeuroForgeTests.AdaptiveEngineTests testScoringIncludesToleranceBoundary]' started.
Test Case '-[NeuroForgeTests.AdaptiveEngineTests testScoringIncludesToleranceBoundary]' passed (0.000 seconds).
Test Case '-[NeuroForgeTests.AdaptiveEngineTests testScoringReportsInputFailureForNonFiniteOrUnparseableResponses]' started.
Test Case '-[NeuroForgeTests.AdaptiveEngineTests testScoringReportsInputFailureForNonFiniteOrUnparseableResponses]' passed (0.001 seconds).
Test Suite 'AdaptiveEngineTests' passed at 2026-09-05 19:14:13.617.
	 Executed 17 tests, with 0 failures (0 unexpected) in 7.397 (7.405) seconds
Test Suite 'AdaptivePlanHistoryTests' started at 2026-09-05 19:14:13.617.
Test Case '-[NeuroForgeTests.AdaptivePlanHistoryTests testAcceptedLocalRunPreventsReplacementBeforeItsLegacyMirrorExists]' started.
Test Case '-[NeuroForgeTests.AdaptivePlanHistoryTests testAcceptedLocalRunPreventsReplacementBeforeItsLegacyMirrorExists]' passed (11.526 seconds).
Test Case '-[NeuroForgeTests.AdaptivePlanHistoryTests testPlanReplacementHasReasonAndUndoRestoresExactPayload]' started.
Test Case '-[NeuroForgeTests.AdaptivePlanHistoryTests testPlanReplacementHasReasonAndUndoRestoresExactPayload]' passed (0.045 seconds).
Test Case '-[NeuroForgeTests.AdaptivePlanHistoryTests testPreviewUsesOneCapturedLearnerDayWithoutCreatingAFuturePlan]' started.
Test Case '-[NeuroForgeTests.AdaptivePlanHistoryTests testPreviewUsesOneCapturedLearnerDayWithoutCreatingAFuturePlan]' passed (0.015 seconds).
Test Case '-[NeuroForgeTests.AdaptivePlanHistoryTests testReadinessChangeIsExplainedAndCanBeSafelyUndoneBeforeWorkStarts]' started.
Test Case '-[NeuroForgeTests.AdaptivePlanHistoryTests testReadinessChangeIsExplainedAndCanBeSafelyUndoneBeforeWorkStarts]' passed (0.016 seconds).
Test Case '-[NeuroForgeTests.AdaptivePlanHistoryTests testReplacementAppliesExactlyThePreviewAndPreservesEveryOtherBlock]' started.
Test Case '-[NeuroForgeTests.AdaptivePlanHistoryTests testReplacementAppliesExactlyThePreviewAndPreservesEveryOtherBlock]' passed (0.017 seconds).
Test Case '-[NeuroForgeTests.AdaptivePlanHistoryTests testReplacementPreviewAndCancellationDoNotConsumeOrChangeTheSavedPlan]' started.
Test Case '-[NeuroForgeTests.AdaptivePlanHistoryTests testReplacementPreviewAndCancellationDoNotConsumeOrChangeTheSavedPlan]' passed (0.014 seconds).
Test Case '-[NeuroForgeTests.AdaptivePlanHistoryTests testReplacementReasonChoicesAreCompleteWithoutReinterpretingHistoricalRawValues]' started.
Test Case '-[NeuroForgeTests.AdaptivePlanHistoryTests testReplacementReasonChoicesAreCompleteWithoutReinterpretingHistoricalRawValues]' passed (0.000 seconds).
Test Case '-[NeuroForgeTests.AdaptivePlanHistoryTests testRepositoryPersistsNewestBoundedRecordsInDeterministicOrder]' started.
Test Case '-[NeuroForgeTests.AdaptivePlanHistoryTests testRepositoryPersistsNewestBoundedRecordsInDeterministicOrder]' passed (0.215 seconds).
Test Case '-[NeuroForgeTests.AdaptivePlanHistoryTests testRepositoryRejectsDuplicateRecordIdentities]' started.
Test Case '-[NeuroForgeTests.AdaptivePlanHistoryTests testRepositoryRejectsDuplicateRecordIdentities]' passed (0.001 seconds).
Test Case '-[NeuroForgeTests.AdaptivePlanHistoryTests testStaleReplacementPreviewCannotOverwriteAChangedPlan]' started.
Test Case '-[NeuroForgeTests.AdaptivePlanHistoryTests testStaleReplacementPreviewCannotOverwriteAChangedPlan]' passed (0.016 seconds).
Test Case '-[NeuroForgeTests.AdaptivePlanHistoryTests testStartedBlockInvalidatesItsEarlierReplacementPreview]' started.
Test Case '-[NeuroForgeTests.AdaptivePlanHistoryTests testStartedBlockInvalidatesItsEarlierReplacementPreview]' passed (0.047 seconds).
Test Suite 'AdaptivePlanHistoryTests' passed at 2026-09-05 19:14:25.587.
	 Executed 11 tests, with 0 failures (0 unexpected) in 11.913 (11.971) seconds
Test Suite 'AdaptiveQuestionPopulationPolicyTests' started at 2026-09-05 19:14:25.588.
Test Case '-[NeuroForgeTests.AdaptiveQuestionPopulationPolicyTests testEligiblePayloadClearlyDistinguishesConsentedSourceFromSourceFree]' started.
Test Case '-[NeuroForgeTests.AdaptiveQuestionPopulationPolicyTests testEligiblePayloadClearlyDistinguishesConsentedSourceFromSourceFree]' passed (0.013 seconds).
Test Case '-[NeuroForgeTests.AdaptiveQuestionPopulationPolicyTests testPolicyFailsClosedUntilVerifiedUniqueFloorIsMetForEveryLab]' started.
Test Case '-[NeuroForgeTests.AdaptiveQuestionPopulationPolicyTests testPolicyFailsClosedUntilVerifiedUniqueFloorIsMetForEveryLab]' passed (0.017 seconds).
Test Case '-[NeuroForgeTests.AdaptiveQuestionPopulationPolicyTests testPolicyHonorsAIModeAndRequiresSeparateOffDeviceConsent]' started.
Test Case '-[NeuroForgeTests.AdaptiveQuestionPopulationPolicyTests testPolicyHonorsAIModeAndRequiresSeparateOffDeviceConsent]' passed (0.006 seconds).
Test Case '-[NeuroForgeTests.AdaptiveQuestionPopulationPolicyTests testSnapshotDerivesCoarsePerformanceTrendCalibrationAndReviewBands]' started.
Test Case '-[NeuroForgeTests.AdaptiveQuestionPopulationPolicyTests testSnapshotDerivesCoarsePerformanceTrendCalibrationAndReviewBands]' passed (0.001 seconds).
Test Case '-[NeuroForgeTests.AdaptiveQuestionPopulationPolicyTests testSnapshotEmitsOnlyBoundedDerivedAggregates]' started.
Test Case '-[NeuroForgeTests.AdaptiveQuestionPopulationPolicyTests testSnapshotEmitsOnlyBoundedDerivedAggregates]' passed (0.001 seconds).
Test Case '-[NeuroForgeTests.AdaptiveQuestionPopulationPolicyTests testSnapshotIgnoresDocumentPracticeSkippedAndUnscoredAttempts]' started.
Test Case '-[NeuroForgeTests.AdaptiveQuestionPopulationPolicyTests testSnapshotIgnoresDocumentPracticeSkippedAndUnscoredAttempts]' passed (0.001 seconds).
Test Case '-[NeuroForgeTests.AdaptiveQuestionPopulationPolicyTests testSnapshotUsesOnlyBoundedRecentWindowPerLab]' started.
Test Case '-[NeuroForgeTests.AdaptiveQuestionPopulationPolicyTests testSnapshotUsesOnlyBoundedRecentWindowPerLab]' passed (0.003 seconds).
Test Case '-[NeuroForgeTests.AdaptiveQuestionPopulationPolicyTests testSourceContextRequiresExplicitCurrentConsentAndEnforcesEveryBudget]' started.
Test Case '-[NeuroForgeTests.AdaptiveQuestionPopulationPolicyTests testSourceContextRequiresExplicitCurrentConsentAndEnforcesEveryBudget]' passed (0.001 seconds).
Test Suite 'AdaptiveQuestionPopulationPolicyTests' passed at 2026-09-05 19:14:25.675.
	 Executed 8 tests, with 0 failures (0 unexpected) in 0.043 (0.087) seconds
Test Suite 'AssessmentSchedulerTests' started at 2026-09-05 19:14:25.865.
Test Case '-[NeuroForgeTests.AssessmentSchedulerTests testAccessibilityExclusionRemovesLabFromScheduledTargets]' started.
Test Case '-[NeuroForgeTests.AssessmentSchedulerTests testAccessibilityExclusionRemovesLabFromScheduledTargets]' passed (0.004 seconds).
Test Case '-[NeuroForgeTests.AssessmentSchedulerTests testAdaptiveReplayIsDeterministicForDurableOutcomes]' started.
Test Case '-[NeuroForgeTests.AssessmentSchedulerTests testAdaptiveReplayIsDeterministicForDurableOutcomes]' passed (0.029 seconds).
Test Case '-[NeuroForgeTests.AssessmentSchedulerTests testAssessmentDoesNotStartAnItemThatCannotFitRemainingActiveTime]' started.
Test Case '-[NeuroForgeTests.AssessmentSchedulerTests testAssessmentDoesNotStartAnItemThatCannotFitRemainingActiveTime]' passed (0.017 seconds).
Test Case '-[NeuroForgeTests.AssessmentSchedulerTests testAssessmentFormConstructionIsDeterministicAndUsesAlternateForms]' started.
Test Case '-[NeuroForgeTests.AssessmentSchedulerTests testAssessmentFormConstructionIsDeterministicAndUsesAlternateForms]' passed (0.103 seconds).
Test Case '-[NeuroForgeTests.AssessmentSchedulerTests testAssessmentNextStepEnforcesInformationDurationAndItemCapStops]' started.
Test Case '-[NeuroForgeTests.AssessmentSchedulerTests testAssessmentNextStepEnforcesInformationDurationAndItemCapStops]' passed (0.009 seconds).
Test Case '-[NeuroForgeTests.AssessmentSchedulerTests testBaselineHasFourBoundedResumableBlocks]' started.
Test Case '-[NeuroForgeTests.AssessmentSchedulerTests testBaselineHasFourBoundedResumableBlocks]' passed (0.001 seconds).
Test Case '-[NeuroForgeTests.AssessmentSchedulerTests testCanonicalPlanCarriesRetentionTargetsAndDecodesLegacyItemIDs]' started.
Test Case '-[NeuroForgeTests.AssessmentSchedulerTests testCanonicalPlanCarriesRetentionTargetsAndDecodesLegacyItemIDs]' passed (0.004 seconds).
Test Case '-[NeuroForgeTests.AssessmentSchedulerTests testCatalogAssignsEveryIndependentDimensionExactlyOnce]' started.
Test Case '-[NeuroForgeTests.AssessmentSchedulerTests testCatalogAssignsEveryIndependentDimensionExactlyOnce]' passed (0.001 seconds).
Test Case '-[NeuroForgeTests.AssessmentSchedulerTests testCompatibilityReminderDueRefreshStaysOneDayAndFamiliarOrEarlyWorkDoesNotPostpone]' started.
Test Case '-[NeuroForgeTests.AssessmentSchedulerTests testCompatibilityReminderDueRefreshStaysOneDayAndFamiliarOrEarlyWorkDoesNotPostpone]' passed (0.001 seconds).
Test Case '-[NeuroForgeTests.AssessmentSchedulerTests testCompatibilityReminderRejectsFuturePersonalProtectedAndConflictingIdentityInputs]' started.
Test Case '-[NeuroForgeTests.AssessmentSchedulerTests testCompatibilityReminderRejectsFuturePersonalProtectedAndConflictingIdentityInputs]' passed (0.001 seconds).
Test Case '-[NeuroForgeTests.AssessmentSchedulerTests testCompatibilityRemindersNeverTurnRawCountsOrHelpIntoRetentionRungs]' started.
Test Case '-[NeuroForgeTests.AssessmentSchedulerTests testCompatibilityRemindersNeverTurnRawCountsOrHelpIntoRetentionRungs]' passed (0.001 seconds).
Test Case '-[NeuroForgeTests.AssessmentSchedulerTests testDailyPlanAllowsExactlyOneReasonedDurationPreservingReplacement]' started.
Test Case '-[NeuroForgeTests.AssessmentSchedulerTests testDailyPlanAllowsExactlyOneReasonedDurationPreservingReplacement]' passed (0.001 seconds).
Test Case '-[NeuroForgeTests.AssessmentSchedulerTests testDailyPlanIsDeterministicAndExistingCanonicalPlanDoesNotRewrite]' started.
Test Case '-[NeuroForgeTests.AssessmentSchedulerTests testDailyPlanIsDeterministicAndExistingCanonicalPlanDoesNotRewrite]' passed (0.044 seconds).
Test Case '-[NeuroForgeTests.AssessmentSchedulerTests testDailyPlanV5PreservesFrozenPreviousAndUnknownPoliciesUntilNextDay]' started.
Test Case '-[NeuroForgeTests.AssessmentSchedulerTests testDailyPlanV5PreservesFrozenPreviousAndUnknownPoliciesUntilNextDay]' passed (0.003 seconds).
Test Case '-[NeuroForgeTests.AssessmentSchedulerTests testDailyReviewAssignmentsCapAtFiveAndRetainTheRemainingBacklog]' started.
Test Case '-[NeuroForgeTests.AssessmentSchedulerTests testDailyReviewAssignmentsCapAtFiveAndRetainTheRemainingBacklog]' passed (0.001 seconds).
Test Case '-[NeuroForgeTests.AssessmentSchedulerTests testDailyUnseenTransferSelectsAndPreservesAFoundationalSourceSkill]' started.
Test Case '-[NeuroForgeTests.AssessmentSchedulerTests testDailyUnseenTransferSelectsAndPreservesAFoundationalSourceSkill]' passed (0.001 seconds).
Test Case '-[NeuroForgeTests.AssessmentSchedulerTests testDescriptorPathReplayPreservesAdaptiveIdentityAndPartialCredit]' started.
Test Case '-[NeuroForgeTests.AssessmentSchedulerTests testDescriptorPathReplayPreservesAdaptiveIdentityAndPartialCredit]' passed (0.011 seconds).
Test Case '-[NeuroForgeTests.AssessmentSchedulerTests testDimensionReducerKeepsEightEstimatesIsolatedAndRequiresTwoFormats]' started.
Test Case '-[NeuroForgeTests.AssessmentSchedulerTests testDimensionReducerKeepsEightEstimatesIsolatedAndRequiresTwoFormats]' passed (0.001 seconds).
Test Case '-[NeuroForgeTests.AssessmentSchedulerTests testExistingCanonicalPlanWinsAcrossReadinessWhileFreshLowPlanReducesLoad]' started.
Test Case '-[NeuroForgeTests.AssessmentSchedulerTests testExistingCanonicalPlanWinsAcrossReadinessWhileFreshLowPlanReducesLoad]' passed (0.002 seconds).
Test Case '-[NeuroForgeTests.AssessmentSchedulerTests testFocusedSessionMechanicPinsRequestedSubskillVariant]' started.
Test Case '-[NeuroForgeTests.AssessmentSchedulerTests testFocusedSessionMechanicPinsRequestedSubskillVariant]' passed (0.002 seconds).
Test Case '-[NeuroForgeTests.AssessmentSchedulerTests testHoldoutFamiliesCannotEnterPracticeSelectionAndPracticeWeightIsZero]' started.
Test Case '-[NeuroForgeTests.AssessmentSchedulerTests testHoldoutFamiliesCannotEnterPracticeSelectionAndPracticeWeightIsZero]' passed (0.029 seconds).
Test Case '-[NeuroForgeTests.AssessmentSchedulerTests testLegacyDomainPlanWithoutTargetSkillStillDecodes]' started.
Test Case '-[NeuroForgeTests.AssessmentSchedulerTests testLegacyDomainPlanWithoutTargetSkillStillDecodes]' passed (0.002 seconds).
Test Case '-[NeuroForgeTests.AssessmentSchedulerTests testLegacyResponseDoesNotInventCalibratedThetaFromNominalDifficulty]' started.
Test Case '-[NeuroForgeTests.AssessmentSchedulerTests testLegacyResponseDoesNotInventCalibratedThetaFromNominalDifficulty]' passed (0.001 seconds).
Test Case '-[NeuroForgeTests.AssessmentSchedulerTests testLowReadinessNeverSchedulesTimingAndMentalMathRequiresProgressionGate]' started.
Test Case '-[NeuroForgeTests.AssessmentSchedulerTests testLowReadinessNeverSchedulesTimingAndMentalMathRequiresProgressionGate]' passed (0.001 seconds).
Test Case '-[NeuroForgeTests.AssessmentSchedulerTests testPartialAssessmentResumesAtFirstUnansweredWithoutCountingInterruption]' started.
Test Case '-[NeuroForgeTests.AssessmentSchedulerTests testPartialAssessmentResumesAtFirstUnansweredWithoutCountingInterruption]' passed (0.428 seconds).
Test Case '-[NeuroForgeTests.AssessmentSchedulerTests testPresentedExposureIsExcludedButUnpresentedItemsRemainAvailable]' started.
Test Case '-[NeuroForgeTests.AssessmentSchedulerTests testPresentedExposureIsExcludedButUnpresentedItemsRemainAvailable]' passed (0.004 seconds).
Test Case '-[NeuroForgeTests.AssessmentSchedulerTests testPriorityUsesGoalsRetentionWeaknessUncertaintyTransferGapAndLoad]' started.
Test Case '-[NeuroForgeTests.AssessmentSchedulerTests testPriorityUsesGoalsRetentionWeaknessUncertaintyTransferGapAndLoad]' passed (0.002 seconds).
Test Case '-[NeuroForgeTests.AssessmentSchedulerTests testQuarantinedAssessmentDescriptorIsRemovedFromAdaptivePool]' started.
Test Case '-[NeuroForgeTests.AssessmentSchedulerTests testQuarantinedAssessmentDescriptorIsRemovedFromAdaptivePool]' passed (0.013 seconds).
Test Case '-[NeuroForgeTests.AssessmentSchedulerTests testReassessmentBecomesDueOnTwentyEighthDistinctActiveDay]' started.
Test Case '-[NeuroForgeTests.AssessmentSchedulerTests testReassessmentBecomesDueOnTwentyEighthDistinctActiveDay]' passed (0.005 seconds).
Test Case '-[NeuroForgeTests.AssessmentSchedulerTests testReassessmentDeferralIsExactlySevenDaysAndCompletionStartsNextCycle]' started.
Test Case '-[NeuroForgeTests.AssessmentSchedulerTests testReassessmentDeferralIsExactlySevenDaysAndCompletionStartsNextCycle]' passed (0.003 seconds).
Test Case '-[NeuroForgeTests.AssessmentSchedulerTests testRecordingAssessmentResponseIsIdempotent]' started.
Test Case '-[NeuroForgeTests.AssessmentSchedulerTests testRecordingAssessmentResponseIsIdempotent]' passed (0.001 seconds).
Test Case '-[NeuroForgeTests.AssessmentSchedulerTests testRetentionCalendarIsExplicitAcrossDSTAndPropagatesIntoTheCanonicalPlanner]' started.
Test Case '-[NeuroForgeTests.AssessmentSchedulerTests testRetentionCalendarIsExplicitAcrossDSTAndPropagatesIntoTheCanonicalPlanner]' passed (0.121 seconds).
Test Case '-[NeuroForgeTests.AssessmentSchedulerTests testRetentionFactoryHonorsKnownV3AndV4MechanicsAndRejectsUnknownTarget]' started.
Test Case '-[NeuroForgeTests.AssessmentSchedulerTests testRetentionFactoryHonorsKnownV3AndV4MechanicsAndRejectsUnknownTarget]' passed (0.209 seconds).
Test Case '-[NeuroForgeTests.AssessmentSchedulerTests testRetentionFactoryUsesScheduledMechanicSeedAndRepresentationShift]' started.
Test Case '-[NeuroForgeTests.AssessmentSchedulerTests testRetentionFactoryUsesScheduledMechanicSeedAndRepresentationShift]' passed (0.176 seconds).
Test Case '-[NeuroForgeTests.AssessmentSchedulerTests testRetentionFiniteMechanicExhaustionCannotSubstituteAnotherLogicActivity]' started.
Test Case '-[NeuroForgeTests.AssessmentSchedulerTests testRetentionFiniteMechanicExhaustionCannotSubstituteAnotherLogicActivity]' passed (0.156 seconds).
Test Case '-[NeuroForgeTests.AssessmentSchedulerTests testRetentionScheduleUsesPredictedMemoryAndAlternateSeeds]' started.
Test Case '-[NeuroForgeTests.AssessmentSchedulerTests testRetentionScheduleUsesPredictedMemoryAndAlternateSeeds]' passed (0.001 seconds).
Test Case '-[NeuroForgeTests.AssessmentSchedulerTests testRollingBreadthCoversAccessibleFoundationsBeforeGoalBiasResumes]' started.
Test Case '-[NeuroForgeTests.AssessmentSchedulerTests testRollingBreadthCoversAccessibleFoundationsBeforeGoalBiasResumes]' passed (0.006 seconds).
Test Case '-[NeuroForgeTests.AssessmentSchedulerTests testUniversalRuntimeUsesProtectedReassessmentPhaseWithoutBaselinePractice]' started.
Test Case '-[NeuroForgeTests.AssessmentSchedulerTests testUniversalRuntimeUsesProtectedReassessmentPhaseWithoutBaselinePractice]' passed (0.027 seconds).
Test Case '-[NeuroForgeTests.AssessmentSchedulerTests testWeeklyTransferMissionIsStableDeferrableAndCompletable]' started.
Test Case '-[NeuroForgeTests.AssessmentSchedulerTests testWeeklyTransferMissionIsStableDeferrableAndCompletable]' passed (0.004 seconds).
Test Suite 'AssessmentSchedulerTests' passed at 2026-09-05 19:14:27.596.
	 Executed 39 tests, with 0 failures (0 unexpected) in 1.425 (1.731) seconds
Test Suite 'AttemptConflictJournalTests' started at 2026-09-05 19:14:27.596.
Test Case '-[NeuroForgeTests.AttemptConflictJournalTests testConflictImportChecksRawDigestsAndNeverMaterializesProposalAsAnAttempt]' started.
Test Case '-[NeuroForgeTests.AttemptConflictJournalTests testConflictImportChecksRawDigestsAndNeverMaterializesProposalAsAnAttempt]' passed (0.073 seconds).
Test Case '-[NeuroForgeTests.AttemptConflictJournalTests testConflictingRawPayloadsSurviveReplayWithoutReplacingOriginalOrAwardingXP]' started.
Test Case '-[NeuroForgeTests.AttemptConflictJournalTests testConflictingRawPayloadsSurviveReplayWithoutReplacingOriginalOrAwardingXP]' passed (0.023 seconds).
Test Case '-[NeuroForgeTests.AttemptConflictJournalTests testFailedJournalWriteRetainsSeparateProposalAndRetriesWithoutAnotherAttempt]' started.
Test Case '-[NeuroForgeTests.AttemptConflictJournalTests testFailedJournalWriteRetainsSeparateProposalAndRetriesWithoutAnotherAttempt]' passed (0.023 seconds).
Test Case '-[NeuroForgeTests.AttemptConflictJournalTests testProtectedConflictDiagnosticsStayLocalAndPortableExportContainsOnlyReference]' started.
Test Case '-[NeuroForgeTests.AttemptConflictJournalTests testProtectedConflictDiagnosticsStayLocalAndPortableExportContainsOnlyReference]' passed (0.024 seconds).
Test Case '-[NeuroForgeTests.AttemptConflictJournalTests testRejectedRetryCannotAttachItsQuestionAsMissingOriginalSnapshot]' started.
Test Case '-[NeuroForgeTests.AttemptConflictJournalTests testRejectedRetryCannotAttachItsQuestionAsMissingOriginalSnapshot]' passed (0.016 seconds).
Test Suite 'AttemptConflictJournalTests' passed at 2026-09-05 19:14:27.757.
	 Executed 5 tests, with 0 failures (0 unexpected) in 0.159 (0.161) seconds
Test Suite 'AttemptReflectionContractTests' started at 2026-09-05 19:14:27.757.
Test Case '-[NeuroForgeTests.AttemptReflectionContractTests testDiagnosticTriggerPrecedesFeedbackButProtectedAssessmentNeverReflects]' started.
Test Case '-[NeuroForgeTests.AttemptReflectionContractTests testDiagnosticTriggerPrecedesFeedbackButProtectedAssessmentNeverReflects]' passed (0.009 seconds).
Test Case '-[NeuroForgeTests.AttemptReflectionContractTests testFailedReflectionRevisionKeepsPreviousInterpretationAndOriginalRecord]' started.
Test Case '-[NeuroForgeTests.AttemptReflectionContractTests testFailedReflectionRevisionKeepsPreviousInterpretationAndOriginalRecord]' passed (0.023 seconds).
Test Case '-[NeuroForgeTests.AttemptReflectionContractTests testLaterReflectionRevisionIsAppendOnlyIdempotentAndRestoresWithoutChangingScore]' started.
Test Case '-[NeuroForgeTests.AttemptReflectionContractTests testLaterReflectionRevisionIsAppendOnlyIdempotentAndRestoresWithoutChangingScore]' passed (0.026 seconds).
Test Case '-[NeuroForgeTests.AttemptReflectionContractTests testPublishedTaxonomyMatchesReleaseContract]' started.
Test Case '-[NeuroForgeTests.AttemptReflectionContractTests testPublishedTaxonomyMatchesReleaseContract]' passed (0.001 seconds).
Test Case '-[NeuroForgeTests.AttemptReflectionContractTests testReflectionNoteLengthBoundaryRejectsWithoutInsertionOrTruncation]' started.
Test Case '-[NeuroForgeTests.AttemptReflectionContractTests testReflectionNoteLengthBoundaryRejectsWithoutInsertionOrTruncation]' passed (0.010 seconds).
Test Case '-[NeuroForgeTests.AttemptReflectionContractTests testReflectionPersistsAsSupplementWithoutMutatingAttempt]' started.
Test Case '-[NeuroForgeTests.AttemptReflectionContractTests testReflectionPersistsAsSupplementWithoutMutatingAttempt]' passed (0.010 seconds).
Test Case '-[NeuroForgeTests.AttemptReflectionContractTests testReflectionRevisionWithMissingOriginalAnchorIsRecoveryOnlyWithoutRevivingDiagnosis]' started.
Test Case '-[NeuroForgeTests.AttemptReflectionContractTests testReflectionRevisionWithMissingOriginalAnchorIsRecoveryOnlyWithoutRevivingDiagnosis]' passed (0.009 seconds).
Test Case '-[NeuroForgeTests.AttemptReflectionContractTests testUnknownReflectionMetadataDoesNotReviveAnOlderConfirmedDiagnosis]' started.
Test Case '-[NeuroForgeTests.AttemptReflectionContractTests testUnknownReflectionMetadataDoesNotReviveAnOlderConfirmedDiagnosis]' passed (0.009 seconds).
Test Suite 'AttemptReflectionContractTests' passed at 2026-09-05 19:14:27.855.
	 Executed 8 tests, with 0 failures (0 unexpected) in 0.096 (0.098) seconds
Test Suite 'AuthoringReadyRecoveryTests' started at 2026-09-05 19:14:27.855.
Test Case '-[NeuroForgeTests.AuthoringReadyRecoveryTests testFreshOfflineReasoningSetIsImmediatelyRecoverableAndCanStartItsFirstRun]' started.
Test Case '-[NeuroForgeTests.AuthoringReadyRecoveryTests testFreshOfflineReasoningSetIsImmediatelyRecoverableAndCanStartItsFirstRun]' passed (0.177 seconds).
Test Case '-[NeuroForgeTests.AuthoringReadyRecoveryTests testInvalidAuthoredContentCannotBeReturnedCachedOrPublishedAsAReadySet]' started.
Test Case '-[NeuroForgeTests.AuthoringReadyRecoveryTests testInvalidAuthoredContentCannotBeReturnedCachedOrPublishedAsAReadySet]' passed (0.024 seconds).
Test Case '-[NeuroForgeTests.AuthoringReadyRecoveryTests testRetainedAuthoredVersionsDoNotBecomeFallbackRetrievalRecipes]' started.
Test Case '-[NeuroForgeTests.AuthoringReadyRecoveryTests testRetainedAuthoredVersionsDoNotBecomeFallbackRetrievalRecipes]' passed (0.097 seconds).
Test Suite 'AuthoringReadyRecoveryTests' passed at 2026-09-05 19:14:28.155.
	 Executed 3 tests, with 0 failures (0 unexpected) in 0.299 (0.300) seconds
Test Suite 'BackgroundLocalSessionStartupTests' started at 2026-09-05 19:14:28.155.
Test Case '-[NeuroForgeTests.BackgroundLocalSessionStartupTests testCancellationReleasesRealWriterLeaseAndKeepsMainActorResponsive]' started.
Test Case '-[NeuroForgeTests.BackgroundLocalSessionStartupTests testCancellationReleasesRealWriterLeaseAndKeepsMainActorResponsive]' passed (0.012 seconds).
Test Case '-[NeuroForgeTests.BackgroundLocalSessionStartupTests testFailedOriginalBackupAndFutureArchiveRemainRecoveryOnlyWithoutRewritingBytes]' started.
Test Case '-[NeuroForgeTests.BackgroundLocalSessionStartupTests testFailedOriginalBackupAndFutureArchiveRemainRecoveryOnlyWithoutRewritingBytes]' passed (0.012 seconds).
Test Case '-[NeuroForgeTests.BackgroundLocalSessionStartupTests testGranularRecoveryBacksUpExactOriginalBeforeAdoptionAndFailedAdoptionPreservesIt]' started.
Test Case '-[NeuroForgeTests.BackgroundLocalSessionStartupTests testGranularRecoveryBacksUpExactOriginalBeforeAdoptionAndFailedAdoptionPreservesIt]' passed (0.010 seconds).
Test Case '-[NeuroForgeTests.BackgroundLocalSessionStartupTests testLargeAuthenticHistoryPreparesOffMainAndPublishesSameBytesRevisionAndOwner]' started.
Test Case '-[NeuroForgeTests.BackgroundLocalSessionStartupTests testLargeAuthenticHistoryPreparesOffMainAndPublishesSameBytesRevisionAndOwner]' passed (1.243 seconds).
Test Case '-[NeuroForgeTests.BackgroundLocalSessionStartupTests testMissingArchiveAndReplacedLockIdentityCannotBeMistakenForVerifiedInput]' started.
Test Case '-[NeuroForgeTests.BackgroundLocalSessionStartupTests testMissingArchiveAndReplacedLockIdentityCannotBeMistakenForVerifiedInput]' passed (0.004 seconds).
Test Case '-[NeuroForgeTests.BackgroundLocalSessionStartupTests testOversizedSymlinkAndFIFOInputsNeverDecodeOrReplaceOriginal]' started.
Test Case '-[NeuroForgeTests.BackgroundLocalSessionStartupTests testOversizedSymlinkAndFIFOInputsNeverDecodeOrReplaceOriginal]' passed (0.003 seconds).
Test Case '-[NeuroForgeTests.BackgroundLocalSessionStartupTests testPreparedLeaseBlocksRealWriterUntilAcknowledgedPublication]' started.
Test Case '-[NeuroForgeTests.BackgroundLocalSessionStartupTests testPreparedLeaseBlocksRealWriterUntilAcknowledgedPublication]' passed (0.006 seconds).
Test Case '-[NeuroForgeTests.BackgroundLocalSessionStartupTests testStartupSourceWiresAwaitedPreparationAfterColdReplayAndBeforeAppStore]' started.
Test Case '-[NeuroForgeTests.BackgroundLocalSessionStartupTests testStartupSourceWiresAwaitedPreparationAfterColdReplayAndBeforeAppStore]' passed (0.003 seconds).
Test Case '-[NeuroForgeTests.BackgroundLocalSessionStartupTests testWrongOwnerStaleLaunchAndSameRevisionReplacedFileCannotPublish]' started.
Test Case '-[NeuroForgeTests.BackgroundLocalSessionStartupTests testWrongOwnerStaleLaunchAndSameRevisionReplacedFileCannotPublish]' passed (0.007 seconds).
Test Suite 'BackgroundLocalSessionStartupTests' passed at 2026-09-05 19:14:29.457.
	 Executed 9 tests, with 0 failures (0 unexpected) in 1.300 (1.302) seconds
Test Suite 'BundledRetrievalCatalogTests' started at 2026-09-05 19:14:29.457.
Test Case '-[NeuroForgeTests.BundledRetrievalCatalogTests testCanonicalAndDeclaredAlternativeAnswersScoreDeterministically]' started.
Test Case '-[NeuroForgeTests.BundledRetrievalCatalogTests testCanonicalAndDeclaredAlternativeAnswersScoreDeterministically]' passed (0.120 seconds).
Test Case '-[NeuroForgeTests.BundledRetrievalCatalogTests testCatalogAvoidsTimeSensitiveAndHighStakesAdviceLanguage]' started.
Test Case '-[NeuroForgeTests.BundledRetrievalCatalogTests testCatalogAvoidsTimeSensitiveAndHighStakesAdviceLanguage]' passed (0.037 seconds).
Test Case '-[NeuroForgeTests.BundledRetrievalCatalogTests testCatalogHasExactlyOneHundredTwentyFiveQuestionContractsPerField]' started.
Test Case '-[NeuroForgeTests.BundledRetrievalCatalogTests testCatalogHasExactlyOneHundredTwentyFiveQuestionContractsPerField]' passed (0.144 seconds).
Test Case '-[NeuroForgeTests.BundledRetrievalCatalogTests testComputedFamilyBoundaryCasesRemainScientificallyAndScoringExplicit]' started.
Test Case '-[NeuroForgeTests.BundledRetrievalCatalogTests testComputedFamilyBoundaryCasesRemainScientificallyAndScoringExplicit]' passed (0.002 seconds).
Test Case '-[NeuroForgeTests.BundledRetrievalCatalogTests testEveryTargetHasAUniqueStableSemanticContract]' started.
Test Case '-[NeuroForgeTests.BundledRetrievalCatalogTests testEveryTargetHasAUniqueStableSemanticContract]' passed (0.206 seconds).
Test Case '-[NeuroForgeTests.BundledRetrievalCatalogTests testLookupAndFieldFilteringAreStable]' started.
Test Case '-[NeuroForgeTests.BundledRetrievalCatalogTests testLookupAndFieldFilteringAreStable]' passed (0.002 seconds).
Test Case '-[NeuroForgeTests.BundledRetrievalCatalogTests testNormalizationPreservesMeaningfulMathematicalSyntax]' started.
Test Case '-[NeuroForgeTests.BundledRetrievalCatalogTests testNormalizationPreservesMeaningfulMathematicalSyntax]' passed (0.002 seconds).
Test Case '-[NeuroForgeTests.BundledRetrievalCatalogTests testReviewedFactualBoundariesRemainExplicit]' started.
Test Case '-[NeuroForgeTests.BundledRetrievalCatalogTests testReviewedFactualBoundariesRemainExplicit]' passed (0.002 seconds).
Test Case '-[NeuroForgeTests.BundledRetrievalCatalogTests testSemanticIdentityDoesNotDependOnStableRecordID]' started.
Test Case '-[NeuroForgeTests.BundledRetrievalCatalogTests testSemanticIdentityDoesNotDependOnStableRecordID]' passed (0.001 seconds).
Test Suite 'BundledRetrievalCatalogTests' passed at 2026-09-05 19:14:29.975.
	 Executed 9 tests, with 0 failures (0 unexpected) in 0.516 (0.518) seconds
Test Suite 'CloudAuthoringTests' started at 2026-09-05 19:14:29.975.
Test Case '-[NeuroForgeTests.CloudAuthoringTests testAuthoringEngineNeverAdvertisesOrSelectsLegacyNativePCCRoute]' started.
Test Case '-[NeuroForgeTests.CloudAuthoringTests testAuthoringEngineNeverAdvertisesOrSelectsLegacyNativePCCRoute]' passed (0.003 seconds).
Test Case '-[NeuroForgeTests.CloudAuthoringTests testShortcutDraftNumericalAnswerRejectsUnverifiedAlternateAnswers]' started.
Test Case '-[NeuroForgeTests.CloudAuthoringTests testShortcutDraftNumericalAnswerRejectsUnverifiedAlternateAnswers]' passed (0.003 seconds).
Test Case '-[NeuroForgeTests.CloudAuthoringTests testShortcutDraftRejectsLearnerVisibleReferenceAnswer]' started.
Test Case '-[NeuroForgeTests.CloudAuthoringTests testShortcutDraftRejectsLearnerVisibleReferenceAnswer]' passed (0.002 seconds).
Test Case '-[NeuroForgeTests.CloudAuthoringTests testShortcutDraftRejectsModelSuppliedArithmeticAuthority]' started.
Test Case '-[NeuroForgeTests.CloudAuthoringTests testShortcutDraftRejectsModelSuppliedArithmeticAuthority]' passed (0.001 seconds).
Test Case '-[NeuroForgeTests.CloudAuthoringTests testShortcutDraftRejectsUnbalancedDisplayMath]' started.
Test Case '-[NeuroForgeTests.CloudAuthoringTests testShortcutDraftRejectsUnbalancedDisplayMath]' passed (0.001 seconds).
Test Case '-[NeuroForgeTests.CloudAuthoringTests testShortcutDraftRejectsUnclosedMarkdownFence]' started.
Test Case '-[NeuroForgeTests.CloudAuthoringTests testShortcutDraftRejectsUnclosedMarkdownFence]' passed (0.002 seconds).
Test Case '-[NeuroForgeTests.CloudAuthoringTests testShortcutDraftRejectsUnmatchedSingleDollarInReferenceAnswer]' started.
Test Case '-[NeuroForgeTests.CloudAuthoringTests testShortcutDraftRejectsUnmatchedSingleDollarInReferenceAnswer]' passed (0.002 seconds).
Test Case '-[NeuroForgeTests.CloudAuthoringTests testShortcutDraftRequiresDisplayMathForNativeTypesetting]' started.
Test Case '-[NeuroForgeTests.CloudAuthoringTests testShortcutDraftRequiresDisplayMathForNativeTypesetting]' passed (0.001 seconds).
Test Suite 'CloudAuthoringTests' passed at 2026-09-05 19:14:29.992.
	 Executed 8 tests, with 0 failures (0 unexpected) in 0.015 (0.016) seconds
Test Suite 'CodeTraceInteractionTests' started at 2026-09-05 19:14:29.992.
Test Case '-[NeuroForgeTests.CodeTraceInteractionTests testExactColdResumeResetAndLaterCommitKeepFirstPredictionAndImmutableHistory]' started.
Test Case '-[NeuroForgeTests.CodeTraceInteractionTests testExactColdResumeResetAndLaterCommitKeepFirstPredictionAndImmutableHistory]' passed (0.063 seconds).
Test Case '-[NeuroForgeTests.CodeTraceInteractionTests testFalseBranchLoopAndArithmeticBoundsRemainInterpreterTruthful]' started.
Test Case '-[NeuroForgeTests.CodeTraceInteractionTests testFalseBranchLoopAndArithmeticBoundsRemainInterpreterTruthful]' passed (0.001 seconds).
Test Case '-[NeuroForgeTests.CodeTraceInteractionTests testGeneratedTypedTraceUsesTheSamePredictionCheckpointAndHistoryPolicy]' started.
Test Case '-[NeuroForgeTests.CodeTraceInteractionTests testGeneratedTypedTraceUsesTheSamePredictionCheckpointAndHistoryPolicy]' passed (0.045 seconds).
Test Case '-[NeuroForgeTests.CodeTraceInteractionTests testImmutableTraceSnapshotRejectsAnotherPredictionUnderTheSameAttemptID]' started.
Test Case '-[NeuroForgeTests.CodeTraceInteractionTests testImmutableTraceSnapshotRejectsAnotherPredictionUnderTheSameAttemptID]' passed (0.003 seconds).
Test Case '-[NeuroForgeTests.CodeTraceInteractionTests testNextStatePredictionIsRetainedBeforeRevealAndInvalidSyntaxNeverAdvances]' started.
Test Case '-[NeuroForgeTests.CodeTraceInteractionTests testNextStatePredictionIsRetainedBeforeRevealAndInvalidSyntaxNeverAdvances]' passed (0.027 seconds).
Test Case '-[NeuroForgeTests.CodeTraceInteractionTests testOnlyExplicitNewRecipeAddsTraceAndLegacyRecipeRemainsStatic]' started.
Test Case '-[NeuroForgeTests.CodeTraceInteractionTests testOnlyExplicitNewRecipeAddsTraceAndLegacyRecipeRemainsStatic]' passed (0.006 seconds).
Test Case '-[NeuroForgeTests.CodeTraceInteractionTests testOversizedPendingAndRecordedStatePredictionsAreRejectedWithoutTruncation]' started.
Test Case '-[NeuroForgeTests.CodeTraceInteractionTests testOversizedPendingAndRecordedStatePredictionsAreRejectedWithoutTruncation]' passed (0.003 seconds).
Test Case '-[NeuroForgeTests.CodeTraceInteractionTests testOversizedTraceEditStaysExportableAndCannotClaimSavedUntilCorrected]' started.
Test Case '-[NeuroForgeTests.CodeTraceInteractionTests testOversizedTraceEditStaysExportableAndCannotClaimSavedUntilCorrected]' passed (0.018 seconds).
Test Case '-[NeuroForgeTests.CodeTraceInteractionTests testPredictionMustExistAndFailedFirstRevealCannotShowOrRecordExecution]' started.
Test Case '-[NeuroForgeTests.CodeTraceInteractionTests testPredictionMustExistAndFailedFirstRevealCannotShowOrRecordExecution]' passed (0.021 seconds).
Test Case '-[NeuroForgeTests.CodeTraceInteractionTests testProtectedAndFutureInspectionCannotExposeAStateOrBecomeEditable]' started.
Test Case '-[NeuroForgeTests.CodeTraceInteractionTests testProtectedAndFutureInspectionCannotExposeAStateOrBecomeEditable]' passed (0.015 seconds).
Test Case '-[NeuroForgeTests.CodeTraceInteractionTests testTraceUsesTheSameInterpreterAndExactNumberedSourceAcrossEverySkin]' started.
Test Case '-[NeuroForgeTests.CodeTraceInteractionTests testTraceUsesTheSameInterpreterAndExactNumberedSourceAcrossEverySkin]' passed (0.001 seconds).
Test Case '-[NeuroForgeTests.CodeTraceInteractionTests testUnacknowledgedTypedNextPredictionStaysVisibleAndExportable]' started.
Test Case '-[NeuroForgeTests.CodeTraceInteractionTests testUnacknowledgedTypedNextPredictionStaysVisibleAndExportable]' passed (0.020 seconds).
Test Suite 'CodeTraceInteractionTests' passed at 2026-09-05 19:14:30.220.
	 Executed 12 tests, with 0 failures (0 unexpected) in 0.225 (0.228) seconds
Test Suite 'CommittedFeedbackCitationTests' started at 2026-09-05 19:14:30.220.
Test Case '-[NeuroForgeTests.CommittedFeedbackCitationTests testAutomaticallyScoredCitedQuestionUsesAcknowledgedRouteAndRefusesUnpinnedExcerpt]' started.
Test Case '-[NeuroForgeTests.CommittedFeedbackCitationTests testAutomaticallyScoredCitedQuestionUsesAcknowledgedRouteAndRefusesUnpinnedExcerpt]' passed (0.022 seconds).
Test Case '-[NeuroForgeTests.CommittedFeedbackCitationTests testDeletedCitationRouteCannotAttachToDifferentImportedSnapshotWithReusedIDs]' started.
Test Case '-[NeuroForgeTests.CommittedFeedbackCitationTests testDeletedCitationRouteCannotAttachToDifferentImportedSnapshotWithReusedIDs]' passed (0.048 seconds).
Test Case '-[NeuroForgeTests.CommittedFeedbackCitationTests testLaterProtectedMarkerRevokesLiveCitationTitlesAndAlreadySelectedSheetContent]' started.
Test Case '-[NeuroForgeTests.CommittedFeedbackCitationTests testLaterProtectedMarkerRevokesLiveCitationTitlesAndAlreadySelectedSheetContent]' passed (0.013 seconds).
Test Case '-[NeuroForgeTests.CommittedFeedbackCitationTests testQueuePagesPreserveExactIDsAndProtectedRowsWithoutUnboundedInitialPresentation]' started.
Test Case '-[NeuroForgeTests.CommittedFeedbackCitationTests testQueuePagesPreserveExactIDsAndProtectedRowsWithoutUnboundedInitialPresentation]' passed (0.071 seconds).
Test Case '-[NeuroForgeTests.CommittedFeedbackCitationTests testSourceCitationRequiresAcknowledgedCommitAndFixedRouteSurvivesEndAndSourceChanges]' started.
Test Case '-[NeuroForgeTests.CommittedFeedbackCitationTests testSourceCitationRequiresAcknowledgedCommitAndFixedRouteSurvivesEndAndSourceChanges]' passed (0.029 seconds).
Test Suite 'CommittedFeedbackCitationTests' passed at 2026-09-05 19:14:30.403.
	 Executed 5 tests, with 0 failures (0 unexpected) in 0.182 (0.184) seconds
Test Suite 'ContentImprovementRegressionTests' started at 2026-09-05 19:14:30.404.
Test Case '-[NeuroForgeTests.ContentImprovementRegressionTests testB08AdmissionSolvesSharedTargetsAndReportsExactMissingAssets]' started.
Test Case '-[NeuroForgeTests.ContentImprovementRegressionTests testB08AdmissionSolvesSharedTargetsAndReportsExactMissingAssets]' passed (0.002 seconds).
Test Case '-[NeuroForgeTests.ContentImprovementRegressionTests testB08VarietyAssignmentMatchesAnIndependentExhaustiveOracle]' started.
Test Case '-[NeuroForgeTests.ContentImprovementRegressionTests testB08VarietyAssignmentMatchesAnIndependentExhaustiveOracle]' passed (0.063 seconds).
Test Case '-[NeuroForgeTests.ContentImprovementRegressionTests testColdProtectedNumericResumeUsesSavedEnglishLocaleUnderJapaneseChrome]' started.
Test Case '-[NeuroForgeTests.ContentImprovementRegressionTests testColdProtectedNumericResumeUsesSavedEnglishLocaleUnderJapaneseChrome]' passed (0.032 seconds).
Test Case '-[NeuroForgeTests.ContentImprovementRegressionTests testEstimateKeysStayCanonicalAcrossRegionsAndRejectThousandfoldErrors]' started.
Test Case '-[NeuroForgeTests.ContentImprovementRegressionTests testEstimateKeysStayCanonicalAcrossRegionsAndRejectThousandfoldErrors]' passed (0.149 seconds).
Test Case '-[NeuroForgeTests.ContentImprovementRegressionTests testExactAliasGuardPreservesCanonicalJudgmentEstimateAndUnrelatedLogicAlternatives]' started.
Test Case '-[NeuroForgeTests.ContentImprovementRegressionTests testExactAliasGuardPreservesCanonicalJudgmentEstimateAndUnrelatedLogicAlternatives]' passed (0.027 seconds).
Test Case '-[NeuroForgeTests.ContentImprovementRegressionTests testFrozenGermanEstimateExactAliasesAreInvalidItemsWithoutChangingSavedAnswers]' started.
Test Case '-[NeuroForgeTests.ContentImprovementRegressionTests testFrozenGermanEstimateExactAliasesAreInvalidItemsWithoutChangingSavedAnswers]' passed (0.003 seconds).
Test Case '-[NeuroForgeTests.ContentImprovementRegressionTests testHistoricalCorrectionsAreReproducibleFindingsAndNeverRewriteOriginals]' started.
Test Case '-[NeuroForgeTests.ContentImprovementRegressionTests testHistoricalCorrectionsAreReproducibleFindingsAndNeverRewriteOriginals]' passed (0.004 seconds).
Test Case '-[NeuroForgeTests.ContentImprovementRegressionTests testObservationChartAndTablePreserveTheSameOriginalCountsAndScale]' started.
Test Case '-[NeuroForgeTests.ContentImprovementRegressionTests testObservationChartAndTablePreserveTheSameOriginalCountsAndScale]' passed (0.004 seconds).
Test Case '-[NeuroForgeTests.ContentImprovementRegressionTests testObservationInspectionDoesNotGuessMalformedCountOrCategoryValues]' started.
Test Case '-[NeuroForgeTests.ContentImprovementRegressionTests testObservationInspectionDoesNotGuessMalformedCountOrCategoryValues]' passed (0.006 seconds).
Test Case '-[NeuroForgeTests.ContentImprovementRegressionTests testObservationInspectionRejectsProtectedFutureAndNonGivenContracts]' started.
Test Case '-[NeuroForgeTests.ContentImprovementRegressionTests testObservationInspectionRejectsProtectedFutureAndNonGivenContracts]' passed (0.004 seconds).
Test Case '-[NeuroForgeTests.ContentImprovementRegressionTests testS01EquivalentCoordinateOptionsInvalidateTheItemRatherThanPenalizeOneChoice]' started.
Test Case '-[NeuroForgeTests.ContentImprovementRegressionTests testS01EquivalentCoordinateOptionsInvalidateTheItemRatherThanPenalizeOneChoice]' passed (0.370 seconds).
Test Case '-[NeuroForgeTests.ContentImprovementRegressionTests testS01StructuredTransferOptionsRemainDistinctAndAgreeWithIndependentTableOracle]' started.
Test Case '-[NeuroForgeTests.ContentImprovementRegressionTests testS01StructuredTransferOptionsRemainDistinctAndAgreeWithIndependentTableOracle]' passed (0.265 seconds).
Test Case '-[NeuroForgeTests.ContentImprovementRegressionTests testS02IntervalGeometryExhaustsTheAuthoredDomainWithoutUsingItAsAnInferenceTest]' started.
Test Case '-[NeuroForgeTests.ContentImprovementRegressionTests testS02IntervalGeometryExhaustsTheAuthoredDomainWithoutUsingItAsAnInferenceTest]' passed (0.298 seconds).
Test Case '-[NeuroForgeTests.ContentImprovementRegressionTests testS03AndS04SymbolicEquivalenceRetainsCaseFunctionRolesAndDomainBoundaries]' started.
Test Case '-[NeuroForgeTests.ContentImprovementRegressionTests testS03AndS04SymbolicEquivalenceRetainsCaseFunctionRolesAndDomainBoundaries]' passed (0.007 seconds).
Test Case '-[NeuroForgeTests.ContentImprovementRegressionTests testS03ProseAcceptsReviewedRelationsRejectsContradictionsAndClarifiesUnknownCoverage]' started.
Test Case '-[NeuroForgeTests.ContentImprovementRegressionTests testS03ProseAcceptsReviewedRelationsRejectsContradictionsAndClarifiesUnknownCoverage]' passed (0.002 seconds).
Test Case '-[NeuroForgeTests.ContentImprovementRegressionTests testS05EveryDeclaredEstimateAliasReceivesIdenticalFullCredit]' started.
Test Case '-[NeuroForgeTests.ContentImprovementRegressionTests testS05EveryDeclaredEstimateAliasReceivesIdenticalFullCredit]' passed (0.014 seconds).
Test Case '-[NeuroForgeTests.ContentImprovementRegressionTests testS06KnownSolutionScaffoldsAreAbsentFromIndependentRoles]' started.
Test Case '-[NeuroForgeTests.ContentImprovementRegressionTests testS06KnownSolutionScaffoldsAreAbsentFromIndependentRoles]' passed (0.013 seconds).
Test Case '-[NeuroForgeTests.ContentImprovementRegressionTests testS07NumericEquivalenceSeparatesSyntaxFromWrongUnits]' started.
Test Case '-[NeuroForgeTests.ContentImprovementRegressionTests testS07NumericEquivalenceSeparatesSyntaxFromWrongUnits]' passed (0.003 seconds).
Test Case '-[NeuroForgeTests.ContentImprovementRegressionTests testS08SelectingEverythingCannotExploitPartialCreditOrSupportBundles]' started.
Test Case '-[NeuroForgeTests.ContentImprovementRegressionTests testS08SelectingEverythingCannotExploitPartialCreditOrSupportBundles]' passed (0.006 seconds).
Test Case '-[NeuroForgeTests.ContentImprovementRegressionTests testS09DAGAcceptsEveryCompleteTopologicalOrderAndBlocksCycles]' started.
Test Case '-[NeuroForgeTests.ContentImprovementRegressionTests testS09DAGAcceptsEveryCompleteTopologicalOrderAndBlocksCycles]' passed (0.003 seconds).
Test Case '-[NeuroForgeTests.ContentImprovementRegressionTests testS10SelfReportsNeverBecomeVerifiedCorrectnessAndRoundTrip]' started.
Test Case '-[NeuroForgeTests.ContentImprovementRegressionTests testS10SelfReportsNeverBecomeVerifiedCorrectnessAndRoundTrip]' passed (0.002 seconds).
Test Case '-[NeuroForgeTests.ContentImprovementRegressionTests testSavedRequestLocalePinsNumericAndCubeContentAcrossChromeLanguageChanges]' started.
Test Case '-[NeuroForgeTests.ContentImprovementRegressionTests testSavedRequestLocalePinsNumericAndCubeContentAcrossChromeLanguageChanges]' passed (0.006 seconds).
Test Case '-[NeuroForgeTests.ContentImprovementRegressionTests testSpatialCoordinateLabelsDoNotConvertUnboundedDoublesToIntegers]' started.
Test Case '-[NeuroForgeTests.ContentImprovementRegressionTests testSpatialCoordinateLabelsDoNotConvertUnboundedDoublesToIntegers]' passed (0.001 seconds).
Test Case '-[NeuroForgeTests.ContentImprovementRegressionTests testSpatialRenderingRejectsUnrepresentableAndOversizedOriginalGeometry]' started.
Test Case '-[NeuroForgeTests.ContentImprovementRegressionTests testSpatialRenderingRejectsUnrepresentableAndOversizedOriginalGeometry]' passed (0.001 seconds).
Test Suite 'ContentImprovementRegressionTests' passed at 2026-09-05 19:14:31.694.
	 Executed 24 tests, with 0 failures (0 unexpected) in 1.285 (1.291) seconds
Test Suite 'CoordinateReasoningContractTests' started at 2026-09-05 19:14:31.694.
Test Case '-[NeuroForgeTests.CoordinateReasoningContractTests testActualFrozenNewContractCannotResumeUnderMissingPolicyAndKeepsOriginalBytes]' started.
Test Case '-[NeuroForgeTests.CoordinateReasoningContractTests testActualFrozenNewContractCannotResumeUnderMissingPolicyAndKeepsOriginalBytes]' passed (0.033 seconds).
Test Case '-[NeuroForgeTests.CoordinateReasoningContractTests testActualSecondaryLaunchColdTypedCommitHistoryAndNextKeepChosenFamily]' started.
Test Case '-[NeuroForgeTests.CoordinateReasoningContractTests testActualSecondaryLaunchColdTypedCommitHistoryAndNextKeepChosenFamily]' passed (0.124 seconds).
Test Case '-[NeuroForgeTests.CoordinateReasoningContractTests testDetachedBothAdvancedFamiliesUseOnlyValidUniqueFiniteContracts]' started.
Test Case '-[NeuroForgeTests.CoordinateReasoningContractTests testDetachedBothAdvancedFamiliesUseOnlyValidUniqueFiniteContracts]' passed (0.146 seconds).
Test Case '-[NeuroForgeTests.CoordinateReasoningContractTests testEveryFiniteInverseAndAffineKeyMatchesIndependentGeometricSubstitutionInBothLocales]' started.
Test Case '-[NeuroForgeTests.CoordinateReasoningContractTests testEveryFiniteInverseAndAffineKeyMatchesIndependentGeometricSubstitutionInBothLocales]' passed (2.128 seconds).
Test Case '-[NeuroForgeTests.CoordinateReasoningContractTests testGeneratedAffineAndOrientationResponsesStayExactThroughColdCommitAndHistory]' started.
Test Case '-[NeuroForgeTests.CoordinateReasoningContractTests testGeneratedAffineAndOrientationResponsesStayExactThroughColdCommitAndHistory]' passed (0.141 seconds).
Test Case '-[NeuroForgeTests.CoordinateReasoningContractTests testNilPolicyPreservesForward12AndLegacy2WhileNewRecipeHasDistinctIdentityAndTypedProtocol]' started.
Test Case '-[NeuroForgeTests.CoordinateReasoningContractTests testNilPolicyPreservesForward12AndLegacy2WhileNewRecipeHasDistinctIdentityAndTypedProtocol]' passed (0.012 seconds).
Test Case '-[NeuroForgeTests.CoordinateReasoningContractTests testOrientationAndGlobalFixedLocusAreBothScoredUsingIndependentAreaAndHalfGridOracle]' started.
Test Case '-[NeuroForgeTests.CoordinateReasoningContractTests testOrientationAndGlobalFixedLocusAreBothScoredUsingIndependentAreaAndHalfGridOracle]' passed (0.344 seconds).
Test Case '-[NeuroForgeTests.CoordinateReasoningContractTests testOriginalOnlyRenderingAndResetDoNotLeakInverseOrUnknownMapBeforeCommit]' started.
Test Case '-[NeuroForgeTests.CoordinateReasoningContractTests testOriginalOnlyRenderingAndResetDoNotLeakInverseOrUnknownMapBeforeCommit]' passed (0.012 seconds).
Test Case '-[NeuroForgeTests.CoordinateReasoningContractTests testUnderdeterminedContradictoryFutureAndProtectedContractsHaveNoAcceptedKey]' started.
Test Case '-[NeuroForgeTests.CoordinateReasoningContractTests testUnderdeterminedContradictoryFutureAndProtectedContractsHaveNoAcceptedKey]' passed (0.005 seconds).
Test Suite 'CoordinateReasoningContractTests' passed at 2026-09-05 19:14:34.640.
	 Executed 9 tests, with 0 failures (0 unexpected) in 2.943 (2.945) seconds
Test Suite 'CoordinateTransformContractTests' started at 2026-09-05 19:14:34.640.
Test Case '-[NeuroForgeTests.CoordinateTransformContractTests testActualColdCoordinatesCommitHistoryAndNextPreserveExactTypedPoint]' started.
Test Case '-[NeuroForgeTests.CoordinateTransformContractTests testActualColdCoordinatesCommitHistoryAndNextPreserveExactTypedPoint]' passed (0.043 seconds).
Test Case '-[NeuroForgeTests.CoordinateTransformContractTests testAllBoundedCoordinateContractsMatchIndependentAffineOracleAndTypedCredit]' started.
Test Case '-[NeuroForgeTests.CoordinateTransformContractTests testAllBoundedCoordinateContractsMatchIndependentAffineOracleAndTypedCredit]' passed (1.025 seconds).
Test Case '-[NeuroForgeTests.CoordinateTransformContractTests testAllQuadrantsCentersLineFixedPointsDistancesAndOrderedCompositions]' started.
Test Case '-[NeuroForgeTests.CoordinateTransformContractTests testAllQuadrantsCentersLineFixedPointsDistancesAndOrderedCompositions]' passed (0.135 seconds).
Test Case '-[NeuroForgeTests.CoordinateTransformContractTests testCoordinatePartialRubricOwnsBothFieldCreditsAndRejectsRetainedContradiction]' started.
Test Case '-[NeuroForgeTests.CoordinateTransformContractTests testCoordinatePartialRubricOwnsBothFieldCreditsAndRejectsRetainedContradiction]' passed (0.007 seconds).
Test Case '-[NeuroForgeTests.CoordinateTransformContractTests testFutureProtectedMalformedAndMissingRequestPolicyRefuseWithoutOverwritingOriginal]' started.
Test Case '-[NeuroForgeTests.CoordinateTransformContractTests testFutureProtectedMalformedAndMissingRequestPolicyRefuseWithoutOverwritingOriginal]' passed (0.108 seconds).
Test Case '-[NeuroForgeTests.CoordinateTransformContractTests testGeneratedSavedPointUsesExactContractAndSameNumericAuthority]' started.
Test Case '-[NeuroForgeTests.CoordinateTransformContractTests testGeneratedSavedPointUsesExactContractAndSameNumericAuthority]' passed (0.050 seconds).
Test Case '-[NeuroForgeTests.CoordinateTransformContractTests testOriginalDiagramAndCopyKeepIndependentPointAndBothRecordedLocales]' started.
Test Case '-[NeuroForgeTests.CoordinateTransformContractTests testOriginalDiagramAndCopyKeepIndependentPointAndBothRecordedLocales]' passed (0.005 seconds).
Test Case '-[NeuroForgeTests.CoordinateTransformContractTests testRecipeVersionsAreScopedToFallbackAndPreserveCurrentAndLegacyAuthoredAuthority]' started.
Test Case '-[NeuroForgeTests.CoordinateTransformContractTests testRecipeVersionsAreScopedToFallbackAndPreserveCurrentAndLegacyAuthoredAuthority]' passed (0.002 seconds).
Test Case '-[NeuroForgeTests.CoordinateTransformContractTests testSemanticIdentityCollapsesSignScaleAndFixedPointAliasesWithoutLosingTaskOrder]' started.
Test Case '-[NeuroForgeTests.CoordinateTransformContractTests testSemanticIdentityCollapsesSignScaleAndFixedPointAliasesWithoutLosingTaskOrder]' passed (0.014 seconds).
Test Suite 'CoordinateTransformContractTests' passed at 2026-09-05 19:14:36.031.
	 Executed 9 tests, with 0 failures (0 unexpected) in 1.389 (1.391) seconds
Test Suite 'CubeFoldingContractTests' started at 2026-09-05 19:14:36.031.
Test Case '-[NeuroForgeTests.CubeFoldingContractTests testActualOrdinaryColdCommitAndNextRetainExactNetFamilyAndOriginalArrows]' started.
Test Case '-[NeuroForgeTests.CubeFoldingContractTests testActualOrdinaryColdCommitAndNextRetainExactNetFamilyAndOriginalArrows]' passed (0.113 seconds).
Test Case '-[NeuroForgeTests.CubeFoldingContractTests testAllThirtyFiveFreeProposalsHaveExactlyElevenValidCubeClosuresFromIndependentFaceAssignment]' started.
Test Case '-[NeuroForgeTests.CubeFoldingContractTests testAllThirtyFiveFreeProposalsHaveExactlyElevenValidCubeClosuresFromIndependentFaceAssignment]' passed (0.006 seconds).
Test Case '-[NeuroForgeTests.CubeFoldingContractTests testDetachedFactoryReachabilityKeepsFiniteQueryCapacitySeparateFromElevenTopologies]' started.
CUBE_FOLDING_REACHABILITY focused50=50, unavailable=0, legacyMixedSemanticTargets=60
Test Case '-[NeuroForgeTests.CubeFoldingContractTests testDetachedFactoryReachabilityKeepsFiniteQueryCapacitySeparateFromElevenTopologies]' passed (5.687 seconds).
Test Case '-[NeuroForgeTests.CubeFoldingContractTests testEveryRetainedTaskUsesExactAllFaceAuthorityAndExclusiveLocalizedChoices]' started.
Test Case '-[NeuroForgeTests.CubeFoldingContractTests testEveryRetainedTaskUsesExactAllFaceAuthorityAndExclusiveLocalizedChoices]' passed (11.101 seconds).
Test Case '-[NeuroForgeTests.CubeFoldingContractTests testFoldUnfoldResetAndNativeFacesRequireCommittedPhaseAndRetainExactOriginal]' started.
2026-09-05 19:14:53.186971-0400 NeuroForge[18780:6465318] [Assets] asset string 'engine:throttleGhosted.rematerial' parse failed: Invalid asset path: Unknown asset type suffix 'engine:throttleGhosted.rematerial'
Test Case '-[NeuroForgeTests.CubeFoldingContractTests testFoldUnfoldResetAndNativeFacesRequireCommittedPhaseAndRetainExactOriginal]' passed (0.443 seconds).
Test Case '-[NeuroForgeTests.CubeFoldingContractTests testGeneratedMultipleAdjacentFacesUseExactRetainedSetThroughColdCommit]' started.
Test Case '-[NeuroForgeTests.CubeFoldingContractTests testGeneratedMultipleAdjacentFacesUseExactRetainedSetThroughColdCommit]' passed (0.098 seconds).
Test Case '-[NeuroForgeTests.CubeFoldingContractTests testPartialGivenMovesOnlyItsLeafAndPreservesEveryHingeEdgeAndPrintedArrow]' started.
Test Case '-[NeuroForgeTests.CubeFoldingContractTests testPartialGivenMovesOnlyItsLeafAndPreservesEveryHingeEdgeAndPrintedArrow]' passed (0.008 seconds).
Test Case '-[NeuroForgeTests.CubeFoldingContractTests testRoleSymmetryAndFaceRelabelingDoNotManufactureAnotherNetTarget]' started.
CUBE_FOLDING_CENSUS deliveryForms=469, semanticTargets=417, validTopologies=11, invalidProposals=24, reviewedAdmissions=0
Test Case '-[NeuroForgeTests.CubeFoldingContractTests testRoleSymmetryAndFaceRelabelingDoNotManufactureAnotherNetTarget]' passed (0.063 seconds).
Test Case '-[NeuroForgeTests.CubeFoldingContractTests testUnsupportedProtectedAndContradictoryRetainedContractsFailClosedWithoutChangingLegacy]' started.
Test Case '-[NeuroForgeTests.CubeFoldingContractTests testUnsupportedProtectedAndContradictoryRetainedContractsFailClosedWithoutChangingLegacy]' passed (0.011 seconds).
Test Suite 'CubeFoldingContractTests' passed at 2026-09-05 19:14:53.563.
	 Executed 9 tests, with 0 failures (0 unexpected) in 17.530 (17.532) seconds
Test Suite 'DataExportRoundTripTests' started at 2026-09-05 19:14:53.563.
Test Case '-[NeuroForgeTests.DataExportRoundTripTests testArchiveReadBoundaryRejectsOversizedFileBeforeDecode]' started.
Test Case '-[NeuroForgeTests.DataExportRoundTripTests testArchiveReadBoundaryRejectsOversizedFileBeforeDecode]' passed (0.002 seconds).
Test Case '-[NeuroForgeTests.DataExportRoundTripTests testCancelledArchivePreparationDoesNotProduceAnAcceptedRestore]' started.
Test Case '-[NeuroForgeTests.DataExportRoundTripTests testCancelledArchivePreparationDoesNotProduceAnAcceptedRestore]' passed (0.012 seconds).
Test Case '-[NeuroForgeTests.DataExportRoundTripTests testCorePersistenceFailureRollsBackModelsAndCompensatesAdaptiveHistory]' started.
Test Case '-[NeuroForgeTests.DataExportRoundTripTests testCorePersistenceFailureRollsBackModelsAndCompensatesAdaptiveHistory]' passed (0.029 seconds).
Test Case '-[NeuroForgeTests.DataExportRoundTripTests testFullArchiveRoundTripHarnessPreservesEveryRecordCountAndIdentity]' started.
Test Case '-[NeuroForgeTests.DataExportRoundTripTests testFullArchiveRoundTripHarnessPreservesEveryRecordCountAndIdentity]' passed (0.043 seconds).
Test Case '-[NeuroForgeTests.DataExportRoundTripTests testHistoricalArchiveMigrationsRestoreV14ThroughV16CheckpointFixtures]' started.
Test Case '-[NeuroForgeTests.DataExportRoundTripTests testHistoricalArchiveMigrationsRestoreV14ThroughV16CheckpointFixtures]' passed (0.080 seconds).
Test Case '-[NeuroForgeTests.DataExportRoundTripTests testHistoryWriteFailureHappensBeforeAnyCoreRecordIsCommitted]' started.
Test Case '-[NeuroForgeTests.DataExportRoundTripTests testHistoryWriteFailureHappensBeforeAnyCoreRecordIsCommitted]' passed (0.021 seconds).
Test Case '-[NeuroForgeTests.DataExportRoundTripTests testPreparedArchiveRestoresExactlyPreviewedBytesAfterExternalFileChanges]' started.
Test Case '-[NeuroForgeTests.DataExportRoundTripTests testPreparedArchiveRestoresExactlyPreviewedBytesAfterExternalFileChanges]' passed (0.021 seconds).
Test Case '-[NeuroForgeTests.DataExportRoundTripTests testReplaceAllClearsAdaptiveHistoryWhenArchiveHistoryIsEmpty]' started.
Test Case '-[NeuroForgeTests.DataExportRoundTripTests testReplaceAllClearsAdaptiveHistoryWhenArchiveHistoryIsEmpty]' passed (0.022 seconds).
Test Case '-[NeuroForgeTests.DataExportRoundTripTests testReplaceAllRejectsReferencesThatOnlyExistInDestination]' started.
Test Case '-[NeuroForgeTests.DataExportRoundTripTests testReplaceAllRejectsReferencesThatOnlyExistInDestination]' passed (0.029 seconds).
Test Case '-[NeuroForgeTests.DataExportRoundTripTests testReplaceMatchingRejectsEveryRetainedProfileChildThatWouldBeOrphaned]' started.
Test Case '-[NeuroForgeTests.DataExportRoundTripTests testReplaceMatchingRejectsEveryRetainedProfileChildThatWouldBeOrphaned]' passed (0.047 seconds).
Test Case '-[NeuroForgeTests.DataExportRoundTripTests testRestoreConflictAndReplacementUseFreshRowsAbsentFromTheHistoryProjection]' started.
Test Case '-[NeuroForgeTests.DataExportRoundTripTests testRestoreConflictAndReplacementUseFreshRowsAbsentFromTheHistoryProjection]' passed (0.055 seconds).
Test Case '-[NeuroForgeTests.DataExportRoundTripTests testRestoreIsPreviewedConflictAwareAndDoesNotDuplicateRecords]' started.
Test Case '-[NeuroForgeTests.DataExportRoundTripTests testRestoreIsPreviewedConflictAwareAndDoesNotDuplicateRecords]' passed (0.141 seconds).
Test Case '-[NeuroForgeTests.DataExportRoundTripTests testRestoreMatchesReflectionAndCheckpointDomainIdentitiesAcrossPeerRecordIDs]' started.
Test Case '-[NeuroForgeTests.DataExportRoundTripTests testRestoreMatchesReflectionAndCheckpointDomainIdentitiesAcrossPeerRecordIDs]' passed (0.063 seconds).
Test Case '-[NeuroForgeTests.DataExportRoundTripTests testRestorePreservesEveryHiddenDuplicateBeforeAnyStoreMutation]' started.
Test Case '-[NeuroForgeTests.DataExportRoundTripTests testRestorePreservesEveryHiddenDuplicateBeforeAnyStoreMutation]' passed (0.063 seconds).
Test Case '-[NeuroForgeTests.DataExportRoundTripTests testRestoreRejectsCrossedPhysicalAndDomainIdentitiesWithoutDeletingEitherOriginal]' started.
Test Case '-[NeuroForgeTests.DataExportRoundTripTests testRestoreRejectsCrossedPhysicalAndDomainIdentitiesWithoutDeletingEitherOriginal]' passed (0.046 seconds).
Test Suite 'DataExportRoundTripTests' passed at 2026-09-05 19:14:54.242.
	 Executed 15 tests, with 0 failures (0 unexpected) in 0.675 (0.678) seconds
Test Suite 'DataExportTests' started at 2026-09-05 19:14:54.242.
Test Case '-[NeuroForgeTests.DataExportTests testGeneratedQuestionsAndPersonalReviewArtifactsMatchVersionedSchemas]' started.
Test Case '-[NeuroForgeTests.DataExportTests testGeneratedQuestionsAndPersonalReviewArtifactsMatchVersionedSchemas]' passed (0.025 seconds).
Test Suite 'DataExportTests' passed at 2026-09-05 19:14:54.267.
	 Executed 1 test, with 0 failures (0 unexpected) in 0.025 (0.025) seconds
Test Suite 'DataPredictionWorkflowTests' started at 2026-09-05 19:14:54.267.
Test Case '-[NeuroForgeTests.DataPredictionWorkflowTests testDenominatorExplanationUsesOnlyExactTypedCountsAndKeepsPercentAuthority]' started.
Test Case '-[NeuroForgeTests.DataPredictionWorkflowTests testDenominatorExplanationUsesOnlyExactTypedCountsAndKeepsPercentAuthority]' passed (0.086 seconds).
Test Case '-[NeuroForgeTests.DataPredictionWorkflowTests testFailedRevealAndPointSelectionRetainPredecessorThenColdResumeRestoresOriginalPrediction]' started.
Test Case '-[NeuroForgeTests.DataPredictionWorkflowTests testFailedRevealAndPointSelectionRetainPredecessorThenColdResumeRestoresOriginalPrediction]' passed (0.052 seconds).
Test Case '-[NeuroForgeTests.DataPredictionWorkflowTests testFirstPredictionPrecedesAssistanceAndRemainsDistinctFromTheScoredFinalAnswer]' started.
Test Case '-[NeuroForgeTests.DataPredictionWorkflowTests testFirstPredictionPrecedesAssistanceAndRemainsDistinctFromTheScoredFinalAnswer]' passed (0.050 seconds).
Test Case '-[NeuroForgeTests.DataPredictionWorkflowTests testGeneratedDataAdapterPreservesFirstPredictionSupportAndFreshNextState]' started.
Test Case '-[NeuroForgeTests.DataPredictionWorkflowTests testGeneratedDataAdapterPreservesFirstPredictionSupportAndFreshNextState]' passed (0.073 seconds).
Test Case '-[NeuroForgeTests.DataPredictionWorkflowTests testProtectedPortableMarkerRemovesDataSidecarsWithoutChangingOriginalLearningRecord]' started.
Test Case '-[NeuroForgeTests.DataPredictionWorkflowTests testProtectedPortableMarkerRemovesDataSidecarsWithoutChangingOriginalLearningRecord]' passed (0.041 seconds).
Test Case '-[NeuroForgeTests.DataPredictionWorkflowTests testSavedDataPredictionAndHelpRemainRetainedAfterLegacySummaryFailure]' started.
Test Case '-[NeuroForgeTests.DataPredictionWorkflowTests testSavedDataPredictionAndHelpRemainRetainedAfterLegacySummaryFailure]' passed (0.020 seconds).
Test Case '-[NeuroForgeTests.DataPredictionWorkflowTests testUnknownAndIncoherentDataDraftsStayUnavailableWithoutInventingLegacyPredictions]' started.
Test Case '-[NeuroForgeTests.DataPredictionWorkflowTests testUnknownAndIncoherentDataDraftsStayUnavailableWithoutInventingLegacyPredictions]' passed (0.020 seconds).
Test Suite 'DataPredictionWorkflowTests' passed at 2026-09-05 19:14:54.611.
	 Executed 7 tests, with 0 failures (0 unexpected) in 0.342 (0.344) seconds
Test Suite 'DefaultContentCatalogTests' started at 2026-09-05 19:14:54.611.
Test Case '-[NeuroForgeTests.DefaultContentCatalogTests testActualReviewedTaskPreviewUsesDemandAndDurationWithoutConsumingOrCopyingAQuestion]' started.
2026-09-05 19:15:01.880142-0400 NeuroForge[19093:6468345] [Connection] Unable to get synchronousRemoteObjectProxy, error: Error Domain=NSCocoaErrorDomain Code=4097 "connection to service named com.apple.linkd.autoShortcut" UserInfo={NSDebugDescription=connection to service named com.apple.linkd.autoShortcut}
2026-09-05 19:15:01.880912-0400 NeuroForge[19093:6468382] [Connection] Unable to get synchronousRemoteObjectProxy, error: Error Domain=NSCocoaErrorDomain Code=4097 "connection to service named com.apple.linkd.autoShortcut" UserInfo={NSDebugDescription=connection to service named com.apple.linkd.autoShortcut}
2026-09-05 19:15:01.880928-0400 NeuroForge[19093:6468382] [Connection] Unable to re-register with Process Instance Registry, error: Error Domain=NSCocoaErrorDomain Code=4097 "connection to service named com.apple.linkd.autoShortcut" UserInfo={NSDebugDescription=connection to service named com.apple.linkd.autoShortcut}
2026-09-05 19:15:01.880574-0400 NeuroForge[19093:6468345] [Application] Error registering app with intents framework: Error Domain=NSCocoaErrorDomain Code=4097 "connection to service named com.apple.linkd.autoShortcut" UserInfo={NSDebugDescription=connection to service named com.apple.linkd.autoShortcut}
2026-09-05 19:15:01.881704-0400 NeuroForge[19093:6468384] [Connection] Unable to get synchronousRemoteObjectProxy, error: Error Domain=NSCocoaErrorDomain Code=4097 "connection to service named com.apple.linkd.autoShortcut" UserInfo={NSDebugDescription=connection to service named com.apple.linkd.autoShortcut}
2026-09-05 19:15:01.882013-0400 NeuroForge[19093:6468384] [Connection] Unable to re-register with Process Instance Registry, error: Error Domain=NSCocoaErrorDomain Code=4097 "connection to service named com.apple.linkd.autoShortcut" UserInfo={NSDebugDescription=connection to service named com.apple.linkd.autoShortcut}
2026-09-05 19:15:01.882391-0400 NeuroForge[19093:6468384] [Connection] Will NOT re-try to establish the connection
2026-09-05 19:15:01.882412-0400 NeuroForge[19093:6468382] [Connection] Unable to get synchronousRemoteObjectProxy, error: Error Domain=NSCocoaErrorDomain Code=4097 "connection to service named com.apple.linkd.autoShortcut" UserInfo={NSDebugDescription=connection to service named com.apple.linkd.autoShortcut}
2026-09-05 19:15:01.882430-0400 NeuroForge[19093:6468382] [Connection] Unable to re-register with Process Instance Registry, error: Error Domain=NSCocoaErrorDomain Code=4097 "connection to service named com.apple.linkd.autoShortcut" UserInfo={NSDebugDescription=connection to service named com.apple.linkd.autoShortcut}
2026-09-05 19:15:02.063188-0400 NeuroForge[19093:6468292] ApplePersistenceIgnoreState: Existing state will not be touched. New state will be written to /var/folders/9s/lwj2ss7d679bl8hv9dx2qf6h0000gn/T/com.zacrotech.NeuroForge.savedState

Restarting after unexpected exit, crash, or test timeout; summary will include totals from previous launches.

Test Suite 'Selected tests' started at 2026-09-05 19:15:03.863.
Test Suite 'NeuroForgeTests.xctest' started at 2026-09-05 19:15:03.864.
Test Suite 'DefaultContentCatalogTests' started at 2026-09-05 19:15:03.864.
Test Case '-[NeuroForgeTests.DefaultContentCatalogTests testAutomaticCatalogStartKeepsColdAndRecentReasonsDistinctFromExplicitPreference]' started.
2026-09-05 19:15:14.833078-0400 NeuroForge[19177:6469243] [Connection] Unable to get synchronousRemoteObjectProxy, error: Error Domain=NSCocoaErrorDomain Code=4097 "connection to service named com.apple.linkd.autoShortcut" UserInfo={NSDebugDescription=connection to service named com.apple.linkd.autoShortcut}
2026-09-05 19:15:14.833585-0400 NeuroForge[19177:6469243] [Application] Error registering app with intents framework: Error Domain=NSCocoaErrorDomain Code=4097 "connection to service named com.apple.linkd.autoShortcut" UserInfo={NSDebugDescription=connection to service named com.apple.linkd.autoShortcut}
2026-09-05 19:15:14.834123-0400 NeuroForge[19177:6469250] [Connection] Unable to get synchronousRemoteObjectProxy, error: Error Domain=NSCocoaErrorDomain Code=4097 "connection to service named com.apple.linkd.autoShortcut" UserInfo={NSDebugDescription=connection to service named com.apple.linkd.autoShortcut}
2026-09-05 19:15:14.834143-0400 NeuroForge[19177:6469250] [Connection] Unable to re-register with Process Instance Registry, error: Error Domain=NSCocoaErrorDomain Code=4097 "connection to service named com.apple.linkd.autoShortcut" UserInfo={NSDebugDescription=connection to service named com.apple.linkd.autoShortcut}
2026-09-05 19:15:14.834986-0400 NeuroForge[19177:6469242] [Connection] Unable to get synchronousRemoteObjectProxy, error: Error Domain=NSCocoaErrorDomain Code=4097 "connection to service named com.apple.linkd.autoShortcut" UserInfo={NSDebugDescription=connection to service named com.apple.linkd.autoShortcut}
2026-09-05 19:15:14.835024-0400 NeuroForge[19177:6469242] [Connection] Unable to re-register with Process Instance Registry, error: Error Domain=NSCocoaErrorDomain Code=4097 "connection to service named com.apple.linkd.autoShortcut" UserInfo={NSDebugDescription=connection to service named com.apple.linkd.autoShortcut}
2026-09-05 19:15:14.835790-0400 NeuroForge[19177:6469242] [Connection] Will NOT re-try to establish the connection
2026-09-05 19:15:14.835820-0400 NeuroForge[19177:6469250] [Connection] Unable to get synchronousRemoteObjectProxy, error: Error Domain=NSCocoaErrorDomain Code=4097 "connection to service named com.apple.linkd.autoShortcut" UserInfo={NSDebugDescription=connection to service named com.apple.linkd.autoShortcut}
2026-09-05 19:15:14.835846-0400 NeuroForge[19177:6469250] [Connection] Unable to re-register with Process Instance Registry, error: Error Domain=NSCocoaErrorDomain Code=4097 "connection to service named com.apple.linkd.autoShortcut" UserInfo={NSDebugDescription=connection to service named com.apple.linkd.autoShortcut}
2026-09-05 19:15:15.033393-0400 NeuroForge[19177:6469225] ApplePersistenceIgnoreState: Existing state will not be touched. New state will be written to /var/folders/9s/lwj2ss7d679bl8hv9dx2qf6h0000gn/T/com.zacrotech.NeuroForge.savedState

Restarting after unexpected exit, crash, or test timeout; summary will include totals from previous launches.

Test Suite 'Selected tests' started at 2026-09-05 19:15:17.186.
Test Suite 'NeuroForgeTests.xctest' started at 2026-09-05 19:15:17.186.
Test Suite 'DefaultContentCatalogTests' started at 2026-09-05 19:15:17.186.
Test Case '-[NeuroForgeTests.DefaultContentCatalogTests testCatalogCallerForwardsElapsedOnlyWithoutUnlockingLegacyFluency]' started.
Test Case '-[NeuroForgeTests.DefaultContentCatalogTests testCatalogCallerForwardsElapsedOnlyWithoutUnlockingLegacyFluency]' passed (0.083 seconds).
Test Case '-[NeuroForgeTests.DefaultContentCatalogTests testCatalogExposesEveryDeterministicFamilyExactlyOnce]' started.
Test Case '-[NeuroForgeTests.DefaultContentCatalogTests testCatalogExposesEveryDeterministicFamilyExactlyOnce]' passed (0.003 seconds).
Test Case '-[NeuroForgeTests.DefaultContentCatalogTests testCatalogLaunchCarriesFieldPracticeEvidenceAndExposureSeed]' started.
Test Case '-[NeuroForgeTests.DefaultContentCatalogTests testCatalogLaunchCarriesFieldPracticeEvidenceAndExposureSeed]' passed (0.068 seconds).
Test Case '-[NeuroForgeTests.DefaultContentCatalogTests testCatalogReviewedChoiceForwardsBandAndScopeAndNextCannotSelectAdmittedOtherMechanic]' started.
Test Case '-[NeuroForgeTests.DefaultContentCatalogTests testCatalogReviewedChoiceForwardsBandAndScopeAndNextCannotSelectAdmittedOtherMechanic]' passed (7.743 seconds).
Test Case '-[NeuroForgeTests.DefaultContentCatalogTests testCatalogReviewedReplaceAndColdResumeRetainOriginalActivityFieldAndDraft]' started.
Test Case '-[NeuroForgeTests.DefaultContentCatalogTests testCatalogReviewedReplaceAndColdResumeRetainOriginalActivityFieldAndDraft]' passed (0.612 seconds).
Test Case '-[NeuroForgeTests.DefaultContentCatalogTests testCatalogTitlesAndResearchBoundariesAreLocalized]' started.
Test Case '-[NeuroForgeTests.DefaultContentCatalogTests testCatalogTitlesAndResearchBoundariesAreLocalized]' passed (0.028 seconds).
Test Case '-[NeuroForgeTests.DefaultContentCatalogTests testCompletedReviewedInventoryStaysVisibleAsUnavailableAndDoesNotStartZeroQuestions]' started.
2026-09-05 19:15:30.014751-0400 NeuroForge[19273:6469997] [Connection] Unable to get synchronousRemoteObjectProxy, error: Error Domain=NSCocoaErrorDomain Code=4097 "connection to service named com.apple.linkd.autoShortcut" UserInfo={NSDebugDescription=connection to service named com.apple.linkd.autoShortcut}
2026-09-05 19:15:30.015765-0400 NeuroForge[19273:6470004] [Connection] Unable to get synchronousRemoteObjectProxy, error: Error Domain=NSCocoaErrorDomain Code=4097 "connection to service named com.apple.linkd.autoShortcut" UserInfo={NSDebugDescription=connection to service named com.apple.linkd.autoShortcut}
2026-09-05 19:15:30.015784-0400 NeuroForge[19273:6470004] [Connection] Unable to re-register with Process Instance Registry, error: Error Domain=NSCocoaErrorDomain Code=4097 "connection to service named com.apple.linkd.autoShortcut" UserInfo={NSDebugDescription=connection to service named com.apple.linkd.autoShortcut}
2026-09-05 19:15:30.015315-0400 NeuroForge[19273:6469997] [Application] Error registering app with intents framework: Error Domain=NSCocoaErrorDomain Code=4097 "connection to service named com.apple.linkd.autoShortcut" UserInfo={NSDebugDescription=connection to service named com.apple.linkd.autoShortcut}
2026-09-05 19:15:30.016529-0400 NeuroForge[19273:6469996] [Connection] Unable to get synchronousRemoteObjectProxy, error: Error Domain=NSCocoaErrorDomain Code=4097 "connection to service named com.apple.linkd.autoShortcut" UserInfo={NSDebugDescription=connection to service named com.apple.linkd.autoShortcut}
2026-09-05 19:15:30.016615-0400 NeuroForge[19273:6469996] [Connection] Unable to re-register with Process Instance Registry, error: Error Domain=NSCocoaErrorDomain Code=4097 "connection to service named com.apple.linkd.autoShortcut" UserInfo={NSDebugDescription=connection to service named com.apple.linkd.autoShortcut}
2026-09-05 19:15:30.017276-0400 NeuroForge[19273:6469996] [Connection] Will NOT re-try to establish the connection
2026-09-05 19:15:30.017320-0400 NeuroForge[19273:6470004] [Connection] Unable to get synchronousRemoteObjectProxy, error: Error Domain=NSCocoaErrorDomain Code=4097 "connection to service named com.apple.linkd.autoShortcut" UserInfo={NSDebugDescription=connection to service named com.apple.linkd.autoShortcut}
2026-09-05 19:15:30.017358-0400 NeuroForge[19273:6470004] [Connection] Unable to re-register with Process Instance Registry, error: Error Domain=NSCocoaErrorDomain Code=4097 "connection to service named com.apple.linkd.autoShortcut" UserInfo={NSDebugDescription=connection to service named com.apple.linkd.autoShortcut}
2026-09-05 19:15:30.215491-0400 NeuroForge[19273:6469970] ApplePersistenceIgnoreState: Existing state will not be touched. New state will be written to /var/folders/9s/lwj2ss7d679bl8hv9dx2qf6h0000gn/T/com.zacrotech.NeuroForge.savedState

Restarting after unexpected exit, crash, or test timeout; summary will include totals from previous launches.

Test Suite 'Selected tests' started at 2026-09-05 19:15:32.081.
Test Suite 'NeuroForgeTests.xctest' started at 2026-09-05 19:15:32.081.
Test Suite 'DefaultContentCatalogTests' started at 2026-09-05 19:15:32.081.
Test Case '-[NeuroForgeTests.DefaultContentCatalogTests testEnumeratedLegacySubvariantsKeepActivityScopeWithoutPrefixWidening]' started.
Test Case '-[NeuroForgeTests.DefaultContentCatalogTests testEnumeratedLegacySubvariantsKeepActivityScopeWithoutPrefixWidening]' passed (26.175 seconds).
Test Case '-[NeuroForgeTests.DefaultContentCatalogTests testEveryCatalogActivityHasAnExplicitLocalizedPlaceholderExample]' started.
Test Case '-[NeuroForgeTests.DefaultContentCatalogTests testEveryCatalogActivityHasAnExplicitLocalizedPlaceholderExample]' passed (0.035 seconds).
Test Case '-[NeuroForgeTests.DefaultContentCatalogTests testEveryCatalogEntrySelectsARealDeterministicScorableFamily]' started.
Test Case '-[NeuroForgeTests.DefaultContentCatalogTests testEveryCatalogEntrySelectsARealDeterministicScorableFamily]' passed (2.775 seconds).
Test Case '-[NeuroForgeTests.DefaultContentCatalogTests testFutureCatalogScopePreservesCheckpointButRefusesWritableColdContinuation]' started.
Test Case '-[NeuroForgeTests.DefaultContentCatalogTests testFutureCatalogScopePreservesCheckpointButRefusesWritableColdContinuation]' passed (0.410 seconds).
Test Case '-[NeuroForgeTests.DefaultContentCatalogTests testPrelaunchDoesNotInventAutomaticFoundationOrUnsupportedHigherBands]' started.
2026-09-05 19:16:05.575123-0400 NeuroForge[19457:6471395] [Connection] Unable to get synchronousRemoteObjectProxy, error: Error Domain=NSCocoaErrorDomain Code=4097 "connection to service named com.apple.linkd.autoShortcut" UserInfo={NSDebugDescription=connection to service named com.apple.linkd.autoShortcut}
2026-09-05 19:16:05.575708-0400 NeuroForge[19457:6471395] [Application] Error registering app with intents framework: Error Domain=NSCocoaErrorDomain Code=4097 "connection to service named com.apple.linkd.autoShortcut" UserInfo={NSDebugDescription=connection to service named com.apple.linkd.autoShortcut}
2026-09-05 19:16:05.576051-0400 NeuroForge[19457:6471370] [Connection] Unable to get synchronousRemoteObjectProxy, error: Error Domain=NSCocoaErrorDomain Code=4097 "connection to service named com.apple.linkd.autoShortcut" UserInfo={NSDebugDescription=connection to service named com.apple.linkd.autoShortcut}
2026-09-05 19:16:05.576077-0400 NeuroForge[19457:6471370] [Connection] Unable to re-register with Process Instance Registry, error: Error Domain=NSCocoaErrorDomain Code=4097 "connection to service named com.apple.linkd.autoShortcut" UserInfo={NSDebugDescription=connection to service named com.apple.linkd.autoShortcut}
2026-09-05 19:16:05.576958-0400 NeuroForge[19457:6471371] [Connection] Unable to get synchronousRemoteObjectProxy, error: Error Domain=NSCocoaErrorDomain Code=4097 "connection to service named com.apple.linkd.autoShortcut" UserInfo={NSDebugDescription=connection to service named com.apple.linkd.autoShortcut}
2026-09-05 19:16:05.576980-0400 NeuroForge[19457:6471371] [Connection] Unable to re-register with Process Instance Registry, error: Error Domain=NSCocoaErrorDomain Code=4097 "connection to service named com.apple.linkd.autoShortcut" UserInfo={NSDebugDescription=connection to service named com.apple.linkd.autoShortcut}
2026-09-05 19:16:05.577736-0400 NeuroForge[19457:6471371] [Connection] Will NOT re-try to establish the connection
2026-09-05 19:16:05.577759-0400 NeuroForge[19457:6471370] [Connection] Unable to get synchronousRemoteObjectProxy, error: Error Domain=NSCocoaErrorDomain Code=4097 "connection to service named com.apple.linkd.autoShortcut" UserInfo={NSDebugDescription=connection to service named com.apple.linkd.autoShortcut}
2026-09-05 19:16:05.577772-0400 NeuroForge[19457:6471370] [Connection] Unable to re-register with Process Instance Registry, error: Error Domain=NSCocoaErrorDomain Code=4097 "connection to service named com.apple.linkd.autoShortcut" UserInfo={NSDebugDescription=connection to service named com.apple.linkd.autoShortcut}
2026-09-05 19:16:05.743054-0400 NeuroForge[19457:6471328] ApplePersistenceIgnoreState: Existing state will not be touched. New state will be written to /var/folders/9s/lwj2ss7d679bl8hv9dx2qf6h0000gn/T/com.zacrotech.NeuroForge.savedState

Restarting after unexpected exit, crash, or test timeout; summary will include totals from previous launches.

Test Suite 'Selected tests' started at 2026-09-05 19:16:07.478.
Test Suite 'NeuroForgeTests.xctest' started at 2026-09-05 19:16:07.479.
Test Suite 'DefaultContentCatalogTests' started at 2026-09-05 19:16:07.479.
Test Case '-[NeuroForgeTests.DefaultContentCatalogTests testPrelaunchFieldMismatchAndMissingPrerequisitesCannotOfferOrLaunchHigherBand]' started.
2026-09-05 19:16:17.918564-0400 NeuroForge[19530:6471933] [Connection] Unable to get synchronousRemoteObjectProxy, error: Error Domain=NSCocoaErrorDomain Code=4097 "connection to service named com.apple.linkd.autoShortcut" UserInfo={NSDebugDescription=connection to service named com.apple.linkd.autoShortcut}
2026-09-05 19:16:17.919094-0400 NeuroForge[19530:6471933] [Application] Error registering app with intents framework: Error Domain=NSCocoaErrorDomain Code=4097 "connection to service named com.apple.linkd.autoShortcut" UserInfo={NSDebugDescription=connection to service named com.apple.linkd.autoShortcut}
2026-09-05 19:16:17.919703-0400 NeuroForge[19530:6471934] [Connection] Unable to get synchronousRemoteObjectProxy, error: Error Domain=NSCocoaErrorDomain Code=4097 "connection to service named com.apple.linkd.autoShortcut" UserInfo={NSDebugDescription=connection to service named com.apple.linkd.autoShortcut}
2026-09-05 19:16:17.919722-0400 NeuroForge[19530:6471934] [Connection] Unable to re-register with Process Instance Registry, error: Error Domain=NSCocoaErrorDomain Code=4097 "connection to service named com.apple.linkd.autoShortcut" UserInfo={NSDebugDescription=connection to service named com.apple.linkd.autoShortcut}
2026-09-05 19:16:17.920669-0400 NeuroForge[19530:6471933] [Connection] Unable to get synchronousRemoteObjectProxy, error: Error Domain=NSCocoaErrorDomain Code=4097 "connection to service named com.apple.linkd.autoShortcut" UserInfo={NSDebugDescription=connection to service named com.apple.linkd.autoShortcut}
2026-09-05 19:16:17.920730-0400 NeuroForge[19530:6471933] [Connection] Unable to re-register with Process Instance Registry, error: Error Domain=NSCocoaErrorDomain Code=4097 "connection to service named com.apple.linkd.autoShortcut" UserInfo={NSDebugDescription=connection to service named com.apple.linkd.autoShortcut}
2026-09-05 19:16:17.921448-0400 NeuroForge[19530:6471915] [Connection] Will NOT re-try to establish the connection
2026-09-05 19:16:17.921506-0400 NeuroForge[19530:6471934] [Connection] Unable to get synchronousRemoteObjectProxy, error: Error Domain=NSCocoaErrorDomain Code=4097 "connection to service named com.apple.linkd.autoShortcut" UserInfo={NSDebugDescription=connection to service named com.apple.linkd.autoShortcut}
2026-09-05 19:16:17.921527-0400 NeuroForge[19530:6471934] [Connection] Unable to re-register with Process Instance Registry, error: Error Domain=NSCocoaErrorDomain Code=4097 "connection to service named com.apple.linkd.autoShortcut" UserInfo={NSDebugDescription=connection to service named com.apple.linkd.autoShortcut}
2026-09-05 19:16:18.063352-0400 NeuroForge[19530:6471893] ApplePersistenceIgnoreState: Existing state will not be touched. New state will be written to /var/folders/9s/lwj2ss7d679bl8hv9dx2qf6h0000gn/T/com.zacrotech.NeuroForge.savedState

Restarting after unexpected exit, crash, or test timeout; summary will include totals from previous launches.

Test Suite 'Selected tests' started at 2026-09-05 19:16:19.847.
Test Suite 'NeuroForgeTests.xctest' started at 2026-09-05 19:16:19.848.
Test Suite 'DefaultContentCatalogTests' started at 2026-09-05 19:16:19.848.
Test Case '-[NeuroForgeTests.DefaultContentCatalogTests testPreviewNeverCopiesDemandProseAndRefusesMissingOrUnsafeDuration]' started.
Test Case '-[NeuroForgeTests.DefaultContentCatalogTests testPreviewNeverCopiesDemandProseAndRefusesMissingOrUnsafeDuration]' passed (6.850 seconds).
Test Case '-[NeuroForgeTests.DefaultContentCatalogTests testPuzzleCatalogStaysBoundedToNamedMechanics]' started.
Test Case '-[NeuroForgeTests.DefaultContentCatalogTests testPuzzleCatalogStaysBoundedToNamedMechanics]' passed (0.003 seconds).
Test Case '-[NeuroForgeTests.DefaultContentCatalogTests testReleasedRegistryOffersNoReviewedBandAndPreservesLegacyCatalogLaunch]' started.
Test Case '-[NeuroForgeTests.DefaultContentCatalogTests testReleasedRegistryOffersNoReviewedBandAndPreservesLegacyCatalogLaunch]' passed (0.035 seconds).
Test Case '-[NeuroForgeTests.DefaultContentCatalogTests testReviewedChoiceRetainsIdentityWhenRegistryScopeOrPreviewIsUnavailable]' started.
2026-09-05 19:16:30.382522-0400 NeuroForge[19623:6472617] [Connection] Unable to get synchronousRemoteObjectProxy, error: Error Domain=NSCocoaErrorDomain Code=4097 "connection to service named com.apple.linkd.autoShortcut" UserInfo={NSDebugDescription=connection to service named com.apple.linkd.autoShortcut}
2026-09-05 19:16:30.383057-0400 NeuroForge[19623:6472617] [Application] Error registering app with intents framework: Error Domain=NSCocoaErrorDomain Code=4097 "connection to service named com.apple.linkd.autoShortcut" UserInfo={NSDebugDescription=connection to service named com.apple.linkd.autoShortcut}
2026-09-05 19:16:30.383358-0400 NeuroForge[19623:6472602] [Connection] Unable to get synchronousRemoteObjectProxy, error: Error Domain=NSCocoaErrorDomain Code=4097 "connection to service named com.apple.linkd.autoShortcut" UserInfo={NSDebugDescription=connection to service named com.apple.linkd.autoShortcut}
2026-09-05 19:16:30.383376-0400 NeuroForge[19623:6472602] [Connection] Unable to re-register with Process Instance Registry, error: Error Domain=NSCocoaErrorDomain Code=4097 "connection to service named com.apple.linkd.autoShortcut" UserInfo={NSDebugDescription=connection to service named com.apple.linkd.autoShortcut}
2026-09-05 19:16:30.384117-0400 NeuroForge[19623:6472603] [Connection] Unable to get synchronousRemoteObjectProxy, error: Error Domain=NSCocoaErrorDomain Code=4097 "connection to service named com.apple.linkd.autoShortcut" UserInfo={NSDebugDescription=connection to service named com.apple.linkd.autoShortcut}
2026-09-05 19:16:30.384129-0400 NeuroForge[19623:6472603] [Connection] Unable to re-register with Process Instance Registry, error: Error Domain=NSCocoaErrorDomain Code=4097 "connection to service named com.apple.linkd.autoShortcut" UserInfo={NSDebugDescription=connection to service named com.apple.linkd.autoShortcut}
2026-09-05 19:16:30.384842-0400 NeuroForge[19623:6472603] [Connection] Will NOT re-try to establish the connection
2026-09-05 19:16:30.384866-0400 NeuroForge[19623:6472617] [Connection] Unable to get synchronousRemoteObjectProxy, error: Error Domain=NSCocoaErrorDomain Code=4097 "connection to service named com.apple.linkd.autoShortcut" UserInfo={NSDebugDescription=connection to service named com.apple.linkd.autoShortcut}
2026-09-05 19:16:30.384883-0400 NeuroForge[19623:6472617] [Connection] Unable to re-register with Process Instance Registry, error: Error Domain=NSCocoaErrorDomain Code=4097 "connection to service named com.apple.linkd.autoShortcut" UserInfo={NSDebugDescription=connection to service named com.apple.linkd.autoShortcut}
2026-09-05 19:16:30.585309-0400 NeuroForge[19623:6472570] ApplePersistenceIgnoreState: Existing state will not be touched. New state will be written to /var/folders/9s/lwj2ss7d679bl8hv9dx2qf6h0000gn/T/com.zacrotech.NeuroForge.savedState

Restarting after unexpected exit, crash, or test timeout; summary will include totals from previous launches.

Test Suite 'Selected tests' started at 2026-09-05 19:16:32.501.
Test Suite 'NeuroForgeTests.xctest' started at 2026-09-05 19:16:32.502.
Test Suite 'DefaultContentCatalogTests' started at 2026-09-05 19:16:32.502.
Test Case '-[NeuroForgeTests.DefaultContentCatalogTests testReviewedLaunchRechecksQuarantineAfterReadOnlyInventoryPreview]' started.
2026-09-05 19:16:43.020005-0400 NeuroForge[19676:6473122] [Connection] Unable to get synchronousRemoteObjectProxy, error: Error Domain=NSCocoaErrorDomain Code=4097 "connection to service named com.apple.linkd.autoShortcut" UserInfo={NSDebugDescription=connection to service named com.apple.linkd.autoShortcut}
2026-09-05 19:16:43.020539-0400 NeuroForge[19676:6473122] [Application] Error registering app with intents framework: Error Domain=NSCocoaErrorDomain Code=4097 "connection to service named com.apple.linkd.autoShortcut" UserInfo={NSDebugDescription=connection to service named com.apple.linkd.autoShortcut}
2026-09-05 19:16:43.020813-0400 NeuroForge[19676:6473140] [Connection] Unable to get synchronousRemoteObjectProxy, error: Error Domain=NSCocoaErrorDomain Code=4097 "connection to service named com.apple.linkd.autoShortcut" UserInfo={NSDebugDescription=connection to service named com.apple.linkd.autoShortcut}
2026-09-05 19:16:43.020829-0400 NeuroForge[19676:6473140] [Connection] Unable to re-register with Process Instance Registry, error: Error Domain=NSCocoaErrorDomain Code=4097 "connection to service named com.apple.linkd.autoShortcut" UserInfo={NSDebugDescription=connection to service named com.apple.linkd.autoShortcut}
2026-09-05 19:16:43.021546-0400 NeuroForge[19676:6473123] [Connection] Unable to get synchronousRemoteObjectProxy, error: Error Domain=NSCocoaErrorDomain Code=4097 "connection to service named com.apple.linkd.autoShortcut" UserInfo={NSDebugDescription=connection to service named com.apple.linkd.autoShortcut}
2026-09-05 19:16:43.021559-0400 NeuroForge[19676:6473123] [Connection] Unable to re-register with Process Instance Registry, error: Error Domain=NSCocoaErrorDomain Code=4097 "connection to service named com.apple.linkd.autoShortcut" UserInfo={NSDebugDescription=connection to service named com.apple.linkd.autoShortcut}
2026-09-05 19:16:43.022289-0400 NeuroForge[19676:6473123] [Connection] Will NOT re-try to establish the connection
2026-09-05 19:16:43.022317-0400 NeuroForge[19676:6473122] [Connection] Unable to get synchronousRemoteObjectProxy, error: Error Domain=NSCocoaErrorDomain Code=4097 "connection to service named com.apple.linkd.autoShortcut" UserInfo={NSDebugDescription=connection to service named com.apple.linkd.autoShortcut}
2026-09-05 19:16:43.022333-0400 NeuroForge[19676:6473122] [Connection] Unable to re-register with Process Instance Registry, error: Error Domain=NSCocoaErrorDomain Code=4097 "connection to service named com.apple.linkd.autoShortcut" UserInfo={NSDebugDescription=connection to service named com.apple.linkd.autoShortcut}
2026-09-05 19:16:43.214194-0400 NeuroForge[19676:6473095] ApplePersistenceIgnoreState: Existing state will not be touched. New state will be written to /var/folders/9s/lwj2ss7d679bl8hv9dx2qf6h0000gn/T/com.zacrotech.NeuroForge.savedState

Restarting after unexpected exit, crash, or test timeout; summary will include totals from previous launches.

Test Suite 'Selected tests' started at 2026-09-05 19:16:45.061.
Test Suite 'NeuroForgeTests.xctest' started at 2026-09-05 19:16:45.061.
Test Suite 'DefaultContentCatalogTests' started at 2026-09-05 19:16:45.061.
Test Case '-[NeuroForgeTests.DefaultContentCatalogTests testReviewedPrelaunchShortageRequiresExplicitSmallerCountAndRechecksAtAcceptance]' started.
Testing started
In flight operation:   <DVTOperationGroup: 0x78d9bedf80; state = AREfc>
     <IDEBuildOperationGroup: 0x78daff9e00; state = AReFc>
         <DVTOperationGroup: 0x78daff9f80; state = AReFc>
             <IDEXCBuildSupportCore.IDEXCBuildServiceBuildOperation:0x78d9b45200:AReFc>
         <DVTOperation: 0x78d9b403c0; state = aReFc>
         <__DVTSwiftAsyncOperation: 0x78daffa400; state = AReFc>
         <DVTOperation: 0x78d9b40000; state = aReFc>
         <__DVTSwiftAsyncOperation: 0x78daffa100; state = AReFc>
         <DVTOperation: 0x78d9b40280; state = aReFc>
         <__DVTSwiftAsyncOperation: 0x78daffa280; state = AReFc>
         <__DVTSwiftAsyncOperation: 0x78daffa580; state = AReFc>
         <DVTOperation: 0x78d9b40140; state = aReFc>
     <DVTOperationGroup: 0x78d9bed080; state = AREfc>
         <DVTOperation: 0x78d9b41cc0; name = 'Remove Log If Needed', state = aReFc>
         <DVTOperationGroup: 0x78d9bed200; state = AREfc>
             <DVTOperationGroup: 0x78d9bed380; state = AREfc>
                 <DVTOperationGroup: 0x78d9bec600; state = AREfc>
                     <DVTOperation: 0x78d9b417c0; state = aReFc>
                     <__DVTSwiftAsyncOperation: 0x78d9bec480; state = AReFc>
                     <DVTOperationGroup: 0x78daffb480; state = AREf!c, blocking { Blocking finish to clean up test session. }>
                         <DVTOperation: 0x78d9b41400; state = aReFc>
                         <XCTHOperationGroup: 0x78daffb600>
                             <XCTHOperationGroup: 0x78daffb780>
                                 <XCTHOperationGroup: 0x78daffba80>{name = 'com.apple.dt.xctest.target-runner'}(Finishing blocked for reasons:
  waiting for workers to materialize
  )
                                     <XCTHOperationGroup: 0x78d9b17480>
                                         <XCTHOperationGroup: 0x78d5065500>
                                             <IDERunOperation: 0x78d5067180; state = aReF!c, blocking { XCTHTestOperationCoordinator processing delay, Blocking finish to allow restarting of crashed test operations., Waiting for -runningDidFinish call. }>
                                             worker: <IDERunOperationWorkerGroup: 0x78dd080600, unfinished subworkers : 
					<IDEInstallLocalMacWorker: 0x78dc88b480 -- ExtensionIdentifier: (null)>
					<IDELaunchServicesLauncher: 0x78d9791040 -- ExtensionIdentifier: Xcode.IDEFoundation.Launcher.LaunchServices>
				 >

                                             tracker: <IDEExecutionOperationTracker: 0x78d91a4620: Testing project NeuroForge with scheme NeuroForge
	subtrackers=(
    "<IDEExecutionRunnableTracker: 0x78dc92f7e0: subtrackers=none>",
    "<IDEExecutionRunnableTracker: 0x78dc92fc60: subtrackers=none>",
    "<IDEExecutionRunnableTracker: 0x78dd4117a0: subtrackers=none>",
    "<IDEExecutionRunnableTracker: 0x78dd411500: subtrackers=none>",
    "<IDEExecutionRunnableTracker: 0x78dd4114a0: subtrackers=none>",
    "<IDEExecutionRunnableTracker: 0x78dc92fea0: subtrackers=none>",
    "<IDEExecutionRunnableTracker: 0x78dc7b7c60: subtrackers=none>",
    "<IDEExecutionRunnableTracker: 0x78dd084540: subtrackers=none>"
)>

                     <DVTOperation: 0x78d9b41a40; state = arefc>
                     <__DVTSwiftAsyncOperation: 0x78daffbd80; state = AReFc>
                     <DVTOperation: 0x78d9b41680; state = aReFc>
                     <__DVTSwiftAsyncOperation: 0x78d9bec300; state = AReFc>
                     <DVTOperation: 0x78d9b41900; state = arefc>
                     <IDESchemeActionResultOperation: 0x78daffb900; state = Arefc>
                     <__DVTSwiftAsyncOperation: 0x78daffbc00; state = AReFc>
             <DVTOperation: 0x78d9b41b80; state = aReFc>
         <_IDETestingFinalizeLogsOperation: 0x78d9b41e00; name = 'Finalize test log', state = aref!c, blocking { waiting for test log to finish recording }>
<DVTOperationGroup: 0x78d9bedf80; state = AREfc> created at:
  0   -[DVTOperation init] (in DVTFoundation)
  1   -[DVTOperationGroup init] (in DVTFoundation)
  2   +[DVTOperationGroup operationGroupWithSuboperations:] (in DVTFoundation)
  3   -[IDEScheme _groupAndImposeDependenciesForOrderedOperations:] (in IDEFoundation)
  4   -[IDEScheme _executionOperationForSchemeOperationParameters:build:onlyBuild:buildParameters:title:buildLog:dontActuallyRunCommands:restorePersistedBuildResults:deviceAvailableChecker:error:actionCallbackBlock:] (in IDEFoundation)
  5   -[IDEScheme(TestSchemeAction) schemeTestActionOperationForSchemeOperationParameters:onlyBuild:buildLog:deviceAvailableChecker:buildParameters:shouldBuild:restorePersistedBuildResults:error:completionBlock:] (in IDEFoundation)
  6   -[IDEScheme buildAndActionTaskForSchemeOperationParameters:shouldBuild:onlyBuild:buildParameters:buildLog:deviceAvailableChecker:restorePersistedBuildResults:dontActuallyRunCommands:error:completionBlock:] (in IDEFoundation)
  7   -[IDEScheme schemeOperationForSchemeOperationParameters:buildLog:overridingProperties:overridingBuildConfiguration:dontActuallyRunCommands:restorePersistedBuildResults:deviceAvailableChecker:error:completionBlock:] (in IDEFoundation)
  8   -[IDEScheme schemeOperationForSchemeOperationParameters:buildLog:overridingProperties:overridingBuildConfiguration:dontActuallyRunCommands:restorePersistedBuildResults:error:completionBlock:] (in IDEFoundation)
  9   -[Xcode3CommandLineBuildTool(TestSchemeAction) buildForTestSchemeCommandWantsSkip:buildAction:isProjectBuild:title:buildLog:isMoreDestinationsPending:runDestinations:runDestination:schemeCommand:executionEnvironment:restorePersistedBuildResults:operationToEnqueue:error:] (in Xcode3Core)
 10   -[Xcode3CommandLineBuildTool doSchemeBuildWithRunDestinations:runDestinationIdx:wantsSkip:buildActionTimingSection:timingSection:buildAction:isMoreDesinationsPending:actionResultBlock:title:buildLog:executionEnvironment:restorePersistedBuildResults:operationToEnqueue:error:] (in Xcode3Core)
 11   -[Xcode3CommandLineBuildTool doBuildForBuildAction:timingSection:colorize:colorizeFailure:error:] (in Xcode3Core)
 12   -[Xcode3CommandLineBuildTool _buildWithTimingSection:] (in Xcode3Core)
 13   -[Xcode3CommandLineBuildTool run] (in Xcode3Core)
 14   XcodeBuildMain (in libxcodebuildLoader.dylib)
 15   -[XcodebuildPreIDEHandler loadXcode3ProjectSupportAndRunXcode3CommandLineBuildToolWithArguments:] (in xcodebuild)
 16   -[XcodebuildPreIDEHandler runWithArguments:] (in xcodebuild)
 17   main (in xcodebuild)
 18   start (in dyld)

<IDEBuildOperationGroup: 0x78daff9e00; state = AReFc> created at:
  0   -[DVTOperation init] (in DVTFoundation)
  1   -[DVTOperationGroup init] (in DVTFoundation)
  2   -[IDEBuildOperationGroup initWithBuildOperations:otherOperations:buildLog:] (in IDEFoundation)
  3   -[IDEBuildOperationGroup initWithBuildOperations:buildLog:] (in IDEFoundation)
  4   -[IDEScheme _buildOperationGroupForSchemeOperationParameters:primaryBuildParameters:variantSpecifiers:buildLog:dontActuallyRunCommands:restorePersistedBuildResults:schemeActionRecord:error:] (in IDEFoundation)
  5   -[IDEScheme _executionOperationForSchemeOperationParameters:build:onlyBuild:buildParameters:title:buildLog:dontActuallyRunCommands:restorePersistedBuildResults:deviceAvailableChecker:error:actionCallbackBlock:] (in IDEFoundation)
  6   -[IDEScheme(TestSchemeAction) schemeTestActionOperationForSchemeOperationParameters:onlyBuild:buildLog:deviceAvailableChecker:buildParameters:shouldBuild:restorePersistedBuildResults:error:completionBlock:] (in IDEFoundation)
  7   -[IDEScheme buildAndActionTaskForSchemeOperationParameters:shouldBuild:onlyBuild:buildParameters:buildLog:deviceAvailableChecker:restorePersistedBuildResults:dontActuallyRunCommands:error:completionBlock:] (in IDEFoundation)
  8   -[IDEScheme schemeOperationForSchemeOperationParameters:buildLog:overridingProperties:overridingBuildConfiguration:dontActuallyRunCommands:restorePersistedBuildResults:deviceAvailableChecker:error:completionBlock:] (in IDEFoundation)
  9   -[IDEScheme schemeOperationForSchemeOperationParameters:buildLog:overridingProperties:overridingBuildConfiguration:dontActuallyRunCommands:restorePersistedBuildResults:error:completionBlock:] (in IDEFoundation)
 10   -[Xcode3CommandLineBuildTool(TestSchemeAction) buildForTestSchemeCommandWantsSkip:buildAction:isProjectBuild:title:buildLog:isMoreDestinationsPending:runDestinations:runDestination:schemeCommand:executionEnvironment:restorePersistedBuildResults:operationToEnqueue:error:] (in Xcode3Core)
 11   -[Xcode3CommandLineBuildTool doSchemeBuildWithRunDestinations:runDestinationIdx:wantsSkip:buildActionTimingSection:timingSection:buildAction:isMoreDesinationsPending:actionResultBlock:title:buildLog:executionEnvironment:restorePersistedBuildResults:operationToEnqueue:error:] (in Xcode3Core)
 12   -[Xcode3CommandLineBuildTool doBuildForBuildAction:timingSection:colorize:colorizeFailure:error:] (in Xcode3Core)
 13   -[Xcode3CommandLineBuildTool _buildWithTimingSection:] (in Xcode3Core)
 14   -[Xcode3CommandLineBuildTool run] (in Xcode3Core)
 15   XcodeBuildMain (in libxcodebuildLoader.dylib)
 16   -[XcodebuildPreIDEHandler loadXcode3ProjectSupportAndRunXcode3CommandLineBuildToolWithArguments:] (in xcodebuild)
 17   -[XcodebuildPreIDEHandler runWithArguments:] (in xcodebuild)
 18   main (in xcodebuild)
 19   start (in dyld)

<DVTOperationGroup: 0x78daff9f80; state = AReFc> created at:
  0   -[DVTOperation init] (in DVTFoundation)
  1   -[DVTOperationGroup init] (in DVTFoundation)
  2   +[DVTOperationGroup operationGroupWithSuboperations:] (in DVTFoundation)
  3   -[IDEBuildOperationGroup initWithBuildOperations:otherOperations:buildLog:] (in IDEFoundation)
  4   -[IDEBuildOperationGroup initWithBuildOperations:buildLog:] (in IDEFoundation)
  5   -[IDEScheme _buildOperationGroupForSchemeOperationParameters:primaryBuildParameters:variantSpecifiers:buildLog:dontActuallyRunCommands:restorePersistedBuildResults:schemeActionRecord:error:] (in IDEFoundation)
  6   -[IDEScheme _executionOperationForSchemeOperationParameters:build:onlyBuild:buildParameters:title:buildLog:dontActuallyRunCommands:restorePersistedBuildResults:deviceAvailableChecker:error:actionCallbackBlock:] (in IDEFoundation)
  7   -[IDEScheme(TestSchemeAction) schemeTestActionOperationForSchemeOperationParameters:onlyBuild:buildLog:deviceAvailableChecker:buildParameters:shouldBuild:restorePersistedBuildResults:error:completionBlock:] (in IDEFoundation)
  8   -[IDEScheme buildAndActionTaskForSchemeOperationParameters:shouldBuild:onlyBuild:buildParameters:buildLog:deviceAvailableChecker:restorePersistedBuildResults:dontActuallyRunCommands:error:completionBlock:] (in IDEFoundation)
  9   -[IDEScheme schemeOperationForSchemeOperationParameters:buildLog:overridingProperties:overridingBuildConfiguration:dontActuallyRunCommands:restorePersistedBuildResults:deviceAvailableChecker:error:completionBlock:] (in IDEFoundation)
 10   -[IDEScheme schemeOperationForSchemeOperationParameters:buildLog:overridingProperties:overridingBuildConfiguration:dontActuallyRunCommands:restorePersistedBuildResults:error:completionBlock:] (in IDEFoundation)
 11   -[Xcode3CommandLineBuildTool(TestSchemeAction) buildForTestSchemeCommandWantsSkip:buildAction:isProjectBuild:title:buildLog:isMoreDestinationsPending:runDestinations:runDestination:schemeCommand:executionEnvironment:restorePersistedBuildResults:operationToEnqueue:error:] (in Xcode3Core)
 12   -[Xcode3CommandLineBuildTool doSchemeBuildWithRunDestinations:runDestinationIdx:wantsSkip:buildActionTimingSection:timingSection:buildAction:isMoreDesinationsPending:actionResultBlock:title:buildLog:executionEnvironment:restorePersistedBuildResults:operationToEnqueue:error:] (in Xcode3Core)
 13   -[Xcode3CommandLineBuildTool doBuildForBuildAction:timingSection:colorize:colorizeFailure:error:] (in Xcode3Core)
 14   -[Xcode3CommandLineBuildTool _buildWithTimingSection:] (in Xcode3Core)
 15   -[Xcode3CommandLineBuildTool run] (in Xcode3Core)
 16   XcodeBuildMain (in libxcodebuildLoader.dylib)
 17   -[XcodebuildPreIDEHandler loadXcode3ProjectSupportAndRunXcode3CommandLineBuildToolWithArguments:] (in xcodebuild)
 18   -[XcodebuildPreIDEHandler runWithArguments:] (in xcodebuild)
 19   main (in xcodebuild)
 20   start (in dyld)

<IDEXCBuildSupportCore.IDEXCBuildServiceBuildOperation:0x78d9b45200:AReFc> created at:
  0   -[DVTOperation init] (in DVTFoundation)
  1   -[IDEBuildOperation initWithConfiguration:] (in IDEFoundation)
  2   specialized IDEXCBuildServiceBuildOperation.init(configuration:) (in IDEXCBuildSupportCore)
  3   @objc IDEXCBuildServiceBuildOperation.init(configuration:) (in IDEXCBuildSupportCore)
  4   -[IDEScheme _buildOperationGroupForSchemeOperationParameters:primaryBuildParameters:variantSpecifiers:buildLog:dontActuallyRunCommands:restorePersistedBuildResults:schemeActionRecord:error:] (in IDEFoundation)
  5   -[IDEScheme _executionOperationForSchemeOperationParameters:build:onlyBuild:buildParameters:title:buildLog:dontActuallyRunCommands:restorePersistedBuildResults:deviceAvailableChecker:error:actionCallbackBlock:] (in IDEFoundation)
  6   -[IDEScheme(TestSchemeAction) schemeTestActionOperationForSchemeOperationParameters:onlyBuild:buildLog:deviceAvailableChecker:buildParameters:shouldBuild:restorePersistedBuildResults:error:completionBlock:] (in IDEFoundation)
  7   -[IDEScheme buildAndActionTaskForSchemeOperationParameters:shouldBuild:onlyBuild:buildParameters:buildLog:deviceAvailableChecker:restorePersistedBuildResults:dontActuallyRunCommands:error:completionBlock:] (in IDEFoundation)
  8   -[IDEScheme schemeOperationForSchemeOperationParameters:buildLog:overridingProperties:overridingBuildConfiguration:dontActuallyRunCommands:restorePersistedBuildResults:deviceAvailableChecker:error:completionBlock:] (in IDEFoundation)
  9   -[IDEScheme schemeOperationForSchemeOperationParameters:buildLog:overridingProperties:overridingBuildConfiguration:dontActuallyRunCommands:restorePersistedBuildResults:error:completionBlock:] (in IDEFoundation)
 10   -[Xcode3CommandLineBuildTool(TestSchemeAction) buildForTestSchemeCommandWantsSkip:buildAction:isProjectBuild:title:buildLog:isMoreDestinationsPending:runDestinations:runDestination:schemeCommand:executionEnvironment:restorePersistedBuildResults:operationToEnqueue:error:] (in Xcode3Core)
 11   -[Xcode3CommandLineBuildTool doSchemeBuildWithRunDestinations:runDestinationIdx:wantsSkip:buildActionTimingSection:timingSection:buildAction:isMoreDesinationsPending:actionResultBlock:title:buildLog:executionEnvironment:restorePersistedBuildResults:operationToEnqueue:error:] (in Xcode3Core)
 12   -[Xcode3CommandLineBuildTool doBuildForBuildAction:timingSection:colorize:colorizeFailure:error:] (in Xcode3Core)
 13   -[Xcode3CommandLineBuildTool _buildWithTimingSection:] (in Xcode3Core)
 14   -[Xcode3CommandLineBuildTool run] (in Xcode3Core)
 15   XcodeBuildMain (in libxcodebuildLoader.dylib)
 16   -[XcodebuildPreIDEHandler loadXcode3ProjectSupportAndRunXcode3CommandLineBuildToolWithArguments:] (in xcodebuild)
 17   -[XcodebuildPreIDEHandler runWithArguments:] (in xcodebuild)
 18   main (in xcodebuild)
 19   start (in dyld)

<DVTOperation: 0x78d9b403c0; state = aReFc> created at:
  0   -[DVTOperation init] (in DVTFoundation)
  1   +[DVTOperation(DVTConveniences) operationWithBlock:] (in DVTFoundation)
  2   -[IDESchemeAction setUpActionDependenciesForCorePhaseOperation:shouldRunPostActionsBlock:prePhaseEnvironmentPopulationBlock:postPhaseEnvironmentPopulationBlock:handlePreActionsActivityLogSection:handlePostActionsActivityLogSection:buildParameters:schemeActionResultOperation:error:] (in IDEFoundation)
  3   -[IDEScheme _buildOperationGroupForSchemeOperationParameters:primaryBuildParameters:variantSpecifiers:buildLog:dontActuallyRunCommands:restorePersistedBuildResults:schemeActionRecord:error:] (in IDEFoundation)
  4   -[IDEScheme _executionOperationForSchemeOperationParameters:build:onlyBuild:buildParameters:title:buildLog:dontActuallyRunCommands:restorePersistedBuildResults:deviceAvailableChecker:error:actionCallbackBlock:] (in IDEFoundation)
  5   -[IDEScheme(TestSchemeAction) schemeTestActionOperationForSchemeOperationParameters:onlyBuild:buildLog:deviceAvailableChecker:buildParameters:shouldBuild:restorePersistedBuildResults:error:completionBlock:] (in IDEFoundation)
  6   -[IDEScheme buildAndActionTaskForSchemeOperationParameters:shouldBuild:onlyBuild:buildParameters:buildLog:deviceAvailableChecker:restorePersistedBuildResults:dontActuallyRunCommands:error:completionBlock:] (in IDEFoundation)
  7   -[IDEScheme schemeOperationForSchemeOperationParameters:buildLog:overridingProperties:overridingBuildConfiguration:dontActuallyRunCommands:restorePersistedBuildResults:deviceAvailableChecker:error:completionBlock:] (in IDEFoundation)
  8   -[IDEScheme schemeOperationForSchemeOperationParameters:buildLog:overridingProperties:overridingBuildConfiguration:dontActuallyRunCommands:restorePersistedBuildResults:error:completionBlock:] (in IDEFoundation)
  9   -[Xcode3CommandLineBuildTool(TestSchemeAction) buildForTestSchemeCommandWantsSkip:buildAction:isProjectBuild:title:buildLog:isMoreDestinationsPending:runDestinations:runDestination:schemeCommand:executionEnvironment:restorePersistedBuildResults:operationToEnqueue:error:] (in Xcode3Core)
 10   -[Xcode3CommandLineBuildTool doSchemeBuildWithRunDestinations:runDestinationIdx:wantsSkip:buildActionTimingSection:timingSection:buildAction:isMoreDesinationsPending:actionResultBlock:title:buildLog:executionEnvironment:restorePersistedBuildResults:operationToEnqueue:error:] (in Xcode3Core)
 11   -[Xcode3CommandLineBuildTool doBuildForBuildAction:timingSection:colorize:colorizeFailure:error:] (in Xcode3Core)
 12   -[Xcode3CommandLineBuildTool _buildWithTimingSection:] (in Xcode3Core)
 13   -[Xcode3CommandLineBuildTool run] (in Xcode3Core)
 14   XcodeBuildMain (in libxcodebuildLoader.dylib)
 15   -[XcodebuildPreIDEHandler loadXcode3ProjectSupportAndRunXcode3CommandLineBuildToolWithArguments:] (in xcodebuild)
 16   -[XcodebuildPreIDEHandler runWithArguments:] (in xcodebuild)
 17   main (in xcodebuild)
 18   start (in dyld)

<__DVTSwiftAsyncOperation: 0x78daffa400; state = AReFc> created at:
  0   -[DVTOperation init] (in DVTFoundation)
  1   @objc DVTAsyncOperation.init() (in DVTFoundation)
  2   static DVTOperation.awaiting(_:) (in DVTFoundation)
  3   @objc static IDESchemeAction.operationToWaitForFinishedLoadingOperation(of:) (in IDEFoundation)
  4   -[IDESchemeAction _setUpOperationsForPackageLoadingInWorkspace:handlePreActionsActivityLogSection:isCleanOperation:] (in IDEFoundation)
  5   -[IDESchemeAction setUpActionDependenciesForCorePhaseOperation:shouldRunPostActionsBlock:prePhaseEnvironmentPopulationBlock:postPhaseEnvironmentPopulationBlock:handlePreActionsActivityLogSection:handlePostActionsActivityLogSection:buildParameters:schemeActionResultOperation:error:] (in IDEFoundation)
  6   -[IDEScheme _buildOperationGroupForSchemeOperationParameters:primaryBuildParameters:variantSpecifiers:buildLog:dontActuallyRunCommands:restorePersistedBuildResults:schemeActionRecord:error:] (in IDEFoundation)
  7   -[IDEScheme _executionOperationForSchemeOperationParameters:build:onlyBuild:buildParameters:title:buildLog:dontActuallyRunCommands:restorePersistedBuildResults:deviceAvailableChecker:error:actionCallbackBlock:] (in IDEFoundation)
  8   -[IDEScheme(TestSchemeAction) schemeTestActionOperationForSchemeOperationParameters:onlyBuild:buildLog:deviceAvailableChecker:buildParameters:shouldBuild:restorePersistedBuildResults:error:completionBlock:] (in IDEFoundation)
  9   -[IDEScheme buildAndActionTaskForSchemeOperationParameters:shouldBuild:onlyBuild:buildParameters:buildLog:deviceAvailableChecker:restorePersistedBuildResults:dontActuallyRunCommands:error:completionBlock:] (in IDEFoundation)
 10   -[IDEScheme schemeOperationForSchemeOperationParameters:buildLog:overridingProperties:overridingBuildConfiguration:dontActuallyRunCommands:restorePersistedBuildResults:deviceAvailableChecker:error:completionBlock:] (in IDEFoundation)
 11   -[IDEScheme schemeOperationForSchemeOperationParameters:buildLog:overridingProperties:overridingBuildConfiguration:dontActuallyRunCommands:restorePersistedBuildResults:error:completionBlock:] (in IDEFoundation)
 12   -[Xcode3CommandLineBuildTool(TestSchemeAction) buildForTestSchemeCommandWantsSkip:buildAction:isProjectBuild:title:buildLog:isMoreDestinationsPending:runDestinations:runDestination:schemeCommand:executionEnvironment:restorePersistedBuildResults:operationToEnqueue:error:] (in Xcode3Core)
 13   -[Xcode3CommandLineBuildTool doSchemeBuildWithRunDestinations:runDestinationIdx:wantsSkip:buildActionTimingSection:timingSection:buildAction:isMoreDesinationsPending:actionResultBlock:title:buildLog:executionEnvironment:restorePersistedBuildResults:operationToEnqueue:error:] (in Xcode3Core)
 14   -[Xcode3CommandLineBuildTool doBuildForBuildAction:timingSection:colorize:colorizeFailure:error:] (in Xcode3Core)
 15   -[Xcode3CommandLineBuildTool _buildWithTimingSection:] (in Xcode3Core)
 16   -[Xcode3CommandLineBuildTool run] (in Xcode3Core)
 17   XcodeBuildMain (in libxcodebuildLoader.dylib)
 18   -[XcodebuildPreIDEHandler loadXcode3ProjectSupportAndRunXcode3CommandLineBuildToolWithArguments:] (in xcodebuild)
 19   -[XcodebuildPreIDEHandler runWithArguments:] (in xcodebuild)
 20   main (in xcodebuild)
 21   start (in dyld)

<DVTOperation: 0x78d9b40000; state = aReFc> created at:
  0   -[DVTOperation init] (in DVTFoundation)
  1   +[DVTOperation(DVTConveniences) operationWithBlock:] (in DVTFoundation)
  2   -[IDESchemeAction setUpActionDependenciesForCorePhaseOperation:shouldRunPostActionsBlock:prePhaseEnvironmentPopulationBlock:postPhaseEnvironmentPopulationBlock:handlePreActionsActivityLogSection:handlePostActionsActivityLogSection:buildParameters:schemeActionResultOperation:error:] (in IDEFoundation)
  3   -[IDEScheme _buildOperationGroupForSchemeOperationParameters:primaryBuildParameters:variantSpecifiers:buildLog:dontActuallyRunCommands:restorePersistedBuildResults:schemeActionRecord:error:] (in IDEFoundation)
  4   -[IDEScheme _executionOperationForSchemeOperationParameters:build:onlyBuild:buildParameters:title:buildLog:dontActuallyRunCommands:restorePersistedBuildResults:deviceAvailableChecker:error:actionCallbackBlock:] (in IDEFoundation)
  5   -[IDEScheme(TestSchemeAction) schemeTestActionOperationForSchemeOperationParameters:onlyBuild:buildLog:deviceAvailableChecker:buildParameters:shouldBuild:restorePersistedBuildResults:error:completionBlock:] (in IDEFoundation)
  6   -[IDEScheme buildAndActionTaskForSchemeOperationParameters:shouldBuild:onlyBuild:buildParameters:buildLog:deviceAvailableChecker:restorePersistedBuildResults:dontActuallyRunCommands:error:completionBlock:] (in IDEFoundation)
  7   -[IDEScheme schemeOperationForSchemeOperationParameters:buildLog:overridingProperties:overridingBuildConfiguration:dontActuallyRunCommands:restorePersistedBuildResults:deviceAvailableChecker:error:completionBlock:] (in IDEFoundation)
  8   -[IDEScheme schemeOperationForSchemeOperationParameters:buildLog:overridingProperties:overridingBuildConfiguration:dontActuallyRunCommands:restorePersistedBuildResults:error:completionBlock:] (in IDEFoundation)
  9   -[Xcode3CommandLineBuildTool(TestSchemeAction) buildForTestSchemeCommandWantsSkip:buildAction:isProjectBuild:title:buildLog:isMoreDestinationsPending:runDestinations:runDestination:schemeCommand:executionEnvironment:restorePersistedBuildResults:operationToEnqueue:error:] (in Xcode3Core)
 10   -[Xcode3CommandLineBuildTool doSchemeBuildWithRunDestinations:runDestinationIdx:wantsSkip:buildActionTimingSection:timingSection:buildAction:isMoreDesinationsPending:actionResultBlock:title:buildLog:executionEnvironment:restorePersistedBuildResults:operationToEnqueue:error:] (in Xcode3Core)
 11   -[Xcode3CommandLineBuildTool doBuildForBuildAction:timingSection:colorize:colorizeFailure:error:] (in Xcode3Core)
 12   -[Xcode3CommandLineBuildTool _buildWithTimingSection:] (in Xcode3Core)
 13   -[Xcode3CommandLineBuildTool run] (in Xcode3Core)
 14   XcodeBuildMain (in libxcodebuildLoader.dylib)
 15   -[XcodebuildPreIDEHandler loadXcode3ProjectSupportAndRunXcode3CommandLineBuildToolWithArguments:] (in xcodebuild)
 16   -[XcodebuildPreIDEHandler runWithArguments:] (in xcodebuild)
 17   main (in xcodebuild)
 18   start (in dyld)

<__DVTSwiftAsyncOperation: 0x78daffa100; state = AReFc> created at:
  0   -[DVTOperation init] (in DVTFoundation)
  1   @objc DVTAsyncOperation.init() (in DVTFoundation)
  2   static DVTOperation.awaiting(_:) (in DVTFoundation)
  3   @objc static IDESchemeAction.operationToWaitForFinishedLoadingOperation(of:) (in IDEFoundation)
  4   -[IDESchemeAction setUpActionDependenciesForCorePhaseOperation:shouldRunPostActionsBlock:prePhaseEnvironmentPopulationBlock:postPhaseEnvironmentPopulationBlock:handlePreActionsActivityLogSection:handlePostActionsActivityLogSection:buildParameters:schemeActionResultOperation:error:] (in IDEFoundation)
  5   -[IDEScheme _buildOperationGroupForSchemeOperationParameters:primaryBuildParameters:variantSpecifiers:buildLog:dontActuallyRunCommands:restorePersistedBuildResults:schemeActionRecord:error:] (in IDEFoundation)
  6   -[IDEScheme _executionOperationForSchemeOperationParameters:build:onlyBuild:buildParameters:title:buildLog:dontActuallyRunCommands:restorePersistedBuildResults:deviceAvailableChecker:error:actionCallbackBlock:] (in IDEFoundation)
  7   -[IDEScheme(TestSchemeAction) schemeTestActionOperationForSchemeOperationParameters:onlyBuild:buildLog:deviceAvailableChecker:buildParameters:shouldBuild:restorePersistedBuildResults:error:completionBlock:] (in IDEFoundation)
  8   -[IDEScheme buildAndActionTaskForSchemeOperationParameters:shouldBuild:onlyBuild:buildParameters:buildLog:deviceAvailableChecker:restorePersistedBuildResults:dontActuallyRunCommands:error:completionBlock:] (in IDEFoundation)
  9   -[IDEScheme schemeOperationForSchemeOperationParameters:buildLog:overridingProperties:overridingBuildConfiguration:dontActuallyRunCommands:restorePersistedBuildResults:deviceAvailableChecker:error:completionBlock:] (in IDEFoundation)
 10   -[IDEScheme schemeOperationForSchemeOperationParameters:buildLog:overridingProperties:overridingBuildConfiguration:dontActuallyRunCommands:restorePersistedBuildResults:error:completionBlock:] (in IDEFoundation)
 11   -[Xcode3CommandLineBuildTool(TestSchemeAction) buildForTestSchemeCommandWantsSkip:buildAction:isProjectBuild:title:buildLog:isMoreDestinationsPending:runDestinations:runDestination:schemeCommand:executionEnvironment:restorePersistedBuildResults:operationToEnqueue:error:] (in Xcode3Core)
 12   -[Xcode3CommandLineBuildTool doSchemeBuildWithRunDestinations:runDestinationIdx:wantsSkip:buildActionTimingSection:timingSection:buildAction:isMoreDesinationsPending:actionResultBlock:title:buildLog:executionEnvironment:restorePersistedBuildResults:operationToEnqueue:error:] (in Xcode3Core)
 13   -[Xcode3CommandLineBuildTool doBuildForBuildAction:timingSection:colorize:colorizeFailure:error:] (in Xcode3Core)
 14   -[Xcode3CommandLineBuildTool _buildWithTimingSection:] (in Xcode3Core)
 15   -[Xcode3CommandLineBuildTool run] (in Xcode3Core)
 16   XcodeBuildMain (in libxcodebuildLoader.dylib)
 17   -[XcodebuildPreIDEHandler loadXcode3ProjectSupportAndRunXcode3CommandLineBuildToolWithArguments:] (in xcodebuild)
 18   -[XcodebuildPreIDEHandler runWithArguments:] (in xcodebuild)
 19   main (in xcodebuild)
 20   start (in dyld)

<DVTOperation: 0x78d9b40280; state = aReFc> created at:
  0   -[DVTOperation init] (in DVTFoundation)
  1   +[DVTOperation(DVTConveniences) operationWithBlock:] (in DVTFoundation)
  2   -[IDESchemeAction setUpActionDependenciesForCorePhaseOperation:shouldRunPostActionsBlock:prePhaseEnvironmentPopulationBlock:postPhaseEnvironmentPopulationBlock:handlePreActionsActivityLogSection:handlePostActionsActivityLogSection:buildParameters:schemeActionResultOperation:error:] (in IDEFoundation)
  3   -[IDEScheme _buildOperationGroupForSchemeOperationParameters:primaryBuildParameters:variantSpecifiers:buildLog:dontActuallyRunCommands:restorePersistedBuildResults:schemeActionRecord:error:] (in IDEFoundation)
  4   -[IDEScheme _executionOperationForSchemeOperationParameters:build:onlyBuild:buildParameters:title:buildLog:dontActuallyRunCommands:restorePersistedBuildResults:deviceAvailableChecker:error:actionCallbackBlock:] (in IDEFoundation)
  5   -[IDEScheme(TestSchemeAction) schemeTestActionOperationForSchemeOperationParameters:onlyBuild:buildLog:deviceAvailableChecker:buildParameters:shouldBuild:restorePersistedBuildResults:error:completionBlock:] (in IDEFoundation)
  6   -[IDEScheme buildAndActionTaskForSchemeOperationParameters:shouldBuild:onlyBuild:buildParameters:buildLog:deviceAvailableChecker:restorePersistedBuildResults:dontActuallyRunCommands:error:completionBlock:] (in IDEFoundation)
  7   -[IDEScheme schemeOperationForSchemeOperationParameters:buildLog:overridingProperties:overridingBuildConfiguration:dontActuallyRunCommands:restorePersistedBuildResults:deviceAvailableChecker:error:completionBlock:] (in IDEFoundation)
  8   -[IDEScheme schemeOperationForSchemeOperationParameters:buildLog:overridingProperties:overridingBuildConfiguration:dontActuallyRunCommands:restorePersistedBuildResults:error:completionBlock:] (in IDEFoundation)
  9   -[Xcode3CommandLineBuildTool(TestSchemeAction) buildForTestSchemeCommandWantsSkip:buildAction:isProjectBuild:title:buildLog:isMoreDestinationsPending:runDestinations:runDestination:schemeCommand:executionEnvironment:restorePersistedBuildResults:operationToEnqueue:error:] (in Xcode3Core)
 10   -[Xcode3CommandLineBuildTool doSchemeBuildWithRunDestinations:runDestinationIdx:wantsSkip:buildActionTimingSection:timingSection:buildAction:isMoreDesinationsPending:actionResultBlock:title:buildLog:executionEnvironment:restorePersistedBuildResults:operationToEnqueue:error:] (in Xcode3Core)
 11   -[Xcode3CommandLineBuildTool doBuildForBuildAction:timingSection:colorize:colorizeFailure:error:] (in Xcode3Core)
 12   -[Xcode3CommandLineBuildTool _buildWithTimingSection:] (in Xcode3Core)
 13   -[Xcode3CommandLineBuildTool run] (in Xcode3Core)
 14   XcodeBuildMain (in libxcodebuildLoader.dylib)
 15   -[XcodebuildPreIDEHandler loadXcode3ProjectSupportAndRunXcode3CommandLineBuildToolWithArguments:] (in xcodebuild)
 16   -[XcodebuildPreIDEHandler runWithArguments:] (in xcodebuild)
 17   main (in xcodebuild)
 18   start (in dyld)

<__DVTSwiftAsyncOperation: 0x78daffa280; state = AReFc> created at:
  0   -[DVTOperation init] (in DVTFoundation)
  1   @objc DVTAsyncOperation.init() (in DVTFoundation)
  2   @objc static DVTOperation.operationWithMainThreadBlock(_:) (in DVTFoundation)
  3   -[IDESchemeAction _setUpOperationsForPackageLoadingInWorkspace:handlePreActionsActivityLogSection:isCleanOperation:] (in IDEFoundation)
  4   -[IDESchemeAction setUpActionDependenciesForCorePhaseOperation:shouldRunPostActionsBlock:prePhaseEnvironmentPopulationBlock:postPhaseEnvironmentPopulationBlock:handlePreActionsActivityLogSection:handlePostActionsActivityLogSection:buildParameters:schemeActionResultOperation:error:] (in IDEFoundation)
  5   -[IDEScheme _buildOperationGroupForSchemeOperationParameters:primaryBuildParameters:variantSpecifiers:buildLog:dontActuallyRunCommands:restorePersistedBuildResults:schemeActionRecord:error:] (in IDEFoundation)
  6   -[IDEScheme _executionOperationForSchemeOperationParameters:build:onlyBuild:buildParameters:title:buildLog:dontActuallyRunCommands:restorePersistedBuildResults:deviceAvailableChecker:error:actionCallbackBlock:] (in IDEFoundation)
  7   -[IDEScheme(TestSchemeAction) schemeTestActionOperationForSchemeOperationParameters:onlyBuild:buildLog:deviceAvailableChecker:buildParameters:shouldBuild:restorePersistedBuildResults:error:completionBlock:] (in IDEFoundation)
  8   -[IDEScheme buildAndActionTaskForSchemeOperationParameters:shouldBuild:onlyBuild:buildParameters:buildLog:deviceAvailableChecker:restorePersistedBuildResults:dontActuallyRunCommands:error:completionBlock:] (in IDEFoundation)
  9   -[IDEScheme schemeOperationForSchemeOperationParameters:buildLog:overridingProperties:overridingBuildConfiguration:dontActuallyRunCommands:restorePersistedBuildResults:deviceAvailableChecker:error:completionBlock:] (in IDEFoundation)
 10   -[IDEScheme schemeOperationForSchemeOperationParameters:buildLog:overridingProperties:overridingBuildConfiguration:dontActuallyRunCommands:restorePersistedBuildResults:error:completionBlock:] (in IDEFoundation)
 11   -[Xcode3CommandLineBuildTool(TestSchemeAction) buildForTestSchemeCommandWantsSkip:buildAction:isProjectBuild:title:buildLog:isMoreDestinationsPending:runDestinations:runDestination:schemeCommand:executionEnvironment:restorePersistedBuildResults:operationToEnqueue:error:] (in Xcode3Core)
 12   -[Xcode3CommandLineBuildTool doSchemeBuildWithRunDestinations:runDestinationIdx:wantsSkip:buildActionTimingSection:timingSection:buildAction:isMoreDesinationsPending:actionResultBlock:title:buildLog:executionEnvironment:restorePersistedBuildResults:operationToEnqueue:error:] (in Xcode3Core)
 13   -[Xcode3CommandLineBuildTool doBuildForBuildAction:timingSection:colorize:colorizeFailure:error:] (in Xcode3Core)
 14   -[Xcode3CommandLineBuildTool _buildWithTimingSection:] (in Xcode3Core)
 15   -[Xcode3CommandLineBuildTool run] (in Xcode3Core)
 16   XcodeBuildMain (in libxcodebuildLoader.dylib)
 17   -[XcodebuildPreIDEHandler loadXcode3ProjectSupportAndRunXcode3CommandLineBuildToolWithArguments:] (in xcodebuild)
 18   -[XcodebuildPreIDEHandler runWithArguments:] (in xcodebuild)
 19   main (in xcodebuild)
 20   start (in dyld)

<__DVTSwiftAsyncOperation: 0x78daffa580; state = AReFc> created at:
  0   -[DVTOperation init] (in DVTFoundation)
  1   @objc DVTAsyncOperation.init() (in DVTFoundation)
  2   @objc static DVTOperation.operationWithMainThreadBlock(_:) (in DVTFoundation)
  3   -[IDESchemeAction _setUpOperationsForPackageLoadingInWorkspace:handlePreActionsActivityLogSection:isCleanOperation:] (in IDEFoundation)
  4   -[IDESchemeAction setUpActionDependenciesForCorePhaseOperation:shouldRunPostActionsBlock:prePhaseEnvironmentPopulationBlock:postPhaseEnvironmentPopulationBlock:handlePreActionsActivityLogSection:handlePostActionsActivityLogSection:buildParameters:schemeActionResultOperation:error:] (in IDEFoundation)
  5   -[IDEScheme _buildOperationGroupForSchemeOperationParameters:primaryBuildParameters:variantSpecifiers:buildLog:dontActuallyRunCommands:restorePersistedBuildResults:schemeActionRecord:error:] (in IDEFoundation)
  6   -[IDEScheme _executionOperationForSchemeOperationParameters:build:onlyBuild:buildParameters:title:buildLog:dontActuallyRunCommands:restorePersistedBuildResults:deviceAvailableChecker:error:actionCallbackBlock:] (in IDEFoundation)
  7   -[IDEScheme(TestSchemeAction) schemeTestActionOperationForSchemeOperationParameters:onlyBuild:buildLog:deviceAvailableChecker:buildParameters:shouldBuild:restorePersistedBuildResults:error:completionBlock:] (in IDEFoundation)
  8   -[IDEScheme buildAndActionTaskForSchemeOperationParameters:shouldBuild:onlyBuild:buildParameters:buildLog:deviceAvailableChecker:restorePersistedBuildResults:dontActuallyRunCommands:error:completionBlock:] (in IDEFoundation)
  9   -[IDEScheme schemeOperationForSchemeOperationParameters:buildLog:overridingProperties:overridingBuildConfiguration:dontActuallyRunCommands:restorePersistedBuildResults:deviceAvailableChecker:error:completionBlock:] (in IDEFoundation)
 10   -[IDEScheme schemeOperationForSchemeOperationParameters:buildLog:overridingProperties:overridingBuildConfiguration:dontActuallyRunCommands:restorePersistedBuildResults:error:completionBlock:] (in IDEFoundation)
 11   -[Xcode3CommandLineBuildTool(TestSchemeAction) buildForTestSchemeCommandWantsSkip:buildAction:isProjectBuild:title:buildLog:isMoreDestinationsPending:runDestinations:runDestination:schemeCommand:executionEnvironment:restorePersistedBuildResults:operationToEnqueue:error:] (in Xcode3Core)
 12   -[Xcode3CommandLineBuildTool doSchemeBuildWithRunDestinations:runDestinationIdx:wantsSkip:buildActionTimingSection:timingSection:buildAction:isMoreDesinationsPending:actionResultBlock:title:buildLog:executionEnvironment:restorePersistedBuildResults:operationToEnqueue:error:] (in Xcode3Core)
 13   -[Xcode3CommandLineBuildTool doBuildForBuildAction:timingSection:colorize:colorizeFailure:error:] (in Xcode3Core)
 14   -[Xcode3CommandLineBuildTool _buildWithTimingSection:] (in Xcode3Core)
 15   -[Xcode3CommandLineBuildTool run] (in Xcode3Core)
 16   XcodeBuildMain (in libxcodebuildLoader.dylib)
 17   -[XcodebuildPreIDEHandler loadXcode3ProjectSupportAndRunXcode3CommandLineBuildToolWithArguments:] (in xcodebuild)
 18   -[XcodebuildPreIDEHandler runWithArguments:] (in xcodebuild)
 19   main (in xcodebuild)
 20   start (in dyld)

<DVTOperation: 0x78d9b40140; state = aReFc> created at:
  0   -[DVTOperation init] (in DVTFoundation)
  1   +[DVTOperation(DVTConveniences) operationWithBlock:] (in DVTFoundation)
  2   -[IDESchemeAction setUpActionDependenciesForCorePhaseOperation:shouldRunPostActionsBlock:prePhaseEnvironmentPopulationBlock:postPhaseEnvironmentPopulationBlock:handlePreActionsActivityLogSection:handlePostActionsActivityLogSection:buildParameters:schemeActionResultOperation:error:] (in IDEFoundation)
  3   -[IDEScheme _buildOperationGroupForSchemeOperationParameters:primaryBuildParameters:variantSpecifiers:buildLog:dontActuallyRunCommands:restorePersistedBuildResults:schemeActionRecord:error:] (in IDEFoundation)
  4   -[IDEScheme _executionOperationForSchemeOperationParameters:build:onlyBuild:buildParameters:title:buildLog:dontActuallyRunCommands:restorePersistedBuildResults:deviceAvailableChecker:error:actionCallbackBlock:] (in IDEFoundation)
  5   -[IDEScheme(TestSchemeAction) schemeTestActionOperationForSchemeOperationParameters:onlyBuild:buildLog:deviceAvailableChecker:buildParameters:shouldBuild:restorePersistedBuildResults:error:completionBlock:] (in IDEFoundation)
  6   -[IDEScheme buildAndActionTaskForSchemeOperationParameters:shouldBuild:onlyBuild:buildParameters:buildLog:deviceAvailableChecker:restorePersistedBuildResults:dontActuallyRunCommands:error:completionBlock:] (in IDEFoundation)
  7   -[IDEScheme schemeOperationForSchemeOperationParameters:buildLog:overridingProperties:overridingBuildConfiguration:dontActuallyRunCommands:restorePersistedBuildResults:deviceAvailableChecker:error:completionBlock:] (in IDEFoundation)
  8   -[IDEScheme schemeOperationForSchemeOperationParameters:buildLog:overridingProperties:overridingBuildConfiguration:dontActuallyRunCommands:restorePersistedBuildResults:error:completionBlock:] (in IDEFoundation)
  9   -[Xcode3CommandLineBuildTool(TestSchemeAction) buildForTestSchemeCommandWantsSkip:buildAction:isProjectBuild:title:buildLog:isMoreDestinationsPending:runDestinations:runDestination:schemeCommand:executionEnvironment:restorePersistedBuildResults:operationToEnqueue:error:] (in Xcode3Core)
 10   -[Xcode3CommandLineBuildTool doSchemeBuildWithRunDestinations:runDestinationIdx:wantsSkip:buildActionTimingSection:timingSection:buildAction:isMoreDesinationsPending:actionResultBlock:title:buildLog:executionEnvironment:restorePersistedBuildResults:operationToEnqueue:error:] (in Xcode3Core)
 11   -[Xcode3CommandLineBuildTool doBuildForBuildAction:timingSection:colorize:colorizeFailure:error:] (in Xcode3Core)
 12   -[Xcode3CommandLineBuildTool _buildWithTimingSection:] (in Xcode3Core)
 13   -[Xcode3CommandLineBuildTool run] (in Xcode3Core)
 14   XcodeBuildMain (in libxcodebuildLoader.dylib)
 15   -[XcodebuildPreIDEHandler loadXcode3ProjectSupportAndRunXcode3CommandLineBuildToolWithArguments:] (in xcodebuild)
 16   -[XcodebuildPreIDEHandler runWithArguments:] (in xcodebuild)
 17   main (in xcodebuild)
 18   start (in dyld)

<DVTOperationGroup: 0x78d9bed080; state = AREfc> created at:
  0   -[DVTOperation init] (in DVTFoundation)
  1   -[DVTOperationGroup init] (in DVTFoundation)
  2   +[DVTOperationGroup operationGroupWithSuboperations:] (in DVTFoundation)
  3   -[IDETestSchemeAction testOperationWithSchemeOperationParameters:testManager:buildOperation:buildParameters:schemeCommand:actionRecord:testPlanRunSpecifications:deviceAvailableChecker:outError:actionCallbackBlock:] (in IDEFoundation)
  4   -[IDEScheme(TestSchemeAction) executionOperationForTestSchemeActionWithOperationParameters:command:buildOperationVariantSpecifiers:buildOperationGroup:schemeActionResult:buildParameters:shouldOnlyBuild:runDestination:orderedOperations:schemeActionRecord:deviceAvailableChecker:actionCallbackBlock:error:] (in IDEFoundation)
  5   -[IDEScheme _executionOperationForSchemeOperationParameters:build:onlyBuild:buildParameters:title:buildLog:dontActuallyRunCommands:restorePersistedBuildResults:deviceAvailableChecker:error:actionCallbackBlock:] (in IDEFoundation)
  6   -[IDEScheme(TestSchemeAction) schemeTestActionOperationForSchemeOperationParameters:onlyBuild:buildLog:deviceAvailableChecker:buildParameters:shouldBuild:restorePersistedBuildResults:error:completionBlock:] (in IDEFoundation)
  7   -[IDEScheme buildAndActionTaskForSchemeOperationParameters:shouldBuild:onlyBuild:buildParameters:buildLog:deviceAvailableChecker:restorePersistedBuildResults:dontActuallyRunCommands:error:completionBlock:] (in IDEFoundation)
  8   -[IDEScheme schemeOperationForSchemeOperationParameters:buildLog:overridingProperties:overridingBuildConfiguration:dontActuallyRunCommands:restorePersistedBuildResults:deviceAvailableChecker:error:completionBlock:] (in IDEFoundation)
  9   -[IDEScheme schemeOperationForSchemeOperationParameters:buildLog:overridingProperties:overridingBuildConfiguration:dontActuallyRunCommands:restorePersistedBuildResults:error:completionBlock:] (in IDEFoundation)
 10   -[Xcode3CommandLineBuildTool(TestSchemeAction) buildForTestSchemeCommandWantsSkip:buildAction:isProjectBuild:title:buildLog:isMoreDestinationsPending:runDestinations:runDestination:schemeCommand:executionEnvironment:restorePersistedBuildResults:operationToEnqueue:error:] (in Xcode3Core)
 11   -[Xcode3CommandLineBuildTool doSchemeBuildWithRunDestinations:runDestinationIdx:wantsSkip:buildActionTimingSection:timingSection:buildAction:isMoreDesinationsPending:actionResultBlock:title:buildLog:executionEnvironment:restorePersistedBuildResults:operationToEnqueue:error:] (in Xcode3Core)
 12   -[Xcode3CommandLineBuildTool doBuildForBuildAction:timingSection:colorize:colorizeFailure:error:] (in Xcode3Core)
 13   -[Xcode3CommandLineBuildTool _buildWithTimingSection:] (in Xcode3Core)
 14   -[Xcode3CommandLineBuildTool run] (in Xcode3Core)
 15   XcodeBuildMain (in libxcodebuildLoader.dylib)
 16   -[XcodebuildPreIDEHandler loadXcode3ProjectSupportAndRunXcode3CommandLineBuildToolWithArguments:] (in xcodebuild)
 17   -[XcodebuildPreIDEHandler runWithArguments:] (in xcodebuild)
 18   main (in xcodebuild)
 19   start (in dyld)

<DVTOperation: 0x78d9b41cc0; name = 'Remove Log If Needed', state = aReFc> created at:
  0   -[DVTOperation init] (in DVTFoundation)
  1   +[DVTOperation(DVTConveniences) operationWithBlock:] (in DVTFoundation)
  2   -[IDETestSchemeAction _removeLogIfNeededOperationWithLogStore:logRecord:buildOperation:] (in IDEFoundation)
  3   -[IDETestSchemeAction testOperationWithSchemeOperationParameters:testManager:buildOperation:buildParameters:schemeCommand:actionRecord:testPlanRunSpecifications:deviceAvailableChecker:outError:actionCallbackBlock:] (in IDEFoundation)
  4   -[IDEScheme(TestSchemeAction) executionOperationForTestSchemeActionWithOperationParameters:command:buildOperationVariantSpecifiers:buildOperationGroup:schemeActionResult:buildParameters:shouldOnlyBuild:runDestination:orderedOperations:schemeActionRecord:deviceAvailableChecker:actionCallbackBlock:error:] (in IDEFoundation)
  5   -[IDEScheme _executionOperationForSchemeOperationParameters:build:onlyBuild:buildParameters:title:buildLog:dontActuallyRunCommands:restorePersistedBuildResults:deviceAvailableChecker:error:actionCallbackBlock:] (in IDEFoundation)
  6   -[IDEScheme(TestSchemeAction) schemeTestActionOperationForSchemeOperationParameters:onlyBuild:buildLog:deviceAvailableChecker:buildParameters:shouldBuild:restorePersistedBuildResults:error:completionBlock:] (in IDEFoundation)
  7   -[IDEScheme buildAndActionTaskForSchemeOperationParameters:shouldBuild:onlyBuild:buildParameters:buildLog:deviceAvailableChecker:restorePersistedBuildResults:dontActuallyRunCommands:error:completionBlock:] (in IDEFoundation)
  8   -[IDEScheme schemeOperationForSchemeOperationParameters:buildLog:overridingProperties:overridingBuildConfiguration:dontActuallyRunCommands:restorePersistedBuildResults:deviceAvailableChecker:error:completionBlock:] (in IDEFoundation)
  9   -[IDEScheme schemeOperationForSchemeOperationParameters:buildLog:overridingProperties:overridingBuildConfiguration:dontActuallyRunCommands:restorePersistedBuildResults:error:completionBlock:] (in IDEFoundation)
 10   -[Xcode3CommandLineBuildTool(TestSchemeAction) buildForTestSchemeCommandWantsSkip:buildAction:isProjectBuild:title:buildLog:isMoreDestinationsPending:runDestinations:runDestination:schemeCommand:executionEnvironment:restorePersistedBuildResults:operationToEnqueue:error:] (in Xcode3Core)
 11   -[Xcode3CommandLineBuildTool doSchemeBuildWithRunDestinations:runDestinationIdx:wantsSkip:buildActionTimingSection:timingSection:buildAction:isMoreDesinationsPending:actionResultBlock:title:buildLog:executionEnvironment:restorePersistedBuildResults:operationToEnqueue:error:] (in Xcode3Core)
 12   -[Xcode3CommandLineBuildTool doBuildForBuildAction:timingSection:colorize:colorizeFailure:error:] (in Xcode3Core)
 13   -[Xcode3CommandLineBuildTool _buildWithTimingSection:] (in Xcode3Core)
 14   -[Xcode3CommandLineBuildTool run] (in Xcode3Core)
 15   XcodeBuildMain (in libxcodebuildLoader.dylib)
 16   -[XcodebuildPreIDEHandler loadXcode3ProjectSupportAndRunXcode3CommandLineBuildToolWithArguments:] (in xcodebuild)
 17   -[XcodebuildPreIDEHandler runWithArguments:] (in xcodebuild)
 18   main (in xcodebuild)
 19   start (in dyld)

<DVTOperationGroup: 0x78d9bed200; state = AREfc> created at:
  0   -[DVTOperation init] (in DVTFoundation)
  1   -[DVTOperationGroup init] (in DVTFoundation)
  2   +[DVTOperationGroup operationGroupWithSuboperations:] (in DVTFoundation)
  3   -[IDETestSchemeAction testOperationWithSchemeOperationParameters:testManager:buildOperation:buildParameters:schemeCommand:actionRecord:testPlanRunSpecifications:deviceAvailableChecker:outError:actionCallbackBlock:] (in IDEFoundation)
  4   -[IDEScheme(TestSchemeAction) executionOperationForTestSchemeActionWithOperationParameters:command:buildOperationVariantSpecifiers:buildOperationGroup:schemeActionResult:buildParameters:shouldOnlyBuild:runDestination:orderedOperations:schemeActionRecord:deviceAvailableChecker:actionCallbackBlock:error:] (in IDEFoundation)
  5   -[IDEScheme _executionOperationForSchemeOperationParameters:build:onlyBuild:buildParameters:title:buildLog:dontActuallyRunCommands:restorePersistedBuildResults:deviceAvailableChecker:error:actionCallbackBlock:] (in IDEFoundation)
  6   -[IDEScheme(TestSchemeAction) schemeTestActionOperationForSchemeOperationParameters:onlyBuild:buildLog:deviceAvailableChecker:buildParameters:shouldBuild:restorePersistedBuildResults:error:completionBlock:] (in IDEFoundation)
  7   -[IDEScheme buildAndActionTaskForSchemeOperationParameters:shouldBuild:onlyBuild:buildParameters:buildLog:deviceAvailableChecker:restorePersistedBuildResults:dontActuallyRunCommands:error:completionBlock:] (in IDEFoundation)
  8   -[IDEScheme schemeOperationForSchemeOperationParameters:buildLog:overridingProperties:overridingBuildConfiguration:dontActuallyRunCommands:restorePersistedBuildResults:deviceAvailableChecker:error:completionBlock:] (in IDEFoundation)
  9   -[IDEScheme schemeOperationForSchemeOperationParameters:buildLog:overridingProperties:overridingBuildConfiguration:dontActuallyRunCommands:restorePersistedBuildResults:error:completionBlock:] (in IDEFoundation)
 10   -[Xcode3CommandLineBuildTool(TestSchemeAction) buildForTestSchemeCommandWantsSkip:buildAction:isProjectBuild:title:buildLog:isMoreDestinationsPending:runDestinations:runDestination:schemeCommand:executionEnvironment:restorePersistedBuildResults:operationToEnqueue:error:] (in Xcode3Core)
 11   -[Xcode3CommandLineBuildTool doSchemeBuildWithRunDestinations:runDestinationIdx:wantsSkip:buildActionTimingSection:timingSection:buildAction:isMoreDesinationsPending:actionResultBlock:title:buildLog:executionEnvironment:restorePersistedBuildResults:operationToEnqueue:error:] (in Xcode3Core)
 12   -[Xcode3CommandLineBuildTool doBuildForBuildAction:timingSection:colorize:colorizeFailure:error:] (in Xcode3Core)
 13   -[Xcode3CommandLineBuildTool _buildWithTimingSection:] (in Xcode3Core)
 14   -[Xcode3CommandLineBuildTool run] (in Xcode3Core)
 15   XcodeBuildMain (in libxcodebuildLoader.dylib)
 16   -[XcodebuildPreIDEHandler loadXcode3ProjectSupportAndRunXcode3CommandLineBuildToolWithArguments:] (in xcodebuild)
 17   -[XcodebuildPreIDEHandler runWithArguments:] (in xcodebuild)
 18   main (in xcodebuild)
 19   start (in dyld)

<DVTOperationGroup: 0x78d9bed380; state = AREfc> created at:
  0   -[DVTOperation init] (in DVTFoundation)
  1   -[DVTOperationGroup init] (in DVTFoundation)
  2   +[DVTOperationGroup operationGroupWithSuboperations:] (in DVTFoundation)
  3   -[IDETestSchemeAction testOperationWithSchemeOperationParameters:testManager:buildOperation:buildParameters:schemeCommand:actionRecord:testPlanRunSpecifications:deviceAvailableChecker:outError:actionCallbackBlock:] (in IDEFoundation)
  4   -[IDEScheme(TestSchemeAction) executionOperationForTestSchemeActionWithOperationParameters:command:buildOperationVariantSpecifiers:buildOperationGroup:schemeActionResult:buildParameters:shouldOnlyBuild:runDestination:orderedOperations:schemeActionRecord:deviceAvailableChecker:actionCallbackBlock:error:] (in IDEFoundation)
  5   -[IDEScheme _executionOperationForSchemeOperationParameters:build:onlyBuild:buildParameters:title:buildLog:dontActuallyRunCommands:restorePersistedBuildResults:deviceAvailableChecker:error:actionCallbackBlock:] (in IDEFoundation)
  6   -[IDEScheme(TestSchemeAction) schemeTestActionOperationForSchemeOperationParameters:onlyBuild:buildLog:deviceAvailableChecker:buildParameters:shouldBuild:restorePersistedBuildResults:error:completionBlock:] (in IDEFoundation)
  7   -[IDEScheme buildAndActionTaskForSchemeOperationParameters:shouldBuild:onlyBuild:buildParameters:buildLog:deviceAvailableChecker:restorePersistedBuildResults:dontActuallyRunCommands:error:completionBlock:] (in IDEFoundation)
  8   -[IDEScheme schemeOperationForSchemeOperationParameters:buildLog:overridingProperties:overridingBuildConfiguration:dontActuallyRunCommands:restorePersistedBuildResults:deviceAvailableChecker:error:completionBlock:] (in IDEFoundation)
  9   -[IDEScheme schemeOperationForSchemeOperationParameters:buildLog:overridingProperties:overridingBuildConfiguration:dontActuallyRunCommands:restorePersistedBuildResults:error:completionBlock:] (in IDEFoundation)
 10   -[Xcode3CommandLineBuildTool(TestSchemeAction) buildForTestSchemeCommandWantsSkip:buildAction:isProjectBuild:title:buildLog:isMoreDestinationsPending:runDestinations:runDestination:schemeCommand:executionEnvironment:restorePersistedBuildResults:operationToEnqueue:error:] (in Xcode3Core)
 11   -[Xcode3CommandLineBuildTool doSchemeBuildWithRunDestinations:runDestinationIdx:wantsSkip:buildActionTimingSection:timingSection:buildAction:isMoreDesinationsPending:actionResultBlock:title:buildLog:executionEnvironment:restorePersistedBuildResults:operationToEnqueue:error:] (in Xcode3Core)
 12   -[Xcode3CommandLineBuildTool doBuildForBuildAction:timingSection:colorize:colorizeFailure:error:] (in Xcode3Core)
 13   -[Xcode3CommandLineBuildTool _buildWithTimingSection:] (in Xcode3Core)
 14   -[Xcode3CommandLineBuildTool run] (in Xcode3Core)
 15   XcodeBuildMain (in libxcodebuildLoader.dylib)
 16   -[XcodebuildPreIDEHandler loadXcode3ProjectSupportAndRunXcode3CommandLineBuildToolWithArguments:] (in xcodebuild)
 17   -[XcodebuildPreIDEHandler runWithArguments:] (in xcodebuild)
 18   main (in xcodebuild)
 19   start (in dyld)

<DVTOperationGroup: 0x78d9bec600; state = AREfc> created at:
  0   -[DVTOperation init] (in DVTFoundation)
  1   -[DVTOperationGroup init] (in DVTFoundation)
  2   +[DVTOperationGroup operationGroupWithSuboperations:] (in DVTFoundation)
  3   -[IDETestSchemeAction testOperationWithSchemeOperationParameters:testManager:buildOperation:buildParameters:schemeCommand:actionRecord:testPlanRunSpecifications:deviceAvailableChecker:outError:actionCallbackBlock:] (in IDEFoundation)
  4   -[IDEScheme(TestSchemeAction) executionOperationForTestSchemeActionWithOperationParameters:command:buildOperationVariantSpecifiers:buildOperationGroup:schemeActionResult:buildParameters:shouldOnlyBuild:runDestination:orderedOperations:schemeActionRecord:deviceAvailableChecker:actionCallbackBlock:error:] (in IDEFoundation)
  5   -[IDEScheme _executionOperationForSchemeOperationParameters:build:onlyBuild:buildParameters:title:buildLog:dontActuallyRunCommands:restorePersistedBuildResults:deviceAvailableChecker:error:actionCallbackBlock:] (in IDEFoundation)
  6   -[IDEScheme(TestSchemeAction) schemeTestActionOperationForSchemeOperationParameters:onlyBuild:buildLog:deviceAvailableChecker:buildParameters:shouldBuild:restorePersistedBuildResults:error:completionBlock:] (in IDEFoundation)
  7   -[IDEScheme buildAndActionTaskForSchemeOperationParameters:shouldBuild:onlyBuild:buildParameters:buildLog:deviceAvailableChecker:restorePersistedBuildResults:dontActuallyRunCommands:error:completionBlock:] (in IDEFoundation)
  8   -[IDEScheme schemeOperationForSchemeOperationParameters:buildLog:overridingProperties:overridingBuildConfiguration:dontActuallyRunCommands:restorePersistedBuildResults:deviceAvailableChecker:error:completionBlock:] (in IDEFoundation)
  9   -[IDEScheme schemeOperationForSchemeOperationParameters:buildLog:overridingProperties:overridingBuildConfiguration:dontActuallyRunCommands:restorePersistedBuildResults:error:completionBlock:] (in IDEFoundation)
 10   -[Xcode3CommandLineBuildTool(TestSchemeAction) buildForTestSchemeCommandWantsSkip:buildAction:isProjectBuild:title:buildLog:isMoreDestinationsPending:runDestinations:runDestination:schemeCommand:executionEnvironment:restorePersistedBuildResults:operationToEnqueue:error:] (in Xcode3Core)
 11   -[Xcode3CommandLineBuildTool doSchemeBuildWithRunDestinations:runDestinationIdx:wantsSkip:buildActionTimingSection:timingSection:buildAction:isMoreDesinationsPending:actionResultBlock:title:buildLog:executionEnvironment:restorePersistedBuildResults:operationToEnqueue:error:] (in Xcode3Core)
 12   -[Xcode3CommandLineBuildTool doBuildForBuildAction:timingSection:colorize:colorizeFailure:error:] (in Xcode3Core)
 13   -[Xcode3CommandLineBuildTool _buildWithTimingSection:] (in Xcode3Core)
 14   -[Xcode3CommandLineBuildTool run] (in Xcode3Core)
 15   XcodeBuildMain (in libxcodebuildLoader.dylib)
 16   -[XcodebuildPreIDEHandler loadXcode3ProjectSupportAndRunXcode3CommandLineBuildToolWithArguments:] (in xcodebuild)
 17   -[XcodebuildPreIDEHandler runWithArguments:] (in xcodebuild)
 18   main (in xcodebuild)
 19   start (in dyld)

<DVTOperation: 0x78d9b417c0; state = aReFc> created at:
  0   -[DVTOperation init] (in DVTFoundation)
  1   +[DVTOperation(DVTConveniences) operationWithBlock:] (in DVTFoundation)
  2   -[IDESchemeAction setUpActionDependenciesForCorePhaseOperation:shouldRunPostActionsBlock:prePhaseEnvironmentPopulationBlock:postPhaseEnvironmentPopulationBlock:handlePreActionsActivityLogSection:handlePostActionsActivityLogSection:buildParameters:schemeActionResultOperation:error:] (in IDEFoundation)
  3   -[IDETestSchemeAction testOperationWithSchemeOperationParameters:testManager:buildOperation:buildParameters:schemeCommand:actionRecord:testPlanRunSpecifications:deviceAvailableChecker:outError:actionCallbackBlock:] (in IDEFoundation)
  4   -[IDEScheme(TestSchemeAction) executionOperationForTestSchemeActionWithOperationParameters:command:buildOperationVariantSpecifiers:buildOperationGroup:schemeActionResult:buildParameters:shouldOnlyBuild:runDestination:orderedOperations:schemeActionRecord:deviceAvailableChecker:actionCallbackBlock:error:] (in IDEFoundation)
  5   -[IDEScheme _executionOperationForSchemeOperationParameters:build:onlyBuild:buildParameters:title:buildLog:dontActuallyRunCommands:restorePersistedBuildResults:deviceAvailableChecker:error:actionCallbackBlock:] (in IDEFoundation)
  6   -[IDEScheme(TestSchemeAction) schemeTestActionOperationForSchemeOperationParameters:onlyBuild:buildLog:deviceAvailableChecker:buildParameters:shouldBuild:restorePersistedBuildResults:error:completionBlock:] (in IDEFoundation)
  7   -[IDEScheme buildAndActionTaskForSchemeOperationParameters:shouldBuild:onlyBuild:buildParameters:buildLog:deviceAvailableChecker:restorePersistedBuildResults:dontActuallyRunCommands:error:completionBlock:] (in IDEFoundation)
  8   -[IDEScheme schemeOperationForSchemeOperationParameters:buildLog:overridingProperties:overridingBuildConfiguration:dontActuallyRunCommands:restorePersistedBuildResults:deviceAvailableChecker:error:completionBlock:] (in IDEFoundation)
  9   -[IDEScheme schemeOperationForSchemeOperationParameters:buildLog:overridingProperties:overridingBuildConfiguration:dontActuallyRunCommands:restorePersistedBuildResults:error:completionBlock:] (in IDEFoundation)
 10   -[Xcode3CommandLineBuildTool(TestSchemeAction) buildForTestSchemeCommandWantsSkip:buildAction:isProjectBuild:title:buildLog:isMoreDestinationsPending:runDestinations:runDestination:schemeCommand:executionEnvironment:restorePersistedBuildResults:operationToEnqueue:error:] (in Xcode3Core)
 11   -[Xcode3CommandLineBuildTool doSchemeBuildWithRunDestinations:runDestinationIdx:wantsSkip:buildActionTimingSection:timingSection:buildAction:isMoreDesinationsPending:actionResultBlock:title:buildLog:executionEnvironment:restorePersistedBuildResults:operationToEnqueue:error:] (in Xcode3Core)
 12   -[Xcode3CommandLineBuildTool doBuildForBuildAction:timingSection:colorize:colorizeFailure:error:] (in Xcode3Core)
 13   -[Xcode3CommandLineBuildTool _buildWithTimingSection:] (in Xcode3Core)
 14   -[Xcode3CommandLineBuildTool run] (in Xcode3Core)
 15   XcodeBuildMain (in libxcodebuildLoader.dylib)
 16   -[XcodebuildPreIDEHandler loadXcode3ProjectSupportAndRunXcode3CommandLineBuildToolWithArguments:] (in xcodebuild)
 17   -[XcodebuildPreIDEHandler runWithArguments:] (in xcodebuild)
 18   main (in xcodebuild)
 19   start (in dyld)

<__DVTSwiftAsyncOperation: 0x78d9bec480; state = AReFc> created at:
  0   -[DVTOperation init] (in DVTFoundation)
  1   @objc DVTAsyncOperation.init() (in DVTFoundation)
  2   static DVTOperation.awaiting(_:) (in DVTFoundation)
  3   @objc static IDESchemeAction.operationToWaitForFinishedLoadingOperation(of:) (in IDEFoundation)
  4   -[IDESchemeAction _setUpOperationsForPackageLoadingInWorkspace:handlePreActionsActivityLogSection:isCleanOperation:] (in IDEFoundation)
  5   -[IDESchemeAction setUpActionDependenciesForCorePhaseOperation:shouldRunPostActionsBlock:prePhaseEnvironmentPopulationBlock:postPhaseEnvironmentPopulationBlock:handlePreActionsActivityLogSection:handlePostActionsActivityLogSection:buildParameters:schemeActionResultOperation:error:] (in IDEFoundation)
  6   -[IDETestSchemeAction testOperationWithSchemeOperationParameters:testManager:buildOperation:buildParameters:schemeCommand:actionRecord:testPlanRunSpecifications:deviceAvailableChecker:outError:actionCallbackBlock:] (in IDEFoundation)
  7   -[IDEScheme(TestSchemeAction) executionOperationForTestSchemeActionWithOperationParameters:command:buildOperationVariantSpecifiers:buildOperationGroup:schemeActionResult:buildParameters:shouldOnlyBuild:runDestination:orderedOperations:schemeActionRecord:deviceAvailableChecker:actionCallbackBlock:error:] (in IDEFoundation)
  8   -[IDEScheme _executionOperationForSchemeOperationParameters:build:onlyBuild:buildParameters:title:buildLog:dontActuallyRunCommands:restorePersistedBuildResults:deviceAvailableChecker:error:actionCallbackBlock:] (in IDEFoundation)
  9   -[IDEScheme(TestSchemeAction) schemeTestActionOperationForSchemeOperationParameters:onlyBuild:buildLog:deviceAvailableChecker:buildParameters:shouldBuild:restorePersistedBuildResults:error:completionBlock:] (in IDEFoundation)
 10   -[IDEScheme buildAndActionTaskForSchemeOperationParameters:shouldBuild:onlyBuild:buildParameters:buildLog:deviceAvailableChecker:restorePersistedBuildResults:dontActuallyRunCommands:error:completionBlock:] (in IDEFoundation)
 11   -[IDEScheme schemeOperationForSchemeOperationParameters:buildLog:overridingProperties:overridingBuildConfiguration:dontActuallyRunCommands:restorePersistedBuildResults:deviceAvailableChecker:error:completionBlock:] (in IDEFoundation)
 12   -[IDEScheme schemeOperationForSchemeOperationParameters:buildLog:overridingProperties:overridingBuildConfiguration:dontActuallyRunCommands:restorePersistedBuildResults:error:completionBlock:] (in IDEFoundation)
 13   -[Xcode3CommandLineBuildTool(TestSchemeAction) buildForTestSchemeCommandWantsSkip:buildAction:isProjectBuild:title:buildLog:isMoreDestinationsPending:runDestinations:runDestination:schemeCommand:executionEnvironment:restorePersistedBuildResults:operationToEnqueue:error:] (in Xcode3Core)
 14   -[Xcode3CommandLineBuildTool doSchemeBuildWithRunDestinations:runDestinationIdx:wantsSkip:buildActionTimingSection:timingSection:buildAction:isMoreDesinationsPending:actionResultBlock:title:buildLog:executionEnvironment:restorePersistedBuildResults:operationToEnqueue:error:] (in Xcode3Core)
 15   -[Xcode3CommandLineBuildTool doBuildForBuildAction:timingSection:colorize:colorizeFailure:error:] (in Xcode3Core)
 16   -[Xcode3CommandLineBuildTool _buildWithTimingSection:] (in Xcode3Core)
 17   -[Xcode3CommandLineBuildTool run] (in Xcode3Core)
 18   XcodeBuildMain (in libxcodebuildLoader.dylib)
 19   -[XcodebuildPreIDEHandler loadXcode3ProjectSupportAndRunXcode3CommandLineBuildToolWithArguments:] (in xcodebuild)
 20   -[XcodebuildPreIDEHandler runWithArguments:] (in xcodebuild)
 21   main (in xcodebuild)
 22   start (in dyld)

<DVTOperationGroup: 0x78daffb480; state = AREf!c> created at:
  0   -[DVTOperation init] (in DVTFoundation)
  1   -[DVTOperationGroup init] (in DVTFoundation)
  2   -[IDETestRunSession testOperationForTestRunSpecificationGroups:executionEnvironment:invocationRecord:actionRecord:schemeIdentifier:outSchemeActionResultOperation:launchParametersBlock:actionCallbackBlock:error:] (in IDEFoundation)
  3   -[IDETestManager testOperationForTestRunSpecificationGroups:executionEnvironment:runDestinationPool:invocationRecord:actionRecord:schemeIdentifier:outSchemeActionResultOperation:launchParametersBlock:actionCallbackBlock:error:] (in IDEFoundation)
  4   -[IDETestSchemeAction testOperationWithSchemeOperationParameters:testManager:buildOperation:buildParameters:schemeCommand:actionRecord:testPlanRunSpecifications:deviceAvailableChecker:outError:actionCallbackBlock:] (in IDEFoundation)
  5   -[IDEScheme(TestSchemeAction) executionOperationForTestSchemeActionWithOperationParameters:command:buildOperationVariantSpecifiers:buildOperationGroup:schemeActionResult:buildParameters:shouldOnlyBuild:runDestination:orderedOperations:schemeActionRecord:deviceAvailableChecker:actionCallbackBlock:error:] (in IDEFoundation)
  6   -[IDEScheme _executionOperationForSchemeOperationParameters:build:onlyBuild:buildParameters:title:buildLog:dontActuallyRunCommands:restorePersistedBuildResults:deviceAvailableChecker:error:actionCallbackBlock:] (in IDEFoundation)
  7   -[IDEScheme(TestSchemeAction) schemeTestActionOperationForSchemeOperationParameters:onlyBuild:buildLog:deviceAvailableChecker:buildParameters:shouldBuild:restorePersistedBuildResults:error:completionBlock:] (in IDEFoundation)
  8   -[IDEScheme buildAndActionTaskForSchemeOperationParameters:shouldBuild:onlyBuild:buildParameters:buildLog:deviceAvailableChecker:restorePersistedBuildResults:dontActuallyRunCommands:error:completionBlock:] (in IDEFoundation)
  9   -[IDEScheme schemeOperationForSchemeOperationParameters:buildLog:overridingProperties:overridingBuildConfiguration:dontActuallyRunCommands:restorePersistedBuildResults:deviceAvailableChecker:error:completionBlock:] (in IDEFoundation)
 10   -[IDEScheme schemeOperationForSchemeOperationParameters:buildLog:overridingProperties:overridingBuildConfiguration:dontActuallyRunCommands:restorePersistedBuildResults:error:completionBlock:] (in IDEFoundation)
 11   -[Xcode3CommandLineBuildTool(TestSchemeAction) buildForTestSchemeCommandWantsSkip:buildAction:isProjectBuild:title:buildLog:isMoreDestinationsPending:runDestinations:runDestination:schemeCommand:executionEnvironment:restorePersistedBuildResults:operationToEnqueue:error:] (in Xcode3Core)
 12   -[Xcode3CommandLineBuildTool doSchemeBuildWithRunDestinations:runDestinationIdx:wantsSkip:buildActionTimingSection:timingSection:buildAction:isMoreDesinationsPending:actionResultBlock:title:buildLog:executionEnvironment:restorePersistedBuildResults:operationToEnqueue:error:] (in Xcode3Core)
 13   -[Xcode3CommandLineBuildTool doBuildForBuildAction:timingSection:colorize:colorizeFailure:error:] (in Xcode3Core)
 14   -[Xcode3CommandLineBuildTool _buildWithTimingSection:] (in Xcode3Core)
 15   -[Xcode3CommandLineBuildTool run] (in Xcode3Core)
 16   XcodeBuildMain (in libxcodebuildLoader.dylib)
 17   -[XcodebuildPreIDEHandler loadXcode3ProjectSupportAndRunXcode3CommandLineBuildToolWithArguments:] (in xcodebuild)
 18   -[XcodebuildPreIDEHandler runWithArguments:] (in xcodebuild)
 19   main (in xcodebuild)
 20   start (in dyld)

<DVTOperation: 0x78d9b41400; state = aReFc> created at:
  0   -[DVTOperation init] (in DVTFoundation)
  1   +[DVTOperation(DVTConveniences) operationWithBlock:] (in DVTFoundation)
  2   -[IDETestRunSession testOperationForTestRunSpecificationGroups:executionEnvironment:invocationRecord:actionRecord:schemeIdentifier:outSchemeActionResultOperation:launchParametersBlock:actionCallbackBlock:error:] (in IDEFoundation)
  3   -[IDETestManager testOperationForTestRunSpecificationGroups:executionEnvironment:runDestinationPool:invocationRecord:actionRecord:schemeIdentifier:outSchemeActionResultOperation:launchParametersBlock:actionCallbackBlock:error:] (in IDEFoundation)
  4   -[IDETestSchemeAction testOperationWithSchemeOperationParameters:testManager:buildOperation:buildParameters:schemeCommand:actionRecord:testPlanRunSpecifications:deviceAvailableChecker:outError:actionCallbackBlock:] (in IDEFoundation)
  5   -[IDEScheme(TestSchemeAction) executionOperationForTestSchemeActionWithOperationParameters:command:buildOperationVariantSpecifiers:buildOperationGroup:schemeActionResult:buildParameters:shouldOnlyBuild:runDestination:orderedOperations:schemeActionRecord:deviceAvailableChecker:actionCallbackBlock:error:] (in IDEFoundation)
  6   -[IDEScheme _executionOperationForSchemeOperationParameters:build:onlyBuild:buildParameters:title:buildLog:dontActuallyRunCommands:restorePersistedBuildResults:deviceAvailableChecker:error:actionCallbackBlock:] (in IDEFoundation)
  7   -[IDEScheme(TestSchemeAction) schemeTestActionOperationForSchemeOperationParameters:onlyBuild:buildLog:deviceAvailableChecker:buildParameters:shouldBuild:restorePersistedBuildResults:error:completionBlock:] (in IDEFoundation)
  8   -[IDEScheme buildAndActionTaskForSchemeOperationParameters:shouldBuild:onlyBuild:buildParameters:buildLog:deviceAvailableChecker:restorePersistedBuildResults:dontActuallyRunCommands:error:completionBlock:] (in IDEFoundation)
  9   -[IDEScheme schemeOperationForSchemeOperationParameters:buildLog:overridingProperties:overridingBuildConfiguration:dontActuallyRunCommands:restorePersistedBuildResults:deviceAvailableChecker:error:completionBlock:] (in IDEFoundation)
 10   -[IDEScheme schemeOperationForSchemeOperationParameters:buildLog:overridingProperties:overridingBuildConfiguration:dontActuallyRunCommands:restorePersistedBuildResults:error:completionBlock:] (in IDEFoundation)
 11   -[Xcode3CommandLineBuildTool(TestSchemeAction) buildForTestSchemeCommandWantsSkip:buildAction:isProjectBuild:title:buildLog:isMoreDestinationsPending:runDestinations:runDestination:schemeCommand:executionEnvironment:restorePersistedBuildResults:operationToEnqueue:error:] (in Xcode3Core)
 12   -[Xcode3CommandLineBuildTool doSchemeBuildWithRunDestinations:runDestinationIdx:wantsSkip:buildActionTimingSection:timingSection:buildAction:isMoreDesinationsPending:actionResultBlock:title:buildLog:executionEnvironment:restorePersistedBuildResults:operationToEnqueue:error:] (in Xcode3Core)
 13   -[Xcode3CommandLineBuildTool doBuildForBuildAction:timingSection:colorize:colorizeFailure:error:] (in Xcode3Core)
 14   -[Xcode3CommandLineBuildTool _buildWithTimingSection:] (in Xcode3Core)
 15   -[Xcode3CommandLineBuildTool run] (in Xcode3Core)
 16   XcodeBuildMain (in libxcodebuildLoader.dylib)
 17   -[XcodebuildPreIDEHandler loadXcode3ProjectSupportAndRunXcode3CommandLineBuildToolWithArguments:] (in xcodebuild)
 18   -[XcodebuildPreIDEHandler runWithArguments:] (in xcodebuild)
 19   main (in xcodebuild)
 20   start (in dyld)

<IDERunOperation: 0x78d5067180; state = aReF!c> created at:
  0   -[DVTOperation init] (in DVTFoundation)
  1   -[IDERunOperation initWithWorker:] (in IDEFoundation)
  2   +[IDETestRunnerLaunchOperationFactory testRunOperationWithLaunchParameters:testRunSpecification:testConfiguration:executionEnvironment:schemeActionRecord:runDestination:localDeviceRunDestination:error:] (in IDEFoundation)
  3   __110+[IDETestRunnerLaunchOperationFactory makeLaunchOperationProviderWithExecutionEnvironment:schemeActionRecord:]_block_invoke (in IDEFoundation)
  4   thunk for @escaping @callee_unowned @convention(block) (@unowned XCTHRunDestination, @unowned XCTHTestRunSpecification, @unowned XCTestConfiguration, @unowned XCTHLaunchParameters, @unowned AutoreleasingUnsafeMutablePointer<NSError?>?) -> (@autoreleased (NSOperation & XCTHRunOperation)?) (in XCTHarness)
  5   thunk for @escaping @callee_guaranteed (@guaranteed XCTHRunDestination, @guaranteed XCTHTestRunSpecification, @guaranteed XCTestConfiguration, @guaranteed XCTHLaunchParameters, @unowned AutoreleasingUnsafeMutablePointer<NSError?>?) -> (@owned (NSOperation & XCTHRunOperation)?) (in XCTHarness)
  6   -[XCTHTestRunner _testRunOperationWithError:] (in XCTHarness)
  7   -[XCTHTestRunner _addTestRunOperation:] (in XCTHarness)
  8   -[XCTHTestRunner willFinishWithResult:sessionState:] (in XCTHarness)
  9   __63-[XCTHTestOperationCoordinator _reportFinishToRunnerWithError:]_block_invoke_2 (in XCTHarness)
 10   -[XCTHTestOperationCoordinator _considerDispatchingDelegateBlock] (in XCTHarness)
 11   -[XCTHTestOperationCoordinator _executeDelegateBlockWithNextConsoleChunk:].cold.1 (in XCTHarness)
 12   -[XCTHTestOperationCoordinator _executeDelegateBlockWithNextConsoleChunk:] (in XCTHarness)
 13   -[XCTHTestOperationCoordinator _reportFinishToRunnerWithError:] (in XCTHarness)
 14   __81-[XCTHTestOperationCoordinator _tearDownLoggingAndReportFinishToRunnerWithError:]_block_invoke_2 (in XCTHarness)
 15   _dispatch_call_block_and_release (in libdispatch.dylib)
 16   _dispatch_client_callout (in libdispatch.dylib)
 17   _dispatch_main_queue_drain.cold.6 (in libdispatch.dylib)
 18   _dispatch_main_queue_drain (in libdispatch.dylib)
 19   _dispatch_main_queue_callback_4CF (in libdispatch.dylib)
 20   __CFRUNLOOP_IS_SERVICING_THE_MAIN_DISPATCH_QUEUE__ (in CoreFoundation)
 21   __CFRunLoopRun (in CoreFoundation)
 22   _CFRunLoopRunSpecificWithOptions (in CoreFoundation)
 23   CFRunLoopRun (in CoreFoundation)
 24   -[Xcode3CommandLineBuildTool waitForBuildWithBuildLog:buildActionTimingSection:executionEnvironment:title:operationToEnqueue:error:] (in Xcode3Core)
 25   -[Xcode3CommandLineBuildTool doBuildForBuildAction:timingSection:colorize:colorizeFailure:error:] (in Xcode3Core)
 26   -[Xcode3CommandLineBuildTool _buildWithTimingSection:] (in Xcode3Core)
 27   -[Xcode3CommandLineBuildTool run] (in Xcode3Core)
 28   XcodeBuildMain (in libxcodebuildLoader.dylib)
 29   -[XcodebuildPreIDEHandler loadXcode3ProjectSupportAndRunXcode3CommandLineBuildToolWithArguments:] (in xcodebuild)
 30   -[XcodebuildPreIDEHandler runWithArguments:] (in xcodebuild)
 31   main (in xcodebuild)
 32   start (in dyld)

<DVTOperation: 0x78d9b41a40; state = arefc> created at:
  0   -[DVTOperation init] (in DVTFoundation)
  1   +[DVTOperation(DVTConveniences) operationWithBlock:] (in DVTFoundation)
  2   -[IDESchemeAction setUpActionDependenciesForCorePhaseOperation:shouldRunPostActionsBlock:prePhaseEnvironmentPopulationBlock:postPhaseEnvironmentPopulationBlock:handlePreActionsActivityLogSection:handlePostActionsActivityLogSection:buildParameters:schemeActionResultOperation:error:] (in IDEFoundation)
  3   -[IDETestSchemeAction testOperationWithSchemeOperationParameters:testManager:buildOperation:buildParameters:schemeCommand:actionRecord:testPlanRunSpecifications:deviceAvailableChecker:outError:actionCallbackBlock:] (in IDEFoundation)
  4   -[IDEScheme(TestSchemeAction) executionOperationForTestSchemeActionWithOperationParameters:command:buildOperationVariantSpecifiers:buildOperationGroup:schemeActionResult:buildParameters:shouldOnlyBuild:runDestination:orderedOperations:schemeActionRecord:deviceAvailableChecker:actionCallbackBlock:error:] (in IDEFoundation)
  5   -[IDEScheme _executionOperationForSchemeOperationParameters:build:onlyBuild:buildParameters:title:buildLog:dontActuallyRunCommands:restorePersistedBuildResults:deviceAvailableChecker:error:actionCallbackBlock:] (in IDEFoundation)
  6   -[IDEScheme(TestSchemeAction) schemeTestActionOperationForSchemeOperationParameters:onlyBuild:buildLog:deviceAvailableChecker:buildParameters:shouldBuild:restorePersistedBuildResults:error:completionBlock:] (in IDEFoundation)
  7   -[IDEScheme buildAndActionTaskForSchemeOperationParameters:shouldBuild:onlyBuild:buildParameters:buildLog:deviceAvailableChecker:restorePersistedBuildResults:dontActuallyRunCommands:error:completionBlock:] (in IDEFoundation)
  8   -[IDEScheme schemeOperationForSchemeOperationParameters:buildLog:overridingProperties:overridingBuildConfiguration:dontActuallyRunCommands:restorePersistedBuildResults:deviceAvailableChecker:error:completionBlock:] (in IDEFoundation)
  9   -[IDEScheme schemeOperationForSchemeOperationParameters:buildLog:overridingProperties:overridingBuildConfiguration:dontActuallyRunCommands:restorePersistedBuildResults:error:completionBlock:] (in IDEFoundation)
 10   -[Xcode3CommandLineBuildTool(TestSchemeAction) buildForTestSchemeCommandWantsSkip:buildAction:isProjectBuild:title:buildLog:isMoreDestinationsPending:runDestinations:runDestination:schemeCommand:executionEnvironment:restorePersistedBuildResults:operationToEnqueue:error:] (in Xcode3Core)
 11   -[Xcode3CommandLineBuildTool doSchemeBuildWithRunDestinations:runDestinationIdx:wantsSkip:buildActionTimingSection:timingSection:buildAction:isMoreDesinationsPending:actionResultBlock:title:buildLog:executionEnvironment:restorePersistedBuildResults:operationToEnqueue:error:] (in Xcode3Core)
 12   -[Xcode3CommandLineBuildTool doBuildForBuildAction:timingSection:colorize:colorizeFailure:error:] (in Xcode3Core)
 13   -[Xcode3CommandLineBuildTool _buildWithTimingSection:] (in Xcode3Core)
 14   -[Xcode3CommandLineBuildTool run] (in Xcode3Core)
 15   XcodeBuildMain (in libxcodebuildLoader.dylib)
 16   -[XcodebuildPreIDEHandler loadXcode3ProjectSupportAndRunXcode3CommandLineBuildToolWithArguments:] (in xcodebuild)
 17   -[XcodebuildPreIDEHandler runWithArguments:] (in xcodebuild)
 18   main (in xcodebuild)
 19   start (in dyld)

<__DVTSwiftAsyncOperation: 0x78daffbd80; state = AReFc> created at:
  0   -[DVTOperation init] (in DVTFoundation)
  1   @objc DVTAsyncOperation.init() (in DVTFoundation)
  2   @objc static DVTOperation.operationWithMainThreadBlock(_:) (in DVTFoundation)
  3   -[IDESchemeAction _setUpOperationsForPackageLoadingInWorkspace:handlePreActionsActivityLogSection:isCleanOperation:] (in IDEFoundation)
  4   -[IDESchemeAction setUpActionDependenciesForCorePhaseOperation:shouldRunPostActionsBlock:prePhaseEnvironmentPopulationBlock:postPhaseEnvironmentPopulationBlock:handlePreActionsActivityLogSection:handlePostActionsActivityLogSection:buildParameters:schemeActionResultOperation:error:] (in IDEFoundation)
  5   -[IDETestSchemeAction testOperationWithSchemeOperationParameters:testManager:buildOperation:buildParameters:schemeCommand:actionRecord:testPlanRunSpecifications:deviceAvailableChecker:outError:actionCallbackBlock:] (in IDEFoundation)
  6   -[IDEScheme(TestSchemeAction) executionOperationForTestSchemeActionWithOperationParameters:command:buildOperationVariantSpecifiers:buildOperationGroup:schemeActionResult:buildParameters:shouldOnlyBuild:runDestination:orderedOperations:schemeActionRecord:deviceAvailableChecker:actionCallbackBlock:error:] (in IDEFoundation)
  7   -[IDEScheme _executionOperationForSchemeOperationParameters:build:onlyBuild:buildParameters:title:buildLog:dontActuallyRunCommands:restorePersistedBuildResults:deviceAvailableChecker:error:actionCallbackBlock:] (in IDEFoundation)
  8   -[IDEScheme(TestSchemeAction) schemeTestActionOperationForSchemeOperationParameters:onlyBuild:buildLog:deviceAvailableChecker:buildParameters:shouldBuild:restorePersistedBuildResults:error:completionBlock:] (in IDEFoundation)
  9   -[IDEScheme buildAndActionTaskForSchemeOperationParameters:shouldBuild:onlyBuild:buildParameters:buildLog:deviceAvailableChecker:restorePersistedBuildResults:dontActuallyRunCommands:error:completionBlock:] (in IDEFoundation)
 10   -[IDEScheme schemeOperationForSchemeOperationParameters:buildLog:overridingProperties:overridingBuildConfiguration:dontActuallyRunCommands:restorePersistedBuildResults:deviceAvailableChecker:error:completionBlock:] (in IDEFoundation)
 11   -[IDEScheme schemeOperationForSchemeOperationParameters:buildLog:overridingProperties:overridingBuildConfiguration:dontActuallyRunCommands:restorePersistedBuildResults:error:completionBlock:] (in IDEFoundation)
 12   -[Xcode3CommandLineBuildTool(TestSchemeAction) buildForTestSchemeCommandWantsSkip:buildAction:isProjectBuild:title:buildLog:isMoreDestinationsPending:runDestinations:runDestination:schemeCommand:executionEnvironment:restorePersistedBuildResults:operationToEnqueue:error:] (in Xcode3Core)
 13   -[Xcode3CommandLineBuildTool doSchemeBuildWithRunDestinations:runDestinationIdx:wantsSkip:buildActionTimingSection:timingSection:buildAction:isMoreDesinationsPending:actionResultBlock:title:buildLog:executionEnvironment:restorePersistedBuildResults:operationToEnqueue:error:] (in Xcode3Core)
 14   -[Xcode3CommandLineBuildTool doBuildForBuildAction:timingSection:colorize:colorizeFailure:error:] (in Xcode3Core)
 15   -[Xcode3CommandLineBuildTool _buildWithTimingSection:] (in Xcode3Core)
 16   -[Xcode3CommandLineBuildTool run] (in Xcode3Core)
 17   XcodeBuildMain (in libxcodebuildLoader.dylib)
 18   -[XcodebuildPreIDEHandler loadXcode3ProjectSupportAndRunXcode3CommandLineBuildToolWithArguments:] (in xcodebuild)
 19   -[XcodebuildPreIDEHandler runWithArguments:] (in xcodebuild)
 20   main (in xcodebuild)
 21   start (in dyld)

<DVTOperation: 0x78d9b41680; state = aReFc> created at:
  0   -[DVTOperation init] (in DVTFoundation)
  1   +[DVTOperation(DVTConveniences) operationWithBlock:] (in DVTFoundation)
  2   -[IDESchemeAction setUpActionDependenciesForCorePhaseOperation:shouldRunPostActionsBlock:prePhaseEnvironmentPopulationBlock:postPhaseEnvironmentPopulationBlock:handlePreActionsActivityLogSection:handlePostActionsActivityLogSection:buildParameters:schemeActionResultOperation:error:] (in IDEFoundation)
  3   -[IDETestSchemeAction testOperationWithSchemeOperationParameters:testManager:buildOperation:buildParameters:schemeCommand:actionRecord:testPlanRunSpecifications:deviceAvailableChecker:outError:actionCallbackBlock:] (in IDEFoundation)
  4   -[IDEScheme(TestSchemeAction) executionOperationForTestSchemeActionWithOperationParameters:command:buildOperationVariantSpecifiers:buildOperationGroup:schemeActionResult:buildParameters:shouldOnlyBuild:runDestination:orderedOperations:schemeActionRecord:deviceAvailableChecker:actionCallbackBlock:error:] (in IDEFoundation)
  5   -[IDEScheme _executionOperationForSchemeOperationParameters:build:onlyBuild:buildParameters:title:buildLog:dontActuallyRunCommands:restorePersistedBuildResults:deviceAvailableChecker:error:actionCallbackBlock:] (in IDEFoundation)
  6   -[IDEScheme(TestSchemeAction) schemeTestActionOperationForSchemeOperationParameters:onlyBuild:buildLog:deviceAvailableChecker:buildParameters:shouldBuild:restorePersistedBuildResults:error:completionBlock:] (in IDEFoundation)
  7   -[IDEScheme buildAndActionTaskForSchemeOperationParameters:shouldBuild:onlyBuild:buildParameters:buildLog:deviceAvailableChecker:restorePersistedBuildResults:dontActuallyRunCommands:error:completionBlock:] (in IDEFoundation)
  8   -[IDEScheme schemeOperationForSchemeOperationParameters:buildLog:overridingProperties:overridingBuildConfiguration:dontActuallyRunCommands:restorePersistedBuildResults:deviceAvailableChecker:error:completionBlock:] (in IDEFoundation)
  9   -[IDEScheme schemeOperationForSchemeOperationParameters:buildLog:overridingProperties:overridingBuildConfiguration:dontActuallyRunCommands:restorePersistedBuildResults:error:completionBlock:] (in IDEFoundation)
 10   -[Xcode3CommandLineBuildTool(TestSchemeAction) buildForTestSchemeCommandWantsSkip:buildAction:isProjectBuild:title:buildLog:isMoreDestinationsPending:runDestinations:runDestination:schemeCommand:executionEnvironment:restorePersistedBuildResults:operationToEnqueue:error:] (in Xcode3Core)
 11   -[Xcode3CommandLineBuildTool doSchemeBuildWithRunDestinations:runDestinationIdx:wantsSkip:buildActionTimingSection:timingSection:buildAction:isMoreDesinationsPending:actionResultBlock:title:buildLog:executionEnvironment:restorePersistedBuildResults:operationToEnqueue:error:] (in Xcode3Core)
 12   -[Xcode3CommandLineBuildTool doBuildForBuildAction:timingSection:colorize:colorizeFailure:error:] (in Xcode3Core)
 13   -[Xcode3CommandLineBuildTool _buildWithTimingSection:] (in Xcode3Core)
 14   -[Xcode3CommandLineBuildTool run] (in Xcode3Core)
 15   XcodeBuildMain (in libxcodebuildLoader.dylib)
 16   -[XcodebuildPreIDEHandler loadXcode3ProjectSupportAndRunXcode3CommandLineBuildToolWithArguments:] (in xcodebuild)
 17   -[XcodebuildPreIDEHandler runWithArguments:] (in xcodebuild)
 18   main (in xcodebuild)
 19   start (in dyld)

<__DVTSwiftAsyncOperation: 0x78d9bec300; state = AReFc> created at:
  0   -[DVTOperation init] (in DVTFoundation)
  1   @objc DVTAsyncOperation.init() (in DVTFoundation)
  2   @objc static DVTOperation.operationWithMainThreadBlock(_:) (in DVTFoundation)
  3   -[IDESchemeAction _setUpOperationsForPackageLoadingInWorkspace:handlePreActionsActivityLogSection:isCleanOperation:] (in IDEFoundation)
  4   -[IDESchemeAction setUpActionDependenciesForCorePhaseOperation:shouldRunPostActionsBlock:prePhaseEnvironmentPopulationBlock:postPhaseEnvironmentPopulationBlock:handlePreActionsActivityLogSection:handlePostActionsActivityLogSection:buildParameters:schemeActionResultOperation:error:] (in IDEFoundation)
  5   -[IDETestSchemeAction testOperationWithSchemeOperationParameters:testManager:buildOperation:buildParameters:schemeCommand:actionRecord:testPlanRunSpecifications:deviceAvailableChecker:outError:actionCallbackBlock:] (in IDEFoundation)
  6   -[IDEScheme(TestSchemeAction) executionOperationForTestSchemeActionWithOperationParameters:command:buildOperationVariantSpecifiers:buildOperationGroup:schemeActionResult:buildParameters:shouldOnlyBuild:runDestination:orderedOperations:schemeActionRecord:deviceAvailableChecker:actionCallbackBlock:error:] (in IDEFoundation)
  7   -[IDEScheme _executionOperationForSchemeOperationParameters:build:onlyBuild:buildParameters:title:buildLog:dontActuallyRunCommands:restorePersistedBuildResults:deviceAvailableChecker:error:actionCallbackBlock:] (in IDEFoundation)
  8   -[IDEScheme(TestSchemeAction) schemeTestActionOperationForSchemeOperationParameters:onlyBuild:buildLog:deviceAvailableChecker:buildParameters:shouldBuild:restorePersistedBuildResults:error:completionBlock:] (in IDEFoundation)
  9   -[IDEScheme buildAndActionTaskForSchemeOperationParameters:shouldBuild:onlyBuild:buildParameters:buildLog:deviceAvailableChecker:restorePersistedBuildResults:dontActuallyRunCommands:error:completionBlock:] (in IDEFoundation)
 10   -[IDEScheme schemeOperationForSchemeOperationParameters:buildLog:overridingProperties:overridingBuildConfiguration:dontActuallyRunCommands:restorePersistedBuildResults:deviceAvailableChecker:error:completionBlock:] (in IDEFoundation)
 11   -[IDEScheme schemeOperationForSchemeOperationParameters:buildLog:overridingProperties:overridingBuildConfiguration:dontActuallyRunCommands:restorePersistedBuildResults:error:completionBlock:] (in IDEFoundation)
 12   -[Xcode3CommandLineBuildTool(TestSchemeAction) buildForTestSchemeCommandWantsSkip:buildAction:isProjectBuild:title:buildLog:isMoreDestinationsPending:runDestinations:runDestination:schemeCommand:executionEnvironment:restorePersistedBuildResults:operationToEnqueue:error:] (in Xcode3Core)
 13   -[Xcode3CommandLineBuildTool doSchemeBuildWithRunDestinations:runDestinationIdx:wantsSkip:buildActionTimingSection:timingSection:buildAction:isMoreDesinationsPending:actionResultBlock:title:buildLog:executionEnvironment:restorePersistedBuildResults:operationToEnqueue:error:] (in Xcode3Core)
 14   -[Xcode3CommandLineBuildTool doBuildForBuildAction:timingSection:colorize:colorizeFailure:error:] (in Xcode3Core)
 15   -[Xcode3CommandLineBuildTool _buildWithTimingSection:] (in Xcode3Core)
 16   -[Xcode3CommandLineBuildTool run] (in Xcode3Core)
 17   XcodeBuildMain (in libxcodebuildLoader.dylib)
 18   -[XcodebuildPreIDEHandler loadXcode3ProjectSupportAndRunXcode3CommandLineBuildToolWithArguments:] (in xcodebuild)
 19   -[XcodebuildPreIDEHandler runWithArguments:] (in xcodebuild)
 20   main (in xcodebuild)
 21   start (in dyld)

<DVTOperation: 0x78d9b41900; state = arefc> created at:
  0   -[DVTOperation init] (in DVTFoundation)
  1   +[DVTOperation(DVTConveniences) operationWithBlock:] (in DVTFoundation)
  2   -[IDESchemeAction setUpActionDependenciesForCorePhaseOperation:shouldRunPostActionsBlock:prePhaseEnvironmentPopulationBlock:postPhaseEnvironmentPopulationBlock:handlePreActionsActivityLogSection:handlePostActionsActivityLogSection:buildParameters:schemeActionResultOperation:error:] (in IDEFoundation)
  3   -[IDETestSchemeAction testOperationWithSchemeOperationParameters:testManager:buildOperation:buildParameters:schemeCommand:actionRecord:testPlanRunSpecifications:deviceAvailableChecker:outError:actionCallbackBlock:] (in IDEFoundation)
  4   -[IDEScheme(TestSchemeAction) executionOperationForTestSchemeActionWithOperationParameters:command:buildOperationVariantSpecifiers:buildOperationGroup:schemeActionResult:buildParameters:shouldOnlyBuild:runDestination:orderedOperations:schemeActionRecord:deviceAvailableChecker:actionCallbackBlock:error:] (in IDEFoundation)
  5   -[IDEScheme _executionOperationForSchemeOperationParameters:build:onlyBuild:buildParameters:title:buildLog:dontActuallyRunCommands:restorePersistedBuildResults:deviceAvailableChecker:error:actionCallbackBlock:] (in IDEFoundation)
  6   -[IDEScheme(TestSchemeAction) schemeTestActionOperationForSchemeOperationParameters:onlyBuild:buildLog:deviceAvailableChecker:buildParameters:shouldBuild:restorePersistedBuildResults:error:completionBlock:] (in IDEFoundation)
  7   -[IDEScheme buildAndActionTaskForSchemeOperationParameters:shouldBuild:onlyBuild:buildParameters:buildLog:deviceAvailableChecker:restorePersistedBuildResults:dontActuallyRunCommands:error:completionBlock:] (in IDEFoundation)
  8   -[IDEScheme schemeOperationForSchemeOperationParameters:buildLog:overridingProperties:overridingBuildConfiguration:dontActuallyRunCommands:restorePersistedBuildResults:deviceAvailableChecker:error:completionBlock:] (in IDEFoundation)
  9   -[IDEScheme schemeOperationForSchemeOperationParameters:buildLog:overridingProperties:overridingBuildConfiguration:dontActuallyRunCommands:restorePersistedBuildResults:error:completionBlock:] (in IDEFoundation)
 10   -[Xcode3CommandLineBuildTool(TestSchemeAction) buildForTestSchemeCommandWantsSkip:buildAction:isProjectBuild:title:buildLog:isMoreDestinationsPending:runDestinations:runDestination:schemeCommand:executionEnvironment:restorePersistedBuildResults:operationToEnqueue:error:] (in Xcode3Core)
 11   -[Xcode3CommandLineBuildTool doSchemeBuildWithRunDestinations:runDestinationIdx:wantsSkip:buildActionTimingSection:timingSection:buildAction:isMoreDesinationsPending:actionResultBlock:title:buildLog:executionEnvironment:restorePersistedBuildResults:operationToEnqueue:error:] (in Xcode3Core)
 12   -[Xcode3CommandLineBuildTool doBuildForBuildAction:timingSection:colorize:colorizeFailure:error:] (in Xcode3Core)
 13   -[Xcode3CommandLineBuildTool _buildWithTimingSection:] (in Xcode3Core)
 14   -[Xcode3CommandLineBuildTool run] (in Xcode3Core)
 15   XcodeBuildMain (in libxcodebuildLoader.dylib)
 16   -[XcodebuildPreIDEHandler loadXcode3ProjectSupportAndRunXcode3CommandLineBuildToolWithArguments:] (in xcodebuild)
 17   -[XcodebuildPreIDEHandler runWithArguments:] (in xcodebuild)
 18   main (in xcodebuild)
 19   start (in dyld)

<IDESchemeActionResultOperation: 0x78daffb900; state = Arefc> created at:
  0   -[DVTOperation init] (in DVTFoundation)
  1   +[IDESchemeActionResultOperation schemeActionResultOperationWithSchemeActionRecord:trackingExecutionOfOperation:actionCallbackBlock:schemeActionResultComputationBlock:] (in IDEFoundation)
  2   -[IDETestRunSession testOperationForTestRunSpecificationGroups:executionEnvironment:invocationRecord:actionRecord:schemeIdentifier:outSchemeActionResultOperation:launchParametersBlock:actionCallbackBlock:error:] (in IDEFoundation)
  3   -[IDETestManager testOperationForTestRunSpecificationGroups:executionEnvironment:runDestinationPool:invocationRecord:actionRecord:schemeIdentifier:outSchemeActionResultOperation:launchParametersBlock:actionCallbackBlock:error:] (in IDEFoundation)
  4   -[IDETestSchemeAction testOperationWithSchemeOperationParameters:testManager:buildOperation:buildParameters:schemeCommand:actionRecord:testPlanRunSpecifications:deviceAvailableChecker:outError:actionCallbackBlock:] (in IDEFoundation)
  5   -[IDEScheme(TestSchemeAction) executionOperationForTestSchemeActionWithOperationParameters:command:buildOperationVariantSpecifiers:buildOperationGroup:schemeActionResult:buildParameters:shouldOnlyBuild:runDestination:orderedOperations:schemeActionRecord:deviceAvailableChecker:actionCallbackBlock:error:] (in IDEFoundation)
  6   -[IDEScheme _executionOperationForSchemeOperationParameters:build:onlyBuild:buildParameters:title:buildLog:dontActuallyRunCommands:restorePersistedBuildResults:deviceAvailableChecker:error:actionCallbackBlock:] (in IDEFoundation)
  7   -[IDEScheme(TestSchemeAction) schemeTestActionOperationForSchemeOperationParameters:onlyBuild:buildLog:deviceAvailableChecker:buildParameters:shouldBuild:restorePersistedBuildResults:error:completionBlock:] (in IDEFoundation)
  8   -[IDEScheme buildAndActionTaskForSchemeOperationParameters:shouldBuild:onlyBuild:buildParameters:buildLog:deviceAvailableChecker:restorePersistedBuildResults:dontActuallyRunCommands:error:completionBlock:] (in IDEFoundation)
  9   -[IDEScheme schemeOperationForSchemeOperationParameters:buildLog:overridingProperties:overridingBuildConfiguration:dontActuallyRunCommands:restorePersistedBuildResults:deviceAvailableChecker:error:completionBlock:] (in IDEFoundation)
 10   -[IDEScheme schemeOperationForSchemeOperationParameters:buildLog:overridingProperties:overridingBuildConfiguration:dontActuallyRunCommands:restorePersistedBuildResults:error:completionBlock:] (in IDEFoundation)
 11   -[Xcode3CommandLineBuildTool(TestSchemeAction) buildForTestSchemeCommandWantsSkip:buildAction:isProjectBuild:title:buildLog:isMoreDestinationsPending:runDestinations:runDestination:schemeCommand:executionEnvironment:restorePersistedBuildResults:operationToEnqueue:error:] (in Xcode3Core)
 12   -[Xcode3CommandLineBuildTool doSchemeBuildWithRunDestinations:runDestinationIdx:wantsSkip:buildActionTimingSection:timingSection:buildAction:isMoreDesinationsPending:actionResultBlock:title:buildLog:executionEnvironment:restorePersistedBuildResults:operationToEnqueue:error:] (in Xcode3Core)
 13   -[Xcode3CommandLineBuildTool doBuildForBuildAction:timingSection:colorize:colorizeFailure:error:] (in Xcode3Core)
 14   -[Xcode3CommandLineBuildTool _buildWithTimingSection:] (in Xcode3Core)
 15   -[Xcode3CommandLineBuildTool run] (in Xcode3Core)
 16   XcodeBuildMain (in libxcodebuildLoader.dylib)
 17   -[XcodebuildPreIDEHandler loadXcode3ProjectSupportAndRunXcode3CommandLineBuildToolWithArguments:] (in xcodebuild)
 18   -[XcodebuildPreIDEHandler runWithArguments:] (in xcodebuild)
 19   main (in xcodebuild)
 20   start (in dyld)

<__DVTSwiftAsyncOperation: 0x78daffbc00; state = AReFc> created at:
  0   -[DVTOperation init] (in DVTFoundation)
  1   @objc DVTAsyncOperation.init() (in DVTFoundation)
  2   static DVTOperation.awaiting(_:) (in DVTFoundation)
  3   @objc static IDESchemeAction.operationToWaitForFinishedLoadingOperation(of:) (in IDEFoundation)
  4   -[IDESchemeAction setUpActionDependenciesForCorePhaseOperation:shouldRunPostActionsBlock:prePhaseEnvironmentPopulationBlock:postPhaseEnvironmentPopulationBlock:handlePreActionsActivityLogSection:handlePostActionsActivityLogSection:buildParameters:schemeActionResultOperation:error:] (in IDEFoundation)
  5   -[IDETestSchemeAction testOperationWithSchemeOperationParameters:testManager:buildOperation:buildParameters:schemeCommand:actionRecord:testPlanRunSpecifications:deviceAvailableChecker:outError:actionCallbackBlock:] (in IDEFoundation)
  6   -[IDEScheme(TestSchemeAction) executionOperationForTestSchemeActionWithOperationParameters:command:buildOperationVariantSpecifiers:buildOperationGroup:schemeActionResult:buildParameters:shouldOnlyBuild:runDestination:orderedOperations:schemeActionRecord:deviceAvailableChecker:actionCallbackBlock:error:] (in IDEFoundation)
  7   -[IDEScheme _executionOperationForSchemeOperationParameters:build:onlyBuild:buildParameters:title:buildLog:dontActuallyRunCommands:restorePersistedBuildResults:deviceAvailableChecker:error:actionCallbackBlock:] (in IDEFoundation)
  8   -[IDEScheme(TestSchemeAction) schemeTestActionOperationForSchemeOperationParameters:onlyBuild:buildLog:deviceAvailableChecker:buildParameters:shouldBuild:restorePersistedBuildResults:error:completionBlock:] (in IDEFoundation)
  9   -[IDEScheme buildAndActionTaskForSchemeOperationParameters:shouldBuild:onlyBuild:buildParameters:buildLog:deviceAvailableChecker:restorePersistedBuildResults:dontActuallyRunCommands:error:completionBlock:] (in IDEFoundation)
 10   -[IDEScheme schemeOperationForSchemeOperationParameters:buildLog:overridingProperties:overridingBuildConfiguration:dontActuallyRunCommands:restorePersistedBuildResults:deviceAvailableChecker:error:completionBlock:] (in IDEFoundation)
 11   -[IDEScheme schemeOperationForSchemeOperationParameters:buildLog:overridingProperties:overridingBuildConfiguration:dontActuallyRunCommands:restorePersistedBuildResults:error:completionBlock:] (in IDEFoundation)
 12   -[Xcode3CommandLineBuildTool(TestSchemeAction) buildForTestSchemeCommandWantsSkip:buildAction:isProjectBuild:title:buildLog:isMoreDestinationsPending:runDestinations:runDestination:schemeCommand:executionEnvironment:restorePersistedBuildResults:operationToEnqueue:error:] (in Xcode3Core)
 13   -[Xcode3CommandLineBuildTool doSchemeBuildWithRunDestinations:runDestinationIdx:wantsSkip:buildActionTimingSection:timingSection:buildAction:isMoreDesinationsPending:actionResultBlock:title:buildLog:executionEnvironment:restorePersistedBuildResults:operationToEnqueue:error:] (in Xcode3Core)
 14   -[Xcode3CommandLineBuildTool doBuildForBuildAction:timingSection:colorize:colorizeFailure:error:] (in Xcode3Core)
 15   -[Xcode3CommandLineBuildTool _buildWithTimingSection:] (in Xcode3Core)
 16   -[Xcode3CommandLineBuildTool run] (in Xcode3Core)
 17   XcodeBuildMain (in libxcodebuildLoader.dylib)
 18   -[XcodebuildPreIDEHandler loadXcode3ProjectSupportAndRunXcode3CommandLineBuildToolWithArguments:] (in xcodebuild)
 19   -[XcodebuildPreIDEHandler runWithArguments:] (in xcodebuild)
 20   main (in xcodebuild)
 21   start (in dyld)

<DVTOperation: 0x78d9b41b80; state = aReFc> created at:
  0   -[DVTOperation init] (in DVTFoundation)
  1   +[DVTOperation(DVTConveniences) operationWithBlock:] (in DVTFoundation)
  2   -[IDETestSchemeAction testOperationWithSchemeOperationParameters:testManager:buildOperation:buildParameters:schemeCommand:actionRecord:testPlanRunSpecifications:deviceAvailableChecker:outError:actionCallbackBlock:] (in IDEFoundation)
  3   -[IDEScheme(TestSchemeAction) executionOperationForTestSchemeActionWithOperationParameters:command:buildOperationVariantSpecifiers:buildOperationGroup:schemeActionResult:buildParameters:shouldOnlyBuild:runDestination:orderedOperations:schemeActionRecord:deviceAvailableChecker:actionCallbackBlock:error:] (in IDEFoundation)
  4   -[IDEScheme _executionOperationForSchemeOperationParameters:build:onlyBuild:buildParameters:title:buildLog:dontActuallyRunCommands:restorePersistedBuildResults:deviceAvailableChecker:error:actionCallbackBlock:] (in IDEFoundation)
  5   -[IDEScheme(TestSchemeAction) schemeTestActionOperationForSchemeOperationParameters:onlyBuild:buildLog:deviceAvailableChecker:buildParameters:shouldBuild:restorePersistedBuildResults:error:completionBlock:] (in IDEFoundation)
  6   -[IDEScheme buildAndActionTaskForSchemeOperationParameters:shouldBuild:onlyBuild:buildParameters:buildLog:deviceAvailableChecker:restorePersistedBuildResults:dontActuallyRunCommands:error:completionBlock:] (in IDEFoundation)
  7   -[IDEScheme schemeOperationForSchemeOperationParameters:buildLog:overridingProperties:overridingBuildConfiguration:dontActuallyRunCommands:restorePersistedBuildResults:deviceAvailableChecker:error:completionBlock:] (in IDEFoundation)
  8   -[IDEScheme schemeOperationForSchemeOperationParameters:buildLog:overridingProperties:overridingBuildConfiguration:dontActuallyRunCommands:restorePersistedBuildResults:error:completionBlock:] (in IDEFoundation)
  9   -[Xcode3CommandLineBuildTool(TestSchemeAction) buildForTestSchemeCommandWantsSkip:buildAction:isProjectBuild:title:buildLog:isMoreDestinationsPending:runDestinations:runDestination:schemeCommand:executionEnvironment:restorePersistedBuildResults:operationToEnqueue:error:] (in Xcode3Core)
 10   -[Xcode3CommandLineBuildTool doSchemeBuildWithRunDestinations:runDestinationIdx:wantsSkip:buildActionTimingSection:timingSection:buildAction:isMoreDesinationsPending:actionResultBlock:title:buildLog:executionEnvironment:restorePersistedBuildResults:operationToEnqueue:error:] (in Xcode3Core)
 11   -[Xcode3CommandLineBuildTool doBuildForBuildAction:timingSection:colorize:colorizeFailure:error:] (in Xcode3Core)
 12   -[Xcode3CommandLineBuildTool _buildWithTimingSection:] (in Xcode3Core)
 13   -[Xcode3CommandLineBuildTool run] (in Xcode3Core)
 14   XcodeBuildMain (in libxcodebuildLoader.dylib)
 15   -[XcodebuildPreIDEHandler loadXcode3ProjectSupportAndRunXcode3CommandLineBuildToolWithArguments:] (in xcodebuild)
 16   -[XcodebuildPreIDEHandler runWithArguments:] (in xcodebuild)
 17   main (in xcodebuild)
 18   start (in dyld)

<_IDETestingFinalizeLogsOperation: 0x78d9b41e00; name = 'Finalize test log', state = aref!c> created at:
  0   -[DVTOperation init] (in DVTFoundation)
  1   +[DVTOperation(DVTConveniences) operationWithBlock:] (in DVTFoundation)
  2   -[IDETestSchemeAction _finalizeLogOperationWithRecorder:launchLogsSectionRecorder:] (in IDEFoundation)
  3   -[IDETestSchemeAction testOperationWithSchemeOperationParameters:testManager:buildOperation:buildParameters:schemeCommand:actionRecord:testPlanRunSpecifications:deviceAvailableChecker:outError:actionCallbackBlock:] (in IDEFoundation)
  4   -[IDEScheme(TestSchemeAction) executionOperationForTestSchemeActionWithOperationParameters:command:buildOperationVariantSpecifiers:buildOperationGroup:schemeActionResult:buildParameters:shouldOnlyBuild:runDestination:orderedOperations:schemeActionRecord:deviceAvailableChecker:actionCallbackBlock:error:] (in IDEFoundation)
  5   -[IDEScheme _executionOperationForSchemeOperationParameters:build:onlyBuild:buildParameters:title:buildLog:dontActuallyRunCommands:restorePersistedBuildResults:deviceAvailableChecker:error:actionCallbackBlock:] (in IDEFoundation)
  6   -[IDEScheme(TestSchemeAction) schemeTestActionOperationForSchemeOperationParameters:onlyBuild:buildLog:deviceAvailableChecker:buildParameters:shouldBuild:restorePersistedBuildResults:error:completionBlock:] (in IDEFoundation)
  7   -[IDEScheme buildAndActionTaskForSchemeOperationParameters:shouldBuild:onlyBuild:buildParameters:buildLog:deviceAvailableChecker:restorePersistedBuildResults:dontActuallyRunCommands:error:completionBlock:] (in IDEFoundation)
  8   -[IDEScheme schemeOperationForSchemeOperationParameters:buildLog:overridingProperties:overridingBuildConfiguration:dontActuallyRunCommands:restorePersistedBuildResults:deviceAvailableChecker:error:completionBlock:] (in IDEFoundation)
  9   -[IDEScheme schemeOperationForSchemeOperationParameters:buildLog:overridingProperties:overridingBuildConfiguration:dontActuallyRunCommands:restorePersistedBuildResults:error:completionBlock:] (in IDEFoundation)
 10   -[Xcode3CommandLineBuildTool(TestSchemeAction) buildForTestSchemeCommandWantsSkip:buildAction:isProjectBuild:title:buildLog:isMoreDestinationsPending:runDe

*** If you believe this error represents a bug, please attach the result bundle at /tmp/nf-assembly-repair-export-full-20260905.xcresult

2026-09-05 19:16:56.990 xcodebuild[17743:6458536] [MT] IDETestOperationsObserverDebug: 179.129 elapsed -- Testing started completed.
2026-09-05 19:16:56.990 xcodebuild[17743:6458536] [MT] IDETestOperationsObserverDebug: 0.000 sec, +0.000 sec -- start
2026-09-05 19:16:56.990 xcodebuild[17743:6458536] [MT] IDETestOperationsObserverDebug: 179.130 sec, +179.130 sec -- end

Test session results, code coverage, and logs:
	/tmp/nf-assembly-repair-export-full-20260905.xcresult

** TEST INTERRUPTED **

2026-09-05 19:17:28.076 xcodebuild[17743:6458536] [MT] IDEResultKit: Warning: While writing a result bundle to /tmp/nf-assembly-repair-export-full-20260905.xcresult, not all contents have been imported, as the Staging directory still contains the following files/directories: ["1_Test"]
Error saving invocation record to resultBundlePath:Error Domain=IDEFoundationErrorDomain Code=12 "The result bundle could not be saved due to an error: Could not write the 1_Test action log because the log hasn't finished recording after waiting 30 seconds." UserInfo={NSLocalizedDescription=The result bundle could not be saved due to an error: Could not write the 1_Test action log because the log hasn't finished recording after waiting 30 seconds., NSUnderlyingError=0x78da05b480 {Error Domain=IDEFoundationErrorDomain Code=10 "Could not write the 1_Test action log because the log hasn't finished recording after waiting 30 seconds." UserInfo={NSLocalizedDescription=Could not write the 1_Test action log because the log hasn't finished recording after waiting 30 seconds.}}}
stinations:runDestination:schemeCommand:executionEnvironment:restorePersistedBuildResults:operationToEnqueue:error:] (in Xcode3Core)
 11   -[Xcode3CommandLineBuildTool doSchemeBuildWithRunDestinations:runDestinationIdx:wantsSkip:buildActionTimingSection:timingSection:buildAction:isMoreDesinationsPending:actionResultBlock:title:buildLog:executionEnvironment:restorePersistedBuildResults:operationToEnqueue:error:] (in Xcode3Core)
 12   -[Xcode3CommandLineBuildTool doBuildForBuildAction:timingSection:colorize:colorizeFailure:error:] (in Xcode3Core)
 13   -[Xcode3CommandLineBuildTool _buildWithTimingSection:] (in Xcode3Core)
 14   -[Xcode3CommandLineBuildTool run] (in Xcode3Core)
 15   XcodeBuildMain (in libxcodebuildLoader.dylib)
 16   -[XcodebuildPreIDEHandler loadXcode3ProjectSupportAndRunXcode3CommandLineBuildToolWithArguments:] (in xcodebuild)
 17   -[XcodebuildPreIDEHandler runWithArguments:] (in xcodebuild)
 18   main (in xcodebuild)
 19   start (in dyld)

