Command line invocation:
    /Applications/Xcode.app/Contents/Developer/usr/bin/xcodebuild test-without-building -project NeuroForge.xcodeproj -scheme NeuroForgeUISmoke -destination "platform=iOS Simulator,id=064C7C8F-D941-4D8C-9B55-958F4123AF02" -derivedDataPath /tmp/NeuroForge-improvement-ios -resultBundlePath /tmp/nf-assembly-dashboard-six-installed-20260905.xcresult -collect-test-diagnostics never "-only-testing:NeuroForgeUITests/NavigationSmokeUITests/testAdvancedCoordinatePublicLaunchSavesOriginalAnswerAndSeparateWorkedMap" "-only-testing:NeuroForgeUITests/NavigationSmokeUITests/testAsymmetricSolidPublicLaunchUsesVisibleProjectionOracleAndColdCompleteSet" "-only-testing:NeuroForgeUITests/NavigationSmokeUITests/testCubeNetRetainsPrintedGivensAcrossCameraAndCommittedFolding" "-only-testing:NeuroForgeUITests/NavigationSmokeUITests/testFeasibleReconstructionPublicLaunchUsesCompleteFiniteOracleAndColdAnswerSet" "-only-testing:NeuroForgeUITests/NavigationSmokeUITests/testGeneratedSetCreatesSeparateRunsAndRestoresSkippedRunThroughColdLaunch" "-only-testing:NeuroForgeUITests/NavigationSmokeUITests/testWeeklyChartDataOpensExactSavedAnswerHistory" CODE_SIGNING_ALLOWED=NO

Build settings from command line:
    CODE_SIGNING_ALLOWED = NO

Resolve Package Graph


Resolved source packages:
  SwiftMath: https://github.com/mgriebling/SwiftMath.git @ 1d2c908

Writing result bundle at path:
	/tmp/nf-assembly-dashboard-six-installed-20260905.xcresult

2026-09-05 19:22:54.327788-0400 NeuroForgeUITests-Runner[22055:6492426] [Default] Running tests...
2026-09-05 19:22:54.428907-0400 NeuroForgeUITests-Runner[22055:6492507] [General] Failed to send CA Event for app launch measurements for ca_event_type: 0 event_name: com.apple.app_launch_measurement.FirstFramePresentationMetric
2026-09-05 19:22:54.470292-0400 NeuroForgeUITests-Runner[22055:6492508] [General] Failed to send CA Event for app launch measurements for ca_event_type: 1 event_name: com.apple.app_launch_measurement.ExtendedLaunchMetrics
objc[22055]: Class UIAccessibilityLoaderWebShared is implemented in both /Library/Developer/CoreSimulator/Volumes/iOS_23F77/Library/Developer/CoreSimulator/Profiles/Runtimes/iOS 26.5.simruntime/Contents/Resources/RuntimeRoot/System/Library/AccessibilityBundles/WebCore.axbundle/WebCore (0x10a164310) and /Library/Developer/CoreSimulator/Volumes/iOS_23F77/Library/Developer/CoreSimulator/Profiles/Runtimes/iOS 26.5.simruntime/Contents/Resources/RuntimeRoot/System/Library/AccessibilityBundles/WebKit.axbundle/WebKit (0x10aa1c398). This may cause spurious casting failures and mysterious crashes. One of the duplicates must be removed or renamed.
    t =      nans Interface orientation changed to Portrait
Test Suite 'Selected tests' started at 2026-09-05 19:22:56.621.
Test Suite 'NeuroForgeUITests.xctest' started at 2026-09-05 19:22:56.622.
Test Suite 'NavigationSmokeUITests' started at 2026-09-05 19:22:56.622.
Test Case '-[NeuroForgeUITests.NavigationSmokeUITests testAdvancedCoordinatePublicLaunchSavesOriginalAnswerAndSeparateWorkedMap]' started.
    t =     0.00s Start Test at 2026-09-05 19:22:56.623
    t =     0.52s Set Up
    t =     0.53s Open com.zacrotech.NeuroForge
    t =     0.53s     Launch com.zacrotech.NeuroForge
2026-09-05 19:22:57.704 xcodebuild[22023:6491994] [MT] IDELaunchParametersSnapshot: The operation couldn’t be completed. (DebuggerLLDB.DebuggerVersionStore.StoreError error 0.)
2026-09-05 19:22:57.704 xcodebuild[22023:6491994] [MT] IDELaunchParametersSnapshot: no debugger version
    t =     2.56s         Setting up automation session
    t =     4.20s         Wait for com.zacrotech.NeuroForge to idle
    t =     7.13s Waiting 15.0s for "Practice" Button to exist
    t =     8.20s     Checking `Expect predicate `existsNoRetry == 1` for object "Practice" Button`
    t =     8.21s         Checking existence of `"Practice" Button`
    t =     8.44s Press "Practice" Button for 0.1 seconds
    t =     8.44s     Wait for com.zacrotech.NeuroForge to idle
    t =     8.45s     Find the "Practice" Button
    t =     8.48s     Check for interrupting elements affecting "Practice" Button
    t =     8.58s     Synthesize event
    t =     9.10s     Wait for com.zacrotech.NeuroForge to idle
    t =    10.74s Waiting 8.0s for "destination-train" Any to exist
    t =    11.81s     Checking `Expect predicate `existsNoRetry == 1` for object "destination-train" Any`
    t =    11.81s         Checking existence of `"destination-train" Any`
    t =    11.88s Get all elements bound by index for: Descendants matching type ScrollView
    t =    11.90s Find the ScrollView (Element at index 0)
    t =    11.94s Find the Target Application 'com.zacrotech.NeuroForge'
    t =    11.96s Checking existence of `Keyboard (First Match)`
    t =    12.01s Get all elements bound by index for: Descendants matching type NavigationBar
    t =    12.03s Find the NavigationBar (Element at index 0)
    t =    12.08s Find the "Practice" NavigationBar
    t =    12.12s Find the ScrollView at {{0.0, 0.0}, {375.0, 667.0}}
    t =    12.15s Find the ScrollView at {{0.0, 0.0}, {375.0, 667.0}}
    t =    12.17s Get all elements bound by index for: Descendants matching type TabBar
    t =    12.19s Find the TabBar (Element at index 0)
    t =    12.23s Find the "Tab Bar" TabBar
    t =    12.25s Checking existence of `Button (First Match)`
    t =    12.30s Find the Button (First Match)
    t =    12.35s Checking existence of `"session-submit" Any`
    t =    12.38s Checking existence of `"session-next" Any`
    t =    12.41s Checking existence of `"train-start-practice" Any`
    t =    12.44s Checking existence of `"train-start-graph-construction" Any`
    t =    12.47s Checking existence of `"Spatial Reasoning, Transformations across diagrams and 3D forms, Unassessed, No practice yet" Button`
    t =    12.52s Find the "Spatial Reasoning, Transformations across diagrams and 3D forms, Unassessed, No practice yet" Button
    t =    12.60s Find the "Spatial Reasoning, Transformations across diagrams and 3D forms, Unassessed, No practice yet" Button
    t =    12.67s Find the ScrollView at {{0.0, 0.0}, {375.0, 667.0}}
    t =    12.71s Checking existence of `"Spatial Reasoning, Transformations across diagrams and 3D forms, Unassessed, No practice yet" Button`
    t =    12.79s Find the "Spatial Reasoning, Transformations across diagrams and 3D forms, Unassessed, No practice yet" Button
    t =    12.87s Checking existence of `"Spatial Reasoning, Transformations across diagrams and 3D forms, Unassessed, No practice yet" Button`
    t =    12.92s Find the "Spatial Reasoning, Transformations across diagrams and 3D forms, Unassessed, No practice yet" Button
    t =    12.98s Find the ScrollView at {{0.0, 0.0}, {375.0, 667.0}}
    t =    13.01s Checking existence of `"Spatial Reasoning, Transformations across diagrams and 3D forms, Unassessed, No practice yet" Button`
    t =    13.07s Find the "Spatial Reasoning, Transformations across diagrams and 3D forms, Unassessed, No practice yet" Button
    t =    13.13s Press Target Application 'com.zacrotech.NeuroForge'[0.00, 0.00] -> (12.0, 503.2) for 0.1 seconds, then drag to Target Application 'com.zacrotech.NeuroForge'[0.00, 0.00] -> (12.0, 266.8) with velocity of 250.00 pixels per second, and then hold for 0.2 seconds 
    t =    13.13s     Wait for com.zacrotech.NeuroForge to idle
    t =    13.13s     Find the Target Application 'com.zacrotech.NeuroForge'
    t =    13.16s     Check for interrupting elements affecting "NeuroForge" Application
    t =    13.22s     Synthesize event
    t =    13.22s         Find the Target Application 'com.zacrotech.NeuroForge'
    t =    13.24s         Find the Target Application 'com.zacrotech.NeuroForge'
    t =    13.26s         Find the Target Application 'com.zacrotech.NeuroForge'
    t =    13.28s         Find the Target Application 'com.zacrotech.NeuroForge'
    t =    13.31s         Find the Target Application 'com.zacrotech.NeuroForge'
    t =    14.80s     Wait for com.zacrotech.NeuroForge to idle
    t =    15.36s Get all elements bound by index for: Descendants matching type ScrollView
    t =    15.39s Find the ScrollView (Element at index 0)
    t =    15.42s Find the Target Application 'com.zacrotech.NeuroForge'
    t =    15.45s Checking existence of `Keyboard (First Match)`
    t =    15.51s Get all elements bound by index for: Descendants matching type NavigationBar
    t =    15.53s Find the NavigationBar (Element at index 0)
    t =    15.57s Find the "Practice" NavigationBar
    t =    15.60s Find the ScrollView at {{0.0, 0.0}, {375.0, 667.0}}
    t =    15.63s Find the ScrollView at {{0.0, 0.0}, {375.0, 667.0}}
    t =    15.66s Get all elements bound by index for: Descendants matching type TabBar
    t =    15.68s Find the TabBar (Element at index 0)
    t =    15.72s Find the "Tab Bar" TabBar
    t =    15.75s Checking existence of `"Spatial Reasoning, Transformations across diagrams and 3D forms, Unassessed, No practice yet" Button`
    t =    15.80s Find the "Spatial Reasoning, Transformations across diagrams and 3D forms, Unassessed, No practice yet" Button
    t =    15.85s Checking existence of `"session-submit" Any`
    t =    15.88s Checking existence of `"session-next" Any`
    t =    15.92s Checking existence of `"train-start-practice" Any`
    t =    15.95s Checking existence of `"train-start-graph-construction" Any`
    t =    15.98s Checking existence of `"Spatial Reasoning, Transformations across diagrams and 3D forms, Unassessed, No practice yet" Button`
    t =    16.03s Find the "Spatial Reasoning, Transformations across diagrams and 3D forms, Unassessed, No practice yet" Button
    t =    16.09s Find the "Spatial Reasoning, Transformations across diagrams and 3D forms, Unassessed, No practice yet" Button
    t =    16.15s Find the ScrollView at {{0.0, 0.0}, {375.0, 667.0}}
    t =    16.18s Checking existence of `"Spatial Reasoning, Transformations across diagrams and 3D forms, Unassessed, No practice yet" Button`
    t =    16.23s Find the "Spatial Reasoning, Transformations across diagrams and 3D forms, Unassessed, No practice yet" Button
    t =    16.29s Checking existence of `"Spatial Reasoning, Transformations across diagrams and 3D forms, Unassessed, No practice yet" Button`
    t =    16.34s Find the "Spatial Reasoning, Transformations across diagrams and 3D forms, Unassessed, No practice yet" Button
    t =    16.40s Find the ScrollView at {{0.0, 0.0}, {375.0, 667.0}}
    t =    16.43s Checking existence of `"Spatial Reasoning, Transformations across diagrams and 3D forms, Unassessed, No practice yet" Button`
    t =    16.47s Find the "Spatial Reasoning, Transformations across diagrams and 3D forms, Unassessed, No practice yet" Button
    t =    16.53s Press Target Application 'com.zacrotech.NeuroForge'[0.00, 0.00] -> (12.0, 480.8) for 0.1 seconds, then drag to Target Application 'com.zacrotech.NeuroForge'[0.00, 0.00] -> (12.0, 188.8) with velocity of 250.00 pixels per second, and then hold for 0.2 seconds 
    t =    16.53s     Wait for com.zacrotech.NeuroForge to idle
    t =    16.53s     Find the Target Application 'com.zacrotech.NeuroForge'
    t =    16.55s     Check for interrupting elements affecting "NeuroForge" Application
    t =    16.58s     Synthesize event
    t =    16.58s         Find the Target Application 'com.zacrotech.NeuroForge'
    t =    16.60s         Find the Target Application 'com.zacrotech.NeuroForge'
    t =    16.63s         Find the Target Application 'com.zacrotech.NeuroForge'
    t =    16.65s         Find the Target Application 'com.zacrotech.NeuroForge'
    t =    16.67s         Find the Target Application 'com.zacrotech.NeuroForge'
    t =    18.37s     Wait for com.zacrotech.NeuroForge to idle
    t =    18.84s Get all elements bound by index for: Descendants matching type ScrollView
    t =    18.87s Find the ScrollView (Element at index 0)
    t =    18.91s Find the Target Application 'com.zacrotech.NeuroForge'
    t =    18.93s Checking existence of `Keyboard (First Match)`
    t =    19.00s Get all elements bound by index for: Descendants matching type NavigationBar
    t =    19.02s Find the NavigationBar (Element at index 0)
    t =    19.06s Find the "Practice" NavigationBar
    t =    19.09s Find the ScrollView at {{0.0, 0.0}, {375.0, 667.0}}
    t =    19.13s Find the ScrollView at {{0.0, 0.0}, {375.0, 667.0}}
    t =    19.16s Get all elements bound by index for: Descendants matching type TabBar
    t =    19.19s Find the TabBar (Element at index 0)
    t =    19.23s Find the "Tab Bar" TabBar
    t =    19.27s Checking existence of `"Spatial Reasoning, Transformations across diagrams and 3D forms, Unassessed, No practice yet" Button`
    t =    19.32s Find the "Spatial Reasoning, Transformations across diagrams and 3D forms, Unassessed, No practice yet" Button
    t =    19.38s Checking existence of `"session-submit" Any`
    t =    19.42s Checking existence of `"session-next" Any`
    t =    19.45s Checking existence of `"train-start-practice" Any`
    t =    19.48s Checking existence of `"train-start-graph-construction" Any`
    t =    19.52s Checking existence of `"Spatial Reasoning, Transformations across diagrams and 3D forms, Unassessed, No practice yet" Button`
    t =    19.57s Find the "Spatial Reasoning, Transformations across diagrams and 3D forms, Unassessed, No practice yet" Button
    t =    19.62s Find the "Spatial Reasoning, Transformations across diagrams and 3D forms, Unassessed, No practice yet" Button
    t =    19.69s Find the ScrollView at {{0.0, 0.0}, {375.0, 667.0}}
    t =    19.72s Checking existence of `"Spatial Reasoning, Transformations across diagrams and 3D forms, Unassessed, No practice yet" Button`
    t =    19.77s Find the "Spatial Reasoning, Transformations across diagrams and 3D forms, Unassessed, No practice yet" Button
    t =    19.83s Find the "Spatial Reasoning, Transformations across diagrams and 3D forms, Unassessed, No practice yet" Button
    t =    19.88s Find the "Spatial Reasoning, Transformations across diagrams and 3D forms, Unassessed, No practice yet" Button
    t =    19.93s Checking existence of `"Spatial Reasoning, Transformations across diagrams and 3D forms, Unassessed, No practice yet" Button`
    t =    19.98s Find the "Spatial Reasoning, Transformations across diagrams and 3D forms, Unassessed, No practice yet" Button
    t =    20.04s Find the ScrollView at {{0.0, 0.0}, {375.0, 667.0}}
    t =    20.07s Checking existence of `"Spatial Reasoning, Transformations across diagrams and 3D forms, Unassessed, No practice yet" Button`
    t =    20.12s Find the "Spatial Reasoning, Transformations across diagrams and 3D forms, Unassessed, No practice yet" Button
    t =    20.17s Press Target Application 'com.zacrotech.NeuroForge'[0.00, 0.00] -> (12.0, 480.8) for 0.1 seconds, then drag to Target Application 'com.zacrotech.NeuroForge'[0.00, 0.00] -> (12.0, 464.8) with velocity of 250.00 pixels per second, and then hold for 0.2 seconds 
    t =    20.17s     Wait for com.zacrotech.NeuroForge to idle
    t =    20.17s     Find the Target Application 'com.zacrotech.NeuroForge'
    t =    20.20s     Check for interrupting elements affecting "NeuroForge" Application
    t =    20.22s     Synthesize event
    t =    20.23s         Find the Target Application 'com.zacrotech.NeuroForge'
    t =    20.25s         Find the Target Application 'com.zacrotech.NeuroForge'
    t =    20.27s         Find the Target Application 'com.zacrotech.NeuroForge'
    t =    20.30s         Find the Target Application 'com.zacrotech.NeuroForge'
    t =    20.32s         Find the Target Application 'com.zacrotech.NeuroForge'
    t =    20.92s     Wait for com.zacrotech.NeuroForge to idle
    t =    20.92s Get all elements bound by index for: Descendants matching type ScrollView
    t =    20.96s Find the ScrollView (Element at index 0)
    t =    20.99s Find the Target Application 'com.zacrotech.NeuroForge'
    t =    21.01s Checking existence of `Keyboard (First Match)`
    t =    21.08s Get all elements bound by index for: Descendants matching type NavigationBar
    t =    21.10s Find the NavigationBar (Element at index 0)
    t =    21.14s Find the "Practice" NavigationBar
    t =    21.17s Find the ScrollView at {{0.0, 0.0}, {375.0, 667.0}}
    t =    21.20s Find the ScrollView at {{0.0, 0.0}, {375.0, 667.0}}
    t =    21.23s Get all elements bound by index for: Descendants matching type TabBar
    t =    21.25s Find the TabBar (Element at index 0)
    t =    21.29s Find the "Tab Bar" TabBar
    t =    21.32s Checking existence of `"Spatial Reasoning, Transformations across diagrams and 3D forms, Unassessed, No practice yet" Button`
    t =    21.37s Find the "Spatial Reasoning, Transformations across diagrams and 3D forms, Unassessed, No practice yet" Button
    t =    21.42s Checking existence of `"session-submit" Any`
    t =    21.46s Checking existence of `"session-next" Any`
    t =    21.49s Checking existence of `"train-start-practice" Any`
    t =    21.53s Checking existence of `"train-start-graph-construction" Any`
    t =    21.56s Checking existence of `"Spatial Reasoning, Transformations across diagrams and 3D forms, Unassessed, No practice yet" Button`
    t =    21.61s Find the "Spatial Reasoning, Transformations across diagrams and 3D forms, Unassessed, No practice yet" Button
    t =    21.66s Find the "Spatial Reasoning, Transformations across diagrams and 3D forms, Unassessed, No practice yet" Button
    t =    21.72s Find the ScrollView at {{0.0, 0.0}, {375.0, 667.0}}
    t =    21.75s Checking existence of `"Spatial Reasoning, Transformations across diagrams and 3D forms, Unassessed, No practice yet" Button`
    t =    21.80s Find the "Spatial Reasoning, Transformations across diagrams and 3D forms, Unassessed, No practice yet" Button
    t =    21.86s Find the "Spatial Reasoning, Transformations across diagrams and 3D forms, Unassessed, No practice yet" Button
    t =    21.91s Find the "Spatial Reasoning, Transformations across diagrams and 3D forms, Unassessed, No practice yet" Button
    t =    21.96s Press "Spatial Reasoning, Transformations across diagrams and 3D forms, Unassessed, No practice yet" Button for 0.1 seconds
    t =    21.96s     Wait for com.zacrotech.NeuroForge to idle
    t =    21.96s     Find the "Spatial Reasoning, Transformations across diagrams and 3D forms, Unassessed, No practice yet" Button
    t =    22.02s     Check for interrupting elements affecting "Spatial Reasoning, Transformations across diagrams and 3D forms, Unassessed, No practice yet" Button
    t =    22.05s     Synthesize event
    t =    22.43s     Wait for com.zacrotech.NeuroForge to idle
    t =    22.70s Waiting 8.0s for "Spatial" NavigationBar to exist
    t =    23.78s     Checking `Expect predicate `existsNoRetry == 1` for object "Spatial" NavigationBar`
    t =    23.78s         Checking existence of `"Spatial" NavigationBar`
    t =    23.84s Get all elements bound by index for: Descendants matching type ScrollView
    t =    23.88s Find the ScrollView (Element at index 0)
    t =    23.92s Find the Target Application 'com.zacrotech.NeuroForge'
    t =    23.95s Checking existence of `Keyboard (First Match)`
    t =    24.03s Get all elements bound by index for: Descendants matching type NavigationBar
    t =    24.06s Find the NavigationBar (Element at index 0)
    t =    24.11s Find the "Spatial" NavigationBar
    t =    24.15s Find the ScrollView at {{0.0, 0.0}, {375.0, 667.0}}
    t =    24.18s Find the ScrollView at {{0.0, 0.0}, {375.0, 667.0}}
    t =    24.22s Get all elements bound by index for: Descendants matching type TabBar
    t =    24.25s Find the TabBar (Element at index 0)
    t =    24.29s Find the "Tab Bar" TabBar
    t =    24.32s Checking existence of `Button (First Match)`
    t =    24.38s Find the Button (First Match)
    t =    24.43s Checking existence of `"session-submit" Any`
    t =    24.48s Checking existence of `"session-next" Any`
    t =    24.52s Checking existence of `"train-start-practice" Any`
    t =    24.56s Find the "train-start-practice" Any
    t =    24.61s Find the "train-start-practice" Button
    t =    24.66s Find the "train-start-practice" Button
    t =    24.70s Checking existence of `"train-start-graph-construction" Any`
    t =    24.75s Checking existence of `"Coordinate Rotation, Rotate a 2D coordinate counterclockwise while preserving its distance from the origin., Puzzle" Button`
    t =    24.80s Find the "Coordinate Rotation, Rotate a 2D coordinate counterclockwise while preserving its distance from the origin., Puzzle" Button
    t =    24.86s Find the "Coordinate Rotation, Rotate a 2D coordinate counterclockwise while preserving its distance from the origin., Puzzle" Button
    t =    24.93s Find the ScrollView at {{0.0, 0.0}, {375.0, 667.0}}
    t =    24.97s Checking existence of `"Coordinate Rotation, Rotate a 2D coordinate counterclockwise while preserving its distance from the origin., Puzzle" Button`
    t =    25.03s Find the "Coordinate Rotation, Rotate a 2D coordinate counterclockwise while preserving its distance from the origin., Puzzle" Button
    t =    25.10s Checking existence of `"Coordinate Rotation, Rotate a 2D coordinate counterclockwise while preserving its distance from the origin., Puzzle" Button`
    t =    25.16s Find the "Coordinate Rotation, Rotate a 2D coordinate counterclockwise while preserving its distance from the origin., Puzzle" Button
    t =    25.22s Find the ScrollView at {{0.0, 0.0}, {375.0, 667.0}}
    t =    25.26s Checking existence of `"Coordinate Rotation, Rotate a 2D coordinate counterclockwise while preserving its distance from the origin., Puzzle" Button`
    t =    25.32s Find the "Coordinate Rotation, Rotate a 2D coordinate counterclockwise while preserving its distance from the origin., Puzzle" Button
    t =    25.37s Press Target Application 'com.zacrotech.NeuroForge'[0.00, 0.00] -> (12.0, 438.0) for 0.1 seconds, then drag to Target Application 'com.zacrotech.NeuroForge'[0.00, 0.00] -> (12.0, 205.5) with velocity of 250.00 pixels per second, and then hold for 0.2 seconds 
    t =    25.37s     Wait for com.zacrotech.NeuroForge to idle
    t =    25.38s     Find the Target Application 'com.zacrotech.NeuroForge'
    t =    25.41s     Check for interrupting elements affecting "NeuroForge" Application
    t =    25.45s     Synthesize event
    t =    25.45s         Find the Target Application 'com.zacrotech.NeuroForge'
    t =    25.48s         Find the Target Application 'com.zacrotech.NeuroForge'
    t =    25.51s         Find the Target Application 'com.zacrotech.NeuroForge'
    t =    25.53s         Find the Target Application 'com.zacrotech.NeuroForge'
    t =    25.57s         Find the Target Application 'com.zacrotech.NeuroForge'
    t =    27.03s     Wait for com.zacrotech.NeuroForge to idle
    t =    27.25s Get all elements bound by index for: Descendants matching type ScrollView
    t =    27.29s Find the ScrollView (Element at index 0)
    t =    27.34s Find the Target Application 'com.zacrotech.NeuroForge'
    t =    27.40s Checking existence of `Keyboard (First Match)`
    t =    27.49s Get all elements bound by index for: Descendants matching type NavigationBar
    t =    27.53s Find the NavigationBar (Element at index 0)
    t =    27.58s Find the "Spatial" NavigationBar
    t =    27.62s Find the ScrollView at {{0.0, 0.0}, {375.0, 667.0}}
    t =    27.67s Find the ScrollView at {{0.0, 0.0}, {375.0, 667.0}}
    t =    27.71s Get all elements bound by index for: Descendants matching type TabBar
    t =    27.74s Find the TabBar (Element at index 0)
    t =    27.79s Find the "Tab Bar" TabBar
    t =    27.83s Checking existence of `"Coordinate Rotation, Rotate a 2D coordinate counterclockwise while preserving its distance from the origin., Puzzle" Button`
    t =    27.88s Find the "Coordinate Rotation, Rotate a 2D coordinate counterclockwise while preserving its distance from the origin., Puzzle" Button
    t =    27.94s Checking existence of `"session-submit" Any`
    t =    27.99s Checking existence of `"session-next" Any`
    t =    28.04s Checking existence of `"train-start-practice" Any`
    t =    28.09s Find the "train-start-practice" Any
    t =    28.15s Find the "train-start-practice" Button
    t =    28.20s Find the "train-start-practice" Button
    t =    28.25s Checking existence of `"train-start-graph-construction" Any`
    t =    28.31s Checking existence of `"Coordinate Rotation, Rotate a 2D coordinate counterclockwise while preserving its distance from the origin., Puzzle" Button`
    t =    28.36s Find the "Coordinate Rotation, Rotate a 2D coordinate counterclockwise while preserving its distance from the origin., Puzzle" Button
    t =    28.43s Find the "Coordinate Rotation, Rotate a 2D coordinate counterclockwise while preserving its distance from the origin., Puzzle" Button
    t =    28.51s Find the ScrollView at {{0.0, 0.0}, {375.0, 667.0}}
    t =    28.55s Checking existence of `"Coordinate Rotation, Rotate a 2D coordinate counterclockwise while preserving its distance from the origin., Puzzle" Button`
    t =    28.61s Find the "Coordinate Rotation, Rotate a 2D coordinate counterclockwise while preserving its distance from the origin., Puzzle" Button
    t =    28.69s Find the "Coordinate Rotation, Rotate a 2D coordinate counterclockwise while preserving its distance from the origin., Puzzle" Button
    t =    28.75s Find the "Coordinate Rotation, Rotate a 2D coordinate counterclockwise while preserving its distance from the origin., Puzzle" Button
    t =    28.81s Checking existence of `"Coordinate Rotation, Rotate a 2D coordinate counterclockwise while preserving its distance from the origin., Puzzle" Button`
    t =    28.87s Find the "Coordinate Rotation, Rotate a 2D coordinate counterclockwise while preserving its distance from the origin., Puzzle" Button
    t =    28.93s Find the ScrollView at {{0.0, 0.0}, {375.0, 667.0}}
    t =    28.97s Checking existence of `"Coordinate Rotation, Rotate a 2D coordinate counterclockwise while preserving its distance from the origin., Puzzle" Button`
    t =    29.03s Find the "Coordinate Rotation, Rotate a 2D coordinate counterclockwise while preserving its distance from the origin., Puzzle" Button
    t =    29.08s Press Target Application 'com.zacrotech.NeuroForge'[0.00, 0.00] -> (12.0, 427.6) for 0.1 seconds, then drag to Target Application 'com.zacrotech.NeuroForge'[0.00, 0.00] -> (12.0, 283.6) with velocity of 250.00 pixels per second, and then hold for 0.2 seconds 
    t =    29.08s     Wait for com.zacrotech.NeuroForge to idle
    t =    29.09s     Find the Target Application 'com.zacrotech.NeuroForge'
    t =    29.12s     Check for interrupting elements affecting "NeuroForge" Application
    t =    29.16s     Synthesize event
    t =    29.16s         Find the Target Application 'com.zacrotech.NeuroForge'
    t =    29.19s         Find the Target Application 'com.zacrotech.NeuroForge'
    t =    29.23s         Find the Target Application 'com.zacrotech.NeuroForge'
    t =    29.26s         Find the Target Application 'com.zacrotech.NeuroForge'
    t =    29.30s         Find the Target Application 'com.zacrotech.NeuroForge'
    t =    30.42s     Wait for com.zacrotech.NeuroForge to idle
    t =    30.47s Get all elements bound by index for: Descendants matching type ScrollView
    t =    30.52s Find the ScrollView (Element at index 0)
    t =    30.59s Find the Target Application 'com.zacrotech.NeuroForge'
    t =    30.63s Checking existence of `Keyboard (First Match)`
    t =    30.74s Get all elements bound by index for: Descendants matching type NavigationBar
    t =    30.78s Find the NavigationBar (Element at index 0)
    t =    30.85s Find the "Spatial" NavigationBar
    t =    30.92s Find the ScrollView at {{0.0, 0.0}, {375.0, 667.0}}
    t =    30.97s Find the ScrollView at {{0.0, 0.0}, {375.0, 667.0}}
    t =    31.01s Get all elements bound by index for: Descendants matching type TabBar
    t =    31.05s Find the TabBar (Element at index 0)
    t =    31.10s Find the "Tab Bar" TabBar
    t =    31.15s Checking existence of `"Coordinate Rotation, Rotate a 2D coordinate counterclockwise while preserving its distance from the origin., Puzzle" Button`
    t =    31.20s Find the "Coordinate Rotation, Rotate a 2D coordinate counterclockwise while preserving its distance from the origin., Puzzle" Button
    t =    31.26s Checking existence of `"session-submit" Any`
    t =    31.31s Checking existence of `"session-next" Any`
    t =    31.36s Checking existence of `"train-start-practice" Any`
    t =    31.41s Find the "train-start-practice" Any
    t =    31.47s Find the "train-start-practice" Button
    t =    31.53s Find the "train-start-practice" Button
    t =    31.59s Checking existence of `"train-start-graph-construction" Any`
    t =    31.64s Checking existence of `"Coordinate Rotation, Rotate a 2D coordinate counterclockwise while preserving its distance from the origin., Puzzle" Button`
    t =    31.70s Find the "Coordinate Rotation, Rotate a 2D coordinate counterclockwise while preserving its distance from the origin., Puzzle" Button
    t =    31.76s Find the "Coordinate Rotation, Rotate a 2D coordinate counterclockwise while preserving its distance from the origin., Puzzle" Button
    t =    31.83s Find the ScrollView at {{0.0, 0.0}, {375.0, 667.0}}
    t =    31.88s Checking existence of `"Coordinate Rotation, Rotate a 2D coordinate counterclockwise while preserving its distance from the origin., Puzzle" Button`
    t =    31.94s Find the "Coordinate Rotation, Rotate a 2D coordinate counterclockwise while preserving its distance from the origin., Puzzle" Button
    t =    32.01s Find the "Coordinate Rotation, Rotate a 2D coordinate counterclockwise while preserving its distance from the origin., Puzzle" Button
    t =    32.07s Find the "Coordinate Rotation, Rotate a 2D coordinate counterclockwise while preserving its distance from the origin., Puzzle" Button
    t =    32.14s Checking existence of `"Coordinate Rotation, Rotate a 2D coordinate counterclockwise while preserving its distance from the origin., Puzzle" Button`
    t =    32.19s Find the "Coordinate Rotation, Rotate a 2D coordinate counterclockwise while preserving its distance from the origin., Puzzle" Button
    t =    32.25s Find the ScrollView at {{0.0, 0.0}, {375.0, 667.0}}
    t =    32.29s Checking existence of `"Coordinate Rotation, Rotate a 2D coordinate counterclockwise while preserving its distance from the origin., Puzzle" Button`
    t =    32.35s Find the "Coordinate Rotation, Rotate a 2D coordinate counterclockwise while preserving its distance from the origin., Puzzle" Button
    t =    32.41s Press Target Application 'com.zacrotech.NeuroForge'[0.00, 0.00] -> (12.0, 427.6) for 0.1 seconds, then drag to Target Application 'com.zacrotech.NeuroForge'[0.00, 0.00] -> (12.0, 411.6) with velocity of 250.00 pixels per second, and then hold for 0.2 seconds 
    t =    32.41s     Wait for com.zacrotech.NeuroForge to idle
    t =    32.41s     Find the Target Application 'com.zacrotech.NeuroForge'
    t =    32.44s     Check for interrupting elements affecting "NeuroForge" Application
    t =    32.49s     Synthesize event
    t =    32.49s         Find the Target Application 'com.zacrotech.NeuroForge'
    t =    32.53s         Find the Target Application 'com.zacrotech.NeuroForge'
    t =    32.57s         Find the Target Application 'com.zacrotech.NeuroForge'
    t =    32.60s         Find the Target Application 'com.zacrotech.NeuroForge'
    t =    32.64s         Find the Target Application 'com.zacrotech.NeuroForge'
    t =    33.25s     Wait for com.zacrotech.NeuroForge to idle
    t =    34.70s Get all elements bound by index for: Descendants matching type ScrollView
    t =    34.74s Find the ScrollView (Element at index 0)
    t =    34.79s Find the Target Application 'com.zacrotech.NeuroForge'
    t =    34.83s Checking existence of `Keyboard (First Match)`
    t =    34.92s Get all elements bound by index for: Descendants matching type NavigationBar
    t =    34.95s Find the NavigationBar (Element at index 0)
    t =    35.01s Find the "Spatial" NavigationBar
    t =    35.05s Find the ScrollView at {{0.0, 0.0}, {375.0, 667.0}}
    t =    35.09s Find the ScrollView at {{0.0, 0.0}, {375.0, 667.0}}
    t =    35.13s Get all elements bound by index for: Descendants matching type TabBar
    t =    35.17s Find the TabBar (Element at index 0)
    t =    35.22s Find the "Tab Bar" TabBar
    t =    35.26s Checking existence of `"Coordinate Rotation, Rotate a 2D coordinate counterclockwise while preserving its distance from the origin., Puzzle" Button`
    t =    35.31s Find the "Coordinate Rotation, Rotate a 2D coordinate counterclockwise while preserving its distance from the origin., Puzzle" Button
    t =    35.37s Checking existence of `"session-submit" Any`
    t =    35.42s Checking existence of `"session-next" Any`
    t =    35.47s Checking existence of `"train-start-practice" Any`
    t =    35.52s Find the "train-start-practice" Any
    t =    35.58s Find the "train-start-practice" Button
    t =    35.63s Find the "train-start-practice" Button
    t =    35.69s Checking existence of `"train-start-graph-construction" Any`
    t =    35.74s Checking existence of `"Coordinate Rotation, Rotate a 2D coordinate counterclockwise while preserving its distance from the origin., Puzzle" Button`
    t =    35.80s Find the "Coordinate Rotation, Rotate a 2D coordinate counterclockwise while preserving its distance from the origin., Puzzle" Button
    t =    35.86s Find the "Coordinate Rotation, Rotate a 2D coordinate counterclockwise while preserving its distance from the origin., Puzzle" Button
    t =    35.92s Find the ScrollView at {{0.0, 0.0}, {375.0, 667.0}}
    t =    35.97s Checking existence of `"Coordinate Rotation, Rotate a 2D coordinate counterclockwise while preserving its distance from the origin., Puzzle" Button`
    t =    36.02s Find the "Coordinate Rotation, Rotate a 2D coordinate counterclockwise while preserving its distance from the origin., Puzzle" Button
    t =    36.09s Find the "Coordinate Rotation, Rotate a 2D coordinate counterclockwise while preserving its distance from the origin., Puzzle" Button
    t =    36.15s Find the "Coordinate Rotation, Rotate a 2D coordinate counterclockwise while preserving its distance from the origin., Puzzle" Button
    t =    36.22s Press "Coordinate Rotation, Rotate a 2D coordinate counterclockwise while preserving its distance from the origin., Puzzle" Button for 0.1 seconds
    t =    36.22s     Wait for com.zacrotech.NeuroForge to idle
    t =    36.22s     Find the "Coordinate Rotation, Rotate a 2D coordinate counterclockwise while preserving its distance from the origin., Puzzle" Button
    t =    36.28s     Check for interrupting elements affecting "Coordinate Rotation, Rotate a 2D coordinate counterclockwise while preserving its distance from the origin., Puzzle" Button
    t =    36.32s     Synthesize event
    t =    36.71s     Wait for com.zacrotech.NeuroForge to idle
    t =    37.63s Waiting 8.0s for "Coordinate Rotation" NavigationBar to exist
    t =    38.69s     Checking `Expect predicate `existsNoRetry == 1` for object "Coordinate Rotation" NavigationBar`
    t =    38.70s         Checking existence of `"Coordinate Rotation" NavigationBar`
    t =    38.77s Get all elements bound by index for: Descendants matching type ScrollView
    t =    38.81s Find the ScrollView (Element at index 0)
    t =    38.87s Find the Target Application 'com.zacrotech.NeuroForge'
    t =    38.91s Checking existence of `Keyboard (First Match)`
    t =    39.00s Get all elements bound by index for: Descendants matching type NavigationBar
    t =    39.04s Find the NavigationBar (Element at index 0)
    t =    39.10s Find the "Coordinate Rotation" NavigationBar
    t =    39.15s Find the ScrollView at {{0.0, 0.0}, {375.0, 667.0}}
    t =    39.19s Find the ScrollView at {{0.0, 0.0}, {375.0, 667.0}}
    t =    39.24s Get all elements bound by index for: Descendants matching type TabBar
    t =    39.28s Find the TabBar (Element at index 0)
    t =    39.33s Find the "Tab Bar" TabBar
    t =    39.38s Checking existence of `"5 questions" Button`
    t =    39.43s Checking existence of `"session-submit" Any`
    t =    39.48s Checking existence of `"session-next" Any`
    t =    39.54s Checking existence of `"train-start-practice" Any`
    t =    39.60s Find the "train-start-practice" Any
    t =    39.66s Find the "train-start-practice" Button
    t =    39.73s Find the "train-start-practice" Button
    t =    39.79s Checking existence of `"train-start-graph-construction" Any`
    t =    39.85s Checking existence of `"5 questions" Button`
    t =    39.90s Find the "5 questions" Button
    t =    40.96s     Find the "5 questions" Button (retry 1)
    t =    42.03s     Find the "5 questions" Button (retry 2)
    t =    42.09s Find the ScrollView at {{0.0, 0.0}, {375.0, 667.0}}
    t =    42.14s Checking existence of `"5 questions" Button`
    t =    42.19s Checking existence of `"5 questions" Button`
    t =    42.24s Find the ScrollView at {{0.0, 0.0}, {375.0, 667.0}}
    t =    42.29s Checking existence of `"5 questions" Button`
    t =    42.34s Press Target Application 'com.zacrotech.NeuroForge'[0.00, 0.00] -> (12.0, 362.0) for 0.1 seconds, then drag to Target Application 'com.zacrotech.NeuroForge'[0.00, 0.00] -> (12.0, 175.2) with velocity of 250.00 pixels per second, and then hold for 0.2 seconds 
    t =    42.34s     Wait for com.zacrotech.NeuroForge to idle
    t =    42.34s     Find the Target Application 'com.zacrotech.NeuroForge'
    t =    42.38s     Check for interrupting elements affecting "NeuroForge" Application
    t =    42.43s     Synthesize event
    t =    42.43s         Find the Target Application 'com.zacrotech.NeuroForge'
    t =    42.47s         Find the Target Application 'com.zacrotech.NeuroForge'
    t =    42.50s         Find the Target Application 'com.zacrotech.NeuroForge'
    t =    42.54s         Find the Target Application 'com.zacrotech.NeuroForge'
    t =    42.58s         Find the Target Application 'com.zacrotech.NeuroForge'
    t =    43.87s     Wait for com.zacrotech.NeuroForge to idle
    t =    44.34s Get all elements bound by index for: Descendants matching type ScrollView
    t =    44.39s Find the ScrollView (Element at index 0)
    t =    44.44s Find the Target Application 'com.zacrotech.NeuroForge'
    t =    44.48s Checking existence of `Keyboard (First Match)`
    t =    44.57s Get all elements bound by index for: Descendants matching type NavigationBar
    t =    44.61s Find the NavigationBar (Element at index 0)
    t =    44.67s Find the "Coordinate Rotation" NavigationBar
    t =    44.72s Find the ScrollView at {{0.0, 0.0}, {375.0, 667.0}}
    t =    44.76s Find the ScrollView at {{0.0, 0.0}, {375.0, 667.0}}
    t =    44.81s Get all elements bound by index for: Descendants matching type TabBar
    t =    44.85s Find the TabBar (Element at index 0)
    t =    44.90s Find the "Tab Bar" TabBar
    t =    44.95s Checking existence of `"5 questions" Button`
    t =    45.00s Checking existence of `"session-submit" Any`
    t =    45.05s Checking existence of `"session-next" Any`
    t =    45.11s Checking existence of `"train-start-practice" Any`
    t =    45.17s Find the "train-start-practice" Any
    t =    45.23s Find the "train-start-practice" Button
    t =    45.30s Find the "train-start-practice" Button
    t =    45.36s Checking existence of `"train-start-graph-construction" Any`
    t =    45.42s Checking existence of `"5 questions" Button`
    t =    45.47s Find the "5 questions" Button
    t =    46.52s     Find the "5 questions" Button (retry 1)
    t =    47.59s     Find the "5 questions" Button (retry 2)
    t =    47.65s Find the ScrollView at {{0.0, 0.0}, {375.0, 667.0}}
    t =    47.70s Checking existence of `"5 questions" Button`
    t =    47.75s Checking existence of `"5 questions" Button`
    t =    47.83s Find the ScrollView at {{0.0, 0.0}, {375.0, 667.0}}
    t =    47.88s Checking existence of `"5 questions" Button`
    t =    47.93s Press Target Application 'com.zacrotech.NeuroForge'[0.00, 0.00] -> (12.0, 362.0) for 0.1 seconds, then drag to Target Application 'com.zacrotech.NeuroForge'[0.00, 0.00] -> (12.0, 175.2) with velocity of 250.00 pixels per second, and then hold for 0.2 seconds 
    t =    47.93s     Wait for com.zacrotech.NeuroForge to idle
    t =    47.93s     Find the Target Application 'com.zacrotech.NeuroForge'
    t =    47.97s     Check for interrupting elements affecting "NeuroForge" Application
    t =    48.02s     Synthesize event
    t =    48.02s         Find the Target Application 'com.zacrotech.NeuroForge'
    t =    48.06s         Find the Target Application 'com.zacrotech.NeuroForge'
    t =    48.10s         Find the Target Application 'com.zacrotech.NeuroForge'
    t =    48.13s         Find the Target Application 'com.zacrotech.NeuroForge'
    t =    48.18s         Find the Target Application 'com.zacrotech.NeuroForge'
    t =    49.47s     Wait for com.zacrotech.NeuroForge to idle
    t =    49.69s Get all elements bound by index for: Descendants matching type ScrollView
    t =    49.74s Find the ScrollView (Element at index 0)
    t =    49.80s Find the Target Application 'com.zacrotech.NeuroForge'
    t =    49.88s Checking existence of `Keyboard (First Match)`
    t =    49.97s Get all elements bound by index for: Descendants matching type NavigationBar
    t =    50.02s Find the NavigationBar (Element at index 0)
    t =    50.08s Find the "Coordinate Rotation" NavigationBar
    t =    50.13s Find the ScrollView at {{0.0, 0.0}, {375.0, 667.0}}
    t =    50.18s Find the ScrollView at {{0.0, 0.0}, {375.0, 667.0}}
    t =    50.23s Get all elements bound by index for: Descendants matching type TabBar
    t =    50.27s Find the TabBar (Element at index 0)
    t =    50.33s Find the "Tab Bar" TabBar
    t =    50.38s Checking existence of `"5 questions" Button`
    t =    50.43s Checking existence of `"session-submit" Any`
    t =    50.49s Checking existence of `"session-next" Any`
    t =    50.55s Checking existence of `"train-start-practice" Any`
    t =    50.61s Find the "train-start-practice" Any
    t =    50.68s Find the "train-start-practice" Button
    t =    50.74s Find the "train-start-practice" Button
    t =    50.80s Checking existence of `"train-start-graph-construction" Any`
    t =    50.86s Checking existence of `"5 questions" Button`
    t =    50.91s Find the "5 questions" Button
    t =    51.96s     Find the "5 questions" Button (retry 1)
    t =    53.03s     Find the "5 questions" Button (retry 2)
    t =    53.09s Find the ScrollView at {{0.0, 0.0}, {375.0, 667.0}}
    t =    53.14s Checking existence of `"5 questions" Button`
    t =    53.19s Checking existence of `"5 questions" Button`
    t =    53.25s Find the ScrollView at {{0.0, 0.0}, {375.0, 667.0}}
    t =    53.29s Checking existence of `"5 questions" Button`
    t =    53.34s Press Target Application 'com.zacrotech.NeuroForge'[0.00, 0.00] -> (12.0, 362.0) for 0.1 seconds, then drag to Target Application 'com.zacrotech.NeuroForge'[0.00, 0.00] -> (12.0, 175.2) with velocity of 250.00 pixels per second, and then hold for 0.2 seconds 
    t =    53.34s     Wait for com.zacrotech.NeuroForge to idle
    t =    53.34s     Find the Target Application 'com.zacrotech.NeuroForge'
    t =    53.38s     Check for interrupting elements affecting "NeuroForge" Application
    t =    53.43s     Synthesize event
    t =    53.44s         Find the Target Application 'com.zacrotech.NeuroForge'
    t =    53.47s         Find the Target Application 'com.zacrotech.NeuroForge'
    t =    53.51s         Find the Target Application 'com.zacrotech.NeuroForge'
    t =    53.55s         Find the Target Application 'com.zacrotech.NeuroForge'
    t =    53.59s         Find the Target Application 'com.zacrotech.NeuroForge'
    t =    54.89s     Wait for com.zacrotech.NeuroForge to idle
    t =    55.62s Get all elements bound by index for: Descendants matching type ScrollView
    t =    55.68s Find the ScrollView (Element at index 0)
    t =    55.73s Find the Target Application 'com.zacrotech.NeuroForge'
    t =    55.77s Checking existence of `Keyboard (First Match)`
    t =    55.86s Get all elements bound by index for: Descendants matching type NavigationBar
    t =    55.90s Find the NavigationBar (Element at index 0)
    t =    55.96s Find the "Coordinate Rotation" NavigationBar
    t =    56.01s Find the ScrollView at {{0.0, 0.0}, {375.0, 667.0}}
    t =    56.06s Find the ScrollView at {{0.0, 0.0}, {375.0, 667.0}}
    t =    56.10s Get all elements bound by index for: Descendants matching type TabBar
    t =    56.14s Find the TabBar (Element at index 0)
    t =    56.20s Find the "Tab Bar" TabBar
    t =    56.24s Checking existence of `"5 questions" Button`
    t =    56.30s Checking existence of `"session-submit" Any`
    t =    56.35s Checking existence of `"session-next" Any`
    t =    56.41s Checking existence of `"train-start-practice" Any`
    t =    56.46s Find the "train-start-practice" Any
    t =    56.53s Find the "train-start-practice" Button
    t =    56.59s Find the "train-start-practice" Button
    t =    56.65s Checking existence of `"train-start-graph-construction" Any`
    t =    56.70s Checking existence of `"5 questions" Button`
    t =    56.75s Find the "5 questions" Button
    t =    57.81s     Find the "5 questions" Button (retry 1)
    t =    58.86s     Find the "5 questions" Button (retry 2)
    t =    58.93s Find the ScrollView at {{0.0, 0.0}, {375.0, 667.0}}
    t =    58.97s Checking existence of `"5 questions" Button`
    t =    59.02s Checking existence of `"5 questions" Button`
    t =    59.08s Find the ScrollView at {{0.0, 0.0}, {375.0, 667.0}}
    t =    59.12s Checking existence of `"5 questions" Button`
    t =    59.17s Press Target Application 'com.zacrotech.NeuroForge'[0.00, 0.00] -> (12.0, 362.0) for 0.1 seconds, then drag to Target Application 'com.zacrotech.NeuroForge'[0.00, 0.00] -> (12.0, 175.2) with velocity of 250.00 pixels per second, and then hold for 0.2 seconds 
    t =    59.17s     Wait for com.zacrotech.NeuroForge to idle
    t =    59.18s     Find the Target Application 'com.zacrotech.NeuroForge'
    t =    59.22s     Check for interrupting elements affecting "NeuroForge" Application
    t =    59.26s     Synthesize event
    t =    59.26s         Find the Target Application 'com.zacrotech.NeuroForge'
    t =    59.30s         Find the Target Application 'com.zacrotech.NeuroForge'
    t =    59.34s         Find the Target Application 'com.zacrotech.NeuroForge'
    t =    59.37s         Find the Target Application 'com.zacrotech.NeuroForge'
    t =    59.41s         Find the Target Application 'com.zacrotech.NeuroForge'
    t =    60.71s     Wait for com.zacrotech.NeuroForge to idle
    t =    60.93s Get all elements bound by index for: Descendants matching type ScrollView
    t =    60.98s Find the ScrollView (Element at index 0)
    t =    61.04s Find the Target Application 'com.zacrotech.NeuroForge'
    t =    61.07s Checking existence of `Keyboard (First Match)`
    t =    61.16s Get all elements bound by index for: Descendants matching type NavigationBar
    t =    61.20s Find the NavigationBar (Element at index 0)
    t =    61.26s Find the "Coordinate Rotation" NavigationBar
    t =    61.31s Find the ScrollView at {{0.0, 0.0}, {375.0, 667.0}}
    t =    61.36s Find the ScrollView at {{0.0, 0.0}, {375.0, 667.0}}
    t =    61.40s Get all elements bound by index for: Descendants matching type TabBar
    t =    61.44s Find the TabBar (Element at index 0)
    t =    61.49s Find the "Tab Bar" TabBar
    t =    61.54s Checking existence of `"5 questions" Button`
    t =    61.59s Checking existence of `"session-submit" Any`
    t =    61.65s Checking existence of `"session-next" Any`
    t =    61.70s Checking existence of `"train-start-practice" Any`
    t =    61.75s Find the "train-start-practice" Any
    t =    61.82s Find the "train-start-practice" Button
    t =    61.88s Find the "train-start-practice" Button
    t =    61.94s Checking existence of `"train-start-graph-construction" Any`
    t =    62.00s Checking existence of `"5 questions" Button`
    t =    62.05s Find the "5 questions" Button
    t =    63.11s     Find the "5 questions" Button (retry 1)
    t =    64.17s     Find the "5 questions" Button (retry 2)
    t =    64.23s Find the ScrollView at {{0.0, 0.0}, {375.0, 667.0}}
    t =    64.27s Checking existence of `"5 questions" Button`
    t =    64.32s Checking existence of `"5 questions" Button`
    t =    64.38s Find the ScrollView at {{0.0, 0.0}, {375.0, 667.0}}
    t =    64.42s Checking existence of `"5 questions" Button`
    t =    64.47s Press Target Application 'com.zacrotech.NeuroForge'[0.00, 0.00] -> (12.0, 362.0) for 0.1 seconds, then drag to Target Application 'com.zacrotech.NeuroForge'[0.00, 0.00] -> (12.0, 175.2) with velocity of 250.00 pixels per second, and then hold for 0.2 seconds 
    t =    64.47s     Wait for com.zacrotech.NeuroForge to idle
    t =    64.47s     Find the Target Application 'com.zacrotech.NeuroForge'
    t =    64.51s     Check for interrupting elements affecting "NeuroForge" Application
    t =    64.56s     Synthesize event
    t =    64.56s         Find the Target Application 'com.zacrotech.NeuroForge'
    t =    64.60s         Find the Target Application 'com.zacrotech.NeuroForge'
    t =    64.64s         Find the Target Application 'com.zacrotech.NeuroForge'
    t =    64.67s         Find the Target Application 'com.zacrotech.NeuroForge'
    t =    64.72s         Find the Target Application 'com.zacrotech.NeuroForge'
    t =    66.01s     Wait for com.zacrotech.NeuroForge to idle
    t =    66.39s Get all elements bound by index for: Descendants matching type ScrollView
    t =    66.44s Find the ScrollView (Element at index 0)
    t =    66.49s Find the Target Application 'com.zacrotech.NeuroForge'
    t =    66.53s Checking existence of `Keyboard (First Match)`
    t =    66.61s Get all elements bound by index for: Descendants matching type NavigationBar
    t =    66.65s Find the NavigationBar (Element at index 0)
    t =    66.71s Find the "Coordinate Rotation" NavigationBar
    t =    66.76s Find the ScrollView at {{0.0, 0.0}, {375.0, 667.0}}
    t =    66.80s Find the ScrollView at {{0.0, 0.0}, {375.0, 667.0}}
    t =    66.85s Get all elements bound by index for: Descendants matching type TabBar
    t =    66.89s Find the TabBar (Element at index 0)
    t =    66.94s Find the "Tab Bar" TabBar
    t =    66.98s Checking existence of `"5 questions" Button`
    t =    67.03s Find the "5 questions" Button
    t =    67.09s Checking existence of `"session-submit" Any`
    t =    67.14s Checking existence of `"session-next" Any`
    t =    67.19s Checking existence of `"train-start-practice" Any`
    t =    67.25s Find the "train-start-practice" Any
    t =    67.31s Find the "train-start-practice" Button
    t =    67.37s Find the "train-start-practice" Button
    t =    67.43s Checking existence of `"train-start-graph-construction" Any`
    t =    67.49s Checking existence of `"5 questions" Button`
    t =    67.54s Find the "5 questions" Button
    t =    67.59s Find the "5 questions" Button
    t =    67.67s Find the ScrollView at {{0.0, 0.0}, {375.0, 667.0}}
    t =    67.71s Checking existence of `"5 questions" Button`
    t =    67.77s Find the "5 questions" Button
    t =    67.83s Checking existence of `"5 questions" Button`
    t =    67.88s Find the "5 questions" Button
    t =    67.94s Find the ScrollView at {{0.0, 0.0}, {375.0, 667.0}}
    t =    67.98s Checking existence of `"5 questions" Button`
    t =    68.03s Find the "5 questions" Button
    t =    68.08s Press Target Application 'com.zacrotech.NeuroForge'[0.00, 0.00] -> (12.0, 362.0) for 0.1 seconds, then drag to Target Application 'com.zacrotech.NeuroForge'[0.00, 0.00] -> (12.0, 147.5) with velocity of 250.00 pixels per second, and then hold for 0.2 seconds 
    t =    68.08s     Wait for com.zacrotech.NeuroForge to idle
    t =    68.09s     Find the Target Application 'com.zacrotech.NeuroForge'
    t =    68.13s     Check for interrupting elements affecting "NeuroForge" Application
    t =    68.17s     Synthesize event
    t =    68.17s         Find the Target Application 'com.zacrotech.NeuroForge'
    t =    68.21s         Find the Target Application 'com.zacrotech.NeuroForge'
    t =    68.25s         Find the Target Application 'com.zacrotech.NeuroForge'
    t =    68.28s         Find the Target Application 'com.zacrotech.NeuroForge'
    t =    68.32s         Find the Target Application 'com.zacrotech.NeuroForge'
    t =    69.74s     Wait for com.zacrotech.NeuroForge to idle
    t =    69.97s Get all elements bound by index for: Descendants matching type ScrollView
    t =    70.01s Find the ScrollView (Element at index 0)
    t =    70.07s Find the Target Application 'com.zacrotech.NeuroForge'
    t =    70.11s Checking existence of `Keyboard (First Match)`
    t =    70.19s Get all elements bound by index for: Descendants matching type NavigationBar
    t =    70.23s Find the NavigationBar (Element at index 0)
    t =    70.29s Find the "Coordinate Rotation" NavigationBar
    t =    70.33s Find the ScrollView at {{0.0, 0.0}, {375.0, 667.0}}
    t =    70.38s Find the ScrollView at {{0.0, 0.0}, {375.0, 667.0}}
    t =    70.42s Get all elements bound by index for: Descendants matching type TabBar
    t =    70.46s Find the TabBar (Element at index 0)
    t =    70.51s Find the "Tab Bar" TabBar
    t =    70.55s Checking existence of `"5 questions" Button`
    t =    70.60s Find the "5 questions" Button
    t =    70.65s Checking existence of `"session-submit" Any`
    t =    70.70s Checking existence of `"session-next" Any`
    t =    70.75s Checking existence of `"train-start-practice" Any`
    t =    70.79s Find the "train-start-practice" Any
    t =    70.86s Find the "train-start-practice" Button
    t =    70.92s Find the "train-start-practice" Button
    t =    70.97s Checking existence of `"train-start-graph-construction" Any`
    t =    71.02s Checking existence of `"5 questions" Button`
    t =    71.07s Find the "5 questions" Button
    t =    71.12s Find the "5 questions" Button
    t =    71.18s Find the ScrollView at {{0.0, 0.0}, {375.0, 667.0}}
    t =    71.23s Checking existence of `"5 questions" Button`
    t =    71.27s Find the "5 questions" Button
    t =    71.33s Find the "5 questions" Button
    t =    71.38s Find the "5 questions" Button
    t =    71.43s Checking existence of `"5 questions" Button`
    t =    71.48s Find the "5 questions" Button
    t =    71.53s Find the ScrollView at {{0.0, 0.0}, {375.0, 667.0}}
    t =    71.58s Checking existence of `"5 questions" Button`
    t =    71.62s Find the "5 questions" Button
    t =    71.68s Press Target Application 'com.zacrotech.NeuroForge'[0.00, 0.00] -> (12.0, 362.0) for 0.1 seconds, then drag to Target Application 'com.zacrotech.NeuroForge'[0.00, 0.00] -> (12.0, 287.0) with velocity of 250.00 pixels per second, and then hold for 0.2 seconds 
    t =    71.68s     Wait for com.zacrotech.NeuroForge to idle
    t =    71.68s     Find the Target Application 'com.zacrotech.NeuroForge'
    t =    71.72s     Check for interrupting elements affecting "NeuroForge" Application
    t =    71.76s     Synthesize event
    t =    71.77s         Find the Target Application 'com.zacrotech.NeuroForge'
    t =    71.80s         Find the Target Application 'com.zacrotech.NeuroForge'
    t =    71.84s         Find the Target Application 'com.zacrotech.NeuroForge'
    t =    71.87s         Find the Target Application 'com.zacrotech.NeuroForge'
    t =    71.91s         Find the Target Application 'com.zacrotech.NeuroForge'
    t =    72.77s     Wait for com.zacrotech.NeuroForge to idle
    t =    73.32s Get all elements bound by index for: Descendants matching type ScrollView
    t =    73.36s Find the ScrollView (Element at index 0)
    t =    73.42s Find the Target Application 'com.zacrotech.NeuroForge'
    t =    73.45s Checking existence of `Keyboard (First Match)`
    t =    73.54s Get all elements bound by index for: Descendants matching type NavigationBar
    t =    73.58s Find the NavigationBar (Element at index 0)
    t =    73.64s Find the "Coordinate Rotation" NavigationBar
    t =    73.69s Find the ScrollView at {{0.0, 0.0}, {375.0, 667.0}}
    t =    73.73s Find the ScrollView at {{0.0, 0.0}, {375.0, 667.0}}
    t =    73.78s Get all elements bound by index for: Descendants matching type TabBar
    t =    73.82s Find the TabBar (Element at index 0)
    t =    73.87s Find the "Tab Bar" TabBar
    t =    73.92s Checking existence of `"5 questions" Button`
    t =    73.96s Find the "5 questions" Button
    t =    74.01s Checking existence of `"session-submit" Any`
    t =    74.06s Checking existence of `"session-next" Any`
    t =    74.11s Checking existence of `"train-start-practice" Any`
    t =    74.17s Find the "train-start-practice" Any
    t =    74.23s Find the "train-start-practice" Button
    t =    74.29s Find the "train-start-practice" Button
    t =    74.34s Checking existence of `"train-start-graph-construction" Any`
    t =    74.39s Checking existence of `"5 questions" Button`
    t =    74.44s Find the "5 questions" Button
    t =    74.49s Find the "5 questions" Button
    t =    74.56s Find the ScrollView at {{0.0, 0.0}, {375.0, 667.0}}
    t =    74.60s Checking existence of `"5 questions" Button`
    t =    74.65s Find the "5 questions" Button
    t =    74.71s Find the "5 questions" Button
    t =    74.77s Find the "5 questions" Button
    t =    74.82s Checking existence of `"5 questions" Button`
    t =    74.86s Find the "5 questions" Button
    t =    74.91s Find the ScrollView at {{0.0, 0.0}, {375.0, 667.0}}
    t =    74.96s Checking existence of `"5 questions" Button`
    t =    75.00s Find the "5 questions" Button
    t =    75.05s Press Target Application 'com.zacrotech.NeuroForge'[0.00, 0.00] -> (12.0, 362.0) for 0.1 seconds, then drag to Target Application 'com.zacrotech.NeuroForge'[0.00, 0.00] -> (12.0, 346.0) with velocity of 250.00 pixels per second, and then hold for 0.2 seconds 
    t =    75.05s     Wait for com.zacrotech.NeuroForge to idle
    t =    75.05s     Find the Target Application 'com.zacrotech.NeuroForge'
    t =    75.09s     Check for interrupting elements affecting "NeuroForge" Application
    t =    75.13s     Synthesize event
    t =    75.14s         Find the Target Application 'com.zacrotech.NeuroForge'
    t =    75.17s         Find the Target Application 'com.zacrotech.NeuroForge'
    t =    75.21s         Find the Target Application 'com.zacrotech.NeuroForge'
    t =    75.24s         Find the Target Application 'com.zacrotech.NeuroForge'
    t =    75.28s         Find the Target Application 'com.zacrotech.NeuroForge'
    t =    75.89s     Wait for com.zacrotech.NeuroForge to idle
    t =    77.33s Get all elements bound by index for: Descendants matching type ScrollView
    t =    77.38s Find the ScrollView (Element at index 0)
    t =    77.43s Find the Target Application 'com.zacrotech.NeuroForge'
    t =    77.47s Checking existence of `Keyboard (First Match)`
    t =    77.54s Get all elements bound by index for: Descendants matching type NavigationBar
    t =    77.58s Find the NavigationBar (Element at index 0)
    t =    77.65s Find the "Coordinate Rotation" NavigationBar
    t =    77.70s Find the ScrollView at {{0.0, 0.0}, {375.0, 667.0}}
    t =    77.75s Find the ScrollView at {{0.0, 0.0}, {375.0, 667.0}}
    t =    77.79s Get all elements bound by index for: Descendants matching type TabBar
    t =    77.83s Find the TabBar (Element at index 0)
    t =    77.88s Find the "Tab Bar" TabBar
    t =    77.92s Checking existence of `"5 questions" Button`
    t =    77.97s Find the "5 questions" Button
    t =    78.02s Checking existence of `"session-submit" Any`
    t =    78.06s Checking existence of `"session-next" Any`
    t =    78.11s Checking existence of `"train-start-practice" Any`
    t =    78.16s Find the "train-start-practice" Any
    t =    78.22s Find the "train-start-practice" Button
    t =    78.27s Find the "train-start-practice" Button
    t =    78.32s Checking existence of `"train-start-graph-construction" Any`
    t =    78.37s Checking existence of `"5 questions" Button`
    t =    78.42s Find the "5 questions" Button
    t =    78.46s Find the "5 questions" Button
    t =    78.53s Find the ScrollView at {{0.0, 0.0}, {375.0, 667.0}}
    t =    78.57s Checking existence of `"5 questions" Button`
    t =    78.62s Find the "5 questions" Button
    t =    78.69s Find the "5 questions" Button
    t =    78.74s Find the "5 questions" Button
    t =    78.79s Press "5 questions" Button for 0.1 seconds
    t =    78.79s     Wait for com.zacrotech.NeuroForge to idle
    t =    78.79s     Find the "5 questions" Button
    t =    78.84s     Check for interrupting elements affecting "5 questions" Button
    t =    78.88s     Synthesize event
    t =    79.27s     Wait for com.zacrotech.NeuroForge to idle
    t =    80.35s Checking `Expect predicate `selected == 1` for object "5 questions" Button`
    t =    80.36s     Find the "5 questions" Button
    t =    80.41s Waiting 5.0s for "train-start-coordinate-reasoning" Button to exist
    t =    81.43s     Checking `Expect predicate `existsNoRetry == 1` for object "train-start-coordinate-reasoning" Button`
    t =    81.44s         Checking existence of `"train-start-coordinate-reasoning" Button`
    t =    81.48s Find the "train-start-coordinate-reasoning" Button
    t =    81.55s Find the "train-start-coordinate-reasoning" Button
    t =    81.60s Find the "Start practice" Button
    t =    81.65s Press "train-start-coordinate-reasoning" Button for 0.1 seconds
    t =    81.65s     Wait for com.zacrotech.NeuroForge to idle
    t =    81.65s     Find the "train-start-coordinate-reasoning" Button
    t =    81.70s     Check for interrupting elements affecting "train-start-coordinate-reasoning" Button
    t =    81.75s     Synthesize event
    t =    82.14s     Wait for com.zacrotech.NeuroForge to idle
    t =    83.15s Waiting 15.0s for "universal-session" Any to exist
    t =    84.18s     Checking `Expect predicate `existsNoRetry == 1` for object "universal-session" Any`
    t =    84.18s         Checking existence of `"universal-session" Any`
    t =    84.28s Waiting 3.0s for "session-resume" Any to exist
    t =    85.30s     Checking `Expect predicate `existsNoRetry == 1` for object "session-resume" Any`
    t =    85.30s         Checking existence of `"session-resume" Any`
    t =    85.39s         Capturing element debug description
    t =    86.30s     Checking `Expect predicate `existsNoRetry == 1` for object "session-resume" Any`
    t =    86.30s         Checking existence of `"session-resume" Any`
    t =    86.37s         Capturing element debug description
    t =    87.28s     Checking `Expect predicate `existsNoRetry == 1` for object "session-resume" Any`
    t =    87.28s         Checking existence of `"session-resume" Any`
    t =    87.35s         Capturing element debug description
    t =    87.35s     Checking existence of `"session-resume" Any`
    t =    87.42s Collecting debug information to assist test failure triage
    t =    87.42s     Requesting snapshot of accessibility hierarchy for app with pid 22097
    t =    87.68s Waiting 8.0s for "session-position" Any to exist
    t =    88.75s     Checking `Expect predicate `existsNoRetry == 1` for object "session-position" Any`
    t =    88.76s         Checking existence of `"session-position" Any`
    t =    88.84s Find the "session-position" Any
    t =    88.91s Waiting 8.0s for "session-prompt" Any to exist
    t =    89.94s     Checking `Expect predicate `existsNoRetry == 1` for object "session-prompt" Any`
    t =    89.94s         Checking existence of `"session-prompt" Any`
    t =    90.01s Find the "session-prompt" Any
    t =    90.08s Checking existence of `"coordinate-reasoning-original" Any`
    t =    90.14s Find the "coordinate-reasoning-original" Any
    t =    90.20s Find the "coordinate-reasoning-original" StaticText
    t =    90.26s Checking existence of `"coordinate-reasoning-show" Button`
    t =    90.32s Checking existence of `"coordinate-reasoning-worked" Any`
    t =    90.59s Added attachment named 'advanced-coordinate-public-oracle-Coordinate Rotation-en'
    t =    90.59s Waiting 8.0s for "Response for x (grid units)" TextField to exist
    t =    91.61s     Checking `Expect predicate `existsNoRetry == 1` for object "Response for x (grid units)" TextField`
    t =    91.61s         Checking existence of `"Response for x (grid units)" TextField`
    t =    91.72s Get all elements bound by index for: Descendants matching type ScrollView
    t =    91.77s Find the ScrollView (Element at index 0)
    t =    91.87s Find the Target Application 'com.zacrotech.NeuroForge'
    t =    91.92s Checking existence of `Keyboard (First Match)`
    t =    92.02s Get all elements bound by index for: Descendants matching type NavigationBar
    t =    92.07s Find the NavigationBar (Element at index 0)
    t =    92.13s Find the ScrollView at {{0.0, 169.5}, {375.0, 497.5}}
    t =    92.19s Find the ScrollView at {{0.0, 169.5}, {375.0, 497.5}}
    t =    92.24s Get all elements bound by index for: Descendants matching type TabBar
    t =    92.29s Find the TabBar (Element at index 0)
    t =    92.35s Checking existence of `"Response for x (grid units)" TextField`
    t =    92.41s Find the "Response for x (grid units)" TextField
    t =    92.46s Checking existence of `"session-submit" Any`
    t =    92.52s Find the "session-submit" Any
    t =    92.61s Find the "session-submit" Button
    t =    92.68s Find the "session-submit" Button
    t =    92.75s Checking existence of `"session-next" Any`
    t =    92.81s Checking existence of `"train-start-practice" Any`
    t =    92.88s Find the "train-start-practice" Any
    t =    92.96s Checking existence of `"train-start-graph-construction" Any`
    t =    93.03s Checking existence of `"Response for x (grid units)" TextField`
    t =    93.08s Find the "Response for x (grid units)" TextField
    t =    93.14s Find the "Response for x (grid units)" TextField
    t =    93.21s Find the ScrollView at {{0.0, 169.5}, {375.0, 497.5}}
    t =    93.27s Checking existence of `"Response for x (grid units)" TextField`
    t =    93.32s Find the "Response for x (grid units)" TextField
    t =    93.39s Checking existence of `"Response for x (grid units)" TextField`
    t =    93.44s Find the "Response for x (grid units)" TextField
    t =    93.51s Find the ScrollView at {{0.0, 169.5}, {375.0, 497.5}}
    t =    93.57s Checking existence of `"Response for x (grid units)" TextField`
    t =    93.65s Find the "Response for x (grid units)" TextField
    t =    93.72s Press Target Application 'com.zacrotech.NeuroForge'[0.00, 0.00] -> (12.0, 516.3) for 0.1 seconds, then drag to Target Application 'com.zacrotech.NeuroForge'[0.00, 0.00] -> (12.0, 257.7) with velocity of 250.00 pixels per second, and then hold for 0.2 seconds 
    t =    93.72s     Wait for com.zacrotech.NeuroForge to idle
    t =    93.72s     Find the Target Application 'com.zacrotech.NeuroForge'
    t =    93.77s     Check for interrupting elements affecting "NeuroForge" Application
    t =    93.91s     Synthesize event
    t =    93.91s         Find the Target Application 'com.zacrotech.NeuroForge'
    t =    93.95s         Find the Target Application 'com.zacrotech.NeuroForge'
    t =    94.00s         Find the Target Application 'com.zacrotech.NeuroForge'
    t =    94.04s         Find the Target Application 'com.zacrotech.NeuroForge'
    t =    94.09s         Find the Target Application 'com.zacrotech.NeuroForge'
    t =    95.71s     Wait for com.zacrotech.NeuroForge to idle
    t =    95.71s Get all elements bound by index for: Descendants matching type ScrollView
    t =    95.77s Find the ScrollView (Element at index 0)
    t =    95.83s Find the Target Application 'com.zacrotech.NeuroForge'
    t =    95.88s Checking existence of `Keyboard (First Match)`
    t =    95.98s Get all elements bound by index for: Descendants matching type NavigationBar
    t =    96.02s Find the NavigationBar (Element at index 0)
    t =    96.08s Find the ScrollView at {{0.0, 169.5}, {375.0, 497.5}}
    t =    96.13s Find the ScrollView at {{0.0, 169.5}, {375.0, 497.5}}
    t =    96.18s Get all elements bound by index for: Descendants matching type TabBar
    t =    96.23s Find the TabBar (Element at index 0)
    t =    96.29s Checking existence of `"Response for x (grid units)" TextField`
    t =    96.35s Find the "Response for x (grid units)" TextField
    t =    96.41s Checking existence of `"session-submit" Any`
    t =    96.47s Find the "session-submit" Any
    t =    96.54s Find the "session-submit" Button
    t =    96.61s Find the "session-submit" Button
    t =    96.68s Checking existence of `"session-next" Any`
    t =    96.74s Checking existence of `"train-start-practice" Any`
    t =    96.81s Find the "train-start-practice" Any
    t =    96.89s Checking existence of `"train-start-graph-construction" Any`
    t =    96.95s Checking existence of `"Response for x (grid units)" TextField`
    t =    97.01s Find the "Response for x (grid units)" TextField
    t =    97.07s Find the "Response for x (grid units)" TextField
    t =    97.14s Find the ScrollView at {{0.0, 169.5}, {375.0, 497.5}}
    t =    97.19s Checking existence of `"Response for x (grid units)" TextField`
    t =    97.25s Find the "Response for x (grid units)" TextField
    t =    97.31s Checking existence of `"Response for x (grid units)" TextField`
    t =    97.37s Find the "Response for x (grid units)" TextField
    t =    97.43s Find the ScrollView at {{0.0, 169.5}, {375.0, 497.5}}
    t =    97.48s Checking existence of `"Response for x (grid units)" TextField`
    t =    97.53s Find the "Response for x (grid units)" TextField
    t =    97.59s Press Target Application 'com.zacrotech.NeuroForge'[0.00, 0.00] -> (12.0, 516.3) for 0.1 seconds, then drag to Target Application 'com.zacrotech.NeuroForge'[0.00, 0.00] -> (12.0, 257.7) with velocity of 250.00 pixels per second, and then hold for 0.2 seconds 
    t =    97.59s     Wait for com.zacrotech.NeuroForge to idle
    t =    97.59s     Find the Target Application 'com.zacrotech.NeuroForge'
    t =    97.64s     Check for interrupting elements affecting "NeuroForge" Application
    t =    97.70s     Synthesize event
    t =    97.70s         Find the Target Application 'com.zacrotech.NeuroForge'
    t =    97.74s         Find the Target Application 'com.zacrotech.NeuroForge'
    t =    97.78s         Find the Target Application 'com.zacrotech.NeuroForge'
    t =    97.83s         Find the Target Application 'com.zacrotech.NeuroForge'
    t =    97.88s         Find the Target Application 'com.zacrotech.NeuroForge'
    t =    99.46s     Wait for com.zacrotech.NeuroForge to idle
    t =    99.46s Get all elements bound by index for: Descendants matching type ScrollView
    t =    99.53s Find the ScrollView (Element at index 0)
    t =    99.59s Find the Target Application 'com.zacrotech.NeuroForge'
    t =    99.63s Checking existence of `Keyboard (First Match)`
    t =    99.74s Get all elements bound by index for: Descendants matching type NavigationBar
    t =    99.78s Find the NavigationBar (Element at index 0)
    t =    99.84s Find the ScrollView at {{0.0, 169.5}, {375.0, 497.5}}
    t =    99.89s Find the ScrollView at {{0.0, 169.5}, {375.0, 497.5}}
    t =    99.94s Get all elements bound by index for: Descendants matching type TabBar
    t =    99.99s Find the TabBar (Element at index 0)
    t =   100.05s Checking existence of `"Response for x (grid units)" TextField`
    t =   100.12s Find the "Response for x (grid units)" TextField
    t =   100.18s Checking existence of `"session-submit" Any`
    t =   100.24s Find the "session-submit" Any
    t =   100.31s Find the "session-submit" Button
    t =   100.37s Find the "session-submit" Button
    t =   100.43s Checking existence of `"session-next" Any`
    t =   100.49s Checking existence of `"train-start-practice" Any`
    t =   100.56s Find the "train-start-practice" Any
    t =   100.65s Checking existence of `"train-start-graph-construction" Any`
    t =   100.71s Checking existence of `"Response for x (grid units)" TextField`
    t =   100.76s Find the "Response for x (grid units)" TextField
    t =   100.82s Find the "Response for x (grid units)" TextField
    t =   100.89s Find the ScrollView at {{0.0, 169.5}, {375.0, 497.5}}
    t =   100.94s Checking existence of `"Response for x (grid units)" TextField`
    t =   101.00s Find the "Response for x (grid units)" TextField
    t =   101.08s Checking existence of `"Response for x (grid units)" TextField`
    t =   101.16s Find the "Response for x (grid units)" TextField
    t =   101.22s Find the ScrollView at {{0.0, 169.5}, {375.0, 497.5}}
    t =   101.27s Checking existence of `"Response for x (grid units)" TextField`
    t =   101.33s Find the "Response for x (grid units)" TextField
    t =   101.39s Press Target Application 'com.zacrotech.NeuroForge'[0.00, 0.00] -> (12.0, 516.3) for 0.1 seconds, then drag to Target Application 'com.zacrotech.NeuroForge'[0.00, 0.00] -> (12.0, 339.8) with velocity of 250.00 pixels per second, and then hold for 0.2 seconds 
    t =   101.39s     Wait for com.zacrotech.NeuroForge to idle
    t =   101.39s     Find the Target Application 'com.zacrotech.NeuroForge'
    t =   101.44s     Check for interrupting elements affecting "NeuroForge" Application
    t =   101.49s     Synthesize event
    t =   101.50s         Find the Target Application 'com.zacrotech.NeuroForge'
    t =   101.54s         Find the Target Application 'com.zacrotech.NeuroForge'
    t =   101.58s         Find the Target Application 'com.zacrotech.NeuroForge'
    t =   101.63s         Find the Target Application 'com.zacrotech.NeuroForge'
    t =   101.67s         Find the Target Application 'com.zacrotech.NeuroForge'
    t =   102.93s     Wait for com.zacrotech.NeuroForge to idle
    t =   102.93s Get all elements bound by index for: Descendants matching type ScrollView
    t =   102.98s Find the ScrollView (Element at index 0)
    t =   103.04s Find the Target Application 'com.zacrotech.NeuroForge'
    t =   103.08s Checking existence of `Keyboard (First Match)`
    t =   103.19s Get all elements bound by index for: Descendants matching type NavigationBar
    t =   103.24s Find the NavigationBar (Element at index 0)
    t =   103.30s Find the ScrollView at {{0.0, 169.5}, {375.0, 497.5}}
    t =   103.36s Find the ScrollView at {{0.0, 169.5}, {375.0, 497.5}}
    t =   103.41s Get all elements bound by index for: Descendants matching type TabBar
    t =   103.46s Find the TabBar (Element at index 0)
    t =   103.52s Checking existence of `"Response for x (grid units)" TextField`
    t =   103.58s Find the "Response for x (grid units)" TextField
    t =   103.63s Checking existence of `"session-submit" Any`
    t =   103.69s Find the "session-submit" Any
    t =   103.77s Find the "session-submit" Button
    t =   103.83s Find the "session-submit" Button
    t =   103.90s Checking existence of `"session-next" Any`
    t =   103.96s Checking existence of `"train-start-practice" Any`
    t =   104.02s Find the "train-start-practice" Any
    t =   104.11s Checking existence of `"train-start-graph-construction" Any`
    t =   104.17s Checking existence of `"Response for x (grid units)" TextField`
    t =   104.23s Find the "Response for x (grid units)" TextField
    t =   104.30s Find the "Response for x (grid units)" TextField
    t =   104.36s Find the ScrollView at {{0.0, 169.5}, {375.0, 497.5}}
    t =   104.41s Checking existence of `"Response for x (grid units)" TextField`
    t =   104.47s Find the "Response for x (grid units)" TextField
    t =   104.53s Find the "Response for x (grid units)" TextField
    t =   104.59s Find the "Response for x (grid units)" TextField
    t =   104.65s Checking existence of `"Response for x (grid units)" TextField`
    t =   104.71s Find the "Response for x (grid units)" TextField
    t =   104.77s Find the ScrollView at {{0.0, 169.5}, {375.0, 497.5}}
    t =   104.82s Checking existence of `"Response for x (grid units)" TextField`
    t =   104.88s Find the "Response for x (grid units)" TextField
    t =   104.94s Press Target Application 'com.zacrotech.NeuroForge'[0.00, 0.00] -> (12.0, 516.3) for 0.1 seconds, then drag to Target Application 'com.zacrotech.NeuroForge'[0.00, 0.00] -> (12.0, 500.3) with velocity of 250.00 pixels per second, and then hold for 0.2 seconds 
    t =   104.94s     Wait for com.zacrotech.NeuroForge to idle
    t =   104.94s     Find the Target Application 'com.zacrotech.NeuroForge'
    t =   104.99s     Check for interrupting elements affecting "NeuroForge" Application
    t =   105.04s     Synthesize event
    t =   105.05s         Find the Target Application 'com.zacrotech.NeuroForge'
    t =   105.09s         Find the Target Application 'com.zacrotech.NeuroForge'
    t =   105.13s         Find the Target Application 'com.zacrotech.NeuroForge'
    t =   105.17s         Find the Target Application 'com.zacrotech.NeuroForge'
    t =   105.22s         Find the Target Application 'com.zacrotech.NeuroForge'
    t =   105.83s     Wait for com.zacrotech.NeuroForge to idle
    t =   107.32s Get all elements bound by index for: Descendants matching type ScrollView
    t =   107.38s Find the ScrollView (Element at index 0)
    t =   107.44s Find the Target Application 'com.zacrotech.NeuroForge'
    t =   107.48s Checking existence of `Keyboard (First Match)`
    t =   107.58s Get all elements bound by index for: Descendants matching type NavigationBar
    t =   107.63s Find the NavigationBar (Element at index 0)
    t =   107.69s Find the ScrollView at {{0.0, 169.5}, {375.0, 497.5}}
    t =   107.74s Find the ScrollView at {{0.0, 169.5}, {375.0, 497.5}}
    t =   107.79s Get all elements bound by index for: Descendants matching type TabBar
    t =   107.84s Find the TabBar (Element at index 0)
    t =   107.90s Checking existence of `"Response for x (grid units)" TextField`
    t =   107.96s Find the "Response for x (grid units)" TextField
    t =   108.01s Checking existence of `"session-submit" Any`
    t =   108.07s Find the "session-submit" Any
    t =   108.15s Find the "session-submit" Button
    t =   108.21s Find the "session-submit" Button
    t =   108.28s Checking existence of `"session-next" Any`
    t =   108.34s Checking existence of `"train-start-practice" Any`
    t =   108.40s Find the "train-start-practice" Any
    t =   108.48s Checking existence of `"train-start-graph-construction" Any`
    t =   108.54s Checking existence of `"Response for x (grid units)" TextField`
    t =   108.60s Find the "Response for x (grid units)" TextField
    t =   108.66s Find the "Response for x (grid units)" TextField
    t =   108.73s Find the ScrollView at {{0.0, 169.5}, {375.0, 497.5}}
    t =   108.78s Checking existence of `"Response for x (grid units)" TextField`
    t =   108.84s Find the "Response for x (grid units)" TextField
    t =   108.91s Find the "Response for x (grid units)" TextField
    t =   108.97s Find the "Response for x (grid units)" TextField
    t =   109.03s Find the "Response for x (grid units)" TextField
    t =   109.09s Press "Response for x (grid units)" TextField for 0.1 seconds
    t =   109.09s     Wait for com.zacrotech.NeuroForge to idle
    t =   109.09s     Find the "Response for x (grid units)" TextField
    t =   109.15s     Check for interrupting elements affecting "Response for x (grid units)" TextField
    t =   109.21s     Synthesize event
    t =   109.60s     Wait for com.zacrotech.NeuroForge to idle
    t =   110.98s Waiting 5.0s for Keyboard (First Match) to exist
    t =   112.03s     Checking `Expect predicate `existsNoRetry == 1` for object Keyboard (First Match)`
    t =   112.03s         Checking existence of `Keyboard (First Match)`
    t =   112.05s Type '-3' into "Response for x (grid units)" TextField
    t =   112.05s     Wait for com.zacrotech.NeuroForge to idle
    t =   112.06s     Find the "Response for x (grid units)" TextField
    t =   112.15s     Check for interrupting elements affecting "Response for x (grid units)" TextField
    t =   112.22s     Synthesize event
    t =   112.46s     Wait for com.zacrotech.NeuroForge to idle
    t =   113.50s Checking `Expect predicate `value == "-3"` for object "Response for x (grid units)" TextField`
    t =   113.51s     Find the "Response for x (grid units)" TextField
    t =   113.60s Waiting 8.0s for "Response for y (grid units)" TextField to exist
    t =   114.66s     Checking `Expect predicate `existsNoRetry == 1` for object "Response for y (grid units)" TextField`
    t =   114.66s         Checking existence of `"Response for y (grid units)" TextField`
    t =   114.76s Get all elements bound by index for: Descendants matching type ScrollView
    t =   114.82s Find the ScrollView (Element at index 0)
    t =   114.89s Find the Target Application 'com.zacrotech.NeuroForge'
    t =   114.94s Checking existence of `Keyboard (First Match)`
    t =   114.96s Find the Keyboard (First Match)
    t =   115.00s Get all elements bound by index for: Descendants matching type NavigationBar
    t =   115.06s Find the NavigationBar (Element at index 0)
    t =   115.13s Find the ScrollView at {{0.0, 169.5}, {375.0, 497.5}}
    t =   115.20s Find the ScrollView at {{0.0, 169.5}, {375.0, 497.5}}
    t =   115.25s Get all elements bound by index for: Descendants matching type TabBar
    t =   115.31s Find the TabBar (Element at index 0)
    t =   115.38s Checking existence of `"Response for y (grid units)" TextField`
    t =   115.45s Find the "Response for y (grid units)" TextField
    t =   115.52s Checking existence of `"session-submit" Any`
    t =   115.60s Find the "session-submit" Any
    t =   115.69s Find the "session-submit" Button
    t =   115.76s Find the "session-submit" Button
    t =   115.85s Checking existence of `"session-next" Any`
    t =   115.93s Checking existence of `"train-start-practice" Any`
    t =   116.00s Find the "train-start-practice" Any
    t =   116.10s Checking existence of `"train-start-graph-construction" Any`
    t =   116.18s Checking existence of `"Response for y (grid units)" TextField`
    t =   116.25s Find the "Response for y (grid units)" TextField
    t =   116.33s Find the "Response for y (grid units)" TextField
    t =   116.43s Find the ScrollView at {{0.0, 169.5}, {375.0, 497.5}}
    t =   116.49s Checking existence of `"Response for y (grid units)" TextField`
    t =   116.58s Find the "Response for y (grid units)" TextField
    t =   116.67s Find the "Response for y (grid units)" TextField
    t =   116.76s Find the "Response for y (grid units)" TextField
    t =   116.83s Checking existence of `"Response for y (grid units)" TextField`
    t =   116.89s Find the "Response for y (grid units)" TextField
    t =   116.97s Find the ScrollView at {{0.0, 169.5}, {375.0, 497.5}}
    t =   117.03s Checking existence of `"Response for y (grid units)" TextField`
    t =   117.09s Find the "Response for y (grid units)" TextField
    t =   117.16s Press Target Application 'com.zacrotech.NeuroForge'[0.00, 0.00] -> (12.0, 308.3) for 0.1 seconds, then drag to Target Application 'com.zacrotech.NeuroForge'[0.00, 0.00] -> (12.0, 231.3) with velocity of 250.00 pixels per second, and then hold for 0.2 seconds 
    t =   117.16s     Wait for com.zacrotech.NeuroForge to idle
    t =   117.17s     Find the Target Application 'com.zacrotech.NeuroForge'
    t =   117.22s     Check for interrupting elements affecting "NeuroForge" Application
    t =   117.31s     Synthesize event
    t =   117.31s         Find the Target Application 'com.zacrotech.NeuroForge'
    t =   117.36s         Find the Target Application 'com.zacrotech.NeuroForge'
    t =   117.41s         Find the Target Application 'com.zacrotech.NeuroForge'
    t =   117.46s         Find the Target Application 'com.zacrotech.NeuroForge'
    t =   117.51s         Find the Target Application 'com.zacrotech.NeuroForge'
    t =   118.39s     Wait for com.zacrotech.NeuroForge to idle
    t =   118.40s Get all elements bound by index for: Descendants matching type ScrollView
    t =   118.47s Find the ScrollView (Element at index 0)
    t =   118.54s Find the Target Application 'com.zacrotech.NeuroForge'
    t =   118.59s Checking existence of `Keyboard (First Match)`
    t =   118.61s Find the Keyboard (First Match)
    t =   118.62s Get all elements bound by index for: Descendants matching type NavigationBar
    t =   118.68s Find the NavigationBar (Element at index 0)
    t =   118.75s Find the ScrollView at {{0.0, 169.5}, {375.0, 497.5}}
    t =   118.81s Find the ScrollView at {{0.0, 169.5}, {375.0, 497.5}}
    t =   118.86s Get all elements bound by index for: Descendants matching type TabBar
    t =   118.92s Find the TabBar (Element at index 0)
    t =   118.99s Checking existence of `"Response for y (grid units)" TextField`
    t =   119.06s Find the "Response for y (grid units)" TextField
    t =   119.14s Checking existence of `"session-submit" Any`
    t =   119.21s Find the "session-submit" Any
    t =   119.30s Find the "session-submit" Button
    t =   119.37s Find the "session-submit" Button
    t =   119.45s Checking existence of `"session-next" Any`
    t =   119.52s Checking existence of `"train-start-practice" Any`
    t =   119.60s Find the "train-start-practice" Any
    t =   119.70s Checking existence of `"train-start-graph-construction" Any`
    t =   119.78s Checking existence of `"Response for y (grid units)" TextField`
    t =   119.85s Find the "Response for y (grid units)" TextField
    t =   119.92s Find the "Response for y (grid units)" TextField
    t =   120.00s Find the ScrollView at {{0.0, 169.5}, {375.0, 497.5}}
    t =   120.06s Checking existence of `"Response for y (grid units)" TextField`
    t =   120.13s Find the "Response for y (grid units)" TextField
    t =   120.21s Find the "Response for y (grid units)" TextField
    t =   120.28s Find the "Response for y (grid units)" TextField
    t =   120.35s Checking existence of `"Response for y (grid units)" TextField`
    t =   120.43s Find the "Response for y (grid units)" TextField
    t =   120.50s Find the ScrollView at {{0.0, 169.5}, {375.0, 497.5}}
    t =   120.57s Checking existence of `"Response for y (grid units)" TextField`
    t =   120.63s Find the "Response for y (grid units)" TextField
    t =   120.70s Press Target Application 'com.zacrotech.NeuroForge'[0.00, 0.00] -> (12.0, 308.3) for 0.1 seconds, then drag to Target Application 'com.zacrotech.NeuroForge'[0.00, 0.00] -> (12.0, 288.3) with velocity of 250.00 pixels per second, and then hold for 0.2 seconds 
    t =   120.71s     Wait for com.zacrotech.NeuroForge to idle
    t =   120.71s     Find the Target Application 'com.zacrotech.NeuroForge'
    t =   120.76s     Check for interrupting elements affecting "NeuroForge" Application
    t =   120.83s     Synthesize event
    t =   120.83s         Find the Target Application 'com.zacrotech.NeuroForge'
    t =   120.88s         Find the Target Application 'com.zacrotech.NeuroForge'
    t =   120.93s         Find the Target Application 'com.zacrotech.NeuroForge'
    t =   120.98s         Find the Target Application 'com.zacrotech.NeuroForge'
    t =   121.03s         Find the Target Application 'com.zacrotech.NeuroForge'
    t =   121.68s     Wait for com.zacrotech.NeuroForge to idle
    t =   121.69s Get all elements bound by index for: Descendants matching type ScrollView
    t =   121.85s Find the ScrollView (Element at index 0)
    t =   121.92s Find the Target Application 'com.zacrotech.NeuroForge'
    t =   121.97s Checking existence of `Keyboard (First Match)`
    t =   121.99s Find the Keyboard (First Match)
    t =   122.01s Get all elements bound by index for: Descendants matching type NavigationBar
    t =   122.07s Find the NavigationBar (Element at index 0)
    t =   122.13s Find the ScrollView at {{0.0, 169.5}, {375.0, 497.5}}
    t =   122.20s Find the ScrollView at {{0.0, 169.5}, {375.0, 497.5}}
    t =   122.25s Get all elements bound by index for: Descendants matching type TabBar
    t =   122.31s Find the TabBar (Element at index 0)
    t =   122.37s Checking existence of `"Response for y (grid units)" TextField`
    t =   122.45s Find the "Response for y (grid units)" TextField
    t =   122.52s Checking existence of `"session-submit" Any`
    t =   122.60s Find the "session-submit" Any
    t =   122.69s Find the "session-submit" Button
    t =   122.78s Find the "session-submit" Button
    t =   122.87s Checking existence of `"session-next" Any`
    t =   122.94s Checking existence of `"train-start-practice" Any`
    t =   123.03s Find the "train-start-practice" Any
    t =   123.13s Checking existence of `"train-start-graph-construction" Any`
    t =   123.21s Checking existence of `"Response for y (grid units)" TextField`
    t =   123.28s Find the "Response for y (grid units)" TextField
    t =   123.35s Find the "Response for y (grid units)" TextField
    t =   123.45s Find the ScrollView at {{0.0, 169.5}, {375.0, 497.5}}
    t =   123.53s Checking existence of `"Response for y (grid units)" TextField`
    t =   123.60s Find the "Response for y (grid units)" TextField
    t =   123.68s Find the "Response for y (grid units)" TextField
    t =   123.75s Find the "Response for y (grid units)" TextField
    t =   123.83s Checking existence of `"Response for y (grid units)" TextField`
    t =   123.96s Find the "Response for y (grid units)" TextField
    t =   124.11s Find the ScrollView at {{0.0, 169.5}, {375.0, 497.5}}
    t =   124.17s Checking existence of `"Response for y (grid units)" TextField`
    t =   124.25s Find the "Response for y (grid units)" TextField
    t =   124.32s Press Target Application 'com.zacrotech.NeuroForge'[0.00, 0.00] -> (12.0, 308.3) for 0.1 seconds, then drag to Target Application 'com.zacrotech.NeuroForge'[0.00, 0.00] -> (12.0, 292.3) with velocity of 250.00 pixels per second, and then hold for 0.2 seconds 
    t =   124.32s     Wait for com.zacrotech.NeuroForge to idle
    t =   124.33s     Find the Target Application 'com.zacrotech.NeuroForge'
    t =   124.39s     Check for interrupting elements affecting "NeuroForge" Application
    t =   124.55s     Synthesize event
    t =   124.55s         Find the Target Application 'com.zacrotech.NeuroForge'
    t =   124.63s         Find the Target Application 'com.zacrotech.NeuroForge'
    t =   124.69s         Find the Target Application 'com.zacrotech.NeuroForge'
    t =   124.74s         Find the Target Application 'com.zacrotech.NeuroForge'
    t =   124.80s         Find the Target Application 'com.zacrotech.NeuroForge'
    t =   125.45s     Wait for com.zacrotech.NeuroForge to idle
    t =   125.45s Get all elements bound by index for: Descendants matching type ScrollView
    t =   125.52s Find the ScrollView (Element at index 0)
    t =   125.58s Find the Target Application 'com.zacrotech.NeuroForge'
    t =   125.63s Checking existence of `Keyboard (First Match)`
    t =   125.65s Find the Keyboard (First Match)
    t =   125.66s Get all elements bound by index for: Descendants matching type NavigationBar
    t =   125.72s Find the NavigationBar (Element at index 0)
    t =   125.79s Find the ScrollView at {{0.0, 169.5}, {375.0, 497.5}}
    t =   125.85s Find the ScrollView at {{0.0, 169.5}, {375.0, 497.5}}
    t =   125.91s Get all elements bound by index for: Descendants matching type TabBar
    t =   125.96s Find the TabBar (Element at index 0)
    t =   126.02s Checking existence of `"Response for y (grid units)" TextField`
    t =   126.09s Find the "Response for y (grid units)" TextField
    t =   126.15s Checking existence of `"session-submit" Any`
    t =   126.22s Find the "session-submit" Any
    t =   126.30s Find the "session-submit" Button
    t =   126.38s Find the "session-submit" Button
    t =   126.46s Checking existence of `"session-next" Any`
    t =   126.53s Checking existence of `"train-start-practice" Any`
    t =   126.61s Find the "train-start-practice" Any
    t =   126.70s Checking existence of `"train-start-graph-construction" Any`
    t =   126.77s Checking existence of `"Response for y (grid units)" TextField`
    t =   126.84s Find the "Response for y (grid units)" TextField
    t =   126.90s Find the "Response for y (grid units)" TextField
    t =   126.98s Find the ScrollView at {{0.0, 169.5}, {375.0, 497.5}}
    t =   127.04s Checking existence of `"Response for y (grid units)" TextField`
    t =   127.10s Find the "Response for y (grid units)" TextField
    t =   127.17s Find the "Response for y (grid units)" TextField
    t =   127.24s Find the "Response for y (grid units)" TextField
    t =   127.33s Find the "Response for y (grid units)" TextField
    t =   127.40s Press "Response for y (grid units)" TextField for 0.1 seconds
    t =   127.40s     Wait for com.zacrotech.NeuroForge to idle
    t =   127.41s     Find the "Response for y (grid units)" TextField
    t =   127.47s     Check for interrupting elements affecting "Response for y (grid units)" TextField
    t =   127.54s     Synthesize event
    t =   127.92s     Wait for com.zacrotech.NeuroForge to idle
    t =   128.28s Waiting 5.0s for Keyboard (First Match) to exist
    t =   129.34s     Checking `Expect predicate `existsNoRetry == 1` for object Keyboard (First Match)`
    t =   129.34s         Checking existence of `Keyboard (First Match)`
    t =   129.36s Type '2' into "Response for y (grid units)" TextField
    t =   129.36s     Wait for com.zacrotech.NeuroForge to idle
    t =   129.36s     Find the "Response for y (grid units)" TextField
    t =   129.44s     Check for interrupting elements affecting "Response for y (grid units)" TextField
    t =   129.52s     Synthesize event
    t =   129.74s     Wait for com.zacrotech.NeuroForge to idle
    t =   130.75s Checking `Expect predicate `value == "2"` for object "Response for y (grid units)" TextField`
    t =   130.75s     Find the "Response for y (grid units)" TextField
    t =   130.84s Get all elements bound by index for: Descendants matching type TextField
    t =   130.90s Find the TextField (Element at index 0)
    t =   130.95s Find the "Response for x (grid units)" TextField
    t =   131.01s Find the "Response for x (grid units)" TextField
    t =   131.07s Find the "Response for x (grid units)" TextField
    t =   131.13s Find the TextField (Element at index 1)
    t =   131.19s Find the "Response for y (grid units)" TextField
    t =   131.25s Find the "Response for y (grid units)" TextField
    t =   131.31s Find the "Response for y (grid units)" TextField
    t =   131.37s Get all elements bound by index for: Descendants matching type TextView
    t =   131.43s Waiting 8.0s for "session-submit" Any to exist
    t =   132.44s     Checking `Expect predicate `existsNoRetry == 1` for object "session-submit" Any`
    t =   132.44s         Checking existence of `"session-submit" Any`
    t =   132.54s Get all elements bound by index for: Descendants matching type ScrollView
    t =   132.59s Find the ScrollView (Element at index 0)
    t =   132.66s Find the Target Application 'com.zacrotech.NeuroForge'
    t =   132.71s Checking existence of `Keyboard (First Match)`
    t =   132.72s Find the Keyboard (First Match)
    t =   132.74s Get all elements bound by index for: Descendants matching type NavigationBar
    t =   132.80s Find the NavigationBar (Element at index 0)
    t =   132.86s Find the ScrollView at {{0.0, 169.5}, {375.0, 497.5}}
    t =   132.92s Find the ScrollView at {{0.0, 169.5}, {375.0, 497.5}}
    t =   132.98s Get all elements bound by index for: Descendants matching type TabBar
    t =   133.04s Find the TabBar (Element at index 0)
    t =   133.10s Checking existence of `"session-submit" Any`
    t =   133.18s Find the "session-submit" Any
    t =   133.25s Checking existence of `"session-submit" Button`
    t =   133.32s Find the "session-submit" Button
    t =   133.41s Find the "session-submit" Button
    t =   133.49s Find the "session-submit" Button
    t =   134.57s Checking `Expect predicate `enabled == 1` for object "session-submit" Button`
    t =   134.57s     Find the "session-submit" Button
    t =   134.66s Tap "session-submit" Button
    t =   134.66s     Wait for com.zacrotech.NeuroForge to idle
    t =   134.66s     Find the "session-submit" Button
    t =   134.74s     Check for interrupting elements affecting "session-submit" Button
    t =   134.81s     Synthesize event
    t =   135.10s     Wait for com.zacrotech.NeuroForge to idle
    t =   135.23s Waiting 8.0s for "session-next" Any to exist
    t =   136.26s     Checking `Expect predicate `existsNoRetry == 1` for object "session-next" Any`
    t =   136.26s         Checking existence of `"session-next" Any`
    t =   136.34s Find the "session-position" ProgressIndicator
    t =   136.40s Find the "session-prompt" Any
    t =   136.47s Checking existence of `"Your answer" StaticText`
    t =   136.53s Checking existence of `TextField (First Match)`
    t =   136.56s Find the TextField (First Match)
    t =   136.58s Find the "Response for x (grid units)" TextField
    t =   136.60s Checking existence of `TextField (First Match)`
    t =   136.63s Find the TextField (First Match)
    t =   136.65s Find the "Response for y (grid units)" TextField
    t =   136.68s Waiting 8.0s for "session-feedback-title" Any to exist
    t =   137.71s     Checking `Expect predicate `existsNoRetry == 1` for object "session-feedback-title" Any`
    t =   137.71s         Checking existence of `"session-feedback-title" Any`
    t =   137.80s Get all elements bound by index for: Descendants matching type ScrollView
    t =   137.85s Find the ScrollView (Element at index 0)
    t =   137.90s Find the Target Application 'com.zacrotech.NeuroForge'
    t =   137.94s Checking existence of `Keyboard (First Match)`
    t =   138.04s Get all elements bound by index for: Descendants matching type NavigationBar
    t =   138.09s Find the NavigationBar (Element at index 0)
    t =   138.15s Find the ScrollView at {{0.0, 169.5}, {375.0, 497.5}}
    t =   138.20s Find the ScrollView at {{0.0, 169.5}, {375.0, 497.5}}
    t =   138.25s Get all elements bound by index for: Descendants matching type TabBar
    t =   138.30s Find the TabBar (Element at index 0)
    t =   138.36s Checking existence of `"session-feedback-title" Any`
    t =   138.42s Find the "session-feedback-title" Any
    t =   138.49s Checking existence of `"session-submit" Any`
    t =   138.55s Checking existence of `"session-next" Any`
    t =   138.61s Find the "session-next" Any
    t =   138.68s Find the "session-next" Button
    t =   138.75s Find the "session-next" Button
    t =   138.82s Checking existence of `"train-start-practice" Any`
    t =   138.88s Find the "train-start-practice" Any
    t =   138.96s Checking existence of `"train-start-graph-construction" Any`
    t =   139.03s Checking existence of `"session-feedback-title" StaticText`
    t =   139.09s Find the "session-feedback-title" StaticText
    t =   139.15s Find the "session-feedback-title" StaticText
    t =   139.23s Find the ScrollView at {{0.0, 169.5}, {375.0, 497.5}}
    t =   139.27s Checking existence of `"session-feedback-title" StaticText`
    t =   139.33s Find the "session-feedback-title" StaticText
    t =   139.40s Find the "session-feedback-title" StaticText
    t =   139.47s Find the "session-feedback-title" StaticText
    t =   139.54s Find the "session-feedback-title" StaticText
    t =   139.61s Find the "session-feedback-title" StaticText
    t =   139.67s Find the "session-feedback-title" StaticText
    t =   139.75s Find the "coordinate-reasoning-original" Any
    t =   139.83s Get all elements bound by index for: Descendants matching type ScrollView
    t =   139.87s Find the ScrollView (Element at index 0)
    t =   139.93s Find the Target Application 'com.zacrotech.NeuroForge'
    t =   139.97s Checking existence of `Keyboard (First Match)`
    t =   140.07s Get all elements bound by index for: Descendants matching type NavigationBar
    t =   140.12s Find the NavigationBar (Element at index 0)
    t =   140.18s Find the ScrollView at {{0.0, 169.5}, {375.0, 497.5}}
    t =   140.23s Find the ScrollView at {{0.0, 169.5}, {375.0, 497.5}}
    t =   140.28s Get all elements bound by index for: Descendants matching type TabBar
    t =   140.32s Find the TabBar (Element at index 0)
    t =   140.39s Checking existence of `"coordinate-reasoning-show" Button`
    t =   140.45s Find the "coordinate-reasoning-show" Button
    t =   140.51s Checking existence of `"session-submit" Any`
    t =   140.57s Checking existence of `"session-next" Any`
    t =   140.63s Find the "session-next" Any
    t =   140.71s Find the "session-next" Button
    t =   140.77s Find the "session-next" Button
    t =   140.84s Checking existence of `"train-start-practice" Any`
    t =   140.90s Find the "train-start-practice" Any
    t =   140.98s Checking existence of `"train-start-graph-construction" Any`
    t =   141.05s Checking existence of `"coordinate-reasoning-show" Button`
    t =   141.11s Find the "coordinate-reasoning-show" Button
    t =   141.17s Find the "coordinate-reasoning-show" Button
    t =   141.23s Find the ScrollView at {{0.0, 169.5}, {375.0, 497.5}}
    t =   141.28s Checking existence of `"coordinate-reasoning-show" Button`
    t =   141.34s Find the "coordinate-reasoning-show" Button
    t =   141.41s Checking existence of `"coordinate-reasoning-show" Button`
    t =   141.47s Find the "coordinate-reasoning-show" Button
    t =   141.53s Find the ScrollView at {{0.0, 169.5}, {375.0, 497.5}}
    t =   141.58s Checking existence of `"coordinate-reasoning-show" Button`
    t =   141.64s Find the "coordinate-reasoning-show" Button
    t =   141.70s Press Target Application 'com.zacrotech.NeuroForge'[0.00, 0.00] -> (12.0, 257.7) for 0.1 seconds, then drag to Target Application 'com.zacrotech.NeuroForge'[0.00, 0.00] -> (12.0, 516.3) with velocity of 250.00 pixels per second, and then hold for 0.2 seconds 
    t =   141.70s     Wait for com.zacrotech.NeuroForge to idle
    t =   141.70s     Find the Target Application 'com.zacrotech.NeuroForge'
    t =   141.75s     Check for interrupting elements affecting "NeuroForge" Application
    t =   141.81s     Synthesize event
    t =   141.81s         Find the Target Application 'com.zacrotech.NeuroForge'
    t =   141.85s         Find the Target Application 'com.zacrotech.NeuroForge'
    t =   141.90s         Find the Target Application 'com.zacrotech.NeuroForge'
    t =   141.94s         Find the Target Application 'com.zacrotech.NeuroForge'
    t =   141.98s         Find the Target Application 'com.zacrotech.NeuroForge'
    t =   143.56s     Wait for com.zacrotech.NeuroForge to idle
    t =   143.57s Get all elements bound by index for: Descendants matching type ScrollView
    t =   143.63s Find the ScrollView (Element at index 0)
    t =   143.70s Find the Target Application 'com.zacrotech.NeuroForge'
    t =   143.74s Checking existence of `Keyboard (First Match)`
    t =   143.84s Get all elements bound by index for: Descendants matching type NavigationBar
    t =   143.89s Find the NavigationBar (Element at index 0)
    t =   143.94s Find the ScrollView at {{0.0, 169.5}, {375.0, 497.5}}
    t =   144.00s Find the ScrollView at {{0.0, 169.5}, {375.0, 497.5}}
    t =   144.05s Get all elements bound by index for: Descendants matching type TabBar
    t =   144.09s Find the TabBar (Element at index 0)
    t =   144.16s Checking existence of `"coordinate-reasoning-show" Button`
    t =   144.22s Find the "coordinate-reasoning-show" Button
    t =   144.27s Checking existence of `"session-submit" Any`
    t =   144.34s Checking existence of `"session-next" Any`
    t =   144.40s Find the "session-next" Any
    t =   144.48s Find the "session-next" Button
    t =   144.54s Find the "session-next" Button
    t =   144.61s Checking existence of `"train-start-practice" Any`
    t =   144.68s Find the "train-start-practice" Any
    t =   144.76s Checking existence of `"train-start-graph-construction" Any`
    t =   144.82s Checking existence of `"coordinate-reasoning-show" Button`
    t =   144.88s Find the "coordinate-reasoning-show" Button
    t =   144.94s Find the "coordinate-reasoning-show" Button
    t =   145.01s Find the ScrollView at {{0.0, 169.5}, {375.0, 497.5}}
    t =   145.06s Checking existence of `"coordinate-reasoning-show" Button`
    t =   145.12s Find the "coordinate-reasoning-show" Button
    t =   145.19s Find the "coordinate-reasoning-show" Button
    t =   145.25s Checking existence of `"coordinate-reasoning-show" Button`
    t =   145.31s Find the "coordinate-reasoning-show" Button
    t =   145.37s Find the ScrollView at {{0.0, 169.5}, {375.0, 497.5}}
    t =   145.43s Checking existence of `"coordinate-reasoning-show" Button`
    t =   145.48s Find the "coordinate-reasoning-show" Button
    t =   145.54s Press Target Application 'com.zacrotech.NeuroForge'[0.00, 0.00] -> (12.0, 257.7) for 0.1 seconds, then drag to Target Application 'com.zacrotech.NeuroForge'[0.00, 0.00] -> (12.0, 321.2) with velocity of 250.00 pixels per second, and then hold for 0.2 seconds 
    t =   145.54s     Wait for com.zacrotech.NeuroForge to idle
    t =   145.54s     Find the Target Application 'com.zacrotech.NeuroForge'
    t =   145.58s     Check for interrupting elements affecting "NeuroForge" Application
    t =   145.64s     Synthesize event
    t =   145.65s         Find the Target Application 'com.zacrotech.NeuroForge'
    t =   145.69s         Find the Target Application 'com.zacrotech.NeuroForge'
    t =   145.73s         Find the Target Application 'com.zacrotech.NeuroForge'
    t =   145.77s         Find the Target Application 'com.zacrotech.NeuroForge'
    t =   145.83s         Find the Target Application 'com.zacrotech.NeuroForge'
    t =   146.64s     Wait for com.zacrotech.NeuroForge to idle
    t =   146.65s Get all elements bound by index for: Descendants matching type ScrollView
    t =   146.70s Find the ScrollView (Element at index 0)
    t =   146.75s Find the Target Application 'com.zacrotech.NeuroForge'
    t =   146.80s Checking existence of `Keyboard (First Match)`
    t =   146.90s Get all elements bound by index for: Descendants matching type NavigationBar
    t =   146.94s Find the NavigationBar (Element at index 0)
    t =   147.00s Find the ScrollView at {{0.0, 169.5}, {375.0, 497.5}}
    t =   147.05s Find the ScrollView at {{0.0, 169.5}, {375.0, 497.5}}
    t =   147.10s Get all elements bound by index for: Descendants matching type TabBar
    t =   147.15s Find the TabBar (Element at index 0)
    t =   147.21s Checking existence of `"coordinate-reasoning-show" Button`
    t =   147.27s Find the "coordinate-reasoning-show" Button
    t =   147.33s Checking existence of `"session-submit" Any`
    t =   147.39s Checking existence of `"session-next" Any`
    t =   147.45s Find the "session-next" Any
    t =   147.52s Find the "session-next" Button
    t =   147.59s Find the "session-next" Button
    t =   147.66s Checking existence of `"train-start-practice" Any`
    t =   147.72s Find the "train-start-practice" Any
    t =   147.80s Checking existence of `"train-start-graph-construction" Any`
    t =   147.86s Checking existence of `"coordinate-reasoning-show" Button`
    t =   147.91s Find the "coordinate-reasoning-show" Button
    t =   147.97s Find the "coordinate-reasoning-show" Button
    t =   148.04s Find the ScrollView at {{0.0, 169.5}, {375.0, 497.5}}
    t =   148.09s Checking existence of `"coordinate-reasoning-show" Button`
    t =   148.15s Find the "coordinate-reasoning-show" Button
    t =   148.21s Find the "coordinate-reasoning-show" Button
    t =   148.28s Checking existence of `"coordinate-reasoning-show" Button`
    t =   148.33s Find the "coordinate-reasoning-show" Button
    t =   148.40s Find the ScrollView at {{0.0, 169.5}, {375.0, 497.5}}
    t =   148.45s Checking existence of `"coordinate-reasoning-show" Button`
    t =   148.51s Find the "coordinate-reasoning-show" Button
    t =   148.57s Press Target Application 'com.zacrotech.NeuroForge'[0.00, 0.00] -> (12.0, 257.7) for 0.1 seconds, then drag to Target Application 'com.zacrotech.NeuroForge'[0.00, 0.00] -> (12.0, 273.7) with velocity of 250.00 pixels per second, and then hold for 0.2 seconds 
    t =   148.57s     Wait for com.zacrotech.NeuroForge to idle
    t =   148.57s     Find the Target Application 'com.zacrotech.NeuroForge'
    t =   148.62s     Check for interrupting elements affecting "NeuroForge" Application
    t =   148.68s     Synthesize event
    t =   148.68s         Find the Target Application 'com.zacrotech.NeuroForge'
    t =   148.73s         Find the Target Application 'com.zacrotech.NeuroForge'
    t =   148.77s         Find the Target Application 'com.zacrotech.NeuroForge'
    t =   148.81s         Find the Target Application 'com.zacrotech.NeuroForge'
    t =   148.86s         Find the Target Application 'com.zacrotech.NeuroForge'
    t =   149.48s     Wait for com.zacrotech.NeuroForge to idle
    t =   149.48s Get all elements bound by index for: Descendants matching type ScrollView
    t =   149.54s Find the ScrollView (Element at index 0)
    t =   149.60s Find the Target Application 'com.zacrotech.NeuroForge'
    t =   149.64s Checking existence of `Keyboard (First Match)`
    t =   149.74s Get all elements bound by index for: Descendants matching type NavigationBar
    t =   149.78s Find the NavigationBar (Element at index 0)
    t =   149.84s Find the ScrollView at {{0.0, 169.5}, {375.0, 497.5}}
    t =   149.89s Find the ScrollView at {{0.0, 169.5}, {375.0, 497.5}}
    t =   149.94s Get all elements bound by index for: Descendants matching type TabBar
    t =   149.99s Find the TabBar (Element at index 0)
    t =   150.05s Checking existence of `"coordinate-reasoning-show" Button`
    t =   150.11s Find the "coordinate-reasoning-show" Button
    t =   150.17s Checking existence of `"session-submit" Any`
    t =   150.23s Checking existence of `"session-next" Any`
    t =   150.30s Find the "session-next" Any
    t =   150.37s Find the "session-next" Button
    t =   150.43s Find the "session-next" Button
    t =   150.50s Checking existence of `"train-start-practice" Any`
    t =   150.56s Find the "train-start-practice" Any
    t =   150.64s Checking existence of `"train-start-graph-construction" Any`
    t =   150.71s Checking existence of `"coordinate-reasoning-show" Button`
    t =   150.76s Find the "coordinate-reasoning-show" Button
    t =   150.83s Find the "coordinate-reasoning-show" Button
    t =   150.90s Find the ScrollView at {{0.0, 169.5}, {375.0, 497.5}}
    t =   150.95s Checking existence of `"coordinate-reasoning-show" Button`
    t =   151.01s Find the "coordinate-reasoning-show" Button
    t =   151.08s Find the "coordinate-reasoning-show" Button
    t =   151.14s Find the "coordinate-reasoning-show" Button
    t =   151.20s Find the "coordinate-reasoning-show" Button
    t =   151.26s Press "coordinate-reasoning-show" Button for 0.1 seconds
    t =   151.26s     Wait for com.zacrotech.NeuroForge to idle
    t =   151.26s     Find the "coordinate-reasoning-show" Button
    t =   151.32s     Check for interrupting elements affecting "coordinate-reasoning-show" Button
    t =   151.39s     Synthesize event
    t =   151.77s     Wait for com.zacrotech.NeuroForge to idle
    t =   151.77s Get all elements bound by index for: Descendants matching type ScrollView
    t =   151.84s Find the ScrollView (Element at index 0)
    t =   151.91s Find the Target Application 'com.zacrotech.NeuroForge'
    t =   151.95s Checking existence of `Keyboard (First Match)`
    t =   152.06s Get all elements bound by index for: Descendants matching type NavigationBar
    t =   152.11s Find the NavigationBar (Element at index 0)
    t =   152.17s Find the ScrollView at {{0.0, 169.5}, {375.0, 497.5}}
    t =   152.22s Find the ScrollView at {{0.0, 169.5}, {375.0, 497.5}}
    t =   152.27s Get all elements bound by index for: Descendants matching type TabBar
    t =   152.34s Find the TabBar (Element at index 0)
    t =   152.42s Checking existence of `"coordinate-reasoning-worked" Any`
    t =   152.49s Find the "coordinate-reasoning-worked" Any
    t =   152.58s Checking existence of `"session-submit" Any`
    t =   152.65s Checking existence of `"session-next" Any`
    t =   152.71s Find the "session-next" Any
    t =   152.78s Find the "session-next" Button
    t =   152.84s Find the "session-next" Button
    t =   152.91s Checking existence of `"train-start-practice" Any`
    t =   152.97s Find the "train-start-practice" Any
    t =   153.05s Checking existence of `"train-start-graph-construction" Any`
    t =   153.12s Checking existence of `"coordinate-reasoning-worked" StaticText`
    t =   153.18s Find the "coordinate-reasoning-worked" StaticText
    t =   153.25s Find the "coordinate-reasoning-worked" StaticText
    t =   153.32s Find the ScrollView at {{0.0, 169.5}, {375.0, 497.5}}
    t =   153.38s Checking existence of `"coordinate-reasoning-worked" StaticText`
    t =   153.44s Find the "coordinate-reasoning-worked" StaticText
    t =   153.52s Find the "coordinate-reasoning-worked" StaticText
    t =   153.59s Find the "coordinate-reasoning-worked" StaticText
    t =   153.66s Checking existence of `"coordinate-reasoning-worked" StaticText`
    t =   153.73s Find the "coordinate-reasoning-worked" StaticText
    t =   153.80s Find the ScrollView at {{0.0, 169.5}, {375.0, 497.5}}
    t =   153.85s Checking existence of `"coordinate-reasoning-worked" StaticText`
    t =   153.91s Find the "coordinate-reasoning-worked" StaticText
    t =   153.98s Press Target Application 'com.zacrotech.NeuroForge'[0.00, 0.00] -> (12.0, 516.3) for 0.1 seconds, then drag to Target Application 'com.zacrotech.NeuroForge'[0.00, 0.00] -> (12.0, 430.8) with velocity of 250.00 pixels per second, and then hold for 0.2 seconds 
    t =   153.98s     Wait for com.zacrotech.NeuroForge to idle
    t =   153.98s     Find the Target Application 'com.zacrotech.NeuroForge'
    t =   154.03s     Check for interrupting elements affecting "NeuroForge" Application
    t =   154.09s     Synthesize event
    t =   154.09s         Find the Target Application 'com.zacrotech.NeuroForge'
    t =   154.13s         Find the Target Application 'com.zacrotech.NeuroForge'
    t =   154.17s         Find the Target Application 'com.zacrotech.NeuroForge'
    t =   154.22s         Find the Target Application 'com.zacrotech.NeuroForge'
    t =   154.26s         Find the Target Application 'com.zacrotech.NeuroForge'
    t =   155.14s     Wait for com.zacrotech.NeuroForge to idle
    t =   155.14s Get all elements bound by index for: Descendants matching type ScrollView
    t =   155.20s Find the ScrollView (Element at index 0)
    t =   155.25s Find the Target Application 'com.zacrotech.NeuroForge'
    t =   155.30s Checking existence of `Keyboard (First Match)`
    t =   155.39s Get all elements bound by index for: Descendants matching type NavigationBar
    t =   155.44s Find the NavigationBar (Element at index 0)
    t =   155.50s Find the ScrollView at {{0.0, 169.5}, {375.0, 497.5}}
    t =   155.55s Find the ScrollView at {{0.0, 169.5}, {375.0, 497.5}}
    t =   155.60s Get all elements bound by index for: Descendants matching type TabBar
    t =   155.65s Find the TabBar (Element at index 0)
    t =   155.71s Checking existence of `"coordinate-reasoning-worked" StaticText`
    t =   155.78s Find the "coordinate-reasoning-worked" StaticText
    t =   155.85s Checking existence of `"session-submit" Any`
    t =   155.91s Checking existence of `"session-next" Any`
    t =   155.97s Find the "session-next" Any
    t =   156.05s Find the "session-next" Button
    t =   156.12s Find the "session-next" Button
    t =   156.19s Checking existence of `"train-start-practice" Any`
    t =   156.25s Find the "train-start-practice" Any
    t =   156.33s Checking existence of `"train-start-graph-construction" Any`
    t =   156.39s Checking existence of `"coordinate-reasoning-worked" StaticText`
    t =   156.46s Find the "coordinate-reasoning-worked" StaticText
    t =   156.53s Find the "coordinate-reasoning-worked" StaticText
    t =   156.60s Find the ScrollView at {{0.0, 169.5}, {375.0, 497.5}}
    t =   156.66s Checking existence of `"coordinate-reasoning-worked" StaticText`
    t =   156.72s Find the "coordinate-reasoning-worked" StaticText
    t =   156.80s Find the "coordinate-reasoning-worked" StaticText
    t =   156.87s Find the "coordinate-reasoning-worked" StaticText
    t =   156.94s Checking existence of `"coordinate-reasoning-worked" StaticText`
    t =   157.00s Find the "coordinate-reasoning-worked" StaticText
    t =   157.08s Find the ScrollView at {{0.0, 169.5}, {375.0, 497.5}}
    t =   157.13s Checking existence of `"coordinate-reasoning-worked" StaticText`
    t =   157.19s Find the "coordinate-reasoning-worked" StaticText
    t =   157.26s Press Target Application 'com.zacrotech.NeuroForge'[0.00, 0.00] -> (12.0, 516.3) for 0.1 seconds, then drag to Target Application 'com.zacrotech.NeuroForge'[0.00, 0.00] -> (12.0, 500.3) with velocity of 250.00 pixels per second, and then hold for 0.2 seconds 
    t =   157.26s     Wait for com.zacrotech.NeuroForge to idle
    t =   157.26s     Find the Target Application 'com.zacrotech.NeuroForge'
    t =   157.31s     Check for interrupting elements affecting "NeuroForge" Application
    t =   157.37s     Synthesize event
    t =   157.38s         Find the Target Application 'com.zacrotech.NeuroForge'
    t =   157.42s         Find the Target Application 'com.zacrotech.NeuroForge'
    t =   157.46s         Find the Target Application 'com.zacrotech.NeuroForge'
    t =   157.51s         Find the Target Application 'com.zacrotech.NeuroForge'
    t =   157.55s         Find the Target Application 'com.zacrotech.NeuroForge'
    t =   158.16s     Wait for com.zacrotech.NeuroForge to idle
    t =   158.17s Get all elements bound by index for: Descendants matching type ScrollView
    t =   158.24s Find the ScrollView (Element at index 0)
    t =   158.30s Find the Target Application 'com.zacrotech.NeuroForge'
    t =   158.34s Checking existence of `Keyboard (First Match)`
    t =   158.44s Get all elements bound by index for: Descendants matching type NavigationBar
    t =   158.48s Find the NavigationBar (Element at index 0)
    t =   158.54s Find the ScrollView at {{0.0, 169.5}, {375.0, 497.5}}
    t =   158.60s Find the ScrollView at {{0.0, 169.5}, {375.0, 497.5}}
    t =   158.64s Get all elements bound by index for: Descendants matching type TabBar
    t =   158.69s Find the TabBar (Element at index 0)
    t =   158.76s Checking existence of `"coordinate-reasoning-worked" StaticText`
    t =   158.82s Find the "coordinate-reasoning-worked" StaticText
    t =   158.88s Checking existence of `"session-submit" Any`
    t =   158.95s Checking existence of `"session-next" Any`
    t =   159.01s Find the "session-next" Any
    t =   159.08s Find the "session-next" Button
    t =   159.14s Find the "session-next" Button
    t =   159.21s Checking existence of `"train-start-practice" Any`
    t =   159.27s Find the "train-start-practice" Any
    t =   159.35s Checking existence of `"train-start-graph-construction" Any`
    t =   159.42s Checking existence of `"coordinate-reasoning-worked" StaticText`
    t =   159.48s Find the "coordinate-reasoning-worked" StaticText
    t =   159.55s Find the "coordinate-reasoning-worked" StaticText
    t =   159.63s Find the ScrollView at {{0.0, 169.5}, {375.0, 497.5}}
    t =   159.68s Checking existence of `"coordinate-reasoning-worked" StaticText`
    t =   159.74s Find the "coordinate-reasoning-worked" StaticText
    t =   159.82s Find the "coordinate-reasoning-worked" StaticText
    t =   159.89s Find the "coordinate-reasoning-worked" StaticText
    t =   159.95s Find the "coordinate-reasoning-worked" StaticText
    t =   160.02s Find the "coordinate-reasoning-original" StaticText
    t =   160.08s Find the Target Application 'com.zacrotech.NeuroForge'
    t =   160.32s Added attachment named 'advanced-coordinate-worked-Coordinate Rotation-en'
    t =   160.32s Get all elements bound by index for: Descendants matching type ScrollView
    t =   160.37s Find the ScrollView (Element at index 0)
    t =   160.43s Find the Target Application 'com.zacrotech.NeuroForge'
    t =   160.47s Checking existence of `Keyboard (First Match)`
    t =   160.57s Get all elements bound by index for: Descendants matching type NavigationBar
    t =   160.61s Find the NavigationBar (Element at index 0)
    t =   160.67s Find the ScrollView at {{0.0, 169.5}, {375.0, 497.5}}
    t =   160.72s Find the ScrollView at {{0.0, 169.5}, {375.0, 497.5}}
    t =   160.77s Get all elements bound by index for: Descendants matching type TabBar
    t =   160.82s Find the TabBar (Element at index 0)
    t =   160.88s Checking existence of `"coordinate-reasoning-reset" Button`
    t =   160.94s Find the "coordinate-reasoning-reset" Button
    t =   160.99s Checking existence of `"session-submit" Any`
    t =   161.06s Checking existence of `"session-next" Any`
    t =   161.12s Find the "session-next" Any
    t =   161.19s Find the "session-next" Button
    t =   161.25s Find the "session-next" Button
    t =   161.32s Checking existence of `"train-start-practice" Any`
    t =   161.38s Find the "train-start-practice" Any
    t =   161.46s Checking existence of `"train-start-graph-construction" Any`
    t =   161.52s Checking existence of `"coordinate-reasoning-reset" Button`
    t =   161.58s Find the "coordinate-reasoning-reset" Button
    t =   161.64s Find the "coordinate-reasoning-reset" Button
    t =   161.71s Find the ScrollView at {{0.0, 169.5}, {375.0, 497.5}}
    t =   161.76s Checking existence of `"coordinate-reasoning-reset" Button`
    t =   161.82s Find the "coordinate-reasoning-reset" Button
    t =   161.89s Checking existence of `"coordinate-reasoning-reset" Button`
    t =   161.95s Find the "coordinate-reasoning-reset" Button
    t =   162.01s Find the ScrollView at {{0.0, 169.5}, {375.0, 497.5}}
    t =   162.06s Checking existence of `"coordinate-reasoning-reset" Button`
    t =   162.13s Find the "coordinate-reasoning-reset" Button
    t =   162.19s Press Target Application 'com.zacrotech.NeuroForge'[0.00, 0.00] -> (12.0, 257.7) for 0.1 seconds, then drag to Target Application 'com.zacrotech.NeuroForge'[0.00, 0.00] -> (12.0, 343.2) with velocity of 250.00 pixels per second, and then hold for 0.2 seconds 
    t =   162.19s     Wait for com.zacrotech.NeuroForge to idle
    t =   162.19s     Find the Target Application 'com.zacrotech.NeuroForge'
    t =   162.23s     Check for interrupting elements affecting "NeuroForge" Application
    t =   162.29s     Synthesize event
    t =   162.30s         Find the Target Application 'com.zacrotech.NeuroForge'
    t =   162.35s         Find the Target Application 'com.zacrotech.NeuroForge'
    t =   162.40s         Find the Target Application 'com.zacrotech.NeuroForge'
    t =   162.45s         Find the Target Application 'com.zacrotech.NeuroForge'
    t =   162.49s         Find the Target Application 'com.zacrotech.NeuroForge'
    t =   163.40s     Wait for com.zacrotech.NeuroForge to idle
    t =   163.40s Get all elements bound by index for: Descendants matching type ScrollView
    t =   163.46s Find the ScrollView (Element at index 0)
    t =   163.52s Find the Target Application 'com.zacrotech.NeuroForge'
    t =   163.57s Checking existence of `Keyboard (First Match)`
    t =   163.68s Get all elements bound by index for: Descendants matching type NavigationBar
    t =   163.73s Find the NavigationBar (Element at index 0)
    t =   163.79s Find the ScrollView at {{0.0, 169.5}, {375.0, 497.5}}
    t =   163.84s Find the ScrollView at {{0.0, 169.5}, {375.0, 497.5}}
    t =   163.89s Get all elements bound by index for: Descendants matching type TabBar
    t =   163.94s Find the TabBar (Element at index 0)
    t =   164.01s Checking existence of `"coordinate-reasoning-reset" Button`
    t =   164.08s Find the "coordinate-reasoning-reset" Button
    t =   164.13s Checking existence of `"session-submit" Any`
    t =   164.19s Checking existence of `"session-next" Any`
    t =   164.26s Find the "session-next" Any
    t =   164.34s Find the "session-next" Button
    t =   164.41s Find the "session-next" Button
    t =   164.49s Checking existence of `"train-start-practice" Any`
    t =   164.58s Find the "train-start-practice" Any
    t =   164.67s Checking existence of `"train-start-graph-construction" Any`
    t =   164.75s Checking existence of `"coordinate-reasoning-reset" Button`
    t =   164.82s Find the "coordinate-reasoning-reset" Button
    t =   164.89s Find the "coordinate-reasoning-reset" Button
    t =   164.97s Find the ScrollView at {{0.0, 169.5}, {375.0, 497.5}}
    t =   165.03s Checking existence of `"coordinate-reasoning-reset" Button`
    t =   165.09s Find the "coordinate-reasoning-reset" Button
    t =   165.17s Find the "coordinate-reasoning-reset" Button
    t =   165.24s Checking existence of `"coordinate-reasoning-reset" Button`
    t =   165.30s Find the "coordinate-reasoning-reset" Button
    t =   165.36s Find the ScrollView at {{0.0, 169.5}, {375.0, 497.5}}
    t =   165.42s Checking existence of `"coordinate-reasoning-reset" Button`
    t =   165.49s Find the "coordinate-reasoning-reset" Button
    t =   165.55s Press Target Application 'com.zacrotech.NeuroForge'[0.00, 0.00] -> (12.0, 257.7) for 0.1 seconds, then drag to Target Application 'com.zacrotech.NeuroForge'[0.00, 0.00] -> (12.0, 273.7) with velocity of 250.00 pixels per second, and then hold for 0.2 seconds 
    t =   165.55s     Wait for com.zacrotech.NeuroForge to idle
    t =   165.55s     Find the Target Application 'com.zacrotech.NeuroForge'
    t =   165.60s     Check for interrupting elements affecting "NeuroForge" Application
    t =   165.67s     Synthesize event
    t =   165.67s         Find the Target Application 'com.zacrotech.NeuroForge'
    t =   165.71s         Find the Target Application 'com.zacrotech.NeuroForge'
    t =   165.76s         Find the Target Application 'com.zacrotech.NeuroForge'
    t =   165.80s         Find the Target Application 'com.zacrotech.NeuroForge'
    t =   165.84s         Find the Target Application 'com.zacrotech.NeuroForge'
    t =   166.46s     Wait for com.zacrotech.NeuroForge to idle
    t =   166.46s Get all elements bound by index for: Descendants matching type ScrollView
    t =   166.54s Find the ScrollView (Element at index 0)
    t =   166.60s Find the Target Application 'com.zacrotech.NeuroForge'
    t =   166.64s Checking existence of `Keyboard (First Match)`
    t =   166.74s Get all elements bound by index for: Descendants matching type NavigationBar
    t =   166.79s Find the NavigationBar (Element at index 0)
    t =   166.85s Find the ScrollView at {{0.0, 169.5}, {375.0, 497.5}}
    t =   166.90s Find the ScrollView at {{0.0, 169.5}, {375.0, 497.5}}
    t =   166.95s Get all elements bound by index for: Descendants matching type TabBar
    t =   167.00s Find the TabBar (Element at index 0)
    t =   167.07s Checking existence of `"coordinate-reasoning-reset" Button`
    t =   167.13s Find the "coordinate-reasoning-reset" Button
    t =   167.19s Checking existence of `"session-submit" Any`
    t =   167.25s Checking existence of `"session-next" Any`
    t =   167.31s Find the "session-next" Any
    t =   167.39s Find the "session-next" Button
    t =   167.45s Find the "session-next" Button
    t =   167.52s Checking existence of `"train-start-practice" Any`
    t =   167.58s Find the "train-start-practice" Any
    t =   167.66s Checking existence of `"train-start-graph-construction" Any`
    t =   167.73s Checking existence of `"coordinate-reasoning-reset" Button`
    t =   167.79s Find the "coordinate-reasoning-reset" Button
    t =   167.85s Find the "coordinate-reasoning-reset" Button
    t =   167.92s Find the ScrollView at {{0.0, 169.5}, {375.0, 497.5}}
    t =   167.98s Checking existence of `"coordinate-reasoning-reset" Button`
    t =   168.03s Find the "coordinate-reasoning-reset" Button
    t =   168.10s Find the "coordinate-reasoning-reset" Button
    t =   168.16s Find the "coordinate-reasoning-reset" Button
    t =   168.22s Find the "coordinate-reasoning-reset" Button
    t =   168.29s Press "coordinate-reasoning-reset" Button for 0.1 seconds
    t =   168.29s     Wait for com.zacrotech.NeuroForge to idle
    t =   168.29s     Find the "coordinate-reasoning-reset" Button
    t =   168.35s     Check for interrupting elements affecting "coordinate-reasoning-reset" Button
    t =   168.41s     Synthesize event
    t =   168.79s     Wait for com.zacrotech.NeuroForge to idle
    t =   169.81s Checking `Expect predicate `exists == 0` for object "coordinate-reasoning-worked" StaticText`
    t =   169.81s     Checking existence of `"coordinate-reasoning-worked" StaticText`
    t =   169.90s Find the "coordinate-reasoning-original" StaticText
    t =   169.97s Find the "session-feedback-title" StaticText
    t =   170.03s Get all elements bound by index for: Descendants matching type ScrollView
    t =   170.08s Find the ScrollView (Element at index 0)
    t =   170.14s Find the Target Application 'com.zacrotech.NeuroForge'
    t =   170.18s Checking existence of `Keyboard (First Match)`
    t =   170.28s Get all elements bound by index for: Descendants matching type NavigationBar
    t =   170.32s Find the NavigationBar (Element at index 0)
    t =   170.40s Find the ScrollView at {{0.0, 169.5}, {375.0, 497.5}}
    t =   170.46s Find the ScrollView at {{0.0, 169.5}, {375.0, 497.5}}
    t =   170.51s Get all elements bound by index for: Descendants matching type TabBar
    t =   170.55s Find the TabBar (Element at index 0)
    t =   170.63s Checking existence of `"session-next" Any`
    t =   170.70s Find the "session-next" Any
    t =   170.76s Checking existence of `"session-next" Button`
    t =   170.84s Find the "session-next" Button
    t =   170.91s Find the "session-next" Button
    t =   170.97s Find the "session-next" Button
    t =   171.04s Find the "session-next" Button
    t =   171.11s Find the Target Application 'com.zacrotech.NeuroForge'
    t =   171.24s Added attachment named 'lab-response-feedback-spatial.coordinate-rotation-en'
    t =   171.25s Press "session-next" Button for 0.1 seconds
    t =   171.25s     Wait for com.zacrotech.NeuroForge to idle
    t =   171.25s     Find the "session-next" Button
    t =   171.31s     Check for interrupting elements affecting "session-next" Button
    t =   171.37s     Synthesize event
    t =   171.75s     Wait for com.zacrotech.NeuroForge to idle
    t =   173.23s Checking `Expect predicate `value == "2 / 5"` for object "session-position" ProgressIndicator`
    t =   173.23s     Find the "session-position" ProgressIndicator
    t =   173.34s Waiting 8.0s for "session-submit" Any to exist
    t =   174.34s     Checking `Expect predicate `existsNoRetry == 1` for object "session-submit" Any`
    t =   174.36s         Checking existence of `"session-submit" Any`
    t =   174.42s Terminate com.zacrotech.NeuroForge:22097
    t =   175.58s Tear Down
Test Case '-[NeuroForgeUITests.NavigationSmokeUITests testAdvancedCoordinatePublicLaunchSavesOriginalAnswerAndSeparateWorkedMap]' passed (175.852 seconds).
Test Case '-[NeuroForgeUITests.NavigationSmokeUITests testAsymmetricSolidPublicLaunchUsesVisibleProjectionOracleAndColdCompleteSet]' started.
    t =     0.00s Start Test at 2026-09-05 19:25:52.477
    t =     0.05s Set Up
    t =     0.05s Open com.zacrotech.NeuroForge
    t =     0.05s     Launch com.zacrotech.NeuroForge
2026-09-05 19:25:52.648 xcodebuild[22023:6491994] [MT] IDELaunchParametersSnapshot: The operation couldn’t be completed. (DebuggerLLDB.DebuggerVersionStore.StoreError error 0.)
2026-09-05 19:25:52.648 xcodebuild[22023:6491994] [MT] IDELaunchParametersSnapshot: no debugger version
    t =     0.60s         Setting up automation session
    t =     2.38s         Wait for com.zacrotech.NeuroForge to idle
    t =     5.31s Waiting 15.0s for "Practice" Button to exist
    t =     6.32s     Checking `Expect predicate `existsNoRetry == 1` for object "Practice" Button`
    t =     6.32s         Checking existence of `"Practice" Button`
    t =     6.56s Press "Practice" Button for 0.1 seconds
    t =     6.56s     Wait for com.zacrotech.NeuroForge to idle
    t =     6.57s     Find the "Practice" Button
    t =     6.60s     Check for interrupting elements affecting "Practice" Button
    t =     6.64s     Synthesize event
    t =     7.04s     Wait for com.zacrotech.NeuroForge to idle
    t =     8.43s Waiting 8.0s for "destination-train" Any to exist
    t =     9.45s     Checking `Expect predicate `existsNoRetry == 1` for object "destination-train" Any`
    t =     9.45s         Checking existence of `"destination-train" Any`
    t =     9.55s Get all elements bound by index for: Descendants matching type ScrollView
    t =     9.57s Find the ScrollView (Element at index 0)
    t =     9.61s Find the Target Application 'com.zacrotech.NeuroForge'
    t =     9.63s Checking existence of `Keyboard (First Match)`
    t =     9.69s Get all elements bound by index for: Descendants matching type NavigationBar
    t =     9.71s Find the NavigationBar (Element at index 0)
    t =     9.75s Find the "Practice" NavigationBar
    t =     9.78s Find the ScrollView at {{0.0, 0.0}, {375.0, 667.0}}
    t =     9.80s Find the ScrollView at {{0.0, 0.0}, {375.0, 667.0}}
    t =     9.83s Get all elements bound by index for: Descendants matching type TabBar
    t =     9.85s Find the TabBar (Element at index 0)
    t =     9.88s Find the "Tab Bar" TabBar
    t =     9.90s Checking existence of `Button (First Match)`
    t =     9.96s Find the Button (First Match)
    t =    10.00s Checking existence of `"session-submit" Any`
    t =    10.03s Checking existence of `"session-next" Any`
    t =    10.06s Checking existence of `"train-start-practice" Any`
    t =    10.08s Checking existence of `"train-start-graph-construction" Any`
    t =    10.11s Checking existence of `"Spatial Reasoning, Transformations across diagrams and 3D forms, Unassessed, No practice yet" Button`
    t =    10.16s Find the "Spatial Reasoning, Transformations across diagrams and 3D forms, Unassessed, No practice yet" Button
    t =    10.22s Find the "Spatial Reasoning, Transformations across diagrams and 3D forms, Unassessed, No practice yet" Button
    t =    10.28s Find the ScrollView at {{0.0, 0.0}, {375.0, 667.0}}
    t =    10.30s Checking existence of `"Spatial Reasoning, Transformations across diagrams and 3D forms, Unassessed, No practice yet" Button`
    t =    10.35s Find the "Spatial Reasoning, Transformations across diagrams and 3D forms, Unassessed, No practice yet" Button
    t =    10.41s Checking existence of `"Spatial Reasoning, Transformations across diagrams and 3D forms, Unassessed, No practice yet" Button`
    t =    10.46s Find the "Spatial Reasoning, Transformations across diagrams and 3D forms, Unassessed, No practice yet" Button
    t =    10.52s Find the ScrollView at {{0.0, 0.0}, {375.0, 667.0}}
    t =    10.54s Checking existence of `"Spatial Reasoning, Transformations across diagrams and 3D forms, Unassessed, No practice yet" Button`
    t =    10.59s Find the "Spatial Reasoning, Transformations across diagrams and 3D forms, Unassessed, No practice yet" Button
    t =    10.64s Press Target Application 'com.zacrotech.NeuroForge'[0.00, 0.00] -> (12.0, 503.2) for 0.1 seconds, then drag to Target Application 'com.zacrotech.NeuroForge'[0.00, 0.00] -> (12.0, 266.8) with velocity of 250.00 pixels per second, and then hold for 0.2 seconds 
    t =    10.64s     Wait for com.zacrotech.NeuroForge to idle
    t =    10.64s     Find the Target Application 'com.zacrotech.NeuroForge'
    t =    10.67s     Check for interrupting elements affecting "NeuroForge" Application
    t =    10.70s     Synthesize event
    t =    10.70s         Find the Target Application 'com.zacrotech.NeuroForge'
    t =    10.72s         Find the Target Application 'com.zacrotech.NeuroForge'
    t =    10.74s         Find the Target Application 'com.zacrotech.NeuroForge'
    t =    10.75s         Find the Target Application 'com.zacrotech.NeuroForge'
    t =    10.78s         Find the Target Application 'com.zacrotech.NeuroForge'
    t =    12.25s     Wait for com.zacrotech.NeuroForge to idle
    t =    12.47s Get all elements bound by index for: Descendants matching type ScrollView
    t =    12.50s Find the ScrollView (Element at index 0)
    t =    12.53s Find the Target Application 'com.zacrotech.NeuroForge'
    t =    12.56s Checking existence of `Keyboard (First Match)`
    t =    12.61s Get all elements bound by index for: Descendants matching type NavigationBar
    t =    12.64s Find the NavigationBar (Element at index 0)
    t =    12.67s Find the "Practice" NavigationBar
    t =    12.70s Find the ScrollView at {{0.0, 0.0}, {375.0, 667.0}}
    t =    12.73s Find the ScrollView at {{0.0, 0.0}, {375.0, 667.0}}
    t =    12.76s Get all elements bound by index for: Descendants matching type TabBar
    t =    12.78s Find the TabBar (Element at index 0)
    t =    12.82s Find the "Tab Bar" TabBar
    t =    12.85s Checking existence of `"Spatial Reasoning, Transformations across diagrams and 3D forms, Unassessed, No practice yet" Button`
    t =    12.90s Find the "Spatial Reasoning, Transformations across diagrams and 3D forms, Unassessed, No practice yet" Button
    t =    12.95s Checking existence of `"session-submit" Any`
    t =    12.98s Checking existence of `"session-next" Any`
    t =    13.01s Checking existence of `"train-start-practice" Any`
    t =    13.04s Checking existence of `"train-start-graph-construction" Any`
    t =    13.08s Checking existence of `"Spatial Reasoning, Transformations across diagrams and 3D forms, Unassessed, No practice yet" Button`
    t =    13.12s Find the "Spatial Reasoning, Transformations across diagrams and 3D forms, Unassessed, No practice yet" Button
    t =    13.17s Find the "Spatial Reasoning, Transformations across diagrams and 3D forms, Unassessed, No practice yet" Button
    t =    13.24s Find the ScrollView at {{0.0, 0.0}, {375.0, 667.0}}
    t =    13.27s Checking existence of `"Spatial Reasoning, Transformations across diagrams and 3D forms, Unassessed, No practice yet" Button`
    t =    13.32s Find the "Spatial Reasoning, Transformations across diagrams and 3D forms, Unassessed, No practice yet" Button
    t =    13.38s Checking existence of `"Spatial Reasoning, Transformations across diagrams and 3D forms, Unassessed, No practice yet" Button`
    t =    13.43s Find the "Spatial Reasoning, Transformations across diagrams and 3D forms, Unassessed, No practice yet" Button
    t =    13.48s Find the ScrollView at {{0.0, 0.0}, {375.0, 667.0}}
    t =    13.51s Checking existence of `"Spatial Reasoning, Transformations across diagrams and 3D forms, Unassessed, No practice yet" Button`
    t =    13.56s Find the "Spatial Reasoning, Transformations across diagrams and 3D forms, Unassessed, No practice yet" Button
    t =    13.61s Press Target Application 'com.zacrotech.NeuroForge'[0.00, 0.00] -> (12.0, 480.8) for 0.1 seconds, then drag to Target Application 'com.zacrotech.NeuroForge'[0.00, 0.00] -> (12.0, 188.8) with velocity of 250.00 pixels per second, and then hold for 0.2 seconds 
    t =    13.61s     Wait for com.zacrotech.NeuroForge to idle
    t =    13.61s     Find the Target Application 'com.zacrotech.NeuroForge'
    t =    13.63s     Check for interrupting elements affecting "NeuroForge" Application
    t =    13.66s     Synthesize event
    t =    13.66s         Find the Target Application 'com.zacrotech.NeuroForge'
    t =    13.68s         Find the Target Application 'com.zacrotech.NeuroForge'
    t =    13.71s         Find the Target Application 'com.zacrotech.NeuroForge'
    t =    13.73s         Find the Target Application 'com.zacrotech.NeuroForge'
    t =    13.75s         Find the Target Application 'com.zacrotech.NeuroForge'
    t =    15.44s     Wait for com.zacrotech.NeuroForge to idle
    t =    15.99s Get all elements bound by index for: Descendants matching type ScrollView
    t =    16.04s Find the ScrollView (Element at index 0)
    t =    16.08s Find the Target Application 'com.zacrotech.NeuroForge'
    t =    16.11s Checking existence of `Keyboard (First Match)`
    t =    16.17s Get all elements bound by index for: Descendants matching type NavigationBar
    t =    16.20s Find the NavigationBar (Element at index 0)
    t =    16.24s Find the "Practice" NavigationBar
    t =    16.27s Find the ScrollView at {{0.0, 0.0}, {375.0, 667.0}}
    t =    16.30s Find the ScrollView at {{0.0, 0.0}, {375.0, 667.0}}
    t =    16.33s Get all elements bound by index for: Descendants matching type TabBar
    t =    16.35s Find the TabBar (Element at index 0)
    t =    16.39s Find the "Tab Bar" TabBar
    t =    16.42s Checking existence of `"Spatial Reasoning, Transformations across diagrams and 3D forms, Unassessed, No practice yet" Button`
    t =    16.47s Find the "Spatial Reasoning, Transformations across diagrams and 3D forms, Unassessed, No practice yet" Button
    t =    16.54s Checking existence of `"session-submit" Any`
    t =    16.57s Checking existence of `"session-next" Any`
    t =    16.61s Checking existence of `"train-start-practice" Any`
    t =    16.65s Checking existence of `"train-start-graph-construction" Any`
    t =    16.69s Checking existence of `"Spatial Reasoning, Transformations across diagrams and 3D forms, Unassessed, No practice yet" Button`
    t =    16.75s Find the "Spatial Reasoning, Transformations across diagrams and 3D forms, Unassessed, No practice yet" Button
    t =    16.80s Find the "Spatial Reasoning, Transformations across diagrams and 3D forms, Unassessed, No practice yet" Button
    t =    16.87s Find the ScrollView at {{0.0, 0.0}, {375.0, 667.0}}
    t =    16.90s Checking existence of `"Spatial Reasoning, Transformations across diagrams and 3D forms, Unassessed, No practice yet" Button`
    t =    16.96s Find the "Spatial Reasoning, Transformations across diagrams and 3D forms, Unassessed, No practice yet" Button
    t =    17.02s Find the "Spatial Reasoning, Transformations across diagrams and 3D forms, Unassessed, No practice yet" Button
    t =    17.07s Find the "Spatial Reasoning, Transformations across diagrams and 3D forms, Unassessed, No practice yet" Button
    t =    17.13s Checking existence of `"Spatial Reasoning, Transformations across diagrams and 3D forms, Unassessed, No practice yet" Button`
    t =    17.18s Find the "Spatial Reasoning, Transformations across diagrams and 3D forms, Unassessed, No practice yet" Button
    t =    17.24s Find the ScrollView at {{0.0, 0.0}, {375.0, 667.0}}
    t =    17.27s Checking existence of `"Spatial Reasoning, Transformations across diagrams and 3D forms, Unassessed, No practice yet" Button`
    t =    17.32s Find the "Spatial Reasoning, Transformations across diagrams and 3D forms, Unassessed, No practice yet" Button
    t =    17.37s Press Target Application 'com.zacrotech.NeuroForge'[0.00, 0.00] -> (12.0, 480.8) for 0.1 seconds, then drag to Target Application 'com.zacrotech.NeuroForge'[0.00, 0.00] -> (12.0, 464.8) with velocity of 250.00 pixels per second, and then hold for 0.2 seconds 
    t =    17.37s     Wait for com.zacrotech.NeuroForge to idle
    t =    17.37s     Find the Target Application 'com.zacrotech.NeuroForge'
    t =    17.40s     Check for interrupting elements affecting "NeuroForge" Application
    t =    17.43s     Synthesize event
    t =    17.43s         Find the Target Application 'com.zacrotech.NeuroForge'
    t =    17.46s         Find the Target Application 'com.zacrotech.NeuroForge'
    t =    17.48s         Find the Target Application 'com.zacrotech.NeuroForge'
    t =    17.50s         Find the Target Application 'com.zacrotech.NeuroForge'
    t =    17.53s         Find the Target Application 'com.zacrotech.NeuroForge'
    t =    18.12s     Wait for com.zacrotech.NeuroForge to idle
    t =    18.13s Get all elements bound by index for: Descendants matching type ScrollView
    t =    18.16s Find the ScrollView (Element at index 0)
    t =    18.19s Find the Target Application 'com.zacrotech.NeuroForge'
    t =    18.21s Checking existence of `Keyboard (First Match)`
    t =    18.28s Get all elements bound by index for: Descendants matching type NavigationBar
    t =    18.31s Find the NavigationBar (Element at index 0)
    t =    18.35s Find the "Practice" NavigationBar
    t =    18.38s Find the ScrollView at {{0.0, 0.0}, {375.0, 667.0}}
    t =    18.41s Find the ScrollView at {{0.0, 0.0}, {375.0, 667.0}}
    t =    18.44s Get all elements bound by index for: Descendants matching type TabBar
    t =    18.46s Find the TabBar (Element at index 0)
    t =    18.50s Find the "Tab Bar" TabBar
    t =    18.53s Checking existence of `"Spatial Reasoning, Transformations across diagrams and 3D forms, Unassessed, No practice yet" Button`
    t =    18.58s Find the "Spatial Reasoning, Transformations across diagrams and 3D forms, Unassessed, No practice yet" Button
    t =    18.63s Checking existence of `"session-submit" Any`
    t =    18.67s Checking existence of `"session-next" Any`
    t =    18.70s Checking existence of `"train-start-practice" Any`
    t =    18.73s Checking existence of `"train-start-graph-construction" Any`
    t =    18.77s Checking existence of `"Spatial Reasoning, Transformations across diagrams and 3D forms, Unassessed, No practice yet" Button`
    t =    18.82s Find the "Spatial Reasoning, Transformations across diagrams and 3D forms, Unassessed, No practice yet" Button
    t =    18.87s Find the "Spatial Reasoning, Transformations across diagrams and 3D forms, Unassessed, No practice yet" Button
    t =    18.93s Find the ScrollView at {{0.0, 0.0}, {375.0, 667.0}}
    t =    18.96s Checking existence of `"Spatial Reasoning, Transformations across diagrams and 3D forms, Unassessed, No practice yet" Button`
    t =    19.01s Find the "Spatial Reasoning, Transformations across diagrams and 3D forms, Unassessed, No practice yet" Button
    t =    19.07s Find the "Spatial Reasoning, Transformations across diagrams and 3D forms, Unassessed, No practice yet" Button
    t =    19.12s Find the "Spatial Reasoning, Transformations across diagrams and 3D forms, Unassessed, No practice yet" Button
    t =    19.17s Press "Spatial Reasoning, Transformations across diagrams and 3D forms, Unassessed, No practice yet" Button for 0.1 seconds
    t =    19.17s     Wait for com.zacrotech.NeuroForge to idle
    t =    19.20s     Find the "Spatial Reasoning, Transformations across diagrams and 3D forms, Unassessed, No practice yet" Button
    t =    19.25s     Check for interrupting elements affecting "Spatial Reasoning, Transformations across diagrams and 3D forms, Unassessed, No practice yet" Button
    t =    19.28s     Synthesize event
    t =    19.65s     Wait for com.zacrotech.NeuroForge to idle
    t =    19.79s Waiting 8.0s for "Spatial" NavigationBar to exist
    t =    20.82s     Checking `Expect predicate `existsNoRetry == 1` for object "Spatial" NavigationBar`
    t =    20.82s         Checking existence of `"Spatial" NavigationBar`
    t =    20.88s Get all elements bound by index for: Descendants matching type ScrollView
    t =    20.91s Find the ScrollView (Element at index 0)
    t =    20.96s Find the Target Application 'com.zacrotech.NeuroForge'
    t =    20.99s Checking existence of `Keyboard (First Match)`
    t =    21.06s Get all elements bound by index for: Descendants matching type NavigationBar
    t =    21.10s Find the NavigationBar (Element at index 0)
    t =    21.15s Find the "Spatial" NavigationBar
    t =    21.19s Find the ScrollView at {{0.0, 0.0}, {375.0, 667.0}}
    t =    21.23s Find the ScrollView at {{0.0, 0.0}, {375.0, 667.0}}
    t =    21.26s Get all elements bound by index for: Descendants matching type TabBar
    t =    21.29s Find the TabBar (Element at index 0)
    t =    21.34s Find the "Tab Bar" TabBar
    t =    21.37s Checking existence of `Button (First Match)`
    t =    21.44s Find the Button (First Match)
    t =    21.50s Checking existence of `"session-submit" Any`
    t =    21.54s Checking existence of `"session-next" Any`
    t =    21.58s Checking existence of `"train-start-practice" Any`
    t =    21.62s Find the "train-start-practice" Any
    t =    21.67s Find the "train-start-practice" Button
    t =    21.72s Find the "train-start-practice" Button
    t =    21.77s Checking existence of `"train-start-graph-construction" Any`
    t =    21.81s Checking existence of `"3D Object Rotation, Track labeled cube faces through single or composed rotations about fixed axes., Puzzle" Button`
    t =    21.87s Find the "3D Object Rotation, Track labeled cube faces through single or composed rotations about fixed axes., Puzzle" Button
    t =    21.93s Find the "3D Object Rotation, Track labeled cube faces through single or composed rotations about fixed axes., Puzzle" Button
    t =    21.99s Find the ScrollView at {{0.0, 0.0}, {375.0, 667.0}}
    t =    22.03s Checking existence of `"3D Object Rotation, Track labeled cube faces through single or composed rotations about fixed axes., Puzzle" Button`
    t =    22.08s Find the "3D Object Rotation, Track labeled cube faces through single or composed rotations about fixed axes., Puzzle" Button
    t =    22.15s Checking existence of `"3D Object Rotation, Track labeled cube faces through single or composed rotations about fixed axes., Puzzle" Button`
    t =    22.21s Find the "3D Object Rotation, Track labeled cube faces through single or composed rotations about fixed axes., Puzzle" Button
    t =    22.27s Find the ScrollView at {{0.0, 0.0}, {375.0, 667.0}}
    t =    22.31s Checking existence of `"3D Object Rotation, Track labeled cube faces through single or composed rotations about fixed axes., Puzzle" Button`
    t =    22.36s Find the "3D Object Rotation, Track labeled cube faces through single or composed rotations about fixed axes., Puzzle" Button
    t =    22.42s Press Target Application 'com.zacrotech.NeuroForge'[0.00, 0.00] -> (12.0, 438.0) for 0.1 seconds, then drag to Target Application 'com.zacrotech.NeuroForge'[0.00, 0.00] -> (12.0, 205.5) with velocity of 250.00 pixels per second, and then hold for 0.2 seconds 
    t =    22.42s     Wait for com.zacrotech.NeuroForge to idle
    t =    22.42s     Find the Target Application 'com.zacrotech.NeuroForge'
    t =    22.45s     Check for interrupting elements affecting "NeuroForge" Application
    t =    22.49s     Synthesize event
    t =    22.49s         Find the Target Application 'com.zacrotech.NeuroForge'
    t =    22.52s         Find the Target Application 'com.zacrotech.NeuroForge'
    t =    22.55s         Find the Target Application 'com.zacrotech.NeuroForge'
    t =    22.58s         Find the Target Application 'com.zacrotech.NeuroForge'
    t =    22.61s         Find the Target Application 'com.zacrotech.NeuroForge'
    t =    24.07s     Wait for com.zacrotech.NeuroForge to idle
    t =    24.34s Get all elements bound by index for: Descendants matching type ScrollView
    t =    24.38s Find the ScrollView (Element at index 0)
    t =    24.43s Find the Target Application 'com.zacrotech.NeuroForge'
    t =    24.46s Checking existence of `Keyboard (First Match)`
    t =    24.54s Get all elements bound by index for: Descendants matching type NavigationBar
    t =    24.58s Find the NavigationBar (Element at index 0)
    t =    24.63s Find the "Spatial" NavigationBar
    t =    24.67s Find the ScrollView at {{0.0, 0.0}, {375.0, 667.0}}
    t =    24.71s Find the ScrollView at {{0.0, 0.0}, {375.0, 667.0}}
    t =    24.75s Get all elements bound by index for: Descendants matching type TabBar
    t =    24.79s Find the TabBar (Element at index 0)
    t =    24.84s Find the "Tab Bar" TabBar
    t =    24.88s Checking existence of `"3D Object Rotation, Track labeled cube faces through single or composed rotations about fixed axes., Puzzle" Button`
    t =    24.94s Find the "3D Object Rotation, Track labeled cube faces through single or composed rotations about fixed axes., Puzzle" Button
    t =    24.99s Checking existence of `"session-submit" Any`
    t =    25.04s Checking existence of `"session-next" Any`
    t =    25.09s Checking existence of `"train-start-practice" Any`
    t =    25.14s Find the "train-start-practice" Any
    t =    25.20s Find the "train-start-practice" Button
    t =    25.25s Find the "train-start-practice" Button
    t =    25.30s Checking existence of `"train-start-graph-construction" Any`
    t =    25.35s Checking existence of `"3D Object Rotation, Track labeled cube faces through single or composed rotations about fixed axes., Puzzle" Button`
    t =    25.41s Find the "3D Object Rotation, Track labeled cube faces through single or composed rotations about fixed axes., Puzzle" Button
    t =    25.47s Find the "3D Object Rotation, Track labeled cube faces through single or composed rotations about fixed axes., Puzzle" Button
    t =    25.54s Find the ScrollView at {{0.0, 0.0}, {375.0, 667.0}}
    t =    25.58s Checking existence of `"3D Object Rotation, Track labeled cube faces through single or composed rotations about fixed axes., Puzzle" Button`
    t =    25.64s Find the "3D Object Rotation, Track labeled cube faces through single or composed rotations about fixed axes., Puzzle" Button
    t =    25.71s Checking existence of `"3D Object Rotation, Track labeled cube faces through single or composed rotations about fixed axes., Puzzle" Button`
    t =    25.77s Find the "3D Object Rotation, Track labeled cube faces through single or composed rotations about fixed axes., Puzzle" Button
    t =    25.83s Find the ScrollView at {{0.0, 0.0}, {375.0, 667.0}}
    t =    25.87s Checking existence of `"3D Object Rotation, Track labeled cube faces through single or composed rotations about fixed axes., Puzzle" Button`
    t =    25.93s Find the "3D Object Rotation, Track labeled cube faces through single or composed rotations about fixed axes., Puzzle" Button
    t =    25.99s Press Target Application 'com.zacrotech.NeuroForge'[0.00, 0.00] -> (12.0, 427.6) for 0.1 seconds, then drag to Target Application 'com.zacrotech.NeuroForge'[0.00, 0.00] -> (12.0, 169.6) with velocity of 250.00 pixels per second, and then hold for 0.2 seconds 
    t =    25.99s     Wait for com.zacrotech.NeuroForge to idle
    t =    25.99s     Find the Target Application 'com.zacrotech.NeuroForge'
    t =    26.02s     Check for interrupting elements affecting "NeuroForge" Application
    t =    26.06s     Synthesize event
    t =    26.07s         Find the Target Application 'com.zacrotech.NeuroForge'
    t =    26.10s         Find the Target Application 'com.zacrotech.NeuroForge'
    t =    26.13s         Find the Target Application 'com.zacrotech.NeuroForge'
    t =    26.17s         Find the Target Application 'com.zacrotech.NeuroForge'
    t =    26.20s         Find the Target Application 'com.zacrotech.NeuroForge'
    t =    27.75s     Wait for com.zacrotech.NeuroForge to idle
    t =    27.90s Get all elements bound by index for: Descendants matching type ScrollView
    t =    27.96s Find the ScrollView (Element at index 0)
    t =    28.01s Find the Target Application 'com.zacrotech.NeuroForge'
    t =    28.04s Checking existence of `Keyboard (First Match)`
    t =    28.13s Get all elements bound by index for: Descendants matching type NavigationBar
    t =    28.16s Find the NavigationBar (Element at index 0)
    t =    28.22s Find the "Spatial" NavigationBar
    t =    28.26s Find the ScrollView at {{0.0, 0.0}, {375.0, 667.0}}
    t =    28.30s Find the ScrollView at {{0.0, 0.0}, {375.0, 667.0}}
    t =    28.34s Get all elements bound by index for: Descendants matching type TabBar
    t =    28.38s Find the TabBar (Element at index 0)
    t =    28.43s Find the "Tab Bar" TabBar
    t =    28.48s Checking existence of `"3D Object Rotation, Track labeled cube faces through single or composed rotations about fixed axes., Puzzle" Button`
    t =    28.53s Find the "3D Object Rotation, Track labeled cube faces through single or composed rotations about fixed axes., Puzzle" Button
    t =    28.59s Checking existence of `"session-submit" Any`
    t =    28.64s Checking existence of `"session-next" Any`
    t =    28.69s Checking existence of `"train-start-practice" Any`
    t =    28.74s Find the "train-start-practice" Any
    t =    28.82s Find the "train-start-practice" Button
    t =    28.88s Find the "train-start-practice" Button
    t =    28.93s Checking existence of `"train-start-graph-construction" Any`
    t =    28.99s Checking existence of `"3D Object Rotation, Track labeled cube faces through single or composed rotations about fixed axes., Puzzle" Button`
    t =    29.04s Find the "3D Object Rotation, Track labeled cube faces through single or composed rotations about fixed axes., Puzzle" Button
    t =    29.11s Find the "3D Object Rotation, Track labeled cube faces through single or composed rotations about fixed axes., Puzzle" Button
    t =    29.17s Find the ScrollView at {{0.0, 0.0}, {375.0, 667.0}}
    t =    29.22s Checking existence of `"3D Object Rotation, Track labeled cube faces through single or composed rotations about fixed axes., Puzzle" Button`
    t =    29.28s Find the "3D Object Rotation, Track labeled cube faces through single or composed rotations about fixed axes., Puzzle" Button
    t =    29.35s Find the "3D Object Rotation, Track labeled cube faces through single or composed rotations about fixed axes., Puzzle" Button
    t =    29.41s Find the "3D Object Rotation, Track labeled cube faces through single or composed rotations about fixed axes., Puzzle" Button
    t =    29.47s Checking existence of `"3D Object Rotation, Track labeled cube faces through single or composed rotations about fixed axes., Puzzle" Button`
    t =    29.53s Find the "3D Object Rotation, Track labeled cube faces through single or composed rotations about fixed axes., Puzzle" Button
    t =    29.59s Find the ScrollView at {{0.0, 0.0}, {375.0, 667.0}}
    t =    29.64s Checking existence of `"3D Object Rotation, Track labeled cube faces through single or composed rotations about fixed axes., Puzzle" Button`
    t =    29.70s Find the "3D Object Rotation, Track labeled cube faces through single or composed rotations about fixed axes., Puzzle" Button
    t =    29.77s Press Target Application 'com.zacrotech.NeuroForge'[0.00, 0.00] -> (12.0, 427.6) for 0.1 seconds, then drag to Target Application 'com.zacrotech.NeuroForge'[0.00, 0.00] -> (12.0, 411.6) with velocity of 250.00 pixels per second, and then hold for 0.2 seconds 
    t =    29.77s     Wait for com.zacrotech.NeuroForge to idle
    t =    29.77s     Find the Target Application 'com.zacrotech.NeuroForge'
    t =    29.81s     Check for interrupting elements affecting "NeuroForge" Application
    t =    29.86s     Synthesize event
    t =    29.86s         Find the Target Application 'com.zacrotech.NeuroForge'
    t =    29.90s         Find the Target Application 'com.zacrotech.NeuroForge'
    t =    29.93s         Find the Target Application 'com.zacrotech.NeuroForge'
    t =    29.97s         Find the Target Application 'com.zacrotech.NeuroForge'
    t =    30.01s         Find the Target Application 'com.zacrotech.NeuroForge'
    t =    30.63s     Wait for com.zacrotech.NeuroForge to idle
    t =    32.08s Get all elements bound by index for: Descendants matching type ScrollView
    t =    32.14s Find the ScrollView (Element at index 0)
    t =    32.19s Find the Target Application 'com.zacrotech.NeuroForge'
    t =    32.23s Checking existence of `Keyboard (First Match)`
    t =    32.31s Get all elements bound by index for: Descendants matching type NavigationBar
    t =    32.35s Find the NavigationBar (Element at index 0)
    t =    32.41s Find the "Spatial" NavigationBar
    t =    32.45s Find the ScrollView at {{0.0, 0.0}, {375.0, 667.0}}
    t =    32.50s Find the ScrollView at {{0.0, 0.0}, {375.0, 667.0}}
    t =    32.54s Get all elements bound by index for: Descendants matching type TabBar
    t =    32.58s Find the TabBar (Element at index 0)
    t =    32.63s Find the "Tab Bar" TabBar
    t =    32.68s Checking existence of `"3D Object Rotation, Track labeled cube faces through single or composed rotations about fixed axes., Puzzle" Button`
    t =    32.73s Find the "3D Object Rotation, Track labeled cube faces through single or composed rotations about fixed axes., Puzzle" Button
    t =    32.80s Checking existence of `"session-submit" Any`
    t =    32.86s Checking existence of `"session-next" Any`
    t =    32.91s Checking existence of `"train-start-practice" Any`
    t =    32.95s Find the "train-start-practice" Any
    t =    33.02s Find the "train-start-practice" Button
    t =    33.07s Find the "train-start-practice" Button
    t =    33.15s Checking existence of `"train-start-graph-construction" Any`
    t =    33.21s Checking existence of `"3D Object Rotation, Track labeled cube faces through single or composed rotations about fixed axes., Puzzle" Button`
    t =    33.26s Find the "3D Object Rotation, Track labeled cube faces through single or composed rotations about fixed axes., Puzzle" Button
    t =    33.33s Find the "3D Object Rotation, Track labeled cube faces through single or composed rotations about fixed axes., Puzzle" Button
    t =    33.40s Find the ScrollView at {{0.0, 0.0}, {375.0, 667.0}}
    t =    33.45s Checking existence of `"3D Object Rotation, Track labeled cube faces through single or composed rotations about fixed axes., Puzzle" Button`
    t =    33.52s Find the "3D Object Rotation, Track labeled cube faces through single or composed rotations about fixed axes., Puzzle" Button
    t =    33.68s Find the "3D Object Rotation, Track labeled cube faces through single or composed rotations about fixed axes., Puzzle" Button
    t =    33.89s Find the "3D Object Rotation, Track labeled cube faces through single or composed rotations about fixed axes., Puzzle" Button
    t =    34.01s Press "3D Object Rotation, Track labeled cube faces through single or composed rotations about fixed axes., Puzzle" Button for 0.1 seconds
    t =    34.01s     Wait for com.zacrotech.NeuroForge to idle
    t =    34.01s     Find the "3D Object Rotation, Track labeled cube faces through single or composed rotations about fixed axes., Puzzle" Button
    t =    34.08s     Check for interrupting elements affecting "3D Object Rotation, Track labeled cube faces through single or composed rotations about fixed axes., Puzzle" Button
    t =    34.13s     Synthesize event
    t =    34.52s     Wait for com.zacrotech.NeuroForge to idle
    t =    35.27s Waiting 8.0s for "3D Object Rotation" NavigationBar to exist
    t =    36.32s     Checking `Expect predicate `existsNoRetry == 1` for object "3D Object Rotation" NavigationBar`
    t =    36.33s         Checking existence of `"3D Object Rotation" NavigationBar`
    t =    36.42s Get all elements bound by index for: Descendants matching type ScrollView
    t =    36.46s Find the ScrollView (Element at index 0)
    t =    36.52s Find the Target Application 'com.zacrotech.NeuroForge'
    t =    36.56s Checking existence of `Keyboard (First Match)`
    t =    36.65s Get all elements bound by index for: Descendants matching type NavigationBar
    t =    36.69s Find the NavigationBar (Element at index 0)
    t =    36.75s Find the "3D Object Rotation" NavigationBar
    t =    36.81s Find the ScrollView at {{0.0, 0.0}, {375.0, 667.0}}
    t =    36.85s Find the ScrollView at {{0.0, 0.0}, {375.0, 667.0}}
    t =    36.90s Get all elements bound by index for: Descendants matching type TabBar
    t =    36.94s Find the TabBar (Element at index 0)
    t =    37.00s Find the "Tab Bar" TabBar
    t =    37.04s Checking existence of `"5 questions" Button`
    t =    37.09s Checking existence of `"session-submit" Any`
    t =    37.14s Checking existence of `"session-next" Any`
    t =    37.20s Checking existence of `"train-start-practice" Any`
    t =    37.26s Find the "train-start-practice" Any
    t =    37.33s Find the "train-start-practice" Button
    t =    37.39s Find the "train-start-practice" Button
    t =    37.45s Checking existence of `"train-start-graph-construction" Any`
    t =    37.51s Checking existence of `"5 questions" Button`
    t =    37.56s Find the "5 questions" Button
    t =    38.62s     Find the "5 questions" Button (retry 1)
    t =    39.70s     Find the "5 questions" Button (retry 2)
    t =    39.76s Find the ScrollView at {{0.0, 0.0}, {375.0, 667.0}}
    t =    39.81s Checking existence of `"5 questions" Button`
    t =    39.86s Checking existence of `"5 questions" Button`
    t =    39.92s Find the ScrollView at {{0.0, 0.0}, {375.0, 667.0}}
    t =    39.97s Checking existence of `"5 questions" Button`
    t =    40.02s Press Target Application 'com.zacrotech.NeuroForge'[0.00, 0.00] -> (12.0, 362.0) for 0.1 seconds, then drag to Target Application 'com.zacrotech.NeuroForge'[0.00, 0.00] -> (12.0, 175.2) with velocity of 250.00 pixels per second, and then hold for 0.2 seconds 
    t =    40.02s     Wait for com.zacrotech.NeuroForge to idle
    t =    40.02s     Find the Target Application 'com.zacrotech.NeuroForge'
    t =    40.06s     Check for interrupting elements affecting "NeuroForge" Application
    t =    40.11s     Synthesize event
    t =    40.11s         Find the Target Application 'com.zacrotech.NeuroForge'
    t =    40.14s         Find the Target Application 'com.zacrotech.NeuroForge'
    t =    40.18s         Find the Target Application 'com.zacrotech.NeuroForge'
    t =    40.22s         Find the Target Application 'com.zacrotech.NeuroForge'
    t =    40.26s         Find the Target Application 'com.zacrotech.NeuroForge'
    t =    41.55s     Wait for com.zacrotech.NeuroForge to idle
    t =    42.04s Get all elements bound by index for: Descendants matching type ScrollView
    t =    42.09s Find the ScrollView (Element at index 0)
    t =    42.15s Find the Target Application 'com.zacrotech.NeuroForge'
    t =    42.18s Checking existence of `Keyboard (First Match)`
    t =    42.27s Get all elements bound by index for: Descendants matching type NavigationBar
    t =    42.31s Find the NavigationBar (Element at index 0)
    t =    42.38s Find the "3D Object Rotation" NavigationBar
    t =    42.43s Find the ScrollView at {{0.0, 0.0}, {375.0, 667.0}}
    t =    42.47s Find the ScrollView at {{0.0, 0.0}, {375.0, 667.0}}
    t =    42.52s Get all elements bound by index for: Descendants matching type TabBar
    t =    42.56s Find the TabBar (Element at index 0)
    t =    42.61s Find the "Tab Bar" TabBar
    t =    42.65s Checking existence of `"5 questions" Button`
    t =    42.71s Checking existence of `"session-submit" Any`
    t =    42.78s Checking existence of `"session-next" Any`
    t =    42.84s Checking existence of `"train-start-practice" Any`
    t =    42.89s Find the "train-start-practice" Any
    t =    42.97s Find the "train-start-practice" Button
    t =    43.04s Find the "train-start-practice" Button
    t =    43.10s Checking existence of `"train-start-graph-construction" Any`
    t =    43.15s Checking existence of `"5 questions" Button`
    t =    43.20s Find the "5 questions" Button
    t =    44.28s     Find the "5 questions" Button (retry 1)
    t =    45.36s     Find the "5 questions" Button (retry 2)
    t =    45.42s Find the ScrollView at {{0.0, 0.0}, {375.0, 667.0}}
    t =    45.47s Checking existence of `"5 questions" Button`
    t =    45.52s Checking existence of `"5 questions" Button`
    t =    45.58s Find the ScrollView at {{0.0, 0.0}, {375.0, 667.0}}
    t =    45.63s Checking existence of `"5 questions" Button`
    t =    45.68s Press Target Application 'com.zacrotech.NeuroForge'[0.00, 0.00] -> (12.0, 362.0) for 0.1 seconds, then drag to Target Application 'com.zacrotech.NeuroForge'[0.00, 0.00] -> (12.0, 175.2) with velocity of 250.00 pixels per second, and then hold for 0.2 seconds 
    t =    45.68s     Wait for com.zacrotech.NeuroForge to idle
    t =    45.68s     Find the Target Application 'com.zacrotech.NeuroForge'
    t =    45.72s     Check for interrupting elements affecting "NeuroForge" Application
    t =    45.77s     Synthesize event
    t =    45.77s         Find the Target Application 'com.zacrotech.NeuroForge'
    t =    45.81s         Find the Target Application 'com.zacrotech.NeuroForge'
    t =    45.85s         Find the Target Application 'com.zacrotech.NeuroForge'
    t =    45.89s         Find the Target Application 'com.zacrotech.NeuroForge'
    t =    45.93s         Find the Target Application 'com.zacrotech.NeuroForge'
    t =    47.23s     Wait for com.zacrotech.NeuroForge to idle
    t =    47.43s Get all elements bound by index for: Descendants matching type ScrollView
    t =    47.49s Find the ScrollView (Element at index 0)
    t =    47.56s Find the Target Application 'com.zacrotech.NeuroForge'
    t =    47.60s Checking existence of `Keyboard (First Match)`
    t =    47.70s Get all elements bound by index for: Descendants matching type NavigationBar
    t =    47.74s Find the NavigationBar (Element at index 0)
    t =    47.80s Find the "3D Object Rotation" NavigationBar
    t =    47.85s Find the ScrollView at {{0.0, 0.0}, {375.0, 667.0}}
    t =    47.90s Find the ScrollView at {{0.0, 0.0}, {375.0, 667.0}}
    t =    47.95s Get all elements bound by index for: Descendants matching type TabBar
    t =    47.99s Find the TabBar (Element at index 0)
    t =    48.05s Find the "Tab Bar" TabBar
    t =    48.09s Checking existence of `"5 questions" Button`
    t =    48.15s Checking existence of `"session-submit" Any`
    t =    48.20s Checking existence of `"session-next" Any`
    t =    48.26s Checking existence of `"train-start-practice" Any`
    t =    48.32s Find the "train-start-practice" Any
    t =    48.39s Find the "train-start-practice" Button
    t =    48.45s Find the "train-start-practice" Button
    t =    48.51s Checking existence of `"train-start-graph-construction" Any`
    t =    48.57s Checking existence of `"5 questions" Button`
    t =    48.62s Find the "5 questions" Button
    t =    49.68s     Find the "5 questions" Button (retry 1)
    t =    50.77s     Find the "5 questions" Button (retry 2)
    t =    50.82s Find the ScrollView at {{0.0, 0.0}, {375.0, 667.0}}
    t =    50.87s Checking existence of `"5 questions" Button`
    t =    50.92s Checking existence of `"5 questions" Button`
    t =    50.98s Find the ScrollView at {{0.0, 0.0}, {375.0, 667.0}}
    t =    51.02s Checking existence of `"5 questions" Button`
    t =    51.07s Press Target Application 'com.zacrotech.NeuroForge'[0.00, 0.00] -> (12.0, 362.0) for 0.1 seconds, then drag to Target Application 'com.zacrotech.NeuroForge'[0.00, 0.00] -> (12.0, 175.2) with velocity of 250.00 pixels per second, and then hold for 0.2 seconds 
    t =    51.07s     Wait for com.zacrotech.NeuroForge to idle
    t =    51.08s     Find the Target Application 'com.zacrotech.NeuroForge'
    t =    51.11s     Check for interrupting elements affecting "NeuroForge" Application
    t =    51.16s     Synthesize event
    t =    51.16s         Find the Target Application 'com.zacrotech.NeuroForge'
    t =    51.20s         Find the Target Application 'com.zacrotech.NeuroForge'
    t =    51.24s         Find the Target Application 'com.zacrotech.NeuroForge'
    t =    51.27s         Find the Target Application 'com.zacrotech.NeuroForge'
    t =    51.31s         Find the Target Application 'com.zacrotech.NeuroForge'
    t =    52.61s     Wait for com.zacrotech.NeuroForge to idle
    t =    53.04s Get all elements bound by index for: Descendants matching type ScrollView
    t =    53.10s Find the ScrollView (Element at index 0)
    t =    53.15s Find the Target Application 'com.zacrotech.NeuroForge'
    t =    53.19s Checking existence of `Keyboard (First Match)`
    t =    53.28s Get all elements bound by index for: Descendants matching type NavigationBar
    t =    53.32s Find the NavigationBar (Element at index 0)
    t =    53.38s Find the "3D Object Rotation" NavigationBar
    t =    53.43s Find the ScrollView at {{0.0, 0.0}, {375.0, 667.0}}
    t =    53.48s Find the ScrollView at {{0.0, 0.0}, {375.0, 667.0}}
    t =    53.52s Get all elements bound by index for: Descendants matching type TabBar
    t =    53.56s Find the TabBar (Element at index 0)
    t =    53.61s Find the "Tab Bar" TabBar
    t =    53.66s Checking existence of `"5 questions" Button`
    t =    53.71s Checking existence of `"session-submit" Any`
    t =    53.76s Checking existence of `"session-next" Any`
    t =    53.81s Checking existence of `"train-start-practice" Any`
    t =    53.87s Find the "train-start-practice" Any
    t =    53.93s Find the "train-start-practice" Button
    t =    53.99s Find the "train-start-practice" Button
    t =    54.04s Checking existence of `"train-start-graph-construction" Any`
    t =    54.10s Checking existence of `"5 questions" Button`
    t =    54.15s Find the "5 questions" Button
    t =    55.20s     Find the "5 questions" Button (retry 1)
    t =    56.26s     Find the "5 questions" Button (retry 2)
    t =    56.35s Find the ScrollView at {{0.0, 0.0}, {375.0, 667.0}}
    t =    56.40s Checking existence of `"5 questions" Button`
    t =    56.45s Checking existence of `"5 questions" Button`
    t =    56.50s Find the ScrollView at {{0.0, 0.0}, {375.0, 667.0}}
    t =    56.55s Checking existence of `"5 questions" Button`
    t =    56.59s Press Target Application 'com.zacrotech.NeuroForge'[0.00, 0.00] -> (12.0, 362.0) for 0.1 seconds, then drag to Target Application 'com.zacrotech.NeuroForge'[0.00, 0.00] -> (12.0, 175.2) with velocity of 250.00 pixels per second, and then hold for 0.2 seconds 
    t =    56.59s     Wait for com.zacrotech.NeuroForge to idle
    t =    56.60s     Find the Target Application 'com.zacrotech.NeuroForge'
    t =    56.63s     Check for interrupting elements affecting "NeuroForge" Application
    t =    56.68s     Synthesize event
    t =    56.68s         Find the Target Application 'com.zacrotech.NeuroForge'
    t =    56.72s         Find the Target Application 'com.zacrotech.NeuroForge'
    t =    56.76s         Find the Target Application 'com.zacrotech.NeuroForge'
    t =    56.79s         Find the Target Application 'com.zacrotech.NeuroForge'
    t =    56.83s         Find the Target Application 'com.zacrotech.NeuroForge'
    t =    58.12s     Wait for com.zacrotech.NeuroForge to idle
    t =    58.12s Get all elements bound by index for: Descendants matching type ScrollView
    t =    58.17s Find the ScrollView (Element at index 0)
    t =    58.22s Find the Target Application 'com.zacrotech.NeuroForge'
    t =    58.26s Checking existence of `Keyboard (First Match)`
    t =    58.35s Get all elements bound by index for: Descendants matching type NavigationBar
    t =    58.39s Find the NavigationBar (Element at index 0)
    t =    58.45s Find the "3D Object Rotation" NavigationBar
    t =    58.49s Find the ScrollView at {{0.0, 0.0}, {375.0, 667.0}}
    t =    58.54s Find the ScrollView at {{0.0, 0.0}, {375.0, 667.0}}
    t =    58.58s Get all elements bound by index for: Descendants matching type TabBar
    t =    58.62s Find the TabBar (Element at index 0)
    t =    58.67s Find the "Tab Bar" TabBar
    t =    58.72s Checking existence of `"5 questions" Button`
    t =    58.77s Checking existence of `"session-submit" Any`
    t =    58.82s Checking existence of `"session-next" Any`
    t =    58.87s Checking existence of `"train-start-practice" Any`
    t =    58.92s Find the "train-start-practice" Any
    t =    58.99s Find the "train-start-practice" Button
    t =    59.05s Find the "train-start-practice" Button
    t =    59.11s Checking existence of `"train-start-graph-construction" Any`
    t =    59.16s Checking existence of `"5 questions" Button`
    t =    59.20s Find the "5 questions" Button
    t =    60.25s     Find the "5 questions" Button (retry 1)
    t =    61.34s     Find the "5 questions" Button (retry 2)
    t =    61.40s Find the ScrollView at {{0.0, 0.0}, {375.0, 667.0}}
    t =    61.45s Checking existence of `"5 questions" Button`
    t =    61.50s Checking existence of `"5 questions" Button`
    t =    61.55s Find the ScrollView at {{0.0, 0.0}, {375.0, 667.0}}
    t =    61.59s Checking existence of `"5 questions" Button`
    t =    61.64s Press Target Application 'com.zacrotech.NeuroForge'[0.00, 0.00] -> (12.0, 362.0) for 0.1 seconds, then drag to Target Application 'com.zacrotech.NeuroForge'[0.00, 0.00] -> (12.0, 175.2) with velocity of 250.00 pixels per second, and then hold for 0.2 seconds 
    t =    61.64s     Wait for com.zacrotech.NeuroForge to idle
    t =    61.64s     Find the Target Application 'com.zacrotech.NeuroForge'
    t =    61.68s     Check for interrupting elements affecting "NeuroForge" Application
    t =    61.73s     Synthesize event
    t =    61.73s         Find the Target Application 'com.zacrotech.NeuroForge'
    t =    61.77s         Find the Target Application 'com.zacrotech.NeuroForge'
    t =    61.80s         Find the Target Application 'com.zacrotech.NeuroForge'
    t =    61.84s         Find the Target Application 'com.zacrotech.NeuroForge'
    t =    61.88s         Find the Target Application 'com.zacrotech.NeuroForge'
    t =    63.17s     Wait for com.zacrotech.NeuroForge to idle
    t =    63.67s Get all elements bound by index for: Descendants matching type ScrollView
    t =    63.72s Find the ScrollView (Element at index 0)
    t =    63.77s Find the Target Application 'com.zacrotech.NeuroForge'
    t =    63.81s Checking existence of `Keyboard (First Match)`
    t =    63.89s Get all elements bound by index for: Descendants matching type NavigationBar
    t =    63.93s Find the NavigationBar (Element at index 0)
    t =    63.99s Find the "3D Object Rotation" NavigationBar
    t =    64.03s Find the ScrollView at {{0.0, 0.0}, {375.0, 667.0}}
    t =    64.08s Find the ScrollView at {{0.0, 0.0}, {375.0, 667.0}}
    t =    64.12s Get all elements bound by index for: Descendants matching type TabBar
    t =    64.16s Find the TabBar (Element at index 0)
    t =    64.21s Find the "Tab Bar" TabBar
    t =    64.25s Checking existence of `"5 questions" Button`
    t =    64.30s Find the "5 questions" Button
    t =    64.35s Checking existence of `"session-submit" Any`
    t =    64.40s Checking existence of `"session-next" Any`
    t =    64.45s Checking existence of `"train-start-practice" Any`
    t =    64.50s Find the "train-start-practice" Any
    t =    64.56s Find the "train-start-practice" Button
    t =    64.62s Find the "train-start-practice" Button
    t =    64.67s Checking existence of `"train-start-graph-construction" Any`
    t =    64.72s Checking existence of `"5 questions" Button`
    t =    64.77s Find the "5 questions" Button
    t =    64.82s Find the "5 questions" Button
    t =    64.90s Find the ScrollView at {{0.0, 0.0}, {375.0, 667.0}}
    t =    64.94s Checking existence of `"5 questions" Button`
    t =    64.99s Find the "5 questions" Button
    t =    65.06s Checking existence of `"5 questions" Button`
    t =    65.10s Find the "5 questions" Button
    t =    65.15s Find the ScrollView at {{0.0, 0.0}, {375.0, 667.0}}
    t =    65.20s Checking existence of `"5 questions" Button`
    t =    65.25s Find the "5 questions" Button
    t =    65.30s Press Target Application 'com.zacrotech.NeuroForge'[0.00, 0.00] -> (12.0, 362.0) for 0.1 seconds, then drag to Target Application 'com.zacrotech.NeuroForge'[0.00, 0.00] -> (12.0, 195.0) with velocity of 250.00 pixels per second, and then hold for 0.2 seconds 
    t =    65.30s     Wait for com.zacrotech.NeuroForge to idle
    t =    65.30s     Find the Target Application 'com.zacrotech.NeuroForge'
    t =    65.34s     Check for interrupting elements affecting "NeuroForge" Application
    t =    65.38s     Synthesize event
    t =    65.38s         Find the Target Application 'com.zacrotech.NeuroForge'
    t =    65.41s         Find the Target Application 'com.zacrotech.NeuroForge'
    t =    65.45s         Find the Target Application 'com.zacrotech.NeuroForge'
    t =    65.49s         Find the Target Application 'com.zacrotech.NeuroForge'
    t =    65.52s         Find the Target Application 'com.zacrotech.NeuroForge'
    t =    66.73s     Wait for com.zacrotech.NeuroForge to idle
    t =    67.47s Get all elements bound by index for: Descendants matching type ScrollView
    t =    67.52s Find the ScrollView (Element at index 0)
    t =    67.59s Find the Target Application 'com.zacrotech.NeuroForge'
    t =    67.62s Checking existence of `Keyboard (First Match)`
    t =    67.73s Get all elements bound by index for: Descendants matching type NavigationBar
    t =    67.77s Find the NavigationBar (Element at index 0)
    t =    67.83s Find the "3D Object Rotation" NavigationBar
    t =    67.87s Find the ScrollView at {{0.0, 0.0}, {375.0, 667.0}}
    t =    67.91s Find the ScrollView at {{0.0, 0.0}, {375.0, 667.0}}
    t =    67.96s Get all elements bound by index for: Descendants matching type TabBar
    t =    68.00s Find the TabBar (Element at index 0)
    t =    68.05s Find the "Tab Bar" TabBar
    t =    68.09s Checking existence of `"5 questions" Button`
    t =    68.14s Find the "5 questions" Button
    t =    68.19s Checking existence of `"session-submit" Any`
    t =    68.24s Checking existence of `"session-next" Any`
    t =    68.28s Checking existence of `"train-start-practice" Any`
    t =    68.33s Find the "train-start-practice" Any
    t =    68.39s Find the "train-start-practice" Button
    t =    68.45s Find the "train-start-practice" Button
    t =    68.50s Checking existence of `"train-start-graph-construction" Any`
    t =    68.55s Checking existence of `"5 questions" Button`
    t =    68.60s Find the "5 questions" Button
    t =    68.65s Find the "5 questions" Button
    t =    68.71s Find the ScrollView at {{0.0, 0.0}, {375.0, 667.0}}
    t =    68.75s Checking existence of `"5 questions" Button`
    t =    68.80s Find the "5 questions" Button
    t =    68.86s Find the "5 questions" Button
    t =    68.91s Find the "5 questions" Button
    t =    68.96s Checking existence of `"5 questions" Button`
    t =    69.00s Find the "5 questions" Button
    t =    69.06s Find the ScrollView at {{0.0, 0.0}, {375.0, 667.0}}
    t =    69.10s Checking existence of `"5 questions" Button`
    t =    69.14s Find the "5 questions" Button
    t =    69.19s Press Target Application 'com.zacrotech.NeuroForge'[0.00, 0.00] -> (12.0, 362.0) for 0.1 seconds, then drag to Target Application 'com.zacrotech.NeuroForge'[0.00, 0.00] -> (12.0, 346.0) with velocity of 250.00 pixels per second, and then hold for 0.2 seconds 
    t =    69.19s     Wait for com.zacrotech.NeuroForge to idle
    t =    69.20s     Find the Target Application 'com.zacrotech.NeuroForge'
    t =    69.23s     Check for interrupting elements affecting "NeuroForge" Application
    t =    69.28s     Synthesize event
    t =    69.28s         Find the Target Application 'com.zacrotech.NeuroForge'
    t =    69.31s         Find the Target Application 'com.zacrotech.NeuroForge'
    t =    69.35s         Find the Target Application 'com.zacrotech.NeuroForge'
    t =    69.38s         Find the Target Application 'com.zacrotech.NeuroForge'
    t =    69.42s         Find the Target Application 'com.zacrotech.NeuroForge'
    t =    70.03s     Wait for com.zacrotech.NeuroForge to idle
    t =    71.46s Get all elements bound by index for: Descendants matching type ScrollView
    t =    71.52s Find the ScrollView (Element at index 0)
    t =    71.57s Find the Target Application 'com.zacrotech.NeuroForge'
    t =    71.60s Checking existence of `Keyboard (First Match)`
    t =    71.68s Get all elements bound by index for: Descendants matching type NavigationBar
    t =    71.71s Find the NavigationBar (Element at index 0)
    t =    71.77s Find the "3D Object Rotation" NavigationBar
    t =    71.81s Find the ScrollView at {{0.0, 0.0}, {375.0, 667.0}}
    t =    71.85s Find the ScrollView at {{0.0, 0.0}, {375.0, 667.0}}
    t =    71.89s Get all elements bound by index for: Descendants matching type TabBar
    t =    71.93s Find the TabBar (Element at index 0)
    t =    71.97s Find the "Tab Bar" TabBar
    t =    72.01s Checking existence of `"5 questions" Button`
    t =    72.06s Find the "5 questions" Button
    t =    72.10s Checking existence of `"session-submit" Any`
    t =    72.14s Checking existence of `"session-next" Any`
    t =    72.19s Checking existence of `"train-start-practice" Any`
    t =    72.24s Find the "train-start-practice" Any
    t =    72.29s Find the "train-start-practice" Button
    t =    72.34s Find the "train-start-practice" Button
    t =    72.39s Checking existence of `"train-start-graph-construction" Any`
    t =    72.44s Checking existence of `"5 questions" Button`
    t =    72.48s Find the "5 questions" Button
    t =    72.53s Find the "5 questions" Button
    t =    72.59s Find the ScrollView at {{0.0, 0.0}, {375.0, 667.0}}
    t =    72.63s Checking existence of `"5 questions" Button`
    t =    72.67s Find the "5 questions" Button
    t =    72.73s Find the "5 questions" Button
    t =    72.78s Find the "5 questions" Button
    t =    72.83s Press "5 questions" Button for 0.1 seconds
    t =    72.83s     Wait for com.zacrotech.NeuroForge to idle
    t =    72.83s     Find the "5 questions" Button
    t =    72.88s     Check for interrupting elements affecting "5 questions" Button
    t =    72.92s     Synthesize event
    t =    73.30s     Wait for com.zacrotech.NeuroForge to idle
    t =    74.36s Checking `Expect predicate `selected == 1` for object "5 questions" Button`
    t =    74.36s     Find the "5 questions" Button
    t =    74.43s Find the "Start practice" Button
    t =    74.48s Get all elements bound by index for: Descendants matching type ScrollView
    t =    74.52s Find the ScrollView (Element at index 0)
    t =    74.57s Find the Target Application 'com.zacrotech.NeuroForge'
    t =    74.60s Checking existence of `Keyboard (First Match)`
    t =    74.69s Get all elements bound by index for: Descendants matching type NavigationBar
    t =    74.72s Find the NavigationBar (Element at index 0)
    t =    74.78s Find the "3D Object Rotation" NavigationBar
    t =    74.82s Find the ScrollView at {{0.0, 0.0}, {375.0, 667.0}}
    t =    74.86s Find the ScrollView at {{0.0, 0.0}, {375.0, 667.0}}
    t =    74.91s Get all elements bound by index for: Descendants matching type TabBar
    t =    74.94s Find the TabBar (Element at index 0)
    t =    74.99s Find the "Tab Bar" TabBar
    t =    75.03s Checking existence of `"train-start-spatial-assembly" Button`
    t =    75.07s Find the "train-start-spatial-assembly" Button
    t =    75.12s Checking existence of `"session-submit" Any`
    t =    75.17s Checking existence of `"session-next" Any`
    t =    75.22s Checking existence of `"train-start-practice" Any`
    t =    75.26s Find the "train-start-practice" Any
    t =    75.33s Find the "train-start-practice" Button
    t =    75.38s Find the "train-start-practice" Button
    t =    75.43s Checking existence of `"train-start-graph-construction" Any`
    t =    75.47s Checking existence of `"train-start-spatial-assembly" Button`
    t =    75.52s Find the "train-start-spatial-assembly" Button
    t =    75.57s Find the "train-start-spatial-assembly" Button
    t =    75.62s Find the ScrollView at {{0.0, 0.0}, {375.0, 667.0}}
    t =    75.67s Checking existence of `"train-start-spatial-assembly" Button`
    t =    75.71s Find the "train-start-spatial-assembly" Button
    t =    75.77s Find the "train-start-spatial-assembly" Button
    t =    75.81s Find the "train-start-spatial-assembly" Button
    t =    75.87s Checking existence of `"train-start-spatial-assembly" Button`
    t =    75.91s Find the "train-start-spatial-assembly" Button
    t =    75.96s Find the ScrollView at {{0.0, 0.0}, {375.0, 667.0}}
    t =    76.00s Checking existence of `"train-start-spatial-assembly" Button`
    t =    76.05s Find the "train-start-spatial-assembly" Button
    t =    76.09s Press Target Application 'com.zacrotech.NeuroForge'[0.00, 0.00] -> (12.0, 362.0) for 0.1 seconds, then drag to Target Application 'com.zacrotech.NeuroForge'[0.00, 0.00] -> (12.0, 219.5) with velocity of 250.00 pixels per second, and then hold for 0.2 seconds 
    t =    76.09s     Wait for com.zacrotech.NeuroForge to idle
    t =    76.10s     Find the Target Application 'com.zacrotech.NeuroForge'
    t =    76.13s     Check for interrupting elements affecting "NeuroForge" Application
    t =    76.17s     Synthesize event
    t =    76.17s         Find the Target Application 'com.zacrotech.NeuroForge'
    t =    76.21s         Find the Target Application 'com.zacrotech.NeuroForge'
    t =    76.24s         Find the Target Application 'com.zacrotech.NeuroForge'
    t =    76.27s         Find the Target Application 'com.zacrotech.NeuroForge'
    t =    76.31s         Find the Target Application 'com.zacrotech.NeuroForge'
    t =    77.43s     Wait for com.zacrotech.NeuroForge to idle
    t =    78.01s Get all elements bound by index for: Descendants matching type ScrollView
    t =    78.07s Find the ScrollView (Element at index 0)
    t =    78.12s Find the Target Application 'com.zacrotech.NeuroForge'
    t =    78.15s Checking existence of `Keyboard (First Match)`
    t =    78.23s Get all elements bound by index for: Descendants matching type NavigationBar
    t =    78.27s Find the NavigationBar (Element at index 0)
    t =    78.33s Find the "3D Object Rotation" NavigationBar
    t =    78.37s Find the ScrollView at {{0.0, 0.0}, {375.0, 667.0}}
    t =    78.41s Find the ScrollView at {{0.0, 0.0}, {375.0, 667.0}}
    t =    78.45s Get all elements bound by index for: Descendants matching type TabBar
    t =    78.48s Find the TabBar (Element at index 0)
    t =    78.53s Find the "Tab Bar" TabBar
    t =    78.57s Checking existence of `"train-start-spatial-assembly" Button`
    t =    78.61s Find the "train-start-spatial-assembly" Button
    t =    78.66s Checking existence of `"session-submit" Any`
    t =    78.70s Checking existence of `"session-next" Any`
    t =    78.75s Checking existence of `"train-start-practice" Any`
    t =    78.80s Find the "train-start-practice" Any
    t =    78.86s Find the "train-start-practice" Button
    t =    78.91s Find the "train-start-practice" Button
    t =    78.96s Checking existence of `"train-start-graph-construction" Any`
    t =    79.01s Checking existence of `"train-start-spatial-assembly" Button`
    t =    79.05s Find the "train-start-spatial-assembly" Button
    t =    79.09s Find the "train-start-spatial-assembly" Button
    t =    79.15s Find the ScrollView at {{0.0, 0.0}, {375.0, 667.0}}
    t =    79.19s Checking existence of `"train-start-spatial-assembly" Button`
    t =    79.23s Find the "train-start-spatial-assembly" Button
    t =    79.29s Find the "train-start-spatial-assembly" Button
    t =    79.33s Find the "train-start-spatial-assembly" Button
    t =    79.38s Checking existence of `"train-start-spatial-assembly" Button`
    t =    79.42s Find the "train-start-spatial-assembly" Button
    t =    79.47s Find the ScrollView at {{0.0, 0.0}, {375.0, 667.0}}
    t =    79.51s Checking existence of `"train-start-spatial-assembly" Button`
    t =    79.56s Find the "train-start-spatial-assembly" Button
    t =    79.60s Press Target Application 'com.zacrotech.NeuroForge'[0.00, 0.00] -> (12.0, 362.0) for 0.1 seconds, then drag to Target Application 'com.zacrotech.NeuroForge'[0.00, 0.00] -> (12.0, 219.5) with velocity of 250.00 pixels per second, and then hold for 0.2 seconds 
    t =    79.60s     Wait for com.zacrotech.NeuroForge to idle
    t =    79.60s     Find the Target Application 'com.zacrotech.NeuroForge'
    t =    79.64s     Check for interrupting elements affecting "NeuroForge" Application
    t =    79.67s     Synthesize event
    t =    79.68s         Find the Target Application 'com.zacrotech.NeuroForge'
    t =    79.71s         Find the Target Application 'com.zacrotech.NeuroForge'
    t =    79.74s         Find the Target Application 'com.zacrotech.NeuroForge'
    t =    79.78s         Find the Target Application 'com.zacrotech.NeuroForge'
    t =    79.81s         Find the Target Application 'com.zacrotech.NeuroForge'
    t =    80.93s     Wait for com.zacrotech.NeuroForge to idle
    t =    81.25s Get all elements bound by index for: Descendants matching type ScrollView
    t =    81.29s Find the ScrollView (Element at index 0)
    t =    81.35s Find the Target Application 'com.zacrotech.NeuroForge'
    t =    81.38s Checking existence of `Keyboard (First Match)`
    t =    81.46s Get all elements bound by index for: Descendants matching type NavigationBar
    t =    81.50s Find the NavigationBar (Element at index 0)
    t =    81.55s Find the "3D Object Rotation" NavigationBar
    t =    81.60s Find the ScrollView at {{0.0, 0.0}, {375.0, 667.0}}
    t =    81.64s Find the ScrollView at {{0.0, 0.0}, {375.0, 667.0}}
    t =    81.68s Get all elements bound by index for: Descendants matching type TabBar
    t =    81.71s Find the TabBar (Element at index 0)
    t =    81.76s Find the "Tab Bar" TabBar
    t =    81.80s Checking existence of `"train-start-spatial-assembly" Button`
    t =    81.85s Find the "train-start-spatial-assembly" Button
    t =    81.89s Checking existence of `"session-submit" Any`
    t =    81.93s Checking existence of `"session-next" Any`
    t =    81.98s Checking existence of `"train-start-practice" Any`
    t =    82.02s Find the "train-start-practice" Any
    t =    82.08s Find the "train-start-practice" Button
    t =    82.13s Find the "train-start-practice" Button
    t =    82.17s Checking existence of `"train-start-graph-construction" Any`
    t =    82.22s Checking existence of `"train-start-spatial-assembly" Button`
    t =    82.26s Find the "train-start-spatial-assembly" Button
    t =    82.31s Find the "train-start-spatial-assembly" Button
    t =    82.37s Find the ScrollView at {{0.0, 0.0}, {375.0, 667.0}}
    t =    82.41s Checking existence of `"train-start-spatial-assembly" Button`
    t =    82.46s Find the "train-start-spatial-assembly" Button
    t =    82.51s Find the "train-start-spatial-assembly" Button
    t =    82.56s Find the "train-start-spatial-assembly" Button
    t =    82.61s Checking existence of `"train-start-spatial-assembly" Button`
    t =    82.65s Find the "train-start-spatial-assembly" Button
    t =    82.70s Find the ScrollView at {{0.0, 0.0}, {375.0, 667.0}}
    t =    82.74s Checking existence of `"train-start-spatial-assembly" Button`
    t =    82.78s Find the "train-start-spatial-assembly" Button
    t =    82.83s Press Target Application 'com.zacrotech.NeuroForge'[0.00, 0.00] -> (12.0, 362.0) for 0.1 seconds, then drag to Target Application 'com.zacrotech.NeuroForge'[0.00, 0.00] -> (12.0, 219.5) with velocity of 250.00 pixels per second, and then hold for 0.2 seconds 
    t =    82.83s     Wait for com.zacrotech.NeuroForge to idle
    t =    82.83s     Find the Target Application 'com.zacrotech.NeuroForge'
    t =    82.86s     Check for interrupting elements affecting "NeuroForge" Application
    t =    82.90s     Synthesize event
    t =    82.90s         Find the Target Application 'com.zacrotech.NeuroForge'
    t =    82.94s         Find the Target Application 'com.zacrotech.NeuroForge'
    t =    82.97s         Find the Target Application 'com.zacrotech.NeuroForge'
    t =    83.00s         Find the Target Application 'com.zacrotech.NeuroForge'
    t =    83.03s         Find the Target Application 'com.zacrotech.NeuroForge'
    t =    84.16s     Wait for com.zacrotech.NeuroForge to idle
    t =    84.52s Get all elements bound by index for: Descendants matching type ScrollView
    t =    84.57s Find the ScrollView (Element at index 0)
    t =    84.63s Find the Target Application 'com.zacrotech.NeuroForge'
    t =    84.66s Checking existence of `Keyboard (First Match)`
    t =    84.73s Get all elements bound by index for: Descendants matching type NavigationBar
    t =    84.77s Find the NavigationBar (Element at index 0)
    t =    84.82s Find the "3D Object Rotation" NavigationBar
    t =    84.87s Find the ScrollView at {{0.0, 0.0}, {375.0, 667.0}}
    t =    84.91s Find the ScrollView at {{0.0, 0.0}, {375.0, 667.0}}
    t =    84.95s Get all elements bound by index for: Descendants matching type TabBar
    t =    84.98s Find the TabBar (Element at index 0)
    t =    85.03s Find the "Tab Bar" TabBar
    t =    85.07s Checking existence of `"train-start-spatial-assembly" Button`
    t =    85.11s Find the "train-start-spatial-assembly" Button
    t =    85.16s Checking existence of `"session-submit" Any`
    t =    85.20s Checking existence of `"session-next" Any`
    t =    85.25s Checking existence of `"train-start-practice" Any`
    t =    85.29s Find the "train-start-practice" Any
    t =    85.35s Find the "train-start-practice" Button
    t =    85.40s Find the "train-start-practice" Button
    t =    85.45s Checking existence of `"train-start-graph-construction" Any`
    t =    85.50s Checking existence of `"train-start-spatial-assembly" Button`
    t =    85.54s Find the "train-start-spatial-assembly" Button
    t =    85.59s Find the "train-start-spatial-assembly" Button
    t =    85.65s Find the ScrollView at {{0.0, 0.0}, {375.0, 667.0}}
    t =    85.69s Checking existence of `"train-start-spatial-assembly" Button`
    t =    85.73s Find the "train-start-spatial-assembly" Button
    t =    85.79s Find the "train-start-spatial-assembly" Button
    t =    85.84s Find the "train-start-spatial-assembly" Button
    t =    85.89s Checking existence of `"train-start-spatial-assembly" Button`
    t =    85.93s Find the "train-start-spatial-assembly" Button
    t =    85.98s Find the ScrollView at {{0.0, 0.0}, {375.0, 667.0}}
    t =    86.02s Checking existence of `"train-start-spatial-assembly" Button`
    t =    86.07s Find the "train-start-spatial-assembly" Button
    t =    86.11s Press Target Application 'com.zacrotech.NeuroForge'[0.00, 0.00] -> (12.0, 362.0) for 0.1 seconds, then drag to Target Application 'com.zacrotech.NeuroForge'[0.00, 0.00] -> (12.0, 219.5) with velocity of 250.00 pixels per second, and then hold for 0.2 seconds 
    t =    86.11s     Wait for com.zacrotech.NeuroForge to idle
    t =    86.12s     Find the Target Application 'com.zacrotech.NeuroForge'
    t =    86.15s     Check for interrupting elements affecting "NeuroForge" Application
    t =    86.19s     Synthesize event
    t =    86.19s         Find the Target Application 'com.zacrotech.NeuroForge'
    t =    86.22s         Find the Target Application 'com.zacrotech.NeuroForge'
    t =    86.26s         Find the Target Application 'com.zacrotech.NeuroForge'
    t =    86.29s         Find the Target Application 'com.zacrotech.NeuroForge'
    t =    86.32s         Find the Target Application 'com.zacrotech.NeuroForge'
    t =    87.44s     Wait for com.zacrotech.NeuroForge to idle
    t =    88.09s Get all elements bound by index for: Descendants matching type ScrollView
    t =    88.15s Find the ScrollView (Element at index 0)
    t =    88.20s Find the Target Application 'com.zacrotech.NeuroForge'
    t =    88.23s Checking existence of `Keyboard (First Match)`
    t =    88.30s Get all elements bound by index for: Descendants matching type NavigationBar
    t =    88.33s Find the NavigationBar (Element at index 0)
    t =    88.39s Find the "3D Object Rotation" NavigationBar
    t =    88.43s Find the ScrollView at {{0.0, 0.0}, {375.0, 667.0}}
    t =    88.47s Find the ScrollView at {{0.0, 0.0}, {375.0, 667.0}}
    t =    88.51s Get all elements bound by index for: Descendants matching type TabBar
    t =    88.55s Find the TabBar (Element at index 0)
    t =    88.60s Find the "Tab Bar" TabBar
    t =    88.64s Checking existence of `"train-start-spatial-assembly" Button`
    t =    88.68s Find the "train-start-spatial-assembly" Button
    t =    88.73s Checking existence of `"session-submit" Any`
    t =    88.77s Checking existence of `"session-next" Any`
    t =    88.82s Checking existence of `"train-start-practice" Any`
    t =    88.86s Find the "train-start-practice" Any
    t =    88.92s Find the "train-start-practice" Button
    t =    88.97s Find the "train-start-practice" Button
    t =    89.02s Checking existence of `"train-start-graph-construction" Any`
    t =    89.07s Checking existence of `"train-start-spatial-assembly" Button`
    t =    89.12s Find the "train-start-spatial-assembly" Button
    t =    89.17s Find the "train-start-spatial-assembly" Button
    t =    89.22s Find the ScrollView at {{0.0, 0.0}, {375.0, 667.0}}
    t =    89.26s Checking existence of `"train-start-spatial-assembly" Button`
    t =    89.31s Find the "train-start-spatial-assembly" Button
    t =    89.37s Find the "train-start-spatial-assembly" Button
    t =    89.42s Find the "train-start-spatial-assembly" Button
    t =    89.47s Checking existence of `"train-start-spatial-assembly" Button`
    t =    89.51s Find the "train-start-spatial-assembly" Button
    t =    89.56s Find the ScrollView at {{0.0, 0.0}, {375.0, 667.0}}
    t =    89.61s Checking existence of `"train-start-spatial-assembly" Button`
    t =    89.65s Find the "train-start-spatial-assembly" Button
    t =    89.70s Press Target Application 'com.zacrotech.NeuroForge'[0.00, 0.00] -> (12.0, 362.0) for 0.1 seconds, then drag to Target Application 'com.zacrotech.NeuroForge'[0.00, 0.00] -> (12.0, 219.5) with velocity of 250.00 pixels per second, and then hold for 0.2 seconds 
    t =    89.70s     Wait for com.zacrotech.NeuroForge to idle
    t =    89.70s     Find the Target Application 'com.zacrotech.NeuroForge'
    t =    89.74s     Check for interrupting elements affecting "NeuroForge" Application
    t =    89.78s     Synthesize event
    t =    89.78s         Find the Target Application 'com.zacrotech.NeuroForge'
    t =    89.82s         Find the Target Application 'com.zacrotech.NeuroForge'
    t =    89.86s         Find the Target Application 'com.zacrotech.NeuroForge'
    t =    89.89s         Find the Target Application 'com.zacrotech.NeuroForge'
    t =    89.93s         Find the Target Application 'com.zacrotech.NeuroForge'
    t =    91.06s     Wait for com.zacrotech.NeuroForge to idle
    t =    91.59s Get all elements bound by index for: Descendants matching type ScrollView
    t =    91.62s Find the ScrollView (Element at index 0)
    t =    91.67s Find the Target Application 'com.zacrotech.NeuroForge'
    t =    91.70s Checking existence of `Keyboard (First Match)`
    t =    91.77s Get all elements bound by index for: Descendants matching type NavigationBar
    t =    91.81s Find the NavigationBar (Element at index 0)
    t =    91.87s Find the "3D Object Rotation" NavigationBar
    t =    91.91s Find the ScrollView at {{0.0, 0.0}, {375.0, 667.0}}
    t =    91.96s Find the ScrollView at {{0.0, 0.0}, {375.0, 667.0}}
    t =    92.00s Get all elements bound by index for: Descendants matching type TabBar
    t =    92.03s Find the TabBar (Element at index 0)
    t =    92.08s Find the "Tab Bar" TabBar
    t =    92.12s Checking existence of `"train-start-spatial-assembly" Button`
    t =    92.16s Find the "train-start-spatial-assembly" Button
    t =    92.21s Checking existence of `"session-submit" Any`
    t =    92.25s Checking existence of `"session-next" Any`
    t =    92.30s Checking existence of `"train-start-practice" Any`
    t =    92.36s Find the "train-start-practice" Any
    t =    92.42s Find the "train-start-practice" Button
    t =    92.48s Find the "train-start-practice" Button
    t =    92.53s Checking existence of `"train-start-graph-construction" Any`
    t =    92.58s Checking existence of `"train-start-spatial-assembly" Button`
    t =    92.64s Find the "train-start-spatial-assembly" Button
    t =    92.69s Find the "train-start-spatial-assembly" Button
    t =    92.87s Find the ScrollView at {{0.0, 0.0}, {375.0, 667.0}}
    t =    92.92s Checking existence of `"train-start-spatial-assembly" Button`
    t =    92.97s Find the "train-start-spatial-assembly" Button
    t =    93.02s Find the "train-start-spatial-assembly" Button
    t =    93.07s Find the "train-start-spatial-assembly" Button
    t =    93.12s Checking existence of `"train-start-spatial-assembly" Button`
    t =    93.16s Find the "train-start-spatial-assembly" Button
    t =    93.21s Find the ScrollView at {{0.0, 0.0}, {375.0, 667.0}}
    t =    93.25s Checking existence of `"train-start-spatial-assembly" Button`
    t =    93.29s Find the "train-start-spatial-assembly" Button
    t =    93.34s Press Target Application 'com.zacrotech.NeuroForge'[0.00, 0.00] -> (12.0, 362.0) for 0.1 seconds, then drag to Target Application 'com.zacrotech.NeuroForge'[0.00, 0.00] -> (12.0, 219.5) with velocity of 250.00 pixels per second, and then hold for 0.2 seconds 
    t =    93.34s     Wait for com.zacrotech.NeuroForge to idle
    t =    93.34s     Find the Target Application 'com.zacrotech.NeuroForge'
    t =    93.38s     Check for interrupting elements affecting "NeuroForge" Application
    t =    93.42s     Synthesize event
    t =    93.42s         Find the Target Application 'com.zacrotech.NeuroForge'
    t =    93.45s         Find the Target Application 'com.zacrotech.NeuroForge'
    t =    93.49s         Find the Target Application 'com.zacrotech.NeuroForge'
    t =    93.52s         Find the Target Application 'com.zacrotech.NeuroForge'
    t =    93.55s         Find the Target Application 'com.zacrotech.NeuroForge'
    t =    94.68s     Wait for com.zacrotech.NeuroForge to idle
    t =    95.03s Get all elements bound by index for: Descendants matching type ScrollView
    t =    95.08s Find the ScrollView (Element at index 0)
    t =    95.12s Find the Target Application 'com.zacrotech.NeuroForge'
    t =    95.16s Checking existence of `Keyboard (First Match)`
    t =    95.23s Get all elements bound by index for: Descendants matching type NavigationBar
    t =    95.27s Find the NavigationBar (Element at index 0)
    t =    95.32s Find the "3D Object Rotation" NavigationBar
    t =    95.36s Find the ScrollView at {{0.0, 0.0}, {375.0, 667.0}}
    t =    95.41s Find the ScrollView at {{0.0, 0.0}, {375.0, 667.0}}
    t =    95.45s Get all elements bound by index for: Descendants matching type TabBar
    t =    95.48s Find the TabBar (Element at index 0)
    t =    95.53s Find the "Tab Bar" TabBar
    t =    95.59s Checking existence of `"train-start-spatial-assembly" Button`
    t =    95.64s Find the "train-start-spatial-assembly" Button
    t =    95.69s Checking existence of `"session-submit" Any`
    t =    95.73s Checking existence of `"session-next" Any`
    t =    95.78s Checking existence of `"train-start-practice" Any`
    t =    95.82s Find the "train-start-practice" Any
    t =    95.88s Find the "train-start-practice" Button
    t =    95.93s Find the "train-start-practice" Button
    t =    95.98s Checking existence of `"train-start-graph-construction" Any`
    t =    96.03s Checking existence of `"train-start-spatial-assembly" Button`
    t =    96.07s Find the "train-start-spatial-assembly" Button
    t =    96.12s Find the "train-start-spatial-assembly" Button
    t =    96.18s Find the ScrollView at {{0.0, 0.0}, {375.0, 667.0}}
    t =    96.22s Checking existence of `"train-start-spatial-assembly" Button`
    t =    96.26s Find the "train-start-spatial-assembly" Button
    t =    96.32s Find the "train-start-spatial-assembly" Button
    t =    96.37s Find the "train-start-spatial-assembly" Button
    t =    96.42s Checking existence of `"train-start-spatial-assembly" Button`
    t =    96.47s Find the "train-start-spatial-assembly" Button
    t =    96.52s Find the ScrollView at {{0.0, 0.0}, {375.0, 667.0}}
    t =    96.56s Checking existence of `"train-start-spatial-assembly" Button`
    t =    96.61s Find the "train-start-spatial-assembly" Button
    t =    96.65s Press Target Application 'com.zacrotech.NeuroForge'[0.00, 0.00] -> (12.0, 362.0) for 0.1 seconds, then drag to Target Application 'com.zacrotech.NeuroForge'[0.00, 0.00] -> (12.0, 219.5) with velocity of 250.00 pixels per second, and then hold for 0.2 seconds 
    t =    96.65s     Wait for com.zacrotech.NeuroForge to idle
    t =    96.65s     Find the Target Application 'com.zacrotech.NeuroForge'
    t =    96.69s     Check for interrupting elements affecting "NeuroForge" Application
    t =    96.72s     Synthesize event
    t =    96.73s         Find the Target Application 'com.zacrotech.NeuroForge'
    t =    96.76s         Find the Target Application 'com.zacrotech.NeuroForge'
    t =    96.79s         Find the Target Application 'com.zacrotech.NeuroForge'
    t =    96.82s         Find the Target Application 'com.zacrotech.NeuroForge'
    t =    96.86s         Find the Target Application 'com.zacrotech.NeuroForge'
    t =    97.98s     Wait for com.zacrotech.NeuroForge to idle
    t =    98.59s Get all elements bound by index for: Descendants matching type ScrollView
    t =    98.63s Find the ScrollView (Element at index 0)
    t =    98.68s Find the Target Application 'com.zacrotech.NeuroForge'
    t =    98.71s Checking existence of `Keyboard (First Match)`
    t =    98.79s Get all elements bound by index for: Descendants matching type NavigationBar
    t =    98.83s Find the NavigationBar (Element at index 0)
    t =    98.88s Find the "3D Object Rotation" NavigationBar
    t =    98.92s Find the ScrollView at {{0.0, 0.0}, {375.0, 667.0}}
    t =    98.96s Find the ScrollView at {{0.0, 0.0}, {375.0, 667.0}}
    t =    99.00s Get all elements bound by index for: Descendants matching type TabBar
    t =    99.04s Find the TabBar (Element at index 0)
    t =    99.09s Find the "Tab Bar" TabBar
    t =    99.13s Checking existence of `"train-start-spatial-assembly" Button`
    t =    99.18s Find the "train-start-spatial-assembly" Button
    t =    99.22s Checking existence of `"session-submit" Any`
    t =    99.27s Checking existence of `"session-next" Any`
    t =    99.31s Checking existence of `"train-start-practice" Any`
    t =    99.36s Find the "train-start-practice" Any
    t =    99.42s Find the "train-start-practice" Button
    t =    99.47s Find the "train-start-practice" Button
    t =    99.52s Checking existence of `"train-start-graph-construction" Any`
    t =    99.57s Checking existence of `"train-start-spatial-assembly" Button`
    t =    99.61s Find the "train-start-spatial-assembly" Button
    t =    99.66s Find the "train-start-spatial-assembly" Button
    t =    99.71s Find the ScrollView at {{0.0, 0.0}, {375.0, 667.0}}
    t =    99.75s Checking existence of `"train-start-spatial-assembly" Button`
    t =    99.80s Find the "train-start-spatial-assembly" Button
    t =    99.85s Find the "train-start-spatial-assembly" Button
    t =    99.90s Find the "train-start-spatial-assembly" Button
    t =    99.95s Checking existence of `"train-start-spatial-assembly" Button`
    t =    99.99s Find the "train-start-spatial-assembly" Button
    t =   100.04s Find the ScrollView at {{0.0, 0.0}, {375.0, 667.0}}
    t =   100.08s Checking existence of `"train-start-spatial-assembly" Button`
    t =   100.13s Find the "train-start-spatial-assembly" Button
    t =   100.18s Press Target Application 'com.zacrotech.NeuroForge'[0.00, 0.00] -> (12.0, 362.0) for 0.1 seconds, then drag to Target Application 'com.zacrotech.NeuroForge'[0.00, 0.00] -> (12.0, 219.5) with velocity of 250.00 pixels per second, and then hold for 0.2 seconds 
    t =   100.18s     Wait for com.zacrotech.NeuroForge to idle
    t =   100.18s     Find the Target Application 'com.zacrotech.NeuroForge'
    t =   100.21s     Check for interrupting elements affecting "NeuroForge" Application
    t =   100.26s     Synthesize event
    t =   100.26s         Find the Target Application 'com.zacrotech.NeuroForge'
    t =   100.29s         Find the Target Application 'com.zacrotech.NeuroForge'
    t =   100.33s         Find the Target Application 'com.zacrotech.NeuroForge'
    t =   100.36s         Find the Target Application 'com.zacrotech.NeuroForge'
    t =   100.39s         Find the Target Application 'com.zacrotech.NeuroForge'
    t =   101.51s     Wait for com.zacrotech.NeuroForge to idle
    t =   102.09s Get all elements bound by index for: Descendants matching type ScrollView
    t =   102.13s Find the ScrollView (Element at index 0)
    t =   102.18s Find the Target Application 'com.zacrotech.NeuroForge'
    t =   102.21s Checking existence of `Keyboard (First Match)`
    t =   102.29s Get all elements bound by index for: Descendants matching type NavigationBar
    t =   102.33s Find the NavigationBar (Element at index 0)
    t =   102.38s Find the "3D Object Rotation" NavigationBar
    t =   102.42s Find the ScrollView at {{0.0, 0.0}, {375.0, 667.0}}
    t =   102.46s Find the ScrollView at {{0.0, 0.0}, {375.0, 667.0}}
    t =   102.50s Get all elements bound by index for: Descendants matching type TabBar
    t =   102.54s Find the TabBar (Element at index 0)
    t =   102.58s Find the "Tab Bar" TabBar
    t =   102.63s Checking existence of `"train-start-spatial-assembly" Button`
    t =   102.67s Find the "train-start-spatial-assembly" Button
    t =   102.72s Checking existence of `"session-submit" Any`
    t =   102.76s Checking existence of `"session-next" Any`
    t =   102.82s Checking existence of `"train-start-practice" Any`
    t =   102.87s Find the "train-start-practice" Any
    t =   102.94s Find the "train-start-practice" Button
    t =   102.99s Find the "train-start-practice" Button
    t =   103.04s Checking existence of `"train-start-graph-construction" Any`
    t =   103.09s Checking existence of `"train-start-spatial-assembly" Button`
    t =   103.13s Find the "train-start-spatial-assembly" Button
    t =   103.18s Find the "train-start-spatial-assembly" Button
    t =   103.23s Find the ScrollView at {{0.0, 0.0}, {375.0, 667.0}}
    t =   103.27s Checking existence of `"train-start-spatial-assembly" Button`
    t =   103.31s Find the "train-start-spatial-assembly" Button
    t =   103.37s Find the "train-start-spatial-assembly" Button
    t =   103.42s Find the "train-start-spatial-assembly" Button
    t =   103.46s Checking existence of `"train-start-spatial-assembly" Button`
    t =   103.51s Find the "train-start-spatial-assembly" Button
    t =   103.56s Find the ScrollView at {{0.0, 0.0}, {375.0, 667.0}}
    t =   103.60s Checking existence of `"train-start-spatial-assembly" Button`
    t =   103.64s Find the "train-start-spatial-assembly" Button
    t =   103.69s Press Target Application 'com.zacrotech.NeuroForge'[0.00, 0.00] -> (12.0, 362.0) for 0.1 seconds, then drag to Target Application 'com.zacrotech.NeuroForge'[0.00, 0.00] -> (12.0, 219.5) with velocity of 250.00 pixels per second, and then hold for 0.2 seconds 
    t =   103.69s     Wait for com.zacrotech.NeuroForge to idle
    t =   103.69s     Find the Target Application 'com.zacrotech.NeuroForge'
    t =   103.72s     Check for interrupting elements affecting "NeuroForge" Application
    t =   103.76s     Synthesize event
    t =   103.76s         Find the Target Application 'com.zacrotech.NeuroForge'
    t =   103.80s         Find the Target Application 'com.zacrotech.NeuroForge'
    t =   103.83s         Find the Target Application 'com.zacrotech.NeuroForge'
    t =   103.86s         Find the Target Application 'com.zacrotech.NeuroForge'
    t =   103.89s         Find the Target Application 'com.zacrotech.NeuroForge'
    t =   105.02s     Wait for com.zacrotech.NeuroForge to idle
    t =   105.59s Get all elements bound by index for: Descendants matching type ScrollView
    t =   105.65s Find the ScrollView (Element at index 0)
    t =   105.71s Find the Target Application 'com.zacrotech.NeuroForge'
    t =   105.74s Checking existence of `Keyboard (First Match)`
    t =   105.81s Get all elements bound by index for: Descendants matching type NavigationBar
    t =   105.85s Find the NavigationBar (Element at index 0)
    t =   105.90s Find the "3D Object Rotation" NavigationBar
    t =   105.94s Find the ScrollView at {{0.0, 0.0}, {375.0, 667.0}}
    t =   105.98s Find the ScrollView at {{0.0, 0.0}, {375.0, 667.0}}
    t =   106.02s Get all elements bound by index for: Descendants matching type TabBar
    t =   106.06s Find the TabBar (Element at index 0)
    t =   106.10s Find the "Tab Bar" TabBar
    t =   106.14s Checking existence of `"train-start-spatial-assembly" Button`
    t =   106.19s Find the "train-start-spatial-assembly" Button
    t =   106.23s Checking existence of `"session-submit" Any`
    t =   106.28s Checking existence of `"session-next" Any`
    t =   106.32s Checking existence of `"train-start-practice" Any`
    t =   106.37s Find the "train-start-practice" Any
    t =   106.42s Find the "train-start-practice" Button
    t =   106.47s Find the "train-start-practice" Button
    t =   106.52s Checking existence of `"train-start-graph-construction" Any`
    t =   106.57s Checking existence of `"train-start-spatial-assembly" Button`
    t =   106.62s Find the "train-start-spatial-assembly" Button
    t =   106.66s Find the "train-start-spatial-assembly" Button
    t =   106.72s Find the ScrollView at {{0.0, 0.0}, {375.0, 667.0}}
    t =   106.76s Checking existence of `"train-start-spatial-assembly" Button`
    t =   106.81s Find the "train-start-spatial-assembly" Button
    t =   106.86s Find the "train-start-spatial-assembly" Button
    t =   106.90s Find the "train-start-spatial-assembly" Button
    t =   106.95s Checking existence of `"train-start-spatial-assembly" Button`
    t =   106.99s Find the "train-start-spatial-assembly" Button
    t =   107.04s Find the ScrollView at {{0.0, 0.0}, {375.0, 667.0}}
    t =   107.08s Checking existence of `"train-start-spatial-assembly" Button`
    t =   107.12s Find the "train-start-spatial-assembly" Button
    t =   107.17s Press Target Application 'com.zacrotech.NeuroForge'[0.00, 0.00] -> (12.0, 362.0) for 0.1 seconds, then drag to Target Application 'com.zacrotech.NeuroForge'[0.00, 0.00] -> (12.0, 219.5) with velocity of 250.00 pixels per second, and then hold for 0.2 seconds 
    t =   107.17s     Wait for com.zacrotech.NeuroForge to idle
    t =   107.17s     Find the Target Application 'com.zacrotech.NeuroForge'
    t =   107.21s     Check for interrupting elements affecting "NeuroForge" Application
    t =   107.25s     Synthesize event
    t =   107.25s         Find the Target Application 'com.zacrotech.NeuroForge'
    t =   107.28s         Find the Target Application 'com.zacrotech.NeuroForge'
    t =   107.32s         Find the Target Application 'com.zacrotech.NeuroForge'
    t =   107.35s         Find the Target Application 'com.zacrotech.NeuroForge'
    t =   107.39s         Find the Target Application 'com.zacrotech.NeuroForge'
    t =   108.52s     Wait for com.zacrotech.NeuroForge to idle
    t =   109.09s Get all elements bound by index for: Descendants matching type ScrollView
    t =   109.12s Find the ScrollView (Element at index 0)
    t =   109.17s Find the Target Application 'com.zacrotech.NeuroForge'
    t =   109.20s Checking existence of `Keyboard (First Match)`
    t =   109.28s Get all elements bound by index for: Descendants matching type NavigationBar
    t =   109.32s Find the NavigationBar (Element at index 0)
    t =   109.37s Find the "3D Object Rotation" NavigationBar
    t =   109.41s Find the ScrollView at {{0.0, 0.0}, {375.0, 667.0}}
    t =   109.46s Find the ScrollView at {{0.0, 0.0}, {375.0, 667.0}}
    t =   109.50s Get all elements bound by index for: Descendants matching type TabBar
    t =   109.54s Find the TabBar (Element at index 0)
    t =   109.59s Find the "Tab Bar" TabBar
    t =   109.63s Checking existence of `"train-start-spatial-assembly" Button`
    t =   109.67s Find the "train-start-spatial-assembly" Button
    t =   109.72s Checking existence of `"session-submit" Any`
    t =   109.76s Checking existence of `"session-next" Any`
    t =   109.80s Checking existence of `"train-start-practice" Any`
    t =   109.85s Find the "train-start-practice" Any
    t =   109.91s Find the "train-start-practice" Button
    t =   109.96s Find the "train-start-practice" Button
    t =   110.01s Checking existence of `"train-start-graph-construction" Any`
    t =   110.06s Checking existence of `"train-start-spatial-assembly" Button`
    t =   110.11s Find the "train-start-spatial-assembly" Button
    t =   110.16s Find the "train-start-spatial-assembly" Button
    t =   110.22s Find the ScrollView at {{0.0, 0.0}, {375.0, 667.0}}
    t =   110.26s Checking existence of `"train-start-spatial-assembly" Button`
    t =   110.31s Find the "train-start-spatial-assembly" Button
    t =   110.36s Find the "train-start-spatial-assembly" Button
    t =   110.41s Find the "train-start-spatial-assembly" Button
    t =   110.46s Checking existence of `"train-start-spatial-assembly" Button`
    t =   110.50s Find the "train-start-spatial-assembly" Button
    t =   110.55s Find the ScrollView at {{0.0, 0.0}, {375.0, 667.0}}
    t =   110.59s Checking existence of `"train-start-spatial-assembly" Button`
    t =   110.63s Find the "train-start-spatial-assembly" Button
    t =   110.68s Press Target Application 'com.zacrotech.NeuroForge'[0.00, 0.00] -> (12.0, 362.0) for 0.1 seconds, then drag to Target Application 'com.zacrotech.NeuroForge'[0.00, 0.00] -> (12.0, 219.5) with velocity of 250.00 pixels per second, and then hold for 0.2 seconds 
    t =   110.68s     Wait for com.zacrotech.NeuroForge to idle
    t =   110.68s     Find the Target Application 'com.zacrotech.NeuroForge'
    t =   110.72s     Check for interrupting elements affecting "NeuroForge" Application
    t =   110.76s     Synthesize event
    t =   110.76s         Find the Target Application 'com.zacrotech.NeuroForge'
    t =   110.80s         Find the Target Application 'com.zacrotech.NeuroForge'
    t =   110.83s         Find the Target Application 'com.zacrotech.NeuroForge'
    t =   110.86s         Find the Target Application 'com.zacrotech.NeuroForge'
    t =   110.90s         Find the Target Application 'com.zacrotech.NeuroForge'
    t =   112.02s     Wait for com.zacrotech.NeuroForge to idle
    t =   112.59s Get all elements bound by index for: Descendants matching type ScrollView
    t =   112.66s Find the ScrollView (Element at index 0)
    t =   112.71s Find the Target Application 'com.zacrotech.NeuroForge'
    t =   112.74s Checking existence of `Keyboard (First Match)`
    t =   112.82s Get all elements bound by index for: Descendants matching type NavigationBar
    t =   112.85s Find the NavigationBar (Element at index 0)
    t =   112.91s Find the "3D Object Rotation" NavigationBar
    t =   112.95s Find the ScrollView at {{0.0, 0.0}, {375.0, 667.0}}
    t =   112.99s Find the ScrollView at {{0.0, 0.0}, {375.0, 667.0}}
    t =   113.03s Get all elements bound by index for: Descendants matching type TabBar
    t =   113.06s Find the TabBar (Element at index 0)
    t =   113.11s Find the "Tab Bar" TabBar
    t =   113.15s Checking existence of `"train-start-spatial-assembly" Button`
    t =   113.19s Find the "train-start-spatial-assembly" Button
    t =   113.24s Checking existence of `"session-submit" Any`
    t =   113.28s Checking existence of `"session-next" Any`
    t =   113.33s Checking existence of `"train-start-practice" Any`
    t =   113.37s Find the "train-start-practice" Any
    t =   113.43s Find the "train-start-practice" Button
    t =   113.48s Find the "train-start-practice" Button
    t =   113.53s Checking existence of `"train-start-graph-construction" Any`
    t =   113.58s Checking existence of `"train-start-spatial-assembly" Button`
    t =   113.62s Find the "train-start-spatial-assembly" Button
    t =   113.67s Find the "train-start-spatial-assembly" Button
    t =   113.72s Find the ScrollView at {{0.0, 0.0}, {375.0, 667.0}}
    t =   113.76s Checking existence of `"train-start-spatial-assembly" Button`
    t =   113.81s Find the "train-start-spatial-assembly" Button
    t =   113.86s Find the "train-start-spatial-assembly" Button
    t =   113.91s Find the "train-start-spatial-assembly" Button
    t =   113.96s Checking existence of `"train-start-spatial-assembly" Button`
    t =   114.00s Find the "train-start-spatial-assembly" Button
    t =   114.05s Find the ScrollView at {{0.0, 0.0}, {375.0, 667.0}}
    t =   114.09s Checking existence of `"train-start-spatial-assembly" Button`
    t =   114.14s Find the "train-start-spatial-assembly" Button
    t =   114.18s Press Target Application 'com.zacrotech.NeuroForge'[0.00, 0.00] -> (12.0, 362.0) for 0.1 seconds, then drag to Target Application 'com.zacrotech.NeuroForge'[0.00, 0.00] -> (12.0, 219.5) with velocity of 250.00 pixels per second, and then hold for 0.2 seconds 
    t =   114.18s     Wait for com.zacrotech.NeuroForge to idle
    t =   114.18s     Find the Target Application 'com.zacrotech.NeuroForge'
    t =   114.22s     Check for interrupting elements affecting "NeuroForge" Application
    t =   114.26s     Synthesize event
    t =   114.26s         Find the Target Application 'com.zacrotech.NeuroForge'
    t =   114.29s         Find the Target Application 'com.zacrotech.NeuroForge'
    t =   114.32s         Find the Target Application 'com.zacrotech.NeuroForge'
    t =   114.36s         Find the Target Application 'com.zacrotech.NeuroForge'
    t =   114.39s         Find the Target Application 'com.zacrotech.NeuroForge'
    t =   115.51s     Wait for com.zacrotech.NeuroForge to idle
    t =   116.10s Added attachment named 'Response control reveal geometry'
/Users/takamimarsh/Developer/Projects/Zacro Tech/NeuroForge/UITests/NavigationSmokeUITests.swift:1150: error: -[NeuroForgeUITests.NavigationSmokeUITests testAsymmetricSolidPublicLaunchUsesVisibleProjectionOracleAndColdCompleteSet] : XCTAssertTrue failed
    t =   116.51s Tear Down
Test Case '-[NeuroForgeUITests.NavigationSmokeUITests testAsymmetricSolidPublicLaunchUsesVisibleProjectionOracleAndColdCompleteSet]' failed (117.072 seconds).
Test Case '-[NeuroForgeUITests.NavigationSmokeUITests testCubeNetRetainsPrintedGivensAcrossCameraAndCommittedFolding]' started.
    t =     0.00s Start Test at 2026-09-05 19:27:49.549
    t =     0.06s Set Up
    t =     0.06s Open com.zacrotech.NeuroForge
    t =     0.06s     Launch com.zacrotech.NeuroForge
    t =     0.06s         Terminate com.zacrotech.NeuroForge:22938
2026-09-05 19:27:50.628 xcodebuild[22023:6491994] [MT] IDELaunchParametersSnapshot: The operation couldn’t be completed. (DebuggerLLDB.DebuggerVersionStore.StoreError error 0.)
2026-09-05 19:27:50.628 xcodebuild[22023:6491994] [MT] IDELaunchParametersSnapshot: no debugger version
    t =     1.49s         Setting up automation session
    t =     3.13s         Wait for com.zacrotech.NeuroForge to idle
    t =     8.97s Waiting 15.0s for "universal-session" Any to exist
    t =     9.98s     Checking `Expect predicate `existsNoRetry == 1` for object "universal-session" Any`
    t =     9.98s         Checking existence of `"universal-session" Any`
    t =    10.29s Waiting 3.0s for "session-resume" Any to exist
    t =    11.37s     Checking `Expect predicate `existsNoRetry == 1` for object "session-resume" Any`
    t =    11.38s         Checking existence of `"session-resume" Any`
    t =    11.66s         Capturing element debug description
    t =    12.37s     Checking `Expect predicate `existsNoRetry == 1` for object "session-resume" Any`
    t =    12.37s         Checking existence of `"session-resume" Any`
    t =    12.51s         Capturing element debug description
    t =    13.30s     Checking `Expect predicate `existsNoRetry == 1` for object "session-resume" Any`
    t =    13.30s         Checking existence of `"session-resume" Any`
    t =    13.43s         Capturing element debug description
    t =    13.43s     Checking existence of `"session-resume" Any`
    t =    13.52s Collecting debug information to assist test failure triage
    t =    13.52s     Requesting snapshot of accessibility hierarchy for app with pid 23548
    t =    13.65s Waiting 8.0s for "session-position" Any to exist
    t =    14.72s     Checking `Expect predicate `existsNoRetry == 1` for object "session-position" Any`
    t =    14.72s         Checking existence of `"session-position" Any`
    t =    14.86s Find the "session-position" Any
    t =    14.96s Waiting 8.0s for "session-prompt" Any to exist
    t =    15.98s     Checking `Expect predicate `existsNoRetry == 1` for object "session-prompt" Any`
    t =    15.98s         Checking existence of `"session-prompt" Any`
    t =    16.09s Find the "session-prompt" Any
    t =    16.19s Checking existence of `"net-folding-givens" Any`
    t =    16.29s Find the "net-folding-givens" Any
    t =    16.39s Checking existence of `"net-folding-independent-policy" Any`
    t =    16.49s Checking existence of `"net-folding-complete" Any`
    t =    16.59s Checking existence of `"net-folding-unfold" Any`
    t =    16.69s Checking existence of `"net-folding-reset" Any`
    t =    16.79s Checking existence of `"net-folding-worked-frames" Any`
    t =    16.89s Get all elements bound by index for: Descendants matching type ScrollView
    t =    16.95s Find the ScrollView (Element at index 0)
    t =    17.04s Find the Target Application 'com.zacrotech.NeuroForge'
    t =    17.09s Checking existence of `Keyboard (First Match)`
    t =    17.19s Get all elements bound by index for: Descendants matching type NavigationBar
    t =    17.25s Find the NavigationBar (Element at index 0)
    t =    17.31s Find the ScrollView at {{0.0, 169.5}, {375.0, 497.5}}
    t =    17.38s Find the ScrollView at {{0.0, 169.5}, {375.0, 497.5}}
    t =    17.44s Get all elements bound by index for: Descendants matching type TabBar
    t =    17.49s Find the TabBar (Element at index 0)
    t =    17.56s Checking existence of `"net-folding-camera" Button`
    t =    17.65s Find the "net-folding-camera" Button
    t =    17.74s Checking existence of `"session-submit" Any`
    t =    17.84s Find the "session-submit" Any
    t =    17.95s Find the "session-submit" Button
    t =    18.05s Find the "session-submit" Button
    t =    18.15s Checking existence of `"session-next" Any`
    t =    18.24s Checking existence of `"train-start-practice" Any`
    t =    18.34s Checking existence of `"train-start-graph-construction" Any`
    t =    18.44s Checking existence of `"net-folding-camera" Button`
    t =    18.53s Find the "net-folding-camera" Button
    t =    18.64s Find the "net-folding-camera" Button
    t =    18.75s Find the ScrollView at {{0.0, 169.5}, {375.0, 497.5}}
    t =    18.80s Checking existence of `"net-folding-camera" Button`
    t =    18.90s Find the "net-folding-camera" Button
    t =    19.00s Checking existence of `"net-folding-camera" Button`
    t =    19.09s Find the "net-folding-camera" Button
    t =    19.19s Find the ScrollView at {{0.0, 169.5}, {375.0, 497.5}}
    t =    19.25s Checking existence of `"net-folding-camera" Button`
    t =    19.34s Find the "net-folding-camera" Button
    t =    19.44s Press Target Application 'com.zacrotech.NeuroForge'[0.00, 0.00] -> (12.0, 516.3) for 0.1 seconds, then drag to Target Application 'com.zacrotech.NeuroForge'[0.00, 0.00] -> (12.0, 257.7) with velocity of 250.00 pixels per second, and then hold for 0.2 seconds 
    t =    19.44s     Wait for com.zacrotech.NeuroForge to idle
    t =    19.44s     Find the Target Application 'com.zacrotech.NeuroForge'
    t =    19.49s     Check for interrupting elements affecting "NeuroForge" Application
    t =    19.62s     Synthesize event
    t =    19.62s         Find the Target Application 'com.zacrotech.NeuroForge'
    t =    19.67s         Find the Target Application 'com.zacrotech.NeuroForge'
    t =    19.73s         Find the Target Application 'com.zacrotech.NeuroForge'
    t =    19.78s         Find the Target Application 'com.zacrotech.NeuroForge'
    t =    19.83s         Find the Target Application 'com.zacrotech.NeuroForge'
    t =    21.43s     Wait for com.zacrotech.NeuroForge to idle
    t =    22.15s Get all elements bound by index for: Descendants matching type ScrollView
    t =    22.22s Find the ScrollView (Element at index 0)
    t =    22.28s Find the Target Application 'com.zacrotech.NeuroForge'
    t =    22.33s Checking existence of `Keyboard (First Match)`
    t =    22.43s Get all elements bound by index for: Descendants matching type NavigationBar
    t =    22.48s Find the NavigationBar (Element at index 0)
    t =    22.55s Find the ScrollView at {{0.0, 169.5}, {375.0, 497.5}}
    t =    22.61s Find the ScrollView at {{0.0, 169.5}, {375.0, 497.5}}
    t =    22.67s Get all elements bound by index for: Descendants matching type TabBar
    t =    22.73s Find the TabBar (Element at index 0)
    t =    22.80s Checking existence of `"net-folding-camera" Button`
    t =    22.90s Find the "net-folding-camera" Button
    t =    22.99s Checking existence of `"session-submit" Any`
    t =    23.09s Find the "session-submit" Any
    t =    23.21s Find the "session-submit" Button
    t =    23.31s Find the "session-submit" Button
    t =    23.41s Checking existence of `"session-next" Any`
    t =    23.50s Checking existence of `"train-start-practice" Any`
    t =    23.60s Checking existence of `"train-start-graph-construction" Any`
    t =    23.70s Checking existence of `"net-folding-camera" Button`
    t =    23.79s Find the "net-folding-camera" Button
    t =    23.89s Find the "net-folding-camera" Button
    t =    24.00s Find the ScrollView at {{0.0, 169.5}, {375.0, 497.5}}
    t =    25.03s Checking existence of `"net-folding-camera" Button`
    t =    25.12s Find the "net-folding-camera" Button
    t =    25.25s Checking existence of `"net-folding-camera" Button`
    t =    25.35s Find the "net-folding-camera" Button
    t =    25.45s Find the ScrollView at {{0.0, 169.5}, {375.0, 497.5}}
    t =    25.51s Checking existence of `"net-folding-camera" Button`
    t =    25.61s Find the "net-folding-camera" Button
    t =    25.71s Press Target Application 'com.zacrotech.NeuroForge'[0.00, 0.00] -> (12.0, 516.3) for 0.1 seconds, then drag to Target Application 'com.zacrotech.NeuroForge'[0.00, 0.00] -> (12.0, 257.7) with velocity of 250.00 pixels per second, and then hold for 0.2 seconds 
    t =    25.71s     Wait for com.zacrotech.NeuroForge to idle
    t =    25.71s     Find the Target Application 'com.zacrotech.NeuroForge'
    t =    25.77s     Check for interrupting elements affecting "NeuroForge" Application
    t =    25.84s     Synthesize event
    t =    25.84s         Find the Target Application 'com.zacrotech.NeuroForge'
    t =    25.89s         Find the Target Application 'com.zacrotech.NeuroForge'
    t =    25.95s         Find the Target Application 'com.zacrotech.NeuroForge'
    t =    26.00s         Find the Target Application 'com.zacrotech.NeuroForge'
    t =    26.05s         Find the Target Application 'com.zacrotech.NeuroForge'
    t =    27.64s     Wait for com.zacrotech.NeuroForge to idle
    t =    28.37s Get all elements bound by index for: Descendants matching type ScrollView
    t =    28.43s Find the ScrollView (Element at index 0)
    t =    28.49s Find the Target Application 'com.zacrotech.NeuroForge'
    t =    28.54s Checking existence of `Keyboard (First Match)`
    t =    28.64s Get all elements bound by index for: Descendants matching type NavigationBar
    t =    28.70s Find the NavigationBar (Element at index 0)
    t =    28.76s Find the ScrollView at {{0.0, 169.5}, {375.0, 497.5}}
    t =    28.83s Find the ScrollView at {{0.0, 169.5}, {375.0, 497.5}}
    t =    28.89s Get all elements bound by index for: Descendants matching type TabBar
    t =    28.94s Find the TabBar (Element at index 0)
    t =    29.02s Checking existence of `"net-folding-camera" Button`
    t =    29.11s Find the "net-folding-camera" Button
    t =    29.20s Checking existence of `"session-submit" Any`
    t =    29.29s Find the "session-submit" Any
    t =    29.40s Find the "session-submit" Button
    t =    29.50s Find the "session-submit" Button
    t =    29.60s Checking existence of `"session-next" Any`
    t =    29.69s Checking existence of `"train-start-practice" Any`
    t =    29.78s Checking existence of `"train-start-graph-construction" Any`
    t =    29.89s Checking existence of `"net-folding-camera" Button`
    t =    29.98s Find the "net-folding-camera" Button
    t =    30.08s Find the "net-folding-camera" Button
    t =    30.18s Find the ScrollView at {{0.0, 169.5}, {375.0, 497.5}}
    t =    30.24s Checking existence of `"net-folding-camera" Button`
    t =    31.35s Find the "net-folding-camera" Button
    t =    31.46s Checking existence of `"net-folding-camera" Button`
    t =    31.55s Find the "net-folding-camera" Button
    t =    31.65s Find the ScrollView at {{0.0, 169.5}, {375.0, 497.5}}
    t =    31.71s Checking existence of `"net-folding-camera" Button`
    t =    31.80s Find the "net-folding-camera" Button
    t =    31.91s Press Target Application 'com.zacrotech.NeuroForge'[0.00, 0.00] -> (12.0, 516.3) for 0.1 seconds, then drag to Target Application 'com.zacrotech.NeuroForge'[0.00, 0.00] -> (12.0, 257.7) with velocity of 250.00 pixels per second, and then hold for 0.2 seconds 
    t =    31.91s     Wait for com.zacrotech.NeuroForge to idle
    t =    31.91s     Find the Target Application 'com.zacrotech.NeuroForge'
    t =    31.97s     Check for interrupting elements affecting "NeuroForge" Application
    t =    32.04s     Synthesize event
    t =    32.04s         Find the Target Application 'com.zacrotech.NeuroForge'
    t =    32.10s         Find the Target Application 'com.zacrotech.NeuroForge'
    t =    32.15s         Find the Target Application 'com.zacrotech.NeuroForge'
    t =    32.20s         Find the Target Application 'com.zacrotech.NeuroForge'
    t =    32.26s         Find the Target Application 'com.zacrotech.NeuroForge'
    t =    33.85s     Wait for com.zacrotech.NeuroForge to idle
    t =    34.58s Get all elements bound by index for: Descendants matching type ScrollView
    t =    34.65s Find the ScrollView (Element at index 0)
    t =    34.72s Find the Target Application 'com.zacrotech.NeuroForge'
    t =    34.78s Checking existence of `Keyboard (First Match)`
    t =    34.87s Get all elements bound by index for: Descendants matching type NavigationBar
    t =    34.93s Find the NavigationBar (Element at index 0)
    t =    34.99s Find the ScrollView at {{0.0, 169.5}, {375.0, 497.5}}
    t =    35.05s Find the ScrollView at {{0.0, 169.5}, {375.0, 497.5}}
    t =    35.11s Get all elements bound by index for: Descendants matching type TabBar
    t =    35.17s Find the TabBar (Element at index 0)
    t =    35.24s Checking existence of `"net-folding-camera" Button`
    t =    35.33s Find the "net-folding-camera" Button
    t =    35.42s Checking existence of `"session-submit" Any`
    t =    35.52s Find the "session-submit" Any
    t =    35.65s Find the "session-submit" Button
    t =    35.76s Find the "session-submit" Button
    t =    35.86s Checking existence of `"session-next" Any`
    t =    35.96s Checking existence of `"train-start-practice" Any`
    t =    36.05s Checking existence of `"train-start-graph-construction" Any`
    t =    36.15s Checking existence of `"net-folding-camera" Button`
    t =    36.24s Find the "net-folding-camera" Button
    t =    36.34s Find the "net-folding-camera" Button
    t =    37.45s Find the ScrollView at {{0.0, 169.5}, {375.0, 497.5}}
    t =    37.53s Checking existence of `"net-folding-camera" Button`
    t =    37.62s Find the "net-folding-camera" Button
    t =    37.72s Checking existence of `"net-folding-camera" Button`
    t =    37.81s Find the "net-folding-camera" Button
    t =    37.92s Find the ScrollView at {{0.0, 169.5}, {375.0, 497.5}}
    t =    37.98s Checking existence of `"net-folding-camera" Button`
    t =    38.08s Find the "net-folding-camera" Button
    t =    38.18s Press Target Application 'com.zacrotech.NeuroForge'[0.00, 0.00] -> (12.0, 516.3) for 0.1 seconds, then drag to Target Application 'com.zacrotech.NeuroForge'[0.00, 0.00] -> (12.0, 257.7) with velocity of 250.00 pixels per second, and then hold for 0.2 seconds 
    t =    38.18s     Wait for com.zacrotech.NeuroForge to idle
    t =    38.18s     Find the Target Application 'com.zacrotech.NeuroForge'
    t =    38.24s     Check for interrupting elements affecting "NeuroForge" Application
    t =    38.31s     Synthesize event
    t =    38.31s         Find the Target Application 'com.zacrotech.NeuroForge'
    t =    38.36s         Find the Target Application 'com.zacrotech.NeuroForge'
    t =    38.41s         Find the Target Application 'com.zacrotech.NeuroForge'
    t =    38.47s         Find the Target Application 'com.zacrotech.NeuroForge'
    t =    38.52s         Find the Target Application 'com.zacrotech.NeuroForge'
    t =    40.12s     Wait for com.zacrotech.NeuroForge to idle
    t =    40.12s Get all elements bound by index for: Descendants matching type ScrollView
    t =    40.18s Find the ScrollView (Element at index 0)
    t =    40.25s Find the Target Application 'com.zacrotech.NeuroForge'
    t =    40.30s Checking existence of `Keyboard (First Match)`
    t =    40.39s Get all elements bound by index for: Descendants matching type NavigationBar
    t =    40.45s Find the NavigationBar (Element at index 0)
    t =    40.51s Find the ScrollView at {{0.0, 169.5}, {375.0, 497.5}}
    t =    40.57s Find the ScrollView at {{0.0, 169.5}, {375.0, 497.5}}
    t =    40.63s Get all elements bound by index for: Descendants matching type TabBar
    t =    40.69s Find the TabBar (Element at index 0)
    t =    40.76s Checking existence of `"net-folding-camera" Button`
    t =    40.85s Find the "net-folding-camera" Button
    t =    40.94s Checking existence of `"session-submit" Any`
    t =    41.05s Find the "session-submit" Any
    t =    41.17s Find the "session-submit" Button
    t =    41.27s Find the "session-submit" Button
    t =    41.38s Checking existence of `"session-next" Any`
    t =    41.48s Checking existence of `"train-start-practice" Any`
    t =    41.58s Checking existence of `"train-start-graph-construction" Any`
    t =    41.68s Checking existence of `"net-folding-camera" Button`
    t =    41.77s Find the "net-folding-camera" Button
    t =    41.87s Find the "net-folding-camera" Button
    t =    41.98s Find the ScrollView at {{0.0, 169.5}, {375.0, 497.5}}
    t =    42.05s Checking existence of `"net-folding-camera" Button`
    t =    42.14s Find the "net-folding-camera" Button
    t =    42.24s Checking existence of `"net-folding-camera" Button`
    t =    42.34s Find the "net-folding-camera" Button
    t =    42.44s Find the ScrollView at {{0.0, 169.5}, {375.0, 497.5}}
    t =    42.50s Checking existence of `"net-folding-camera" Button`
    t =    42.59s Find the "net-folding-camera" Button
    t =    42.69s Press Target Application 'com.zacrotech.NeuroForge'[0.00, 0.00] -> (12.0, 516.3) for 0.1 seconds, then drag to Target Application 'com.zacrotech.NeuroForge'[0.00, 0.00] -> (12.0, 257.7) with velocity of 250.00 pixels per second, and then hold for 0.2 seconds 
    t =    42.69s     Wait for com.zacrotech.NeuroForge to idle
    t =    42.69s     Find the Target Application 'com.zacrotech.NeuroForge'
    t =    42.75s     Check for interrupting elements affecting "NeuroForge" Application
    t =    42.83s     Synthesize event
    t =    42.83s         Find the Target Application 'com.zacrotech.NeuroForge'
    t =    42.89s         Find the Target Application 'com.zacrotech.NeuroForge'
    t =    42.95s         Find the Target Application 'com.zacrotech.NeuroForge'
    t =    43.01s         Find the Target Application 'com.zacrotech.NeuroForge'
    t =    43.07s         Find the Target Application 'com.zacrotech.NeuroForge'
    t =    44.68s     Wait for com.zacrotech.NeuroForge to idle
    t =    44.68s Get all elements bound by index for: Descendants matching type ScrollView
    t =    44.75s Find the ScrollView (Element at index 0)
    t =    44.82s Find the Target Application 'com.zacrotech.NeuroForge'
    t =    44.87s Checking existence of `Keyboard (First Match)`
    t =    44.99s Get all elements bound by index for: Descendants matching type NavigationBar
    t =    45.04s Find the NavigationBar (Element at index 0)
    t =    45.11s Find the ScrollView at {{0.0, 169.5}, {375.0, 497.5}}
    t =    45.17s Find the ScrollView at {{0.0, 169.5}, {375.0, 497.5}}
    t =    45.23s Get all elements bound by index for: Descendants matching type TabBar
    t =    45.29s Find the TabBar (Element at index 0)
    t =    45.37s Checking existence of `"net-folding-camera" Button`
    t =    45.47s Find the "net-folding-camera" Button
    t =    45.56s Checking existence of `"session-submit" Any`
    t =    45.66s Find the "session-submit" Any
    t =    45.77s Find the "session-submit" Button
    t =    45.87s Find the "session-submit" Button
    t =    45.97s Checking existence of `"session-next" Any`
    t =    46.07s Checking existence of `"train-start-practice" Any`
    t =    46.16s Checking existence of `"train-start-graph-construction" Any`
    t =    46.26s Checking existence of `"net-folding-camera" Button`
    t =    46.35s Find the "net-folding-camera" Button
    t =    46.45s Find the "net-folding-camera" Button
    t =    46.55s Find the ScrollView at {{0.0, 169.5}, {375.0, 497.5}}
    t =    46.61s Checking existence of `"net-folding-camera" Button`
    t =    46.70s Find the "net-folding-camera" Button
    t =    46.81s Find the "net-folding-camera" Button
    t =    46.91s Find the "net-folding-camera" Button
    t =    47.01s Checking existence of `"net-folding-camera" Button`
    t =    47.10s Find the "net-folding-camera" Button
    t =    47.21s Find the ScrollView at {{0.0, 169.5}, {375.0, 497.5}}
    t =    47.27s Checking existence of `"net-folding-camera" Button`
    t =    47.36s Find the "net-folding-camera" Button
    t =    47.46s Press Target Application 'com.zacrotech.NeuroForge'[0.00, 0.00] -> (12.0, 516.3) for 0.1 seconds, then drag to Target Application 'com.zacrotech.NeuroForge'[0.00, 0.00] -> (12.0, 498.3) with velocity of 250.00 pixels per second, and then hold for 0.2 seconds 
    t =    47.46s     Wait for com.zacrotech.NeuroForge to idle
    t =    47.46s     Find the Target Application 'com.zacrotech.NeuroForge'
    t =    47.52s     Check for interrupting elements affecting "NeuroForge" Application
    t =    47.59s     Synthesize event
    t =    47.59s         Find the Target Application 'com.zacrotech.NeuroForge'
    t =    47.64s         Find the Target Application 'com.zacrotech.NeuroForge'
    t =    47.70s         Find the Target Application 'com.zacrotech.NeuroForge'
    t =    47.76s         Find the Target Application 'com.zacrotech.NeuroForge'
    t =    47.81s         Find the Target Application 'com.zacrotech.NeuroForge'
    t =    48.45s     Wait for com.zacrotech.NeuroForge to idle
    t =    48.45s Get all elements bound by index for: Descendants matching type ScrollView
    t =    48.53s Find the ScrollView (Element at index 0)
    t =    48.60s Find the Target Application 'com.zacrotech.NeuroForge'
    t =    48.65s Checking existence of `Keyboard (First Match)`
    t =    48.75s Get all elements bound by index for: Descendants matching type NavigationBar
    t =    48.80s Find the NavigationBar (Element at index 0)
    t =    48.87s Find the ScrollView at {{0.0, 169.5}, {375.0, 497.5}}
    t =    48.93s Find the ScrollView at {{0.0, 169.5}, {375.0, 497.5}}
    t =    48.99s Get all elements bound by index for: Descendants matching type TabBar
    t =    49.04s Find the TabBar (Element at index 0)
    t =    49.12s Checking existence of `"net-folding-camera" Button`
    t =    49.21s Find the "net-folding-camera" Button
    t =    49.30s Checking existence of `"session-submit" Any`
    t =    49.40s Find the "session-submit" Any
    t =    49.51s Find the "session-submit" Button
    t =    49.61s Find the "session-submit" Button
    t =    49.71s Checking existence of `"session-next" Any`
    t =    49.81s Checking existence of `"train-start-practice" Any`
    t =    49.91s Checking existence of `"train-start-graph-construction" Any`
    t =    50.02s Checking existence of `"net-folding-camera" Button`
    t =    50.11s Find the "net-folding-camera" Button
    t =    50.21s Find the "net-folding-camera" Button
    t =    50.31s Find the ScrollView at {{0.0, 169.5}, {375.0, 497.5}}
    t =    50.37s Checking existence of `"net-folding-camera" Button`
    t =    50.46s Find the "net-folding-camera" Button
    t =    50.56s Find the "net-folding-camera" Button
    t =    50.66s Find the "net-folding-camera" Button
    t =    50.75s Checking existence of `"net-folding-camera" Button`
    t =    50.84s Find the "net-folding-camera" Button
    t =    50.94s Find the ScrollView at {{0.0, 169.5}, {375.0, 497.5}}
    t =    51.00s Checking existence of `"net-folding-camera" Button`
    t =    51.09s Find the "net-folding-camera" Button
    t =    51.19s Press Target Application 'com.zacrotech.NeuroForge'[0.00, 0.00] -> (12.0, 516.3) for 0.1 seconds, then drag to Target Application 'com.zacrotech.NeuroForge'[0.00, 0.00] -> (12.0, 500.3) with velocity of 250.00 pixels per second, and then hold for 0.2 seconds 
    t =    51.19s     Wait for com.zacrotech.NeuroForge to idle
    t =    51.19s     Find the Target Application 'com.zacrotech.NeuroForge'
    t =    51.24s     Check for interrupting elements affecting "NeuroForge" Application
    t =    51.31s     Synthesize event
    t =    51.31s         Find the Target Application 'com.zacrotech.NeuroForge'
    t =    51.36s         Find the Target Application 'com.zacrotech.NeuroForge'
    t =    51.42s         Find the Target Application 'com.zacrotech.NeuroForge'
    t =    51.47s         Find the Target Application 'com.zacrotech.NeuroForge'
    t =    51.52s         Find the Target Application 'com.zacrotech.NeuroForge'
    t =    52.15s     Wait for com.zacrotech.NeuroForge to idle
    t =    52.15s Get all elements bound by index for: Descendants matching type ScrollView
    t =    52.24s Find the ScrollView (Element at index 0)
    t =    52.31s Find the Target Application 'com.zacrotech.NeuroForge'
    t =    52.36s Checking existence of `Keyboard (First Match)`
    t =    52.46s Get all elements bound by index for: Descendants matching type NavigationBar
    t =    52.52s Find the NavigationBar (Element at index 0)
    t =    52.58s Find the ScrollView at {{0.0, 169.5}, {375.0, 497.5}}
    t =    52.65s Find the ScrollView at {{0.0, 169.5}, {375.0, 497.5}}
    t =    52.70s Get all elements bound by index for: Descendants matching type TabBar
    t =    52.76s Find the TabBar (Element at index 0)
    t =    52.83s Checking existence of `"net-folding-camera" Button`
    t =    52.92s Find the "net-folding-camera" Button
    t =    53.02s Checking existence of `"session-submit" Any`
    t =    53.12s Find the "session-submit" Any
    t =    53.23s Find the "session-submit" Button
    t =    53.33s Find the "session-submit" Button
    t =    53.43s Checking existence of `"session-next" Any`
    t =    53.54s Checking existence of `"train-start-practice" Any`
    t =    53.64s Checking existence of `"train-start-graph-construction" Any`
    t =    53.74s Checking existence of `"net-folding-camera" Button`
    t =    53.83s Find the "net-folding-camera" Button
    t =    53.92s Find the "net-folding-camera" Button
    t =    54.03s Find the ScrollView at {{0.0, 169.5}, {375.0, 497.5}}
    t =    54.09s Checking existence of `"net-folding-camera" Button`
    t =    54.18s Find the "net-folding-camera" Button
    t =    54.28s Find the "net-folding-camera" Button
    t =    54.38s Find the "net-folding-camera" Button
    t =    54.48s Find the "net-folding-camera" Button
    t =    54.57s Tap "net-folding-camera" Button
    t =    54.57s     Wait for com.zacrotech.NeuroForge to idle
    t =    54.58s     Find the "net-folding-camera" Button
    t =    54.67s     Check for interrupting elements affecting "net-folding-camera" Button
    t =    54.75s     Synthesize event
    t =    55.04s     Wait for com.zacrotech.NeuroForge to idle
    t =    55.62s Tap "Top" Button
    t =    55.62s     Wait for com.zacrotech.NeuroForge to idle
    t =    56.81s     Find the "Top" Button
    t =    56.96s     Check for interrupting elements affecting "Top" Button
    t =    57.03s     Synthesize event
    t =    57.33s     Wait for com.zacrotech.NeuroForge to idle
    t =    58.96s Find the "net-folding-camera" Button
    t =    59.11s Get all elements bound by index for: Descendants matching type ScrollView
    t =    59.17s Find the ScrollView (Element at index 0)
    t =    59.24s Find the Target Application 'com.zacrotech.NeuroForge'
    t =    59.29s Checking existence of `Keyboard (First Match)`
    t =    59.39s Get all elements bound by index for: Descendants matching type NavigationBar
    t =    59.45s Find the NavigationBar (Element at index 0)
    t =    59.52s Find the ScrollView at {{0.0, 169.5}, {375.0, 497.5}}
    t =    59.58s Find the ScrollView at {{0.0, 169.5}, {375.0, 497.5}}
    t =    59.64s Get all elements bound by index for: Descendants matching type TabBar
    t =    59.70s Find the TabBar (Element at index 0)
    t =    59.78s Checking existence of `"net-folding-camera-reset" Button`
    t =    59.87s Find the "net-folding-camera-reset" Button
    t =    59.97s Checking existence of `"session-submit" Any`
    t =    60.08s Find the "session-submit" Any
    t =    60.19s Find the "session-submit" Button
    t =    60.30s Find the "session-submit" Button
    t =    60.40s Checking existence of `"session-next" Any`
    t =    60.50s Checking existence of `"train-start-practice" Any`
    t =    60.60s Checking existence of `"train-start-graph-construction" Any`
    t =    60.70s Checking existence of `"net-folding-camera-reset" Button`
    t =    60.78s Find the "net-folding-camera-reset" Button
    t =    60.88s Find the "net-folding-camera-reset" Button
    t =    60.99s Find the ScrollView at {{0.0, 169.5}, {375.0, 497.5}}
    t =    61.05s Checking existence of `"net-folding-camera-reset" Button`
    t =    61.14s Find the "net-folding-camera-reset" Button
    t =    61.24s Find the "net-folding-camera-reset" Button
    t =    61.33s Find the "net-folding-camera-reset" Button
    t =    61.42s Find the "net-folding-camera-reset" Button
    t =    61.52s Tap "net-folding-camera-reset" Button
    t =    61.52s     Wait for com.zacrotech.NeuroForge to idle
    t =    61.52s     Find the "net-folding-camera-reset" Button
    t =    61.61s     Check for interrupting elements affecting "net-folding-camera-reset" Button
    t =    61.69s     Synthesize event
    t =    61.98s     Wait for com.zacrotech.NeuroForge to idle
    t =    61.99s Find the "net-folding-camera" Button
    t =    62.10s Get all elements bound by index for: Descendants matching type ScrollView
    t =    62.16s Find the ScrollView (Element at index 0)
    t =    62.22s Find the Target Application 'com.zacrotech.NeuroForge'
    t =    62.28s Checking existence of `Keyboard (First Match)`
    t =    62.38s Get all elements bound by index for: Descendants matching type NavigationBar
    t =    62.44s Find the NavigationBar (Element at index 0)
    t =    62.51s Find the ScrollView at {{0.0, 169.5}, {375.0, 497.5}}
    t =    62.57s Find the ScrollView at {{0.0, 169.5}, {375.0, 497.5}}
    t =    62.63s Get all elements bound by index for: Descendants matching type TabBar
    t =    62.69s Find the TabBar (Element at index 0)
    t =    62.77s Checking existence of `"net-folding-rendering-mode" Button`
    t =    62.86s Find the "net-folding-rendering-mode" Button
    t =    62.96s Checking existence of `"session-submit" Any`
    t =    63.06s Find the "session-submit" Any
    t =    63.17s Find the "session-submit" Button
    t =    63.27s Find the "session-submit" Button
    t =    63.37s Checking existence of `"session-next" Any`
    t =    63.47s Checking existence of `"train-start-practice" Any`
    t =    63.57s Checking existence of `"train-start-graph-construction" Any`
    t =    63.67s Checking existence of `"net-folding-rendering-mode" Button`
    t =    63.77s Find the "net-folding-rendering-mode" Button
    t =    63.86s Find the "net-folding-rendering-mode" Button
    t =    63.97s Find the ScrollView at {{0.0, 169.5}, {375.0, 497.5}}
    t =    64.03s Checking existence of `"net-folding-rendering-mode" Button`
    t =    64.13s Find the "net-folding-rendering-mode" Button
    t =    64.24s Find the "net-folding-rendering-mode" Button
    t =    64.33s Checking existence of `"net-folding-rendering-mode" Button`
    t =    64.43s Find the "net-folding-rendering-mode" Button
    t =    64.52s Find the ScrollView at {{0.0, 169.5}, {375.0, 497.5}}
    t =    64.58s Checking existence of `"net-folding-rendering-mode" Button`
    t =    64.69s Find the "net-folding-rendering-mode" Button
    t =    64.79s Press Target Application 'com.zacrotech.NeuroForge'[0.00, 0.00] -> (12.0, 257.7) for 0.1 seconds, then drag to Target Application 'com.zacrotech.NeuroForge'[0.00, 0.00] -> (12.0, 306.7) with velocity of 250.00 pixels per second, and then hold for 0.2 seconds 
    t =    64.79s     Wait for com.zacrotech.NeuroForge to idle
    t =    64.79s     Find the Target Application 'com.zacrotech.NeuroForge'
    t =    64.84s     Check for interrupting elements affecting "NeuroForge" Application
    t =    64.92s     Synthesize event
    t =    64.92s         Find the Target Application 'com.zacrotech.NeuroForge'
    t =    64.97s         Find the Target Application 'com.zacrotech.NeuroForge'
    t =    65.03s         Find the Target Application 'com.zacrotech.NeuroForge'
    t =    65.08s         Find the Target Application 'com.zacrotech.NeuroForge'
    t =    65.13s         Find the Target Application 'com.zacrotech.NeuroForge'
    t =    65.88s     Wait for com.zacrotech.NeuroForge to idle
    t =    65.88s Get all elements bound by index for: Descendants matching type ScrollView
    t =    65.96s Find the ScrollView (Element at index 0)
    t =    66.02s Find the Target Application 'com.zacrotech.NeuroForge'
    t =    66.08s Checking existence of `Keyboard (First Match)`
    t =    66.17s Get all elements bound by index for: Descendants matching type NavigationBar
    t =    66.23s Find the NavigationBar (Element at index 0)
    t =    66.30s Find the ScrollView at {{0.0, 169.5}, {375.0, 497.5}}
    t =    66.36s Find the ScrollView at {{0.0, 169.5}, {375.0, 497.5}}
    t =    66.43s Get all elements bound by index for: Descendants matching type TabBar
    t =    66.48s Find the TabBar (Element at index 0)
    t =    66.56s Checking existence of `"net-folding-rendering-mode" Button`
    t =    66.65s Find the "net-folding-rendering-mode" Button
    t =    66.74s Checking existence of `"session-submit" Any`
    t =    66.84s Find the "session-submit" Any
    t =    66.94s Find the "session-submit" Button
    t =    67.04s Find the "session-submit" Button
    t =    67.14s Checking existence of `"session-next" Any`
    t =    67.24s Checking existence of `"train-start-practice" Any`
    t =    67.33s Checking existence of `"train-start-graph-construction" Any`
    t =    67.43s Checking existence of `"net-folding-rendering-mode" Button`
    t =    67.52s Find the "net-folding-rendering-mode" Button
    t =    67.61s Find the "net-folding-rendering-mode" Button
    t =    67.73s Find the ScrollView at {{0.0, 169.5}, {375.0, 497.5}}
    t =    67.79s Checking existence of `"net-folding-rendering-mode" Button`
    t =    67.88s Find the "net-folding-rendering-mode" Button
    t =    67.99s Find the "net-folding-rendering-mode" Button
    t =    68.08s Checking existence of `"net-folding-rendering-mode" Button`
    t =    68.17s Find the "net-folding-rendering-mode" Button
    t =    68.27s Find the ScrollView at {{0.0, 169.5}, {375.0, 497.5}}
    t =    68.33s Checking existence of `"net-folding-rendering-mode" Button`
    t =    68.43s Find the "net-folding-rendering-mode" Button
    t =    68.53s Press Target Application 'com.zacrotech.NeuroForge'[0.00, 0.00] -> (12.0, 257.7) for 0.1 seconds, then drag to Target Application 'com.zacrotech.NeuroForge'[0.00, 0.00] -> (12.0, 273.7) with velocity of 250.00 pixels per second, and then hold for 0.2 seconds 
    t =    68.53s     Wait for com.zacrotech.NeuroForge to idle
    t =    68.53s     Find the Target Application 'com.zacrotech.NeuroForge'
    t =    68.59s     Check for interrupting elements affecting "NeuroForge" Application
    t =    68.67s     Synthesize event
    t =    68.67s         Find the Target Application 'com.zacrotech.NeuroForge'
    t =    68.73s         Find the Target Application 'com.zacrotech.NeuroForge'
    t =    68.78s         Find the Target Application 'com.zacrotech.NeuroForge'
    t =    68.84s         Find the Target Application 'com.zacrotech.NeuroForge'
    t =    68.90s         Find the Target Application 'com.zacrotech.NeuroForge'
    t =    69.53s     Wait for com.zacrotech.NeuroForge to idle
    t =    69.53s Get all elements bound by index for: Descendants matching type ScrollView
    t =    69.59s Find the ScrollView (Element at index 0)
    t =    69.65s Find the Target Application 'com.zacrotech.NeuroForge'
    t =    69.71s Checking existence of `Keyboard (First Match)`
    t =    69.81s Get all elements bound by index for: Descendants matching type NavigationBar
    t =    69.87s Find the NavigationBar (Element at index 0)
    t =    69.94s Find the ScrollView at {{0.0, 169.5}, {375.0, 497.5}}
    t =    70.00s Find the ScrollView at {{0.0, 169.5}, {375.0, 497.5}}
    t =    70.06s Get all elements bound by index for: Descendants matching type TabBar
    t =    70.12s Find the TabBar (Element at index 0)
    t =    70.19s Checking existence of `"net-folding-rendering-mode" Button`
    t =    70.28s Find the "net-folding-rendering-mode" Button
    t =    70.38s Checking existence of `"session-submit" Any`
    t =    70.49s Find the "session-submit" Any
    t =    70.63s Find the "session-submit" Button
    t =    70.73s Find the "session-submit" Button
    t =    70.83s Checking existence of `"session-next" Any`
    t =    70.93s Checking existence of `"train-start-practice" Any`
    t =    71.02s Checking existence of `"train-start-graph-construction" Any`
    t =    71.13s Checking existence of `"net-folding-rendering-mode" Button`
    t =    71.23s Find the "net-folding-rendering-mode" Button
    t =    71.32s Find the "net-folding-rendering-mode" Button
    t =    71.43s Find the ScrollView at {{0.0, 169.5}, {375.0, 497.5}}
    t =    71.49s Checking existence of `"net-folding-rendering-mode" Button`
    t =    71.58s Find the "net-folding-rendering-mode" Button
    t =    71.69s Find the "net-folding-rendering-mode" Button
    t =    71.79s Find the "net-folding-rendering-mode" Button
    t =    71.89s Find the "net-folding-rendering-mode" Button
    t =    71.99s Tap "net-folding-rendering-mode" Button
    t =    71.99s     Wait for com.zacrotech.NeuroForge to idle
    t =    71.99s     Find the "net-folding-rendering-mode" Button
    t =    72.08s     Check for interrupting elements affecting "net-folding-rendering-mode" Button
    t =    72.16s     Synthesize event
    t =    72.45s     Wait for com.zacrotech.NeuroForge to idle
    t =    73.70s Tap "Static 2D" Button
    t =    73.70s     Wait for com.zacrotech.NeuroForge to idle
    t =    73.70s     Find the "Static 2D" Button
    t =    73.80s     Check for interrupting elements affecting "square" Button
    t =    73.88s     Synthesize event
    t =    74.17s     Wait for com.zacrotech.NeuroForge to idle
    t =    75.77s Find the "net-folding-rendering-mode" Button
    t =    75.89s Find the "net-folding-givens" StaticText
    t =    75.99s Get all elements bound by index for: Descendants matching type ScrollView
    t =    76.04s Find the ScrollView (Element at index 0)
    t =    76.11s Find the Target Application 'com.zacrotech.NeuroForge'
    t =    76.16s Checking existence of `Keyboard (First Match)`
    t =    76.26s Get all elements bound by index for: Descendants matching type NavigationBar
    t =    76.31s Find the NavigationBar (Element at index 0)
    t =    76.38s Find the ScrollView at {{0.0, 169.5}, {375.0, 497.5}}
    t =    76.44s Find the ScrollView at {{0.0, 169.5}, {375.0, 497.5}}
    t =    76.50s Get all elements bound by index for: Descendants matching type TabBar
    t =    76.55s Find the TabBar (Element at index 0)
    t =    76.62s Checking existence of `Button (First Match)`
    t =    76.74s Checking existence of `"session-submit" Any`
    t =    76.83s Find the "session-submit" Any
    t =    76.94s Find the "session-submit" Button
    t =    77.04s Find the "session-submit" Button
    t =    77.13s Checking existence of `"session-next" Any`
    t =    77.22s Checking existence of `"train-start-practice" Any`
    t =    77.32s Checking existence of `"train-start-graph-construction" Any`
    t =    77.41s Checking existence of `Button (First Match)`
    t =    77.52s Find the Button (First Match)
    t =    78.64s     Find the Button (First Match) (retry 1)
    t =    79.76s     Find the Button (First Match) (retry 2)
    t =    79.92s Find the ScrollView at {{0.0, 169.5}, {375.0, 497.5}}
    t =    79.98s Checking existence of `Button (First Match)`
    t =    80.09s Checking existence of `Button (First Match)`
    t =    80.21s Find the ScrollView at {{0.0, 169.5}, {375.0, 497.5}}
    t =    80.26s Checking existence of `Button (First Match)`
    t =    80.37s Press Target Application 'com.zacrotech.NeuroForge'[0.00, 0.00] -> (12.0, 516.3) for 0.1 seconds, then drag to Target Application 'com.zacrotech.NeuroForge'[0.00, 0.00] -> (12.0, 292.8) with velocity of 250.00 pixels per second, and then hold for 0.2 seconds 
    t =    80.37s     Wait for com.zacrotech.NeuroForge to idle
    t =    80.38s     Find the Target Application 'com.zacrotech.NeuroForge'
    t =    80.43s     Check for interrupting elements affecting "NeuroForge" Application
    t =    80.50s     Synthesize event
    t =    80.50s         Find the Target Application 'com.zacrotech.NeuroForge'
    t =    80.55s         Find the Target Application 'com.zacrotech.NeuroForge'
    t =    80.60s         Find the Target Application 'com.zacrotech.NeuroForge'
    t =    80.65s         Find the Target Application 'com.zacrotech.NeuroForge'
    t =    80.70s         Find the Target Application 'com.zacrotech.NeuroForge'
    t =    82.16s     Wait for com.zacrotech.NeuroForge to idle
    t =    82.17s Get all elements bound by index for: Descendants matching type ScrollView
    t =    82.25s Find the ScrollView (Element at index 0)
    t =    82.32s Find the Target Application 'com.zacrotech.NeuroForge'
    t =    82.37s Checking existence of `Keyboard (First Match)`
    t =    82.46s Get all elements bound by index for: Descendants matching type NavigationBar
    t =    82.52s Find the NavigationBar (Element at index 0)
    t =    82.58s Find the ScrollView at {{0.0, 169.5}, {375.0, 497.5}}
    t =    82.65s Find the ScrollView at {{0.0, 169.5}, {375.0, 497.5}}
    t =    82.71s Get all elements bound by index for: Descendants matching type TabBar
    t =    82.76s Find the TabBar (Element at index 0)
    t =    82.83s Checking existence of `Button (First Match)`
    t =    82.94s Checking existence of `"session-submit" Any`
    t =    83.03s Find the "session-submit" Any
    t =    83.14s Find the "session-submit" Button
    t =    83.24s Find the "session-submit" Button
    t =    83.34s Checking existence of `"session-next" Any`
    t =    83.43s Checking existence of `"train-start-practice" Any`
    t =    83.52s Checking existence of `"train-start-graph-construction" Any`
    t =    83.62s Checking existence of `Button (First Match)`
    t =    83.74s Find the Button (First Match)
    t =    84.85s     Find the Button (First Match) (retry 1)
    t =    85.97s     Find the Button (First Match) (retry 2)
    t =    86.14s Find the ScrollView at {{0.0, 169.5}, {375.0, 497.5}}
    t =    86.20s Checking existence of `Button (First Match)`
    t =    86.31s Checking existence of `Button (First Match)`
    t =    86.43s Find the ScrollView at {{0.0, 169.5}, {375.0, 497.5}}
    t =    86.48s Checking existence of `Button (First Match)`
    t =    86.60s Press Target Application 'com.zacrotech.NeuroForge'[0.00, 0.00] -> (12.0, 516.3) for 0.1 seconds, then drag to Target Application 'com.zacrotech.NeuroForge'[0.00, 0.00] -> (12.0, 292.8) with velocity of 250.00 pixels per second, and then hold for 0.2 seconds 
    t =    86.60s     Wait for com.zacrotech.NeuroForge to idle
    t =    86.60s     Find the Target Application 'com.zacrotech.NeuroForge'
    t =    86.65s     Check for interrupting elements affecting "NeuroForge" Application
    t =    86.72s     Synthesize event
    t =    86.72s         Find the Target Application 'com.zacrotech.NeuroForge'
    t =    86.77s         Find the Target Application 'com.zacrotech.NeuroForge'
    t =    86.83s         Find the Target Application 'com.zacrotech.NeuroForge'
    t =    86.88s         Find the Target Application 'com.zacrotech.NeuroForge'
    t =    86.93s         Find the Target Application 'com.zacrotech.NeuroForge'
    t =    88.38s     Wait for com.zacrotech.NeuroForge to idle
    t =    88.39s Get all elements bound by index for: Descendants matching type ScrollView
    t =    88.45s Find the ScrollView (Element at index 0)
    t =    88.52s Find the Target Application 'com.zacrotech.NeuroForge'
    t =    88.58s Checking existence of `Keyboard (First Match)`
    t =    88.68s Get all elements bound by index for: Descendants matching type NavigationBar
    t =    88.74s Find the NavigationBar (Element at index 0)
    t =    88.81s Find the ScrollView at {{0.0, 169.5}, {375.0, 497.5}}
    t =    88.87s Find the ScrollView at {{0.0, 169.5}, {375.0, 497.5}}
    t =    88.93s Get all elements bound by index for: Descendants matching type TabBar
    t =    88.99s Find the TabBar (Element at index 0)
    t =    89.06s Checking existence of `Button (First Match)`
    t =    89.10s Find the Button (First Match)
    t =    89.14s Checking existence of `"session-submit" Any`
    t =    89.24s Find the "session-submit" Any
    t =    89.36s Find the "session-submit" Button
    t =    89.47s Find the "session-submit" Button
    t =    89.57s Checking existence of `"session-next" Any`
    t =    89.67s Checking existence of `"train-start-practice" Any`
    t =    89.77s Checking existence of `"train-start-graph-construction" Any`
    t =    89.88s Checking existence of `"No — at least one rule fails" Button`
    t =    89.92s Find the "No — at least one rule fails" Button
    t =    89.97s Find the "No — at least one rule fails" Button
    t =    90.03s Find the ScrollView at {{0.0, 169.5}, {375.0, 497.5}}
    t =    90.09s Checking existence of `"No — at least one rule fails" Button`
    t =    90.13s Find the "No — at least one rule fails" Button
    t =    90.19s Find the "No — at least one rule fails" Button
    t =    90.23s Find the "No — at least one rule fails" Button
    t =    90.28s Checking existence of `"No — at least one rule fails" Button`
    t =    90.33s Find the "No — at least one rule fails" Button
    t =    90.37s Tap "No — at least one rule fails" Button
    t =    90.37s     Wait for com.zacrotech.NeuroForge to idle
    t =    90.37s     Find the "No — at least one rule fails" Button
    t =    90.42s     Check for interrupting elements affecting "No — at least one rule fails" Button
    t =    90.49s     Synthesize event
    t =    90.79s     Wait for com.zacrotech.NeuroForge to idle
    t =    91.80s Checking `Expect predicate `selected == 1` for object "No — at least one rule fails" Button`
    t =    91.80s     Find the "No — at least one rule fails" Button
    t =    91.85s Checking existence of `"net-folding-worked-frames" Any`
    t =    91.95s Get all elements bound by index for: Descendants matching type TextField
    t =    92.01s Get all elements bound by index for: Descendants matching type TextView
    t =    92.07s Waiting 8.0s for "session-submit" Any to exist
    t =    93.07s     Checking `Expect predicate `existsNoRetry == 1` for object "session-submit" Any`
    t =    93.08s         Checking existence of `"session-submit" Any`
    t =    93.20s Get all elements bound by index for: Descendants matching type ScrollView
    t =    93.26s Find the ScrollView (Element at index 0)
    t =    93.32s Find the Target Application 'com.zacrotech.NeuroForge'
    t =    93.38s Checking existence of `Keyboard (First Match)`
    t =    93.48s Get all elements bound by index for: Descendants matching type NavigationBar
    t =    93.54s Find the NavigationBar (Element at index 0)
    t =    93.61s Find the ScrollView at {{0.0, 169.5}, {375.0, 497.5}}
    t =    93.67s Find the ScrollView at {{0.0, 169.5}, {375.0, 497.5}}
    t =    93.73s Get all elements bound by index for: Descendants matching type TabBar
    t =    93.79s Find the TabBar (Element at index 0)
    t =    93.86s Checking existence of `"session-submit" Any`
    t =    93.97s Find the "session-submit" Any
    t =    94.07s Checking existence of `"session-submit" Button`
    t =    94.18s Find the "session-submit" Button
    t =    94.30s Find the "session-submit" Button
    t =    94.42s Find the "session-submit" Button
    t =    95.53s Checking `Expect predicate `enabled == 1` for object "session-submit" Button`
    t =    95.53s     Find the "session-submit" Button
    t =    95.66s Tap "session-submit" Button
    t =    95.66s     Wait for com.zacrotech.NeuroForge to idle
    t =    95.66s     Find the "session-submit" Button
    t =    95.77s     Check for interrupting elements affecting "session-submit" Button
    t =    95.84s     Synthesize event
    t =    96.14s     Wait for com.zacrotech.NeuroForge to idle
    t =    96.46s Waiting 8.0s for "session-next" Any to exist
    t =    97.46s     Checking `Expect predicate `existsNoRetry == 1` for object "session-next" Any`
    t =    97.46s         Checking existence of `"session-next" Any`
    t =    97.82s Find the "session-position" ProgressIndicator
    t =    97.92s Find the "session-prompt" Any
    t =    98.01s Checking existence of `"Your answer" StaticText`
    t =    98.11s Waiting 8.0s for "session-feedback-title" Any to exist
    t =    99.11s     Checking `Expect predicate `existsNoRetry == 1` for object "session-feedback-title" Any`
    t =    99.11s         Checking existence of `"session-feedback-title" Any`
    t =    99.22s Get all elements bound by index for: Descendants matching type ScrollView
    t =    99.29s Find the ScrollView (Element at index 0)
    t =    99.35s Find the Target Application 'com.zacrotech.NeuroForge'
    t =    99.40s Checking existence of `Keyboard (First Match)`
    t =    99.50s Get all elements bound by index for: Descendants matching type NavigationBar
    t =    99.56s Find the NavigationBar (Element at index 0)
    t =    99.63s Find the ScrollView at {{0.0, 169.5}, {375.0, 497.5}}
    t =    99.69s Find the ScrollView at {{0.0, 169.5}, {375.0, 497.5}}
    t =    99.75s Get all elements bound by index for: Descendants matching type TabBar
    t =    99.81s Find the TabBar (Element at index 0)
    t =    99.88s Checking existence of `"session-feedback-title" Any`
    t =    99.97s Find the "session-feedback-title" Any
    t =   100.07s Checking existence of `"session-submit" Any`
    t =   100.16s Checking existence of `"session-next" Any`
    t =   100.26s Find the "session-next" Any
    t =   100.37s Find the "session-next" Button
    t =   100.47s Find the "session-next" Button
    t =   100.57s Checking existence of `"train-start-practice" Any`
    t =   100.67s Checking existence of `"train-start-graph-construction" Any`
    t =   100.77s Checking existence of `"session-feedback-title" StaticText`
    t =   100.86s Find the "session-feedback-title" StaticText
    t =   100.96s Find the "session-feedback-title" StaticText
    t =   101.08s Find the ScrollView at {{0.0, 169.5}, {375.0, 497.5}}
    t =   101.14s Checking existence of `"session-feedback-title" StaticText`
    t =   101.23s Find the "session-feedback-title" StaticText
    t =   101.34s Find the "session-feedback-title" StaticText
    t =   101.44s Find the "session-feedback-title" StaticText
    t =   101.54s Find the "session-feedback-title" StaticText
    t =   101.65s Find the "session-feedback-title" StaticText
    t =   101.75s Find the "session-feedback-title" StaticText
    t =   101.84s Added attachment named 'cube-net-visible-query-oracle'
    t =   101.84s Find the "net-folding-givens" Any
    t =   101.95s Get all elements bound by index for: Descendants matching type ScrollView
    t =   102.00s Find the ScrollView (Element at index 0)
    t =   102.06s Find the Target Application 'com.zacrotech.NeuroForge'
    t =   102.11s Checking existence of `Keyboard (First Match)`
    t =   102.21s Get all elements bound by index for: Descendants matching type NavigationBar
    t =   102.27s Find the NavigationBar (Element at index 0)
    t =   102.33s Find the ScrollView at {{0.0, 169.5}, {375.0, 497.5}}
    t =   102.39s Find the ScrollView at {{0.0, 169.5}, {375.0, 497.5}}
    t =   102.45s Get all elements bound by index for: Descendants matching type TabBar
    t =   102.50s Find the TabBar (Element at index 0)
    t =   102.57s Checking existence of `"net-folding-complete" Button`
    t =   102.66s Find the "net-folding-complete" Button
    t =   102.76s Checking existence of `"session-submit" Any`
    t =   102.85s Checking existence of `"session-next" Any`
    t =   102.94s Find the "session-next" Any
    t =   103.05s Find the "session-next" Button
    t =   103.16s Find the "session-next" Button
    t =   103.27s Checking existence of `"train-start-practice" Any`
    t =   103.37s Checking existence of `"train-start-graph-construction" Any`
    t =   103.48s Checking existence of `"net-folding-complete" Button`
    t =   103.58s Find the "net-folding-complete" Button
    t =   103.68s Find the "net-folding-complete" Button
    t =   103.77s Find the ScrollView at {{0.0, 169.5}, {375.0, 497.5}}
    t =   103.84s Checking existence of `"net-folding-complete" Button`
    t =   103.93s Find the "net-folding-complete" Button
    t =   104.03s Checking existence of `"net-folding-complete" Button`
    t =   104.12s Find the "net-folding-complete" Button
    t =   104.22s Find the ScrollView at {{0.0, 169.5}, {375.0, 497.5}}
    t =   104.28s Checking existence of `"net-folding-complete" Button`
    t =   104.37s Find the "net-folding-complete" Button
    t =   104.47s Press Target Application 'com.zacrotech.NeuroForge'[0.00, 0.00] -> (12.0, 257.7) for 0.1 seconds, then drag to Target Application 'com.zacrotech.NeuroForge'[0.00, 0.00] -> (12.0, 516.3) with velocity of 250.00 pixels per second, and then hold for 0.2 seconds 
    t =   104.47s     Wait for com.zacrotech.NeuroForge to idle
    t =   104.47s     Find the Target Application 'com.zacrotech.NeuroForge'
    t =   104.53s     Check for interrupting elements affecting "NeuroForge" Application
    t =   104.59s     Synthesize event
    t =   104.59s         Find the Target Application 'com.zacrotech.NeuroForge'
    t =   104.64s         Find the Target Application 'com.zacrotech.NeuroForge'
    t =   104.69s         Find the Target Application 'com.zacrotech.NeuroForge'
    t =   104.74s         Find the Target Application 'com.zacrotech.NeuroForge'
    t =   104.80s         Find the Target Application 'com.zacrotech.NeuroForge'
    t =   106.39s     Wait for com.zacrotech.NeuroForge to idle
    t =   107.12s Get all elements bound by index for: Descendants matching type ScrollView
    t =   107.18s Find the ScrollView (Element at index 0)
    t =   107.24s Find the Target Application 'com.zacrotech.NeuroForge'
    t =   107.29s Checking existence of `Keyboard (First Match)`
    t =   107.39s Get all elements bound by index for: Descendants matching type NavigationBar
    t =   107.45s Find the NavigationBar (Element at index 0)
    t =   107.52s Find the ScrollView at {{0.0, 169.5}, {375.0, 497.5}}
    t =   107.58s Find the ScrollView at {{0.0, 169.5}, {375.0, 497.5}}
    t =   107.63s Get all elements bound by index for: Descendants matching type TabBar
    t =   107.69s Find the TabBar (Element at index 0)
    t =   107.77s Checking existence of `"net-folding-complete" Button`
    t =   107.87s Find the "net-folding-complete" Button
    t =   107.97s Checking existence of `"session-submit" Any`
    t =   108.08s Checking existence of `"session-next" Any`
    t =   108.19s Find the "session-next" Any
    t =   108.30s Find the "session-next" Button
    t =   108.40s Find the "session-next" Button
    t =   108.51s Checking existence of `"train-start-practice" Any`
    t =   108.62s Checking existence of `"train-start-graph-construction" Any`
    t =   108.73s Checking existence of `"net-folding-complete" Button`
    t =   108.83s Find the "net-folding-complete" Button
    t =   108.94s Find the "net-folding-complete" Button
    t =   109.05s Find the ScrollView at {{0.0, 169.5}, {375.0, 497.5}}
    t =   109.11s Checking existence of `"net-folding-complete" Button`
    t =   109.22s Find the "net-folding-complete" Button
    t =   110.15s Checking existence of `"net-folding-complete" Button`
    t =   110.25s Find the "net-folding-complete" Button
    t =   110.36s Find the ScrollView at {{0.0, 169.5}, {375.0, 497.5}}
    t =   110.42s Checking existence of `"net-folding-complete" Button`
    t =   110.52s Find the "net-folding-complete" Button
    t =   110.63s Press Target Application 'com.zacrotech.NeuroForge'[0.00, 0.00] -> (12.0, 257.7) for 0.1 seconds, then drag to Target Application 'com.zacrotech.NeuroForge'[0.00, 0.00] -> (12.0, 516.3) with velocity of 250.00 pixels per second, and then hold for 0.2 seconds 
    t =   110.63s     Wait for com.zacrotech.NeuroForge to idle
    t =   110.63s     Find the Target Application 'com.zacrotech.NeuroForge'
    t =   110.69s     Check for interrupting elements affecting "NeuroForge" Application
    t =   110.82s     Synthesize event
    t =   110.82s         Find the Target Application 'com.zacrotech.NeuroForge'
    t =   110.88s         Find the Target Application 'com.zacrotech.NeuroForge'
    t =   110.93s         Find the Target Application 'com.zacrotech.NeuroForge'
    t =   110.98s         Find the Target Application 'com.zacrotech.NeuroForge'
    t =   111.04s         Find the Target Application 'com.zacrotech.NeuroForge'
    t =   112.64s     Wait for com.zacrotech.NeuroForge to idle
    t =   113.37s Get all elements bound by index for: Descendants matching type ScrollView
    t =   113.45s Find the ScrollView (Element at index 0)
    t =   113.55s Find the Target Application 'com.zacrotech.NeuroForge'
    t =   113.60s Checking existence of `Keyboard (First Match)`
    t =   113.70s Get all elements bound by index for: Descendants matching type NavigationBar
    t =   113.76s Find the NavigationBar (Element at index 0)
    t =   113.82s Find the ScrollView at {{0.0, 169.5}, {375.0, 497.5}}
    t =   113.89s Find the ScrollView at {{0.0, 169.5}, {375.0, 497.5}}
    t =   113.95s Get all elements bound by index for: Descendants matching type TabBar
    t =   114.00s Find the TabBar (Element at index 0)
    t =   114.08s Checking existence of `"net-folding-complete" Button`
    t =   114.19s Find the "net-folding-complete" Button
    t =   114.29s Checking existence of `"session-submit" Any`
    t =   114.39s Checking existence of `"session-next" Any`
    t =   114.50s Find the "session-next" Any
    t =   114.63s Find the "session-next" Button
    t =   114.75s Find the "session-next" Button
    t =   114.87s Checking existence of `"train-start-practice" Any`
    t =   114.98s Checking existence of `"train-start-graph-construction" Any`
    t =   115.11s Checking existence of `"net-folding-complete" Button`
    t =   115.22s Find the "net-folding-complete" Button
    t =   116.37s Find the "net-folding-complete" Button
    t =   116.48s Find the ScrollView at {{0.0, 169.5}, {375.0, 497.5}}
    t =   116.55s Checking existence of `"net-folding-complete" Button`
    t =   116.65s Find the "net-folding-complete" Button
    t =   116.77s Find the "net-folding-complete" Button
    t =   116.88s Checking existence of `"net-folding-complete" Button`
    t =   117.02s Find the "net-folding-complete" Button
    t =   117.15s Find the ScrollView at {{0.0, 169.5}, {375.0, 497.5}}
    t =   117.24s Checking existence of `"net-folding-complete" Button`
    t =   117.36s Find the "net-folding-complete" Button
    t =   117.47s Press Target Application 'com.zacrotech.NeuroForge'[0.00, 0.00] -> (12.0, 257.7) for 0.1 seconds, then drag to Target Application 'com.zacrotech.NeuroForge'[0.00, 0.00] -> (12.0, 282.2) with velocity of 250.00 pixels per second, and then hold for 0.2 seconds 
    t =   117.47s     Wait for com.zacrotech.NeuroForge to idle
    t =   117.48s     Find the Target Application 'com.zacrotech.NeuroForge'
    t =   117.54s     Check for interrupting elements affecting "NeuroForge" Application
    t =   117.65s     Synthesize event
    t =   117.65s         Find the Target Application 'com.zacrotech.NeuroForge'
    t =   117.71s         Find the Target Application 'com.zacrotech.NeuroForge'
    t =   117.77s         Find the Target Application 'com.zacrotech.NeuroForge'
    t =   117.83s         Find the Target Application 'com.zacrotech.NeuroForge'
    t =   117.89s         Find the Target Application 'com.zacrotech.NeuroForge'
    t =   118.58s     Wait for com.zacrotech.NeuroForge to idle
    t =   119.29s Get all elements bound by index for: Descendants matching type ScrollView
    t =   119.36s Find the ScrollView (Element at index 0)
    t =   119.43s Find the Target Application 'com.zacrotech.NeuroForge'
    t =   119.48s Checking existence of `Keyboard (First Match)`
    t =   119.58s Get all elements bound by index for: Descendants matching type NavigationBar
    t =   119.64s Find the NavigationBar (Element at index 0)
    t =   119.71s Find the ScrollView at {{0.0, 169.5}, {375.0, 497.5}}
    t =   119.78s Find the ScrollView at {{0.0, 169.5}, {375.0, 497.5}}
    t =   119.84s Get all elements bound by index for: Descendants matching type TabBar
    t =   119.90s Find the TabBar (Element at index 0)
    t =   119.97s Checking existence of `"net-folding-complete" Button`
    t =   120.08s Find the "net-folding-complete" Button
    t =   120.18s Checking existence of `"session-submit" Any`
    t =   120.29s Checking existence of `"session-next" Any`
    t =   120.40s Find the "session-next" Any
    t =   120.51s Find the "session-next" Button
    t =   120.61s Find the "session-next" Button
    t =   120.72s Checking existence of `"train-start-practice" Any`
    t =   120.81s Checking existence of `"train-start-graph-construction" Any`
    t =   120.91s Checking existence of `"net-folding-complete" Button`
    t =   121.01s Find the "net-folding-complete" Button
    t =   121.11s Find the "net-folding-complete" Button
    t =   121.23s Find the ScrollView at {{0.0, 169.5}, {375.0, 497.5}}
    t =   122.32s Checking existence of `"net-folding-complete" Button`
    t =   122.43s Find the "net-folding-complete" Button
    t =   122.55s Find the "net-folding-complete" Button
    t =   122.65s Checking existence of `"net-folding-complete" Button`
    t =   122.75s Find the "net-folding-complete" Button
    t =   122.85s Find the ScrollView at {{0.0, 169.5}, {375.0, 497.5}}
    t =   122.91s Checking existence of `"net-folding-complete" Button`
    t =   123.01s Find the "net-folding-complete" Button
    t =   123.11s Press Target Application 'com.zacrotech.NeuroForge'[0.00, 0.00] -> (12.0, 257.7) for 0.1 seconds, then drag to Target Application 'com.zacrotech.NeuroForge'[0.00, 0.00] -> (12.0, 275.7) with velocity of 250.00 pixels per second, and then hold for 0.2 seconds 
    t =   123.11s     Wait for com.zacrotech.NeuroForge to idle
    t =   123.11s     Find the Target Application 'com.zacrotech.NeuroForge'
    t =   123.17s     Check for interrupting elements affecting "NeuroForge" Application
    t =   123.24s     Synthesize event
    t =   123.24s         Find the Target Application 'com.zacrotech.NeuroForge'
    t =   123.29s         Find the Target Application 'com.zacrotech.NeuroForge'
    t =   123.35s         Find the Target Application 'com.zacrotech.NeuroForge'
    t =   123.40s         Find the Target Application 'com.zacrotech.NeuroForge'
    t =   123.45s         Find the Target Application 'com.zacrotech.NeuroForge'
    t =   124.09s     Wait for com.zacrotech.NeuroForge to idle
    t =   124.83s Get all elements bound by index for: Descendants matching type ScrollView
    t =   125.02s Find the ScrollView (Element at index 0)
    t =   125.17s Find the Target Application 'com.zacrotech.NeuroForge'
    t =   125.32s Checking existence of `Keyboard (First Match)`
    t =   125.43s Get all elements bound by index for: Descendants matching type NavigationBar
    t =   125.50s Find the NavigationBar (Element at index 0)
    t =   125.61s Find the ScrollView at {{0.0, 169.5}, {375.0, 497.5}}
    t =   125.69s Find the ScrollView at {{0.0, 169.5}, {375.0, 497.5}}
    t =   125.76s Get all elements bound by index for: Descendants matching type TabBar
    t =   125.84s Find the TabBar (Element at index 0)
    t =   126.00s Checking existence of `"net-folding-complete" Button`
    t =   126.18s Find the "net-folding-complete" Button
    t =   126.32s Checking existence of `"session-submit" Any`
    t =   126.50s Checking existence of `"session-next" Any`
    t =   126.64s Find the "session-next" Any
    t =   127.75s Find the "session-next" Button
    t =   127.99s Find the "session-next" Button
    t =   128.22s Checking existence of `"train-start-practice" Any`
    t =   128.37s Checking existence of `"train-start-graph-construction" Any`
    t =   128.49s Checking existence of `"net-folding-complete" Button`
    t =   128.73s Find the "net-folding-complete" Button
    t =   128.87s Find the "net-folding-complete" Button
    t =   129.34s Find the ScrollView at {{0.0, 169.5}, {375.0, 497.5}}
    t =   129.44s Checking existence of `"net-folding-complete" Button`
    t =   129.56s Find the "net-folding-complete" Button
    t =   129.68s Find the "net-folding-complete" Button
    t =   129.79s Checking existence of `"net-folding-complete" Button`
    t =   129.89s Find the "net-folding-complete" Button
    t =   130.00s Find the ScrollView at {{0.0, 169.5}, {375.0, 497.5}}
    t =   130.07s Checking existence of `"net-folding-complete" Button`
    t =   130.17s Find the "net-folding-complete" Button
    t =   130.28s Press Target Application 'com.zacrotech.NeuroForge'[0.00, 0.00] -> (12.0, 257.7) for 0.1 seconds, then drag to Target Application 'com.zacrotech.NeuroForge'[0.00, 0.00] -> (12.0, 273.7) with velocity of 250.00 pixels per second, and then hold for 0.2 seconds 
    t =   130.28s     Wait for com.zacrotech.NeuroForge to idle
    t =   130.28s     Find the Target Application 'com.zacrotech.NeuroForge'
    t =   130.34s     Check for interrupting elements affecting "NeuroForge" Application
    t =   130.52s     Synthesize event
    t =   130.52s         Find the Target Application 'com.zacrotech.NeuroForge'
    t =   130.65s         Find the Target Application 'com.zacrotech.NeuroForge'
    t =   130.72s         Find the Target Application 'com.zacrotech.NeuroForge'
    t =   130.78s         Find the Target Application 'com.zacrotech.NeuroForge'
    t =   131.77s         Find the Target Application 'com.zacrotech.NeuroForge'
    t =   132.42s     Wait for com.zacrotech.NeuroForge to idle
    t =   133.15s Get all elements bound by index for: Descendants matching type ScrollView
    t =   133.22s Find the ScrollView (Element at index 0)
    t =   133.29s Find the Target Application 'com.zacrotech.NeuroForge'
    t =   133.34s Checking existence of `Keyboard (First Match)`
    t =   133.44s Get all elements bound by index for: Descendants matching type NavigationBar
    t =   133.50s Find the NavigationBar (Element at index 0)
    t =   133.57s Find the ScrollView at {{0.0, 169.5}, {375.0, 497.5}}
    t =   133.63s Find the ScrollView at {{0.0, 169.5}, {375.0, 497.5}}
    t =   133.69s Get all elements bound by index for: Descendants matching type TabBar
    t =   133.74s Find the TabBar (Element at index 0)
    t =   133.82s Checking existence of `"net-folding-complete" Button`
    t =   133.91s Find the "net-folding-complete" Button
    t =   134.01s Checking existence of `"session-submit" Any`
    t =   134.11s Checking existence of `"session-next" Any`
    t =   134.21s Find the "session-next" Any
    t =   134.32s Find the "session-next" Button
    t =   134.43s Find the "session-next" Button
    t =   134.53s Checking existence of `"train-start-practice" Any`
    t =   134.63s Checking existence of `"train-start-graph-construction" Any`
    t =   134.74s Checking existence of `"net-folding-complete" Button`
    t =   134.83s Find the "net-folding-complete" Button
    t =   134.94s Find the "net-folding-complete" Button
    t =   135.98s Find the ScrollView at {{0.0, 169.5}, {375.0, 497.5}}
    t =   136.06s Checking existence of `"net-folding-complete" Button`
    t =   136.16s Find the "net-folding-complete" Button
    t =   136.28s Find the "net-folding-complete" Button
    t =   136.40s Find the "net-folding-complete" Button
    t =   136.50s Find the "net-folding-complete" Button
    t =   136.61s Find the "net-folding-complete" Button
    t =   136.71s Tap "net-folding-complete" Button
    t =   136.71s     Wait for com.zacrotech.NeuroForge to idle
    t =   136.72s     Find the "net-folding-complete" Button
    t =   136.82s     Check for interrupting elements affecting "net-folding-complete" Button
    t =   136.89s     Synthesize event
    t =   137.20s     Wait for com.zacrotech.NeuroForge to idle
    t =   137.40s Waiting 5.0s for "net-folding-worked-frames" Any to exist
    t =   138.41s     Checking `Expect predicate `existsNoRetry == 1` for object "net-folding-worked-frames" Any`
    t =   138.43s         Checking existence of `"net-folding-worked-frames" Any`
    t =   138.72s Find the "net-folding-worked-frames" Any
    t =   138.86s Find the "net-folding-worked-frames" StaticText
    t =   138.96s Find the "net-folding-worked-frames" StaticText
    t =   139.06s Find the "net-folding-worked-frames" StaticText
    t =   139.16s Find the "net-folding-worked-frames" StaticText
    t =   139.28s Find the "net-folding-worked-frames" StaticText
    t =   139.43s Find the "net-folding-complete" Button
    t =   139.56s Get all elements bound by index for: Descendants matching type ScrollView
    t =   139.62s Find the ScrollView (Element at index 0)
    t =   139.75s Find the Target Application 'com.zacrotech.NeuroForge'
    t =   139.80s Checking existence of `Keyboard (First Match)`
    t =   139.91s Get all elements bound by index for: Descendants matching type NavigationBar
    t =   139.97s Find the NavigationBar (Element at index 0)
    t =   140.06s Find the ScrollView at {{0.0, 169.5}, {375.0, 497.5}}
    t =   140.13s Find the ScrollView at {{0.0, 169.5}, {375.0, 497.5}}
    t =   140.20s Get all elements bound by index for: Descendants matching type TabBar
    t =   140.26s Find the TabBar (Element at index 0)
    t =   140.34s Checking existence of `"net-folding-model" Any`
    t =   140.45s Find the "net-folding-model" Any
    t =   140.55s Checking existence of `"session-submit" Any`
    t =   140.65s Checking existence of `"session-next" Any`
    t =   140.77s Find the "session-next" Any
    t =   140.88s Find the "session-next" Button
    t =   141.00s Find the "session-next" Button
    t =   141.11s Checking existence of `"train-start-practice" Any`
    t =   141.21s Checking existence of `"train-start-graph-construction" Any`
    t =   141.31s Checking existence of `"net-folding-model" Image`
    t =   141.42s Find the "net-folding-model" Image
    t =   141.52s Find the "net-folding-model" Image
    t =   141.63s Find the ScrollView at {{0.0, 169.5}, {375.0, 497.5}}
    t =   141.69s Checking existence of `"net-folding-model" Image`
    t =   141.79s Find the "net-folding-model" Image
    t =   141.89s Checking existence of `"net-folding-model" Image`
    t =   141.99s Find the "net-folding-model" Image
    t =   142.10s Find the ScrollView at {{0.0, 169.5}, {375.0, 497.5}}
    t =   142.16s Checking existence of `"net-folding-model" Image`
    t =   142.26s Find the "net-folding-model" Image
    t =   142.36s Press Target Application 'com.zacrotech.NeuroForge'[0.00, 0.00] -> (12.0, 257.7) for 0.1 seconds, then drag to Target Application 'com.zacrotech.NeuroForge'[0.00, 0.00] -> (12.0, 516.3) with velocity of 250.00 pixels per second, and then hold for 0.2 seconds 
    t =   142.36s     Wait for com.zacrotech.NeuroForge to idle
    t =   142.36s     Find the Target Application 'com.zacrotech.NeuroForge'
    t =   142.42s     Check for interrupting elements affecting "NeuroForge" Application
    t =   142.57s     Synthesize event
    t =   142.57s         Find the Target Application 'com.zacrotech.NeuroForge'
    t =   142.62s         Find the Target Application 'com.zacrotech.NeuroForge'
    t =   142.68s         Find the Target Application 'com.zacrotech.NeuroForge'
    t =   142.73s         Find the Target Application 'com.zacrotech.NeuroForge'
    t =   142.78s         Find the Target Application 'com.zacrotech.NeuroForge'
    t =   144.39s     Wait for com.zacrotech.NeuroForge to idle
    t =   144.40s Get all elements bound by index for: Descendants matching type ScrollView
    t =   144.47s Find the ScrollView (Element at index 0)
    t =   144.54s Find the Target Application 'com.zacrotech.NeuroForge'
    t =   144.59s Checking existence of `Keyboard (First Match)`
    t =   144.70s Get all elements bound by index for: Descendants matching type NavigationBar
    t =   144.75s Find the NavigationBar (Element at index 0)
    t =   144.82s Find the ScrollView at {{0.0, 169.5}, {375.0, 497.5}}
    t =   144.88s Find the ScrollView at {{0.0, 169.5}, {375.0, 497.5}}
    t =   144.94s Get all elements bound by index for: Descendants matching type TabBar
    t =   144.99s Find the TabBar (Element at index 0)
    t =   145.07s Checking existence of `"net-folding-model" Image`
    t =   145.16s Find the "net-folding-model" Image
    t =   145.26s Checking existence of `"session-submit" Any`
    t =   145.36s Checking existence of `"session-next" Any`
    t =   145.48s Find the "session-next" Any
    t =   145.60s Find the "session-next" Button
    t =   145.71s Find the "session-next" Button
    t =   145.81s Checking existence of `"train-start-practice" Any`
    t =   145.91s Checking existence of `"train-start-graph-construction" Any`
    t =   146.01s Checking existence of `"net-folding-model" Image`
    t =   146.12s Find the "net-folding-model" Image
    t =   146.22s Find the "net-folding-model" Image
    t =   146.35s Find the ScrollView at {{0.0, 169.5}, {375.0, 497.5}}
    t =   146.41s Checking existence of `"net-folding-model" Image`
    t =   146.53s Find the "net-folding-model" Image
    t =   146.65s Find the "net-folding-model" Image
    t =   146.76s Checking existence of `"net-folding-model" Image`
    t =   146.86s Find the "net-folding-model" Image
    t =   146.97s Find the ScrollView at {{0.0, 169.5}, {375.0, 497.5}}
    t =   147.05s Checking existence of `"net-folding-model" Image`
    t =   147.16s Find the "net-folding-model" Image
    t =   147.25s Press Target Application 'com.zacrotech.NeuroForge'[0.00, 0.00] -> (12.0, 257.7) for 0.1 seconds, then drag to Target Application 'com.zacrotech.NeuroForge'[0.00, 0.00] -> (12.0, 497.2) with velocity of 250.00 pixels per second, and then hold for 0.2 seconds 
    t =   147.25s     Wait for com.zacrotech.NeuroForge to idle
    t =   147.26s     Find the Target Application 'com.zacrotech.NeuroForge'
    t =   147.31s     Check for interrupting elements affecting "NeuroForge" Application
    t =   147.38s     Synthesize event
    t =   147.38s         Find the Target Application 'com.zacrotech.NeuroForge'
    t =   147.44s         Find the Target Application 'com.zacrotech.NeuroForge'
    t =   147.50s         Find the Target Application 'com.zacrotech.NeuroForge'
    t =   147.55s         Find the Target Application 'com.zacrotech.NeuroForge'
    t =   147.61s         Find the Target Application 'com.zacrotech.NeuroForge'
    t =   149.12s     Wait for com.zacrotech.NeuroForge to idle
    t =   149.12s Get all elements bound by index for: Descendants matching type ScrollView
    t =   149.22s Find the ScrollView (Element at index 0)
    t =   149.29s Find the Target Application 'com.zacrotech.NeuroForge'
    t =   149.34s Checking existence of `Keyboard (First Match)`
    t =   149.44s Get all elements bound by index for: Descendants matching type NavigationBar
    t =   149.50s Find the NavigationBar (Element at index 0)
    t =   149.57s Find the ScrollView at {{0.0, 169.5}, {375.0, 497.5}}
    t =   149.64s Find the ScrollView at {{0.0, 169.5}, {375.0, 497.5}}
    t =   149.70s Get all elements bound by index for: Descendants matching type TabBar
    t =   149.76s Find the TabBar (Element at index 0)
    t =   149.84s Checking existence of `"net-folding-model" Image`
    t =   149.96s Find the "net-folding-model" Image
    t =   150.07s Checking existence of `"session-submit" Any`
    t =   150.17s Checking existence of `"session-next" Any`
    t =   150.27s Find the "session-next" Any
    t =   150.38s Find the "session-next" Button
    t =   150.49s Find the "session-next" Button
    t =   150.59s Checking existence of `"train-start-practice" Any`
    t =   150.70s Checking existence of `"train-start-graph-construction" Any`
    t =   150.83s Checking existence of `"net-folding-model" Image`
    t =   150.94s Find the "net-folding-model" Image
    t =   151.04s Find the "net-folding-model" Image
    t =   151.15s Find the ScrollView at {{0.0, 169.5}, {375.0, 497.5}}
    t =   151.21s Checking existence of `"net-folding-model" Image`
    t =   151.32s Find the "net-folding-model" Image
    t =   151.43s Find the "net-folding-model" Image
    t =   151.54s Checking existence of `"net-folding-model" Image`
    t =   151.65s Find the "net-folding-model" Image
    t =   151.76s Find the ScrollView at {{0.0, 169.5}, {375.0, 497.5}}
    t =   151.82s Checking existence of `"net-folding-model" Image`
    t =   151.93s Find the "net-folding-model" Image
    t =   152.05s Press Target Application 'com.zacrotech.NeuroForge'[0.00, 0.00] -> (12.0, 257.7) for 0.1 seconds, then drag to Target Application 'com.zacrotech.NeuroForge'[0.00, 0.00] -> (12.0, 273.7) with velocity of 250.00 pixels per second, and then hold for 0.2 seconds 
    t =   152.05s     Wait for com.zacrotech.NeuroForge to idle
    t =   152.05s     Find the Target Application 'com.zacrotech.NeuroForge'
    t =   152.11s     Check for interrupting elements affecting "NeuroForge" Application
    t =   152.19s     Synthesize event
    t =   152.19s         Find the Target Application 'com.zacrotech.NeuroForge'
    t =   152.24s         Find the Target Application 'com.zacrotech.NeuroForge'
    t =   152.30s         Find the Target Application 'com.zacrotech.NeuroForge'
    t =   152.35s         Find the Target Application 'com.zacrotech.NeuroForge'
    t =   152.41s         Find the Target Application 'com.zacrotech.NeuroForge'
    t =   153.04s     Wait for com.zacrotech.NeuroForge to idle
    t =   153.04s Get all elements bound by index for: Descendants matching type ScrollView
    t =   153.12s Find the ScrollView (Element at index 0)
    t =   153.20s Find the Target Application 'com.zacrotech.NeuroForge'
    t =   153.26s Checking existence of `Keyboard (First Match)`
    t =   153.38s Get all elements bound by index for: Descendants matching type NavigationBar
    t =   153.44s Find the NavigationBar (Element at index 0)
    t =   153.52s Find the ScrollView at {{0.0, 169.5}, {375.0, 497.5}}
    t =   153.58s Find the ScrollView at {{0.0, 169.5}, {375.0, 497.5}}
    t =   153.65s Get all elements bound by index for: Descendants matching type TabBar
    t =   153.71s Find the TabBar (Element at index 0)
    t =   153.78s Checking existence of `"net-folding-model" Image`
    t =   153.89s Find the "net-folding-model" Image
    t =   153.99s Checking existence of `"session-submit" Any`
    t =   154.10s Checking existence of `"session-next" Any`
    t =   154.20s Find the "session-next" Any
    t =   154.30s Find the "session-next" Button
    t =   154.41s Find the "session-next" Button
    t =   154.51s Checking existence of `"train-start-practice" Any`
    t =   154.61s Checking existence of `"train-start-graph-construction" Any`
    t =   154.71s Checking existence of `"net-folding-model" Image`
    t =   154.82s Find the "net-folding-model" Image
    t =   154.92s Find the "net-folding-model" Image
    t =   155.03s Find the ScrollView at {{0.0, 169.5}, {375.0, 497.5}}
    t =   155.08s Checking existence of `"net-folding-model" Image`
    t =   155.18s Find the "net-folding-model" Image
    t =   155.29s Find the "net-folding-model" Image
    t =   155.39s Find the "net-folding-model" Image
    t =   155.49s Find the "net-folding-model" Image
    t =   155.61s Find the Target Application 'com.zacrotech.NeuroForge'
    t =   155.80s Added attachment named 'cube-net-completed-model-en'
    t =   155.80s Get all elements bound by index for: Descendants matching type ScrollView
    t =   155.86s Find the ScrollView (Element at index 0)
    t =   155.94s Find the Target Application 'com.zacrotech.NeuroForge'
    t =   155.99s Checking existence of `Keyboard (First Match)`
    t =   156.09s Get all elements bound by index for: Descendants matching type NavigationBar
    t =   156.15s Find the NavigationBar (Element at index 0)
    t =   156.24s Find the ScrollView at {{0.0, 169.5}, {375.0, 497.5}}
    t =   156.31s Find the ScrollView at {{0.0, 169.5}, {375.0, 497.5}}
    t =   156.37s Get all elements bound by index for: Descendants matching type TabBar
    t =   156.43s Find the TabBar (Element at index 0)
    t =   156.51s Checking existence of `"net-folding-worked-frames" StaticText`
    t =   156.61s Find the "net-folding-worked-frames" StaticText
    t =   156.72s Checking existence of `"session-submit" Any`
    t =   156.84s Checking existence of `"session-next" Any`
    t =   156.95s Find the "session-next" Any
    t =   157.08s Find the "session-next" Button
    t =   157.21s Find the "session-next" Button
    t =   157.32s Checking existence of `"train-start-practice" Any`
    t =   157.43s Checking existence of `"train-start-graph-construction" Any`
    t =   157.53s Checking existence of `"net-folding-worked-frames" StaticText`
    t =   157.63s Find the "net-folding-worked-frames" StaticText
    t =   157.74s Find the "net-folding-worked-frames" StaticText
    t =   157.87s Find the ScrollView at {{0.0, 169.5}, {375.0, 497.5}}
    t =   157.94s Checking existence of `"net-folding-worked-frames" StaticText`
    t =   158.05s Find the "net-folding-worked-frames" StaticText
    t =   158.15s Checking existence of `"net-folding-worked-frames" StaticText`
    t =   158.26s Find the "net-folding-worked-frames" StaticText
    t =   158.37s Find the ScrollView at {{0.0, 169.5}, {375.0, 497.5}}
    t =   158.44s Checking existence of `"net-folding-worked-frames" StaticText`
    t =   158.55s Find the "net-folding-worked-frames" StaticText
    t =   158.66s Press Target Application 'com.zacrotech.NeuroForge'[0.00, 0.00] -> (12.0, 516.3) for 0.1 seconds, then drag to Target Application 'com.zacrotech.NeuroForge'[0.00, 0.00] -> (12.0, 257.7) with velocity of 250.00 pixels per second, and then hold for 0.2 seconds 
    t =   158.66s     Wait for com.zacrotech.NeuroForge to idle
    t =   158.66s     Find the Target Application 'com.zacrotech.NeuroForge'
    t =   158.72s     Check for interrupting elements affecting "NeuroForge" Application
    t =   158.86s     Synthesize event
    t =   158.86s         Find the Target Application 'com.zacrotech.NeuroForge'
    t =   158.92s         Find the Target Application 'com.zacrotech.NeuroForge'
    t =   158.98s         Find the Target Application 'com.zacrotech.NeuroForge'
    t =   159.03s         Find the Target Application 'com.zacrotech.NeuroForge'
    t =   159.09s         Find the Target Application 'com.zacrotech.NeuroForge'
    t =   160.72s     Wait for com.zacrotech.NeuroForge to idle
    t =   160.72s Get all elements bound by index for: Descendants matching type ScrollView
    t =   160.81s Find the ScrollView (Element at index 0)
    t =   160.88s Find the Target Application 'com.zacrotech.NeuroForge'
    t =   160.94s Checking existence of `Keyboard (First Match)`
    t =   161.05s Get all elements bound by index for: Descendants matching type NavigationBar
    t =   161.11s Find the NavigationBar (Element at index 0)
    t =   161.18s Find the ScrollView at {{0.0, 169.5}, {375.0, 497.5}}
    t =   161.25s Find the ScrollView at {{0.0, 169.5}, {375.0, 497.5}}
    t =   161.30s Get all elements bound by index for: Descendants matching type TabBar
    t =   161.36s Find the TabBar (Element at index 0)
    t =   161.44s Checking existence of `"net-folding-worked-frames" StaticText`
    t =   161.55s Find the "net-folding-worked-frames" StaticText
    t =   161.66s Checking existence of `"session-submit" Any`
    t =   161.76s Checking existence of `"session-next" Any`
    t =   161.87s Find the "session-next" Any
    t =   161.99s Find the "session-next" Button
    t =   162.10s Find the "session-next" Button
    t =   162.21s Checking existence of `"train-start-practice" Any`
    t =   162.33s Checking existence of `"train-start-graph-construction" Any`
    t =   162.44s Checking existence of `"net-folding-worked-frames" StaticText`
    t =   162.56s Find the "net-folding-worked-frames" StaticText
    t =   162.67s Find the "net-folding-worked-frames" StaticText
    t =   162.79s Find the ScrollView at {{0.0, 169.5}, {375.0, 497.5}}
    t =   162.85s Checking existence of `"net-folding-worked-frames" StaticText`
    t =   162.96s Find the "net-folding-worked-frames" StaticText
    t =   163.08s Find the "net-folding-worked-frames" StaticText
    t =   163.19s Find the "net-folding-worked-frames" StaticText
    t =   163.30s Checking existence of `"net-folding-worked-frames" StaticText`
    t =   163.41s Find the "net-folding-worked-frames" StaticText
    t =   163.53s Find the ScrollView at {{0.0, 169.5}, {375.0, 497.5}}
    t =   163.59s Checking existence of `"net-folding-worked-frames" StaticText`
    t =   163.69s Find the "net-folding-worked-frames" StaticText
    t =   163.80s Press Target Application 'com.zacrotech.NeuroForge'[0.00, 0.00] -> (12.0, 516.3) for 0.1 seconds, then drag to Target Application 'com.zacrotech.NeuroForge'[0.00, 0.00] -> (12.0, 262.8) with velocity of 250.00 pixels per second, and then hold for 0.2 seconds 
    t =   163.80s     Wait for com.zacrotech.NeuroForge to idle
    t =   163.80s     Find the Target Application 'com.zacrotech.NeuroForge'
    t =   163.86s     Check for interrupting elements affecting "NeuroForge" Application
    t =   163.93s     Synthesize event
    t =   163.94s         Find the Target Application 'com.zacrotech.NeuroForge'
    t =   163.99s         Find the Target Application 'com.zacrotech.NeuroForge'
    t =   164.04s         Find the Target Application 'com.zacrotech.NeuroForge'
    t =   164.10s         Find the Target Application 'com.zacrotech.NeuroForge'
    t =   164.15s         Find the Target Application 'com.zacrotech.NeuroForge'
    t =   165.72s     Wait for com.zacrotech.NeuroForge to idle
    t =   166.51s Get all elements bound by index for: Descendants matching type ScrollView
    t =   166.60s Find the ScrollView (Element at index 0)
    t =   166.67s Find the Target Application 'com.zacrotech.NeuroForge'
    t =   166.73s Checking existence of `Keyboard (First Match)`
    t =   166.83s Get all elements bound by index for: Descendants matching type NavigationBar
    t =   166.88s Find the NavigationBar (Element at index 0)
    t =   166.96s Find the ScrollView at {{0.0, 169.5}, {375.0, 497.5}}
    t =   167.03s Find the ScrollView at {{0.0, 169.5}, {375.0, 497.5}}
    t =   167.09s Get all elements bound by index for: Descendants matching type TabBar
    t =   167.15s Find the TabBar (Element at index 0)
    t =   167.23s Checking existence of `"net-folding-worked-frames" StaticText`
    t =   167.37s Find the "net-folding-worked-frames" StaticText
    t =   167.47s Checking existence of `"session-submit" Any`
    t =   167.57s Checking existence of `"session-next" Any`
    t =   167.67s Find the "session-next" Any
    t =   167.78s Find the "session-next" Button
    t =   167.89s Find the "session-next" Button
    t =   168.00s Checking existence of `"train-start-practice" Any`
    t =   168.10s Checking existence of `"train-start-graph-construction" Any`
    t =   169.15s Checking existence of `"net-folding-worked-frames" StaticText`
    t =   169.27s Find the "net-folding-worked-frames" StaticText
    t =   169.38s Find the "net-folding-worked-frames" StaticText
    t =   169.49s Find the ScrollView at {{0.0, 169.5}, {375.0, 497.5}}
    t =   169.55s Checking existence of `"net-folding-worked-frames" StaticText`
    t =   169.66s Find the "net-folding-worked-frames" StaticText
    t =   169.77s Find the "net-folding-worked-frames" StaticText
    t =   169.88s Find the "net-folding-worked-frames" StaticText
    t =   169.99s Checking existence of `"net-folding-worked-frames" StaticText`
    t =   170.08s Find the "net-folding-worked-frames" StaticText
    t =   170.19s Find the ScrollView at {{0.0, 169.5}, {375.0, 497.5}}
    t =   170.25s Checking existence of `"net-folding-worked-frames" StaticText`
    t =   170.35s Find the "net-folding-worked-frames" StaticText
    t =   170.46s Press Target Application 'com.zacrotech.NeuroForge'[0.00, 0.00] -> (12.0, 516.3) for 0.1 seconds, then drag to Target Application 'com.zacrotech.NeuroForge'[0.00, 0.00] -> (12.0, 500.3) with velocity of 250.00 pixels per second, and then hold for 0.2 seconds 
    t =   170.46s     Wait for com.zacrotech.NeuroForge to idle
    t =   170.46s     Find the Target Application 'com.zacrotech.NeuroForge'
    t =   170.52s     Check for interrupting elements affecting "NeuroForge" Application
    t =   170.58s     Synthesize event
    t =   170.59s         Find the Target Application 'com.zacrotech.NeuroForge'
    t =   170.64s         Find the Target Application 'com.zacrotech.NeuroForge'
    t =   170.69s         Find the Target Application 'com.zacrotech.NeuroForge'
    t =   170.74s         Find the Target Application 'com.zacrotech.NeuroForge'
    t =   170.80s         Find the Target Application 'com.zacrotech.NeuroForge'
    t =   171.43s     Wait for com.zacrotech.NeuroForge to idle
    t =   173.86s Get all elements bound by index for: Descendants matching type ScrollView
    t =   173.93s Find the ScrollView (Element at index 0)
    t =   174.00s Find the Target Application 'com.zacrotech.NeuroForge'
    t =   174.05s Checking existence of `Keyboard (First Match)`
    t =   174.15s Get all elements bound by index for: Descendants matching type NavigationBar
    t =   174.20s Find the NavigationBar (Element at index 0)
    t =   175.33s Find the ScrollView at {{0.0, 169.5}, {375.0, 497.5}}
    t =   175.39s Find the ScrollView at {{0.0, 169.5}, {375.0, 497.5}}
    t =   175.45s Get all elements bound by index for: Descendants matching type TabBar
    t =   175.51s Find the TabBar (Element at index 0)
    t =   175.58s Checking existence of `"net-folding-worked-frames" StaticText`
    t =   175.69s Find the "net-folding-worked-frames" StaticText
    t =   175.80s Checking existence of `"session-submit" Any`
    t =   175.90s Checking existence of `"session-next" Any`
    t =   176.00s Find the "session-next" Any
    t =   177.03s Find the "session-next" Button
    t =   177.14s Find the "session-next" Button
    t =   177.25s Checking existence of `"train-start-practice" Any`
    t =   177.36s Checking existence of `"train-start-graph-construction" Any`
    t =   177.47s Checking existence of `"net-folding-worked-frames" StaticText`
    t =   177.58s Find the "net-folding-worked-frames" StaticText
    t =   177.69s Find the "net-folding-worked-frames" StaticText
    t =   177.80s Find the ScrollView at {{0.0, 169.5}, {375.0, 497.5}}
    t =   177.87s Checking existence of `"net-folding-worked-frames" StaticText`
    t =   177.98s Find the "net-folding-worked-frames" StaticText
    t =   178.09s Find the "net-folding-worked-frames" StaticText
    t =   178.20s Find the "net-folding-worked-frames" StaticText
    t =   178.32s Find the Target Application 'com.zacrotech.NeuroForge'
    t =   178.48s Added attachment named 'cube-net-saved-complete-fold-en'
    t =   178.48s Get all elements bound by index for: Descendants matching type ScrollView
    t =   178.54s Find the ScrollView (Element at index 0)
    t =   178.61s Find the Target Application 'com.zacrotech.NeuroForge'
    t =   178.66s Checking existence of `Keyboard (First Match)`
    t =   178.76s Get all elements bound by index for: Descendants matching type NavigationBar
    t =   178.82s Find the NavigationBar (Element at index 0)
    t =   178.89s Find the ScrollView at {{0.0, 169.5}, {375.0, 497.5}}
    t =   178.96s Find the ScrollView at {{0.0, 169.5}, {375.0, 497.5}}
    t =   179.02s Get all elements bound by index for: Descendants matching type TabBar
    t =   179.08s Find the TabBar (Element at index 0)
    t =   179.15s Checking existence of `"net-folding-unfold" Button`
    t =   179.25s Find the "net-folding-unfold" Button
    t =   179.34s Checking existence of `"session-submit" Any`
    t =   179.44s Checking existence of `"session-next" Any`
    t =   179.55s Find the "session-next" Any
    t =   179.66s Find the "session-next" Button
    t =   179.77s Find the "session-next" Button
    t =   179.88s Checking existence of `"train-start-practice" Any`
    t =   179.99s Checking existence of `"train-start-graph-construction" Any`
    t =   180.10s Checking existence of `"net-folding-unfold" Button`
    t =   180.20s Find the "net-folding-unfold" Button
    t =   180.35s Find the "net-folding-unfold" Button
    t =   180.45s Find the ScrollView at {{0.0, 169.5}, {375.0, 497.5}}
    t =   180.52s Checking existence of `"net-folding-unfold" Button`
    t =   180.63s Find the "net-folding-unfold" Button
    t =   180.74s Checking existence of `"net-folding-unfold" Button`
    t =   180.85s Find the "net-folding-unfold" Button
    t =   180.95s Find the ScrollView at {{0.0, 169.5}, {375.0, 497.5}}
    t =   181.02s Checking existence of `"net-folding-unfold" Button`
    t =   181.12s Find the "net-folding-unfold" Button
    t =   181.22s Press Target Application 'com.zacrotech.NeuroForge'[0.00, 0.00] -> (12.0, 257.7) for 0.1 seconds, then drag to Target Application 'com.zacrotech.NeuroForge'[0.00, 0.00] -> (12.0, 341.7) with velocity of 250.00 pixels per second, and then hold for 0.2 seconds 
    t =   181.22s     Wait for com.zacrotech.NeuroForge to idle
    t =   181.22s     Find the Target Application 'com.zacrotech.NeuroForge'
    t =   181.27s     Check for interrupting elements affecting "NeuroForge" Application
    t =   181.34s     Synthesize event
    t =   181.34s         Find the Target Application 'com.zacrotech.NeuroForge'
    t =   181.40s         Find the Target Application 'com.zacrotech.NeuroForge'
    t =   181.45s         Find the Target Application 'com.zacrotech.NeuroForge'
    t =   181.50s         Find the Target Application 'com.zacrotech.NeuroForge'
    t =   181.55s         Find the Target Application 'com.zacrotech.NeuroForge'
    t =   182.46s     Wait for com.zacrotech.NeuroForge to idle
    t =   183.16s Get all elements bound by index for: Descendants matching type ScrollView
    t =   183.24s Find the ScrollView (Element at index 0)
    t =   183.32s Find the Target Application 'com.zacrotech.NeuroForge'
    t =   183.37s Checking existence of `Keyboard (First Match)`
    t =   183.47s Get all elements bound by index for: Descendants matching type NavigationBar
    t =   183.53s Find the NavigationBar (Element at index 0)
    t =   183.60s Find the ScrollView at {{0.0, 169.5}, {375.0, 497.5}}
    t =   183.66s Find the ScrollView at {{0.0, 169.5}, {375.0, 497.5}}
    t =   183.72s Get all elements bound by index for: Descendants matching type TabBar
    t =   183.78s Find the TabBar (Element at index 0)
    t =   183.86s Checking existence of `"net-folding-unfold" Button`
    t =   183.95s Find the "net-folding-unfold" Button
    t =   184.06s Checking existence of `"session-submit" Any`
    t =   184.17s Checking existence of `"session-next" Any`
    t =   184.27s Find the "session-next" Any
    t =   184.39s Find the "session-next" Button
    t =   184.51s Find the "session-next" Button
    t =   184.62s Checking existence of `"train-start-practice" Any`
    t =   184.72s Checking existence of `"train-start-graph-construction" Any`
    t =   184.84s Checking existence of `"net-folding-unfold" Button`
    t =   184.93s Find the "net-folding-unfold" Button
    t =   185.96s Find the "net-folding-unfold" Button
    t =   186.09s Find the ScrollView at {{0.0, 169.5}, {375.0, 497.5}}
    t =   186.16s Checking existence of `"net-folding-unfold" Button`
    t =   186.26s Find the "net-folding-unfold" Button
    t =   186.36s Find the "net-folding-unfold" Button
    t =   186.47s Checking existence of `"net-folding-unfold" Button`
    t =   186.57s Find the "net-folding-unfold" Button
    t =   186.68s Find the ScrollView at {{0.0, 169.5}, {375.0, 497.5}}
    t =   186.75s Checking existence of `"net-folding-unfold" Button`
    t =   186.84s Find the "net-folding-unfold" Button
    t =   186.94s Press Target Application 'com.zacrotech.NeuroForge'[0.00, 0.00] -> (12.0, 257.7) for 0.1 seconds, then drag to Target Application 'com.zacrotech.NeuroForge'[0.00, 0.00] -> (12.0, 273.7) with velocity of 250.00 pixels per second, and then hold for 0.2 seconds 
    t =   186.94s     Wait for com.zacrotech.NeuroForge to idle
    t =   186.95s     Find the Target Application 'com.zacrotech.NeuroForge'
    t =   187.00s     Check for interrupting elements affecting "NeuroForge" Application
    t =   187.07s     Synthesize event
    t =   187.07s         Find the Target Application 'com.zacrotech.NeuroForge'
    t =   187.12s         Find the Target Application 'com.zacrotech.NeuroForge'
    t =   187.18s         Find the Target Application 'com.zacrotech.NeuroForge'
    t =   187.23s         Find the Target Application 'com.zacrotech.NeuroForge'
    t =   187.28s         Find the Target Application 'com.zacrotech.NeuroForge'
    t =   187.91s     Wait for com.zacrotech.NeuroForge to idle
    t =   190.30s Get all elements bound by index for: Descendants matching type ScrollView
    t =   190.35s Find the ScrollView (Element at index 0)
    t =   190.42s Find the Target Application 'com.zacrotech.NeuroForge'
    t =   190.48s Checking existence of `Keyboard (First Match)`
    t =   190.70s Get all elements bound by index for: Descendants matching type NavigationBar
    t =   190.84s Find the NavigationBar (Element at index 0)
    t =   190.95s Find the ScrollView at {{0.0, 169.5}, {375.0, 497.5}}
    t =   192.00s Find the ScrollView at {{0.0, 169.5}, {375.0, 497.5}}
    t =   192.08s Get all elements bound by index for: Descendants matching type TabBar
    t =   192.14s Find the TabBar (Element at index 0)
    t =   192.22s Checking existence of `"net-folding-unfold" Button`
    t =   192.33s Find the "net-folding-unfold" Button
    t =   192.42s Checking existence of `"session-submit" Any`
    t =   192.53s Checking existence of `"session-next" Any`
    t =   192.63s Find the "session-next" Any
    t =   193.67s Find the "session-next" Button
    t =   193.78s Find the "session-next" Button
    t =   193.89s Checking existence of `"train-start-practice" Any`
    t =   193.99s Checking existence of `"train-start-graph-construction" Any`
    t =   194.09s Checking existence of `"net-folding-unfold" Button`
    t =   194.18s Find the "net-folding-unfold" Button
    t =   194.29s Find the "net-folding-unfold" Button
    t =   194.39s Find the ScrollView at {{0.0, 169.5}, {375.0, 497.5}}
    t =   194.45s Checking existence of `"net-folding-unfold" Button`
    t =   194.55s Find the "net-folding-unfold" Button
    t =   194.65s Find the "net-folding-unfold" Button
    t =   194.76s Find the "net-folding-unfold" Button
    t =   194.86s Find the "net-folding-unfold" Button
    t =   194.96s Tap "net-folding-unfold" Button
    t =   194.96s     Wait for com.zacrotech.NeuroForge to idle
    t =   194.97s     Find the "net-folding-unfold" Button
    t =   195.07s     Check for interrupting elements affecting "net-folding-unfold" Button
    t =   195.14s     Synthesize event
    t =   195.44s     Wait for com.zacrotech.NeuroForge to idle
    t =   195.50s Checking existence of `"net-folding-worked-frames" StaticText`
    t =   195.62s Find the "net-folding-complete" Button
    t =   195.72s Find the "net-folding-givens" StaticText
    t =   195.82s Get all elements bound by index for: Descendants matching type ScrollView
    t =   195.88s Find the ScrollView (Element at index 0)
    t =   195.95s Find the Target Application 'com.zacrotech.NeuroForge'
    t =   196.00s Checking existence of `Keyboard (First Match)`
    t =   196.10s Get all elements bound by index for: Descendants matching type NavigationBar
    t =   196.16s Find the NavigationBar (Element at index 0)
    t =   196.23s Find the ScrollView at {{0.0, 169.5}, {375.0, 497.5}}
    t =   196.29s Find the ScrollView at {{0.0, 169.5}, {375.0, 497.5}}
    t =   196.35s Get all elements bound by index for: Descendants matching type TabBar
    t =   196.41s Find the TabBar (Element at index 0)
    t =   197.55s Checking existence of `"net-folding-complete" Button`
    t =   197.65s Find the "net-folding-complete" Button
    t =   197.75s Checking existence of `"session-submit" Any`
    t =   197.86s Checking existence of `"session-next" Any`
    t =   197.95s Find the "session-next" Any
    t =   198.08s Find the "session-next" Button
    t =   198.18s Find the "session-next" Button
    t =   198.28s Checking existence of `"train-start-practice" Any`
    t =   198.38s Checking existence of `"train-start-graph-construction" Any`
    t =   198.49s Checking existence of `"net-folding-complete" Button`
    t =   198.58s Find the "net-folding-complete" Button
    t =   198.68s Find the "net-folding-complete" Button
    t =   198.79s Find the ScrollView at {{0.0, 169.5}, {375.0, 497.5}}
    t =   198.86s Checking existence of `"net-folding-complete" Button`
    t =   198.95s Find the "net-folding-complete" Button
    t =   199.06s Find the "net-folding-complete" Button
    t =   199.16s Find the "net-folding-complete" Button
    t =   199.26s Tap "net-folding-complete" Button
    t =   199.26s     Wait for com.zacrotech.NeuroForge to idle
    t =   199.26s     Find the "net-folding-complete" Button
    t =   199.36s     Check for interrupting elements affecting "net-folding-complete" Button
    t =   199.43s     Synthesize event
    t =   199.73s     Wait for com.zacrotech.NeuroForge to idle
    t =   199.73s Waiting 5.0s for "net-folding-worked-frames" StaticText to exist
    t =   200.74s     Checking `Expect predicate `existsNoRetry == 1` for object "net-folding-worked-frames" StaticText`
    t =   200.75s         Checking existence of `"net-folding-worked-frames" StaticText`
    t =   200.88s Get all elements bound by index for: Descendants matching type ScrollView
    t =   200.94s Find the ScrollView (Element at index 0)
    t =   201.00s Find the Target Application 'com.zacrotech.NeuroForge'
    t =   201.05s Checking existence of `Keyboard (First Match)`
    t =   201.14s Get all elements bound by index for: Descendants matching type NavigationBar
    t =   201.20s Find the NavigationBar (Element at index 0)
    t =   201.27s Find the ScrollView at {{0.0, 169.5}, {375.0, 497.5}}
    t =   201.33s Find the ScrollView at {{0.0, 169.5}, {375.0, 497.5}}
    t =   201.38s Get all elements bound by index for: Descendants matching type TabBar
    t =   201.44s Find the TabBar (Element at index 0)
    t =   201.51s Checking existence of `"net-folding-reset" Button`
    t =   201.60s Find the "net-folding-reset" Button
    t =   201.68s Checking existence of `"session-submit" Any`
    t =   201.78s Checking existence of `"session-next" Any`
    t =   201.87s Find the "session-next" Any
    t =   201.98s Find the "session-next" Button
    t =   202.09s Find the "session-next" Button
    t =   202.19s Checking existence of `"train-start-practice" Any`
    t =   202.28s Checking existence of `"train-start-graph-construction" Any`
    t =   202.38s Checking existence of `"net-folding-reset" Button`
    t =   202.47s Find the "net-folding-reset" Button
    t =   202.57s Find the "net-folding-reset" Button
    t =   202.67s Find the ScrollView at {{0.0, 169.5}, {375.0, 497.5}}
    t =   202.73s Checking existence of `"net-folding-reset" Button`
    t =   202.83s Find the "net-folding-reset" Button
    t =   202.93s Find the "net-folding-reset" Button
    t =   203.03s Find the "net-folding-reset" Button
    t =   203.12s Find the "net-folding-reset" Button
    t =   203.23s Tap "net-folding-reset" Button
    t =   203.23s     Wait for com.zacrotech.NeuroForge to idle
    t =   203.23s     Find the "net-folding-reset" Button
    t =   203.32s     Check for interrupting elements affecting "net-folding-reset" Button
    t =   203.39s     Synthesize event
    t =   203.68s     Wait for com.zacrotech.NeuroForge to idle
    t =   204.62s Checking existence of `"net-folding-worked-frames" StaticText`
    t =   204.74s Find the "net-folding-complete" Button
    t =   204.84s Find the "net-folding-givens" StaticText
    t =   204.94s Find the "session-prompt" Any
    t =   205.04s Find the "No — at least one rule fails" Button
    t =   206.14s     Find the "No — at least one rule fails" Button (retry 1)
    t =   207.28s     Find the "No — at least one rule fails" Button (retry 2)
    t =   207.38s     Collecting debug information to assist test failure triage
    t =   207.38s         Requesting snapshot of accessibility hierarchy for app with pid 23548
    t =   207.51s     Requesting snapshot of accessibility hierarchy for app with pid 23548
    t =   207.62s     Find: Descendants matching type Button
    t =   207.62s     Find: Elements matching predicate '"No — at least one rule fails" IN identifiers'
    t =   207.62s     Requesting snapshot of accessibility hierarchy for app with pid 23548
/Users/takamimarsh/Developer/Projects/Zacro Tech/NeuroForge/UITests/NavigationSmokeUITests.swift:877: error: -[NeuroForgeUITests.NavigationSmokeUITests testCubeNetRetainsPrintedGivensAcrossCameraAndCommittedFolding] : Failed to get matching snapshot: No matches found for Elements matching predicate '"No — at least one rule fails" IN identifiers' from input {(
    Button, identifier: 'pause.fill', label: 'Pause session',
    Button, identifier: 'session-header-save-close', label: 'Save and close session',
    Button, identifier: 'square.and.pencil', label: 'Open scratchpad',
    Button, label: 'Session controls',
    Button, identifier: 'session-next', label: 'Next challenge',
    Button,
    Button, label: 'Report item',
    Button, identifier: 'net-folding-rendering-mode', label: 'Native 3D', value: Native 3D,
    Button, identifier: 'net-folding-camera', label: 'Camera view, Authored view', value: Authored view,
    Button, identifier: 'net-folding-camera-reset', label: 'Reset view',
    Button, identifier: 'net-folding-complete', label: 'Complete fold',
    Button, identifier: 'net-folding-unfold', label: 'Unfold every hinge',
    Button, identifier: 'net-folding-reset', label: 'Restore given fold',
    Button, label: 'Yes — every stated rule holds', value: Not selected, Disabled,
    Button,
    Button,
    Button, label: 'Today', Selected,
    Button, label: 'Practice',
    Button, label: 'Progress',
    Button, label: 'Sources',
    Button, label: 'Settings',
    Button, identifier: 'continue-session', label: 'Continue session',
    Button, label: 'You're up to date.',
    Button, identifier: 'quick-practice-mental-math', label: 'Mental math, 5 minutes',
    Button, identifier: 'quick-practice-source-reviews', label: 'Source reviews, No sources yet',
    Button, identifier: 'today-plan-block-1', label: 'CHAPTER 1, Logic, Not completed, Logic, Practice Logic with a focused set., 3 min, +25 completion XP'
)}
Possibly caused by runtime issues:
Automation type mismatch: computed Button from legacy attributes vs PopUpButton from modern attribute. Input attributes and values: {
    "XC_kAXXCAttributeAutomationType" = 14;
    "XC_kAXXCAttributeElementBaseType" = UIResponder;
    "XC_kAXXCAttributeElementType" = "SwiftUI.AccessibilityNode";
    "XC_kAXXCAttributeTraits" = 1108101562369;
}
See test report attachments for more detail.
    t =   207.76s Tear Down
Test Case '-[NeuroForgeUITests.NavigationSmokeUITests testCubeNetRetainsPrintedGivensAcrossCameraAndCommittedFolding]' failed (208.231 seconds).
Test Case '-[NeuroForgeUITests.NavigationSmokeUITests testFeasibleReconstructionPublicLaunchUsesCompleteFiniteOracleAndColdAnswerSet]' started.
    t =     0.00s Start Test at 2026-09-05 19:31:17.781
    t =     0.05s Set Up
    t =     0.05s     Open com.zacrotech.NeuroForge
    t =     0.05s         Launch com.zacrotech.NeuroForge
    t =     0.05s             Terminate com.zacrotech.NeuroForge:23548
2026-09-05 19:31:18.855 xcodebuild[22023:6491994] [MT] IDELaunchParametersSnapshot: The operation couldn’t be completed. (DebuggerLLDB.DebuggerVersionStore.StoreError error 0.)
2026-09-05 19:31:18.855 xcodebuild[22023:6491994] [MT] IDELaunchParametersSnapshot: no debugger version
    t =     1.68s             Setting up automation session
    t =     3.23s             Wait for com.zacrotech.NeuroForge to idle
    t =     5.88s     Waiting 15.0s for "Practice" Button to exist
    t =     6.90s         Checking `Expect predicate `existsNoRetry == 1` for object "Practice" Button`
    t =     6.90s             Checking existence of `"Practice" Button`
    t =     7.13s     Press "Practice" Button for 0.1 seconds
    t =     7.13s         Wait for com.zacrotech.NeuroForge to idle
    t =     7.13s         Find the "Practice" Button
    t =     7.16s         Check for interrupting elements affecting "Practice" Button
    t =     7.20s         Synthesize event
    t =     7.58s         Wait for com.zacrotech.NeuroForge to idle
    t =     8.88s     Waiting 8.0s for "destination-train" Any to exist
    t =     9.90s         Checking `Expect predicate `existsNoRetry == 1` for object "destination-train" Any`
    t =     9.90s             Checking existence of `"destination-train" Any`
    t =     9.95s     Get all elements bound by index for: Descendants matching type ScrollView
    t =     9.97s     Find the ScrollView (Element at index 0)
    t =    10.01s     Find the Target Application 'com.zacrotech.NeuroForge'
    t =    10.03s     Checking existence of `Keyboard (First Match)`
    t =    10.08s     Get all elements bound by index for: Descendants matching type NavigationBar
    t =    10.10s     Find the NavigationBar (Element at index 0)
    t =    10.14s     Find the "Practice" NavigationBar
    t =    10.16s     Find the ScrollView at {{0.0, 0.0}, {375.0, 667.0}}
    t =    10.19s     Find the ScrollView at {{0.0, 0.0}, {375.0, 667.0}}
    t =    10.21s     Get all elements bound by index for: Descendants matching type TabBar
    t =    10.23s     Find the TabBar (Element at index 0)
    t =    10.27s     Find the "Tab Bar" TabBar
    t =    10.29s     Checking existence of `Button (First Match)`
    t =    10.34s     Find the Button (First Match)
    t =    10.39s     Checking existence of `"session-submit" Any`
    t =    10.42s     Checking existence of `"session-next" Any`
    t =    10.44s     Checking existence of `"train-start-practice" Any`
    t =    10.47s     Checking existence of `"train-start-graph-construction" Any`
    t =    10.50s     Checking existence of `"Spatial Reasoning, Transformations across diagrams and 3D forms, Unassessed, No practice yet" Button`
    t =    10.55s     Find the "Spatial Reasoning, Transformations across diagrams and 3D forms, Unassessed, No practice yet" Button
    t =    10.61s     Find the "Spatial Reasoning, Transformations across diagrams and 3D forms, Unassessed, No practice yet" Button
    t =    10.67s     Find the ScrollView at {{0.0, 0.0}, {375.0, 667.0}}
    t =    10.69s     Checking existence of `"Spatial Reasoning, Transformations across diagrams and 3D forms, Unassessed, No practice yet" Button`
    t =    10.74s     Find the "Spatial Reasoning, Transformations across diagrams and 3D forms, Unassessed, No practice yet" Button
    t =    10.80s     Checking existence of `"Spatial Reasoning, Transformations across diagrams and 3D forms, Unassessed, No practice yet" Button`
    t =    10.85s     Find the "Spatial Reasoning, Transformations across diagrams and 3D forms, Unassessed, No practice yet" Button
    t =    10.90s     Find the ScrollView at {{0.0, 0.0}, {375.0, 667.0}}
    t =    10.93s     Checking existence of `"Spatial Reasoning, Transformations across diagrams and 3D forms, Unassessed, No practice yet" Button`
    t =    10.98s     Find the "Spatial Reasoning, Transformations across diagrams and 3D forms, Unassessed, No practice yet" Button
    t =    11.03s     Press Target Application 'com.zacrotech.NeuroForge'[0.00, 0.00] -> (12.0, 503.2) for 0.1 seconds, then drag to Target Application 'com.zacrotech.NeuroForge'[0.00, 0.00] -> (12.0, 266.8) with velocity of 250.00 pixels per second, and then hold for 0.2 seconds 
    t =    11.03s         Wait for com.zacrotech.NeuroForge to idle
    t =    11.03s         Find the Target Application 'com.zacrotech.NeuroForge'
    t =    11.05s         Check for interrupting elements affecting "NeuroForge" Application
    t =    11.07s         Synthesize event
    t =    11.08s             Find the Target Application 'com.zacrotech.NeuroForge'
    t =    11.10s             Find the Target Application 'com.zacrotech.NeuroForge'
    t =    11.12s             Find the Target Application 'com.zacrotech.NeuroForge'
    t =    11.14s             Find the Target Application 'com.zacrotech.NeuroForge'
    t =    11.16s             Find the Target Application 'com.zacrotech.NeuroForge'
    t =    12.63s         Wait for com.zacrotech.NeuroForge to idle
    t =    12.87s     Get all elements bound by index for: Descendants matching type ScrollView
    t =    12.90s     Find the ScrollView (Element at index 0)
    t =    12.94s     Find the Target Application 'com.zacrotech.NeuroForge'
    t =    12.96s     Checking existence of `Keyboard (First Match)`
    t =    13.02s     Get all elements bound by index for: Descendants matching type NavigationBar
    t =    13.04s     Find the NavigationBar (Element at index 0)
    t =    13.08s     Find the "Practice" NavigationBar
    t =    13.11s     Find the ScrollView at {{0.0, 0.0}, {375.0, 667.0}}
    t =    13.14s     Find the ScrollView at {{0.0, 0.0}, {375.0, 667.0}}
    t =    13.17s     Get all elements bound by index for: Descendants matching type TabBar
    t =    13.19s     Find the TabBar (Element at index 0)
    t =    13.23s     Find the "Tab Bar" TabBar
    t =    13.26s     Checking existence of `"Spatial Reasoning, Transformations across diagrams and 3D forms, Unassessed, No practice yet" Button`
    t =    13.30s     Find the "Spatial Reasoning, Transformations across diagrams and 3D forms, Unassessed, No practice yet" Button
    t =    13.35s     Checking existence of `"session-submit" Any`
    t =    13.39s     Checking existence of `"session-next" Any`
    t =    13.43s     Checking existence of `"train-start-practice" Any`
    t =    13.46s     Checking existence of `"train-start-graph-construction" Any`
    t =    13.50s     Checking existence of `"Spatial Reasoning, Transformations across diagrams and 3D forms, Unassessed, No practice yet" Button`
    t =    13.55s     Find the "Spatial Reasoning, Transformations across diagrams and 3D forms, Unassessed, No practice yet" Button
    t =    13.60s     Find the "Spatial Reasoning, Transformations across diagrams and 3D forms, Unassessed, No practice yet" Button
    t =    13.66s     Find the ScrollView at {{0.0, 0.0}, {375.0, 667.0}}
    t =    13.69s     Checking existence of `"Spatial Reasoning, Transformations across diagrams and 3D forms, Unassessed, No practice yet" Button`
    t =    13.74s     Find the "Spatial Reasoning, Transformations across diagrams and 3D forms, Unassessed, No practice yet" Button
    t =    13.80s     Checking existence of `"Spatial Reasoning, Transformations across diagrams and 3D forms, Unassessed, No practice yet" Button`
    t =    13.84s     Find the "Spatial Reasoning, Transformations across diagrams and 3D forms, Unassessed, No practice yet" Button
    t =    13.90s     Find the ScrollView at {{0.0, 0.0}, {375.0, 667.0}}
    t =    13.93s     Checking existence of `"Spatial Reasoning, Transformations across diagrams and 3D forms, Unassessed, No practice yet" Button`
    t =    13.97s     Find the "Spatial Reasoning, Transformations across diagrams and 3D forms, Unassessed, No practice yet" Button
    t =    14.02s     Press Target Application 'com.zacrotech.NeuroForge'[0.00, 0.00] -> (12.0, 480.8) for 0.1 seconds, then drag to Target Application 'com.zacrotech.NeuroForge'[0.00, 0.00] -> (12.0, 188.8) with velocity of 250.00 pixels per second, and then hold for 0.2 seconds 
    t =    14.02s         Wait for com.zacrotech.NeuroForge to idle
    t =    14.02s         Find the Target Application 'com.zacrotech.NeuroForge'
    t =    14.05s         Check for interrupting elements affecting "NeuroForge" Application
    t =    14.07s         Synthesize event
    t =    14.07s             Find the Target Application 'com.zacrotech.NeuroForge'
    t =    14.10s             Find the Target Application 'com.zacrotech.NeuroForge'
    t =    14.12s             Find the Target Application 'com.zacrotech.NeuroForge'
    t =    14.14s             Find the Target Application 'com.zacrotech.NeuroForge'
    t =    14.17s             Find the Target Application 'com.zacrotech.NeuroForge'
    t =    15.86s         Wait for com.zacrotech.NeuroForge to idle
    t =    16.43s     Get all elements bound by index for: Descendants matching type ScrollView
    t =    16.46s     Find the ScrollView (Element at index 0)
    t =    16.50s     Find the Target Application 'com.zacrotech.NeuroForge'
    t =    16.52s     Checking existence of `Keyboard (First Match)`
    t =    16.59s     Get all elements bound by index for: Descendants matching type NavigationBar
    t =    16.61s     Find the NavigationBar (Element at index 0)
    t =    16.65s     Find the "Practice" NavigationBar
    t =    16.69s     Find the ScrollView at {{0.0, 0.0}, {375.0, 667.0}}
    t =    16.72s     Find the ScrollView at {{0.0, 0.0}, {375.0, 667.0}}
    t =    16.75s     Get all elements bound by index for: Descendants matching type TabBar
    t =    16.77s     Find the TabBar (Element at index 0)
    t =    16.81s     Find the "Tab Bar" TabBar
    t =    16.84s     Checking existence of `"Spatial Reasoning, Transformations across diagrams and 3D forms, Unassessed, No practice yet" Button`
    t =    16.89s     Find the "Spatial Reasoning, Transformations across diagrams and 3D forms, Unassessed, No practice yet" Button
    t =    16.94s     Checking existence of `"session-submit" Any`
    t =    16.97s     Checking existence of `"session-next" Any`
    t =    17.01s     Checking existence of `"train-start-practice" Any`
    t =    17.04s     Checking existence of `"train-start-graph-construction" Any`
    t =    17.07s     Checking existence of `"Spatial Reasoning, Transformations across diagrams and 3D forms, Unassessed, No practice yet" Button`
    t =    17.12s     Find the "Spatial Reasoning, Transformations across diagrams and 3D forms, Unassessed, No practice yet" Button
    t =    17.18s     Find the "Spatial Reasoning, Transformations across diagrams and 3D forms, Unassessed, No practice yet" Button
    t =    17.23s     Find the ScrollView at {{0.0, 0.0}, {375.0, 667.0}}
    t =    17.26s     Checking existence of `"Spatial Reasoning, Transformations across diagrams and 3D forms, Unassessed, No practice yet" Button`
    t =    17.31s     Find the "Spatial Reasoning, Transformations across diagrams and 3D forms, Unassessed, No practice yet" Button
    t =    17.37s     Find the "Spatial Reasoning, Transformations across diagrams and 3D forms, Unassessed, No practice yet" Button
    t =    17.42s     Find the "Spatial Reasoning, Transformations across diagrams and 3D forms, Unassessed, No practice yet" Button
    t =    17.48s     Checking existence of `"Spatial Reasoning, Transformations across diagrams and 3D forms, Unassessed, No practice yet" Button`
    t =    17.52s     Find the "Spatial Reasoning, Transformations across diagrams and 3D forms, Unassessed, No practice yet" Button
    t =    17.58s     Find the ScrollView at {{0.0, 0.0}, {375.0, 667.0}}
    t =    17.61s     Checking existence of `"Spatial Reasoning, Transformations across diagrams and 3D forms, Unassessed, No practice yet" Button`
    t =    17.65s     Find the "Spatial Reasoning, Transformations across diagrams and 3D forms, Unassessed, No practice yet" Button
    t =    17.70s     Press Target Application 'com.zacrotech.NeuroForge'[0.00, 0.00] -> (12.0, 480.8) for 0.1 seconds, then drag to Target Application 'com.zacrotech.NeuroForge'[0.00, 0.00] -> (12.0, 464.8) with velocity of 250.00 pixels per second, and then hold for 0.2 seconds 
    t =    17.70s         Wait for com.zacrotech.NeuroForge to idle
    t =    17.70s         Find the Target Application 'com.zacrotech.NeuroForge'
    t =    17.73s         Check for interrupting elements affecting "NeuroForge" Application
    t =    17.76s         Synthesize event
    t =    17.76s             Find the Target Application 'com.zacrotech.NeuroForge'
    t =    17.78s             Find the Target Application 'com.zacrotech.NeuroForge'
    t =    17.80s             Find the Target Application 'com.zacrotech.NeuroForge'
    t =    17.83s             Find the Target Application 'com.zacrotech.NeuroForge'
    t =    17.85s             Find the Target Application 'com.zacrotech.NeuroForge'
    t =    18.45s         Wait for com.zacrotech.NeuroForge to idle
    t =    18.45s     Get all elements bound by index for: Descendants matching type ScrollView
    t =    18.48s     Find the ScrollView (Element at index 0)
    t =    18.52s     Find the Target Application 'com.zacrotech.NeuroForge'
    t =    18.54s     Checking existence of `Keyboard (First Match)`
    t =    18.60s     Get all elements bound by index for: Descendants matching type NavigationBar
    t =    18.63s     Find the NavigationBar (Element at index 0)
    t =    18.67s     Find the "Practice" NavigationBar
    t =    18.70s     Find the ScrollView at {{0.0, 0.0}, {375.0, 667.0}}
    t =    18.73s     Find the ScrollView at {{0.0, 0.0}, {375.0, 667.0}}
    t =    18.76s     Get all elements bound by index for: Descendants matching type TabBar
    t =    18.78s     Find the TabBar (Element at index 0)
    t =    18.82s     Find the "Tab Bar" TabBar
    t =    18.85s     Checking existence of `"Spatial Reasoning, Transformations across diagrams and 3D forms, Unassessed, No practice yet" Button`
    t =    18.90s     Find the "Spatial Reasoning, Transformations across diagrams and 3D forms, Unassessed, No practice yet" Button
    t =    18.95s     Checking existence of `"session-submit" Any`
    t =    18.98s     Checking existence of `"session-next" Any`
    t =    19.02s     Checking existence of `"train-start-practice" Any`
    t =    19.05s     Checking existence of `"train-start-graph-construction" Any`
    t =    19.09s     Checking existence of `"Spatial Reasoning, Transformations across diagrams and 3D forms, Unassessed, No practice yet" Button`
    t =    19.13s     Find the "Spatial Reasoning, Transformations across diagrams and 3D forms, Unassessed, No practice yet" Button
    t =    19.18s     Find the "Spatial Reasoning, Transformations across diagrams and 3D forms, Unassessed, No practice yet" Button
    t =    19.24s     Find the ScrollView at {{0.0, 0.0}, {375.0, 667.0}}
    t =    19.27s     Checking existence of `"Spatial Reasoning, Transformations across diagrams and 3D forms, Unassessed, No practice yet" Button`
    t =    19.32s     Find the "Spatial Reasoning, Transformations across diagrams and 3D forms, Unassessed, No practice yet" Button
    t =    19.38s     Find the "Spatial Reasoning, Transformations across diagrams and 3D forms, Unassessed, No practice yet" Button
    t =    19.43s     Find the "Spatial Reasoning, Transformations across diagrams and 3D forms, Unassessed, No practice yet" Button
    t =    19.48s     Press "Spatial Reasoning, Transformations across diagrams and 3D forms, Unassessed, No practice yet" Button for 0.1 seconds
    t =    19.48s         Wait for com.zacrotech.NeuroForge to idle
    t =    19.51s         Find the "Spatial Reasoning, Transformations across diagrams and 3D forms, Unassessed, No practice yet" Button
    t =    19.56s         Check for interrupting elements affecting "Spatial Reasoning, Transformations across diagrams and 3D forms, Unassessed, No practice yet" Button
    t =    19.59s         Synthesize event
    t =    19.97s         Wait for com.zacrotech.NeuroForge to idle
    t =    20.09s     Waiting 8.0s for "Spatial" NavigationBar to exist
    t =    21.09s         Checking `Expect predicate `existsNoRetry == 1` for object "Spatial" NavigationBar`
    t =    21.10s             Checking existence of `"Spatial" NavigationBar`
    t =    21.17s     Get all elements bound by index for: Descendants matching type ScrollView
    t =    21.21s     Find the ScrollView (Element at index 0)
    t =    21.25s     Find the Target Application 'com.zacrotech.NeuroForge'
    t =    21.28s     Checking existence of `Keyboard (First Match)`
    t =    21.35s     Get all elements bound by index for: Descendants matching type NavigationBar
    t =    21.38s     Find the NavigationBar (Element at index 0)
    t =    21.43s     Find the "Spatial" NavigationBar
    t =    21.47s     Find the ScrollView at {{0.0, 0.0}, {375.0, 667.0}}
    t =    21.51s     Find the ScrollView at {{0.0, 0.0}, {375.0, 667.0}}
    t =    21.54s     Get all elements bound by index for: Descendants matching type TabBar
    t =    21.57s     Find the TabBar (Element at index 0)
    t =    21.61s     Find the "Tab Bar" TabBar
    t =    21.65s     Checking existence of `Button (First Match)`
    t =    21.72s     Checking existence of `"session-submit" Any`
    t =    21.76s     Checking existence of `"session-next" Any`
    t =    21.80s     Checking existence of `"train-start-practice" Any`
    t =    21.84s     Find the "train-start-practice" Any
    t =    21.89s     Find the "train-start-practice" Button
    t =    21.94s     Find the "train-start-practice" Button
    t =    21.98s     Checking existence of `"train-start-graph-construction" Any`
    t =    22.02s     Checking existence of `Button (First Match)`
    t =    22.10s     Find the Button (First Match)
    t =    23.17s         Find the Button (First Match) (retry 1)
    t =    24.28s         Find the Button (First Match) (retry 2)
    t =    24.39s     Find the ScrollView at {{0.0, 0.0}, {375.0, 667.0}}
    t =    24.43s     Checking existence of `Button (First Match)`
    t =    24.51s     Checking existence of `Button (First Match)`
    t =    24.58s     Find the ScrollView at {{0.0, 0.0}, {375.0, 667.0}}
    t =    24.62s     Checking existence of `Button (First Match)`
    t =    24.69s     Press Target Application 'com.zacrotech.NeuroForge'[0.00, 0.00] -> (12.0, 438.0) for 0.1 seconds, then drag to Target Application 'com.zacrotech.NeuroForge'[0.00, 0.00] -> (12.0, 236.2) with velocity of 250.00 pixels per second, and then hold for 0.2 seconds 
    t =    24.69s         Wait for com.zacrotech.NeuroForge to idle
    t =    24.70s         Find the Target Application 'com.zacrotech.NeuroForge'
    t =    24.73s         Check for interrupting elements affecting "NeuroForge" Application
    t =    24.76s         Synthesize event
    t =    24.76s             Find the Target Application 'com.zacrotech.NeuroForge'
    t =    24.79s             Find the Target Application 'com.zacrotech.NeuroForge'
    t =    24.82s             Find the Target Application 'com.zacrotech.NeuroForge'
    t =    24.85s             Find the Target Application 'com.zacrotech.NeuroForge'
    t =    24.88s             Find the Target Application 'com.zacrotech.NeuroForge'
    t =    26.23s         Wait for com.zacrotech.NeuroForge to idle
    t =    26.72s     Get all elements bound by index for: Descendants matching type ScrollView
    t =    26.77s     Find the ScrollView (Element at index 0)
    t =    26.81s     Find the Target Application 'com.zacrotech.NeuroForge'
    t =    26.85s     Checking existence of `Keyboard (First Match)`
    t =    26.93s     Get all elements bound by index for: Descendants matching type NavigationBar
    t =    26.96s     Find the NavigationBar (Element at index 0)
    t =    27.02s     Find the "Spatial" NavigationBar
    t =    27.06s     Find the ScrollView at {{0.0, 0.0}, {375.0, 667.0}}
    t =    27.10s     Find the ScrollView at {{0.0, 0.0}, {375.0, 667.0}}
    t =    27.14s     Get all elements bound by index for: Descendants matching type TabBar
    t =    27.18s     Find the TabBar (Element at index 0)
    t =    27.23s     Find the "Tab Bar" TabBar
    t =    27.27s     Checking existence of `Button (First Match)`
    t =    27.32s     Find the Button (First Match)
    t =    27.38s     Checking existence of `"session-submit" Any`
    t =    27.42s     Checking existence of `"session-next" Any`
    t =    27.47s     Checking existence of `"train-start-practice" Any`
    t =    27.51s     Find the "train-start-practice" Any
    t =    27.57s     Find the "train-start-practice" Button
    t =    27.62s     Find the "train-start-practice" Button
    t =    27.67s     Checking existence of `"train-start-graph-construction" Any`
    t =    27.72s     Checking existence of `"Top-View Decoder, Interpret occupied-cell footprints and identify every assembly consistent with supplied views., Puzzle" Button`
    t =    27.78s     Find the "Top-View Decoder, Interpret occupied-cell footprints and identify every assembly consistent with supplied views., Puzzle" Button
    t =    27.85s     Find the "Top-View Decoder, Interpret occupied-cell footprints and identify every assembly consistent with supplied views., Puzzle" Button
    t =    27.91s     Find the ScrollView at {{0.0, 0.0}, {375.0, 667.0}}
    t =    27.95s     Checking existence of `"Top-View Decoder, Interpret occupied-cell footprints and identify every assembly consistent with supplied views., Puzzle" Button`
    t =    28.01s     Find the "Top-View Decoder, Interpret occupied-cell footprints and identify every assembly consistent with supplied views., Puzzle" Button
    t =    28.08s     Checking existence of `"Top-View Decoder, Interpret occupied-cell footprints and identify every assembly consistent with supplied views., Puzzle" Button`
    t =    28.13s     Find the "Top-View Decoder, Interpret occupied-cell footprints and identify every assembly consistent with supplied views., Puzzle" Button
    t =    28.20s     Find the ScrollView at {{0.0, 0.0}, {375.0, 667.0}}
    t =    28.24s     Checking existence of `"Top-View Decoder, Interpret occupied-cell footprints and identify every assembly consistent with supplied views., Puzzle" Button`
    t =    28.31s     Find the "Top-View Decoder, Interpret occupied-cell footprints and identify every assembly consistent with supplied views., Puzzle" Button
    t =    28.37s     Press Target Application 'com.zacrotech.NeuroForge'[0.00, 0.00] -> (12.0, 427.6) for 0.1 seconds, then drag to Target Application 'com.zacrotech.NeuroForge'[0.00, 0.00] -> (12.0, 163.9) with velocity of 250.00 pixels per second, and then hold for 0.2 seconds 
    t =    28.37s         Wait for com.zacrotech.NeuroForge to idle
    t =    28.37s         Find the Target Application 'com.zacrotech.NeuroForge'
    t =    28.40s         Check for interrupting elements affecting "NeuroForge" Application
    t =    28.44s         Synthesize event
    t =    28.44s             Find the Target Application 'com.zacrotech.NeuroForge'
    t =    28.47s             Find the Target Application 'com.zacrotech.NeuroForge'
    t =    28.51s             Find the Target Application 'com.zacrotech.NeuroForge'
    t =    28.54s             Find the Target Application 'com.zacrotech.NeuroForge'
    t =    28.57s             Find the Target Application 'com.zacrotech.NeuroForge'
    t =    30.16s         Wait for com.zacrotech.NeuroForge to idle
    t =    30.64s     Get all elements bound by index for: Descendants matching type ScrollView
    t =    30.70s     Find the ScrollView (Element at index 0)
    t =    30.76s     Find the Target Application 'com.zacrotech.NeuroForge'
    t =    30.79s     Checking existence of `Keyboard (First Match)`
    t =    30.87s     Get all elements bound by index for: Descendants matching type NavigationBar
    t =    30.91s     Find the NavigationBar (Element at index 0)
    t =    30.96s     Find the "Spatial" NavigationBar
    t =    31.00s     Find the ScrollView at {{0.0, 0.0}, {375.0, 667.0}}
    t =    31.05s     Find the ScrollView at {{0.0, 0.0}, {375.0, 667.0}}
    t =    31.09s     Get all elements bound by index for: Descendants matching type TabBar
    t =    31.12s     Find the TabBar (Element at index 0)
    t =    31.17s     Find the "Tab Bar" TabBar
    t =    31.22s     Checking existence of `"Top-View Decoder, Interpret occupied-cell footprints and identify every assembly consistent with supplied views., Puzzle" Button`
    t =    31.27s     Find the "Top-View Decoder, Interpret occupied-cell footprints and identify every assembly consistent with supplied views., Puzzle" Button
    t =    31.33s     Checking existence of `"session-submit" Any`
    t =    31.38s     Checking existence of `"session-next" Any`
    t =    31.42s     Checking existence of `"train-start-practice" Any`
    t =    31.47s     Find the "train-start-practice" Any
    t =    31.53s     Find the "train-start-practice" Button
    t =    31.58s     Find the "train-start-practice" Button
    t =    31.64s     Checking existence of `"train-start-graph-construction" Any`
    t =    31.69s     Checking existence of `"Top-View Decoder, Interpret occupied-cell footprints and identify every assembly consistent with supplied views., Puzzle" Button`
    t =    31.74s     Find the "Top-View Decoder, Interpret occupied-cell footprints and identify every assembly consistent with supplied views., Puzzle" Button
    t =    31.81s     Find the "Top-View Decoder, Interpret occupied-cell footprints and identify every assembly consistent with supplied views., Puzzle" Button
    t =    31.88s     Find the ScrollView at {{0.0, 0.0}, {375.0, 667.0}}
    t =    31.92s     Checking existence of `"Top-View Decoder, Interpret occupied-cell footprints and identify every assembly consistent with supplied views., Puzzle" Button`
    t =    31.98s     Find the "Top-View Decoder, Interpret occupied-cell footprints and identify every assembly consistent with supplied views., Puzzle" Button
    t =    32.04s     Checking existence of `"Top-View Decoder, Interpret occupied-cell footprints and identify every assembly consistent with supplied views., Puzzle" Button`
    t =    32.10s     Find the "Top-View Decoder, Interpret occupied-cell footprints and identify every assembly consistent with supplied views., Puzzle" Button
    t =    32.16s     Find the ScrollView at {{0.0, 0.0}, {375.0, 667.0}}
    t =    32.20s     Checking existence of `"Top-View Decoder, Interpret occupied-cell footprints and identify every assembly consistent with supplied views., Puzzle" Button`
    t =    32.26s     Find the "Top-View Decoder, Interpret occupied-cell footprints and identify every assembly consistent with supplied views., Puzzle" Button
    t =    32.31s     Press Target Application 'com.zacrotech.NeuroForge'[0.00, 0.00] -> (12.0, 427.6) for 0.1 seconds, then drag to Target Application 'com.zacrotech.NeuroForge'[0.00, 0.00] -> (12.0, 164.6) with velocity of 250.00 pixels per second, and then hold for 0.2 seconds 
    t =    32.31s         Wait for com.zacrotech.NeuroForge to idle
    t =    32.32s         Find the Target Application 'com.zacrotech.NeuroForge'
    t =    32.35s         Check for interrupting elements affecting "NeuroForge" Application
    t =    32.39s         Synthesize event
    t =    32.39s             Find the Target Application 'com.zacrotech.NeuroForge'
    t =    32.43s             Find the Target Application 'com.zacrotech.NeuroForge'
    t =    32.46s             Find the Target Application 'com.zacrotech.NeuroForge'
    t =    32.49s             Find the Target Application 'com.zacrotech.NeuroForge'
    t =    32.53s             Find the Target Application 'com.zacrotech.NeuroForge'
    t =    34.11s         Wait for com.zacrotech.NeuroForge to idle
    t =    34.12s     Get all elements bound by index for: Descendants matching type ScrollView
    t =    34.16s     Find the ScrollView (Element at index 0)
    t =    34.21s     Find the Target Application 'com.zacrotech.NeuroForge'
    t =    34.25s     Checking existence of `Keyboard (First Match)`
    t =    34.33s     Get all elements bound by index for: Descendants matching type NavigationBar
    t =    34.37s     Find the NavigationBar (Element at index 0)
    t =    34.42s     Find the "Spatial" NavigationBar
    t =    34.46s     Find the ScrollView at {{0.0, 0.0}, {375.0, 667.0}}
    t =    34.50s     Find the ScrollView at {{0.0, 0.0}, {375.0, 667.0}}
    t =    34.54s     Get all elements bound by index for: Descendants matching type TabBar
    t =    34.58s     Find the TabBar (Element at index 0)
    t =    34.62s     Find the "Tab Bar" TabBar
    t =    34.67s     Checking existence of `"Top-View Decoder, Interpret occupied-cell footprints and identify every assembly consistent with supplied views., Puzzle" Button`
    t =    34.72s     Find the "Top-View Decoder, Interpret occupied-cell footprints and identify every assembly consistent with supplied views., Puzzle" Button
    t =    34.78s     Checking existence of `"session-submit" Any`
    t =    34.82s     Checking existence of `"session-next" Any`
    t =    34.87s     Checking existence of `"train-start-practice" Any`
    t =    34.92s     Find the "train-start-practice" Any
    t =    34.98s     Find the "train-start-practice" Button
    t =    35.03s     Find the "train-start-practice" Button
    t =    35.08s     Checking existence of `"train-start-graph-construction" Any`
    t =    35.14s     Checking existence of `"Top-View Decoder, Interpret occupied-cell footprints and identify every assembly consistent with supplied views., Puzzle" Button`
    t =    35.19s     Find the "Top-View Decoder, Interpret occupied-cell footprints and identify every assembly consistent with supplied views., Puzzle" Button
    t =    35.25s     Find the "Top-View Decoder, Interpret occupied-cell footprints and identify every assembly consistent with supplied views., Puzzle" Button
    t =    35.32s     Find the ScrollView at {{0.0, 0.0}, {375.0, 667.0}}
    t =    35.36s     Checking existence of `"Top-View Decoder, Interpret occupied-cell footprints and identify every assembly consistent with supplied views., Puzzle" Button`
    t =    35.42s     Find the "Top-View Decoder, Interpret occupied-cell footprints and identify every assembly consistent with supplied views., Puzzle" Button
    t =    35.49s     Find the "Top-View Decoder, Interpret occupied-cell footprints and identify every assembly consistent with supplied views., Puzzle" Button
    t =    35.55s     Find the "Top-View Decoder, Interpret occupied-cell footprints and identify every assembly consistent with supplied views., Puzzle" Button
    t =    35.61s     Checking existence of `"Top-View Decoder, Interpret occupied-cell footprints and identify every assembly consistent with supplied views., Puzzle" Button`
    t =    35.67s     Find the "Top-View Decoder, Interpret occupied-cell footprints and identify every assembly consistent with supplied views., Puzzle" Button
    t =    35.73s     Find the ScrollView at {{0.0, 0.0}, {375.0, 667.0}}
    t =    35.77s     Checking existence of `"Top-View Decoder, Interpret occupied-cell footprints and identify every assembly consistent with supplied views., Puzzle" Button`
    t =    35.82s     Find the "Top-View Decoder, Interpret occupied-cell footprints and identify every assembly consistent with supplied views., Puzzle" Button
    t =    35.88s     Press Target Application 'com.zacrotech.NeuroForge'[0.00, 0.00] -> (12.0, 427.6) for 0.1 seconds, then drag to Target Application 'com.zacrotech.NeuroForge'[0.00, 0.00] -> (12.0, 411.6) with velocity of 250.00 pixels per second, and then hold for 0.2 seconds 
    t =    35.88s         Wait for com.zacrotech.NeuroForge to idle
    t =    35.88s         Find the Target Application 'com.zacrotech.NeuroForge'
    t =    35.92s         Check for interrupting elements affecting "NeuroForge" Application
    t =    35.96s         Synthesize event
    t =    35.96s             Find the Target Application 'com.zacrotech.NeuroForge'
    t =    35.99s             Find the Target Application 'com.zacrotech.NeuroForge'
    t =    36.03s             Find the Target Application 'com.zacrotech.NeuroForge'
    t =    36.06s             Find the Target Application 'com.zacrotech.NeuroForge'
    t =    36.10s             Find the Target Application 'com.zacrotech.NeuroForge'
    t =    36.70s         Wait for com.zacrotech.NeuroForge to idle
    t =    38.17s     Get all elements bound by index for: Descendants matching type ScrollView
    t =    38.21s     Find the ScrollView (Element at index 0)
    t =    38.26s     Find the Target Application 'com.zacrotech.NeuroForge'
    t =    38.29s     Checking existence of `Keyboard (First Match)`
    t =    38.38s     Get all elements bound by index for: Descendants matching type NavigationBar
    t =    38.42s     Find the NavigationBar (Element at index 0)
    t =    38.47s     Find the "Spatial" NavigationBar
    t =    38.52s     Find the ScrollView at {{0.0, 0.0}, {375.0, 667.0}}
    t =    38.57s     Find the ScrollView at {{0.0, 0.0}, {375.0, 667.0}}
    t =    38.61s     Get all elements bound by index for: Descendants matching type TabBar
    t =    38.64s     Find the TabBar (Element at index 0)
    t =    38.69s     Find the "Tab Bar" TabBar
    t =    38.73s     Checking existence of `"Top-View Decoder, Interpret occupied-cell footprints and identify every assembly consistent with supplied views., Puzzle" Button`
    t =    38.79s     Find the "Top-View Decoder, Interpret occupied-cell footprints and identify every assembly consistent with supplied views., Puzzle" Button
    t =    38.85s     Checking existence of `"session-submit" Any`
    t =    38.90s     Checking existence of `"session-next" Any`
    t =    38.95s     Checking existence of `"train-start-practice" Any`
    t =    39.00s     Find the "train-start-practice" Any
    t =    39.06s     Find the "train-start-practice" Button
    t =    39.11s     Find the "train-start-practice" Button
    t =    39.16s     Checking existence of `"train-start-graph-construction" Any`
    t =    39.21s     Checking existence of `"Top-View Decoder, Interpret occupied-cell footprints and identify every assembly consistent with supplied views., Puzzle" Button`
    t =    39.27s     Find the "Top-View Decoder, Interpret occupied-cell footprints and identify every assembly consistent with supplied views., Puzzle" Button
    t =    39.33s     Find the "Top-View Decoder, Interpret occupied-cell footprints and identify every assembly consistent with supplied views., Puzzle" Button
    t =    39.40s     Find the ScrollView at {{0.0, 0.0}, {375.0, 667.0}}
    t =    39.45s     Checking existence of `"Top-View Decoder, Interpret occupied-cell footprints and identify every assembly consistent with supplied views., Puzzle" Button`
    t =    39.51s     Find the "Top-View Decoder, Interpret occupied-cell footprints and identify every assembly consistent with supplied views., Puzzle" Button
    t =    39.58s     Find the "Top-View Decoder, Interpret occupied-cell footprints and identify every assembly consistent with supplied views., Puzzle" Button
    t =    39.65s     Find the "Top-View Decoder, Interpret occupied-cell footprints and identify every assembly consistent with supplied views., Puzzle" Button
    t =    39.72s     Press "Top-View Decoder, Interpret occupied-cell footprints and identify every assembly consistent with supplied views., Puzzle" Button for 0.1 seconds
    t =    39.72s         Wait for com.zacrotech.NeuroForge to idle
    t =    39.72s         Find the "Top-View Decoder, Interpret occupied-cell footprints and identify every assembly consistent with supplied views., Puzzle" Button
    t =    39.78s         Check for interrupting elements affecting "Top-View Decoder, Interpret occupied-cell footprints and identify every assembly consistent with supplied views., Puzzle" Button
    t =    39.83s         Synthesize event
    t =    40.21s         Wait for com.zacrotech.NeuroForge to idle
    t =    40.27s     Waiting 8.0s for "Top-View Decoder" NavigationBar to exist
    t =    41.28s         Checking `Expect predicate `existsNoRetry == 1` for object "Top-View Decoder" NavigationBar`
    t =    41.28s             Checking existence of `"Top-View Decoder" NavigationBar`
    t =    41.35s     Get all elements bound by index for: Descendants matching type ScrollView
    t =    41.39s     Find the ScrollView (Element at index 0)
    t =    41.45s     Find the Target Application 'com.zacrotech.NeuroForge'
    t =    41.49s     Checking existence of `Keyboard (First Match)`
    t =    41.58s     Get all elements bound by index for: Descendants matching type NavigationBar
    t =    41.62s     Find the NavigationBar (Element at index 0)
    t =    41.68s     Find the "Top-View Decoder" NavigationBar
    t =    41.73s     Find the ScrollView at {{0.0, 0.0}, {375.0, 667.0}}
    t =    41.78s     Find the ScrollView at {{0.0, 0.0}, {375.0, 667.0}}
    t =    41.82s     Get all elements bound by index for: Descendants matching type TabBar
    t =    41.86s     Find the TabBar (Element at index 0)
    t =    41.91s     Find the "Tab Bar" TabBar
    t =    41.96s     Checking existence of `"5 questions" Button`
    t =    42.01s     Checking existence of `"session-submit" Any`
    t =    42.07s     Checking existence of `"session-next" Any`
    t =    42.13s     Checking existence of `"train-start-practice" Any`
    t =    42.18s     Find the "train-start-practice" Any
    t =    42.26s     Find the "train-start-practice" Button
    t =    42.43s     Find the "train-start-practice" Button
    t =    42.52s     Checking existence of `"train-start-graph-construction" Any`
    t =    42.58s     Checking existence of `"5 questions" Button`
    t =    42.63s     Find the "5 questions" Button
    t =    43.68s         Find the "5 questions" Button (retry 1)
    t =    44.77s         Find the "5 questions" Button (retry 2)
    t =    44.85s     Find the ScrollView at {{0.0, 0.0}, {375.0, 667.0}}
    t =    44.90s     Checking existence of `"5 questions" Button`
    t =    44.95s     Checking existence of `"5 questions" Button`
    t =    45.01s     Find the ScrollView at {{0.0, 0.0}, {375.0, 667.0}}
    t =    45.06s     Checking existence of `"5 questions" Button`
    t =    45.11s     Press Target Application 'com.zacrotech.NeuroForge'[0.00, 0.00] -> (12.0, 362.0) for 0.1 seconds, then drag to Target Application 'com.zacrotech.NeuroForge'[0.00, 0.00] -> (12.0, 175.2) with velocity of 250.00 pixels per second, and then hold for 0.2 seconds 
    t =    45.11s         Wait for com.zacrotech.NeuroForge to idle
    t =    45.11s         Find the Target Application 'com.zacrotech.NeuroForge'
    t =    45.15s         Check for interrupting elements affecting "NeuroForge" Application
    t =    45.20s         Synthesize event
    t =    45.20s             Find the Target Application 'com.zacrotech.NeuroForge'
    t =    45.24s             Find the Target Application 'com.zacrotech.NeuroForge'
    t =    45.28s             Find the Target Application 'com.zacrotech.NeuroForge'
    t =    45.32s             Find the Target Application 'com.zacrotech.NeuroForge'
    t =    45.35s             Find the Target Application 'com.zacrotech.NeuroForge'
    t =    46.66s         Wait for com.zacrotech.NeuroForge to idle
    t =    47.07s     Get all elements bound by index for: Descendants matching type ScrollView
    t =    47.11s     Find the ScrollView (Element at index 0)
    t =    47.17s     Find the Target Application 'com.zacrotech.NeuroForge'
    t =    47.21s     Checking existence of `Keyboard (First Match)`
    t =    47.30s     Get all elements bound by index for: Descendants matching type NavigationBar
    t =    47.34s     Find the NavigationBar (Element at index 0)
    t =    47.40s     Find the "Top-View Decoder" NavigationBar
    t =    47.45s     Find the ScrollView at {{0.0, 0.0}, {375.0, 667.0}}
    t =    47.49s     Find the ScrollView at {{0.0, 0.0}, {375.0, 667.0}}
    t =    47.54s     Get all elements bound by index for: Descendants matching type TabBar
    t =    47.58s     Find the TabBar (Element at index 0)
    t =    47.63s     Find the "Tab Bar" TabBar
    t =    47.67s     Checking existence of `"5 questions" Button`
    t =    47.72s     Checking existence of `"session-submit" Any`
    t =    47.78s     Checking existence of `"session-next" Any`
    t =    47.83s     Checking existence of `"train-start-practice" Any`
    t =    47.88s     Find the "train-start-practice" Any
    t =    47.95s     Find the "train-start-practice" Button
    t =    48.01s     Find the "train-start-practice" Button
    t =    48.07s     Checking existence of `"train-start-graph-construction" Any`
    t =    48.12s     Checking existence of `"5 questions" Button`
    t =    48.17s     Find the "5 questions" Button
    t =    49.22s         Find the "5 questions" Button (retry 1)
    t =    50.29s         Find the "5 questions" Button (retry 2)
    t =    50.35s     Find the ScrollView at {{0.0, 0.0}, {375.0, 667.0}}
    t =    50.40s     Checking existence of `"5 questions" Button`
    t =    50.45s     Checking existence of `"5 questions" Button`
    t =    50.50s     Find the ScrollView at {{0.0, 0.0}, {375.0, 667.0}}
    t =    50.54s     Checking existence of `"5 questions" Button`
    t =    50.59s     Press Target Application 'com.zacrotech.NeuroForge'[0.00, 0.00] -> (12.0, 362.0) for 0.1 seconds, then drag to Target Application 'com.zacrotech.NeuroForge'[0.00, 0.00] -> (12.0, 175.2) with velocity of 250.00 pixels per second, and then hold for 0.2 seconds 
    t =    50.59s         Wait for com.zacrotech.NeuroForge to idle
    t =    50.60s         Find the Target Application 'com.zacrotech.NeuroForge'
    t =    50.63s         Check for interrupting elements affecting "NeuroForge" Application
    t =    50.68s         Synthesize event
    t =    50.68s             Find the Target Application 'com.zacrotech.NeuroForge'
    t =    50.72s             Find the Target Application 'com.zacrotech.NeuroForge'
    t =    50.76s             Find the Target Application 'com.zacrotech.NeuroForge'
    t =    50.80s             Find the Target Application 'com.zacrotech.NeuroForge'
    t =    50.84s             Find the Target Application 'com.zacrotech.NeuroForge'
    t =    52.13s         Wait for com.zacrotech.NeuroForge to idle
    t =    52.37s     Get all elements bound by index for: Descendants matching type ScrollView
    t =    52.42s     Find the ScrollView (Element at index 0)
    t =    52.47s     Find the Target Application 'com.zacrotech.NeuroForge'
    t =    52.51s     Checking existence of `Keyboard (First Match)`
    t =    52.60s     Get all elements bound by index for: Descendants matching type NavigationBar
    t =    52.64s     Find the NavigationBar (Element at index 0)
    t =    52.70s     Find the "Top-View Decoder" NavigationBar
    t =    52.75s     Find the ScrollView at {{0.0, 0.0}, {375.0, 667.0}}
    t =    52.79s     Find the ScrollView at {{0.0, 0.0}, {375.0, 667.0}}
    t =    52.84s     Get all elements bound by index for: Descendants matching type TabBar
    t =    52.88s     Find the TabBar (Element at index 0)
    t =    52.93s     Find the "Tab Bar" TabBar
    t =    52.98s     Checking existence of `"5 questions" Button`
    t =    53.03s     Checking existence of `"session-submit" Any`
    t =    53.09s     Checking existence of `"session-next" Any`
    t =    53.14s     Checking existence of `"train-start-practice" Any`
    t =    53.19s     Find the "train-start-practice" Any
    t =    53.26s     Find the "train-start-practice" Button
    t =    53.31s     Find the "train-start-practice" Button
    t =    53.37s     Checking existence of `"train-start-graph-construction" Any`
    t =    53.42s     Checking existence of `"5 questions" Button`
    t =    53.47s     Find the "5 questions" Button
    t =    54.53s         Find the "5 questions" Button (retry 1)
    t =    55.59s         Find the "5 questions" Button (retry 2)
    t =    55.65s     Find the ScrollView at {{0.0, 0.0}, {375.0, 667.0}}
    t =    55.70s     Checking existence of `"5 questions" Button`
    t =    55.75s     Checking existence of `"5 questions" Button`
    t =    55.80s     Find the ScrollView at {{0.0, 0.0}, {375.0, 667.0}}
    t =    55.85s     Checking existence of `"5 questions" Button`
    t =    55.90s     Press Target Application 'com.zacrotech.NeuroForge'[0.00, 0.00] -> (12.0, 362.0) for 0.1 seconds, then drag to Target Application 'com.zacrotech.NeuroForge'[0.00, 0.00] -> (12.0, 175.2) with velocity of 250.00 pixels per second, and then hold for 0.2 seconds 
    t =    55.90s         Wait for com.zacrotech.NeuroForge to idle
    t =    55.90s         Find the Target Application 'com.zacrotech.NeuroForge'
    t =    55.94s         Check for interrupting elements affecting "NeuroForge" Application
    t =    55.99s         Synthesize event
    t =    55.99s             Find the Target Application 'com.zacrotech.NeuroForge'
    t =    56.03s             Find the Target Application 'com.zacrotech.NeuroForge'
    t =    56.07s             Find the Target Application 'com.zacrotech.NeuroForge'
    t =    56.11s             Find the Target Application 'com.zacrotech.NeuroForge'
    t =    56.15s             Find the Target Application 'com.zacrotech.NeuroForge'
    t =    57.44s         Wait for com.zacrotech.NeuroForge to idle
    t =    58.22s     Get all elements bound by index for: Descendants matching type ScrollView
    t =    58.27s     Find the ScrollView (Element at index 0)
    t =    58.33s     Find the Target Application 'com.zacrotech.NeuroForge'
    t =    58.37s     Checking existence of `Keyboard (First Match)`
    t =    58.46s     Get all elements bound by index for: Descendants matching type NavigationBar
    t =    58.50s     Find the NavigationBar (Element at index 0)
    t =    58.56s     Find the "Top-View Decoder" NavigationBar
    t =    58.62s     Find the ScrollView at {{0.0, 0.0}, {375.0, 667.0}}
    t =    58.67s     Find the ScrollView at {{0.0, 0.0}, {375.0, 667.0}}
    t =    58.72s     Get all elements bound by index for: Descendants matching type TabBar
    t =    58.76s     Find the TabBar (Element at index 0)
    t =    58.81s     Find the "Tab Bar" TabBar
    t =    58.85s     Checking existence of `"5 questions" Button`
    t =    58.91s     Find the "5 questions" Button
    t =    58.96s     Checking existence of `"session-submit" Any`
    t =    59.01s     Checking existence of `"session-next" Any`
    t =    59.06s     Checking existence of `"train-start-practice" Any`
    t =    59.11s     Find the "train-start-practice" Any
    t =    59.18s     Find the "train-start-practice" Button
    t =    59.23s     Find the "train-start-practice" Button
    t =    59.29s     Checking existence of `"train-start-graph-construction" Any`
    t =    59.34s     Checking existence of `"5 questions" Button`
    t =    59.38s     Find the "5 questions" Button
    t =    59.43s     Find the "5 questions" Button
    t =    59.50s     Find the ScrollView at {{0.0, 0.0}, {375.0, 667.0}}
    t =    59.54s     Checking existence of `"5 questions" Button`
    t =    59.59s     Find the "5 questions" Button
    t =    59.65s     Checking existence of `"5 questions" Button`
    t =    59.70s     Find the "5 questions" Button
    t =    59.76s     Find the ScrollView at {{0.0, 0.0}, {375.0, 667.0}}
    t =    59.80s     Checking existence of `"5 questions" Button`
    t =    59.85s     Find the "5 questions" Button
    t =    59.90s     Press Target Application 'com.zacrotech.NeuroForge'[0.00, 0.00] -> (12.0, 362.0) for 0.1 seconds, then drag to Target Application 'com.zacrotech.NeuroForge'[0.00, 0.00] -> (12.0, 147.5) with velocity of 250.00 pixels per second, and then hold for 0.2 seconds 
    t =    59.90s         Wait for com.zacrotech.NeuroForge to idle
    t =    59.91s         Find the Target Application 'com.zacrotech.NeuroForge'
    t =    59.94s         Check for interrupting elements affecting "NeuroForge" Application
    t =    59.99s         Synthesize event
    t =    59.99s             Find the Target Application 'com.zacrotech.NeuroForge'
    t =    60.03s             Find the Target Application 'com.zacrotech.NeuroForge'
    t =    60.07s             Find the Target Application 'com.zacrotech.NeuroForge'
    t =    60.10s             Find the Target Application 'com.zacrotech.NeuroForge'
    t =    60.14s             Find the Target Application 'com.zacrotech.NeuroForge'
    t =    61.55s         Wait for com.zacrotech.NeuroForge to idle
    t =    61.85s     Get all elements bound by index for: Descendants matching type ScrollView
    t =    61.90s     Find the ScrollView (Element at index 0)
    t =    61.95s     Find the Target Application 'com.zacrotech.NeuroForge'
    t =    61.98s     Checking existence of `Keyboard (First Match)`
    t =    62.07s     Get all elements bound by index for: Descendants matching type NavigationBar
    t =    62.10s     Find the NavigationBar (Element at index 0)
    t =    62.16s     Find the "Top-View Decoder" NavigationBar
    t =    62.21s     Find the ScrollView at {{0.0, 0.0}, {375.0, 667.0}}
    t =    62.25s     Find the ScrollView at {{0.0, 0.0}, {375.0, 667.0}}
    t =    62.29s     Get all elements bound by index for: Descendants matching type TabBar
    t =    62.33s     Find the TabBar (Element at index 0)
    t =    62.38s     Find the "Tab Bar" TabBar
    t =    62.42s     Checking existence of `"5 questions" Button`
    t =    62.47s     Find the "5 questions" Button
    t =    62.51s     Checking existence of `"session-submit" Any`
    t =    62.56s     Checking existence of `"session-next" Any`
    t =    62.61s     Checking existence of `"train-start-practice" Any`
    t =    62.65s     Find the "train-start-practice" Any
    t =    62.72s     Find the "train-start-practice" Button
    t =    62.77s     Find the "train-start-practice" Button
    t =    62.82s     Checking existence of `"train-start-graph-construction" Any`
    t =    62.87s     Checking existence of `"5 questions" Button`
    t =    62.91s     Find the "5 questions" Button
    t =    62.96s     Find the "5 questions" Button
    t =    63.02s     Find the ScrollView at {{0.0, 0.0}, {375.0, 667.0}}
    t =    63.06s     Checking existence of `"5 questions" Button`
    t =    63.11s     Find the "5 questions" Button
    t =    63.16s     Find the "5 questions" Button
    t =    63.21s     Find the "5 questions" Button
    t =    63.26s     Checking existence of `"5 questions" Button`
    t =    63.30s     Find the "5 questions" Button
    t =    63.35s     Find the ScrollView at {{0.0, 0.0}, {375.0, 667.0}}
    t =    63.39s     Checking existence of `"5 questions" Button`
    t =    63.44s     Find the "5 questions" Button
    t =    63.48s     Press Target Application 'com.zacrotech.NeuroForge'[0.00, 0.00] -> (12.0, 362.0) for 0.1 seconds, then drag to Target Application 'com.zacrotech.NeuroForge'[0.00, 0.00] -> (12.0, 275.0) with velocity of 250.00 pixels per second, and then hold for 0.2 seconds 
    t =    63.48s         Wait for com.zacrotech.NeuroForge to idle
    t =    63.49s         Find the Target Application 'com.zacrotech.NeuroForge'
    t =    63.53s         Check for interrupting elements affecting "NeuroForge" Application
    t =    63.57s         Synthesize event
    t =    63.57s             Find the Target Application 'com.zacrotech.NeuroForge'
    t =    63.60s             Find the Target Application 'com.zacrotech.NeuroForge'
    t =    63.64s             Find the Target Application 'com.zacrotech.NeuroForge'
    t =    63.68s             Find the Target Application 'com.zacrotech.NeuroForge'
    t =    63.71s             Find the Target Application 'com.zacrotech.NeuroForge'
    t =    64.58s         Wait for com.zacrotech.NeuroForge to idle
    t =    64.70s     Get all elements bound by index for: Descendants matching type ScrollView
    t =    64.83s     Find the ScrollView (Element at index 0)
    t =    64.88s     Find the Target Application 'com.zacrotech.NeuroForge'
    t =    64.92s     Checking existence of `Keyboard (First Match)`
    t =    65.00s     Get all elements bound by index for: Descendants matching type NavigationBar
    t =    65.04s     Find the NavigationBar (Element at index 0)
    t =    65.10s     Find the "Top-View Decoder" NavigationBar
    t =    65.16s     Find the ScrollView at {{0.0, 0.0}, {375.0, 667.0}}
    t =    65.21s     Find the ScrollView at {{0.0, 0.0}, {375.0, 667.0}}
    t =    65.26s     Get all elements bound by index for: Descendants matching type TabBar
    t =    65.30s     Find the TabBar (Element at index 0)
    t =    65.37s     Find the "Tab Bar" TabBar
    t =    65.44s     Checking existence of `"5 questions" Button`
    t =    65.56s     Find the "5 questions" Button
    t =    65.61s     Checking existence of `"session-submit" Any`
    t =    65.67s     Checking existence of `"session-next" Any`
    t =    65.77s     Checking existence of `"train-start-practice" Any`
    t =    65.88s     Find the "train-start-practice" Any
    t =    65.98s     Find the "train-start-practice" Button
    t =    66.05s     Find the "train-start-practice" Button
    t =    66.19s     Checking existence of `"train-start-graph-construction" Any`
    t =    66.25s     Checking existence of `"5 questions" Button`
    t =    66.31s     Find the "5 questions" Button
    t =    66.40s     Find the "5 questions" Button
    t =    66.52s     Find the ScrollView at {{0.0, 0.0}, {375.0, 667.0}}
    t =    66.65s     Checking existence of `"5 questions" Button`
    t =    66.72s     Find the "5 questions" Button
    t =    66.79s     Find the "5 questions" Button
    t =    66.86s     Find the "5 questions" Button
    t =    66.94s     Checking existence of `"5 questions" Button`
    t =    67.00s     Find the "5 questions" Button
    t =    67.06s     Find the ScrollView at {{0.0, 0.0}, {375.0, 667.0}}
    t =    67.16s     Checking existence of `"5 questions" Button`
    t =    67.22s     Find the "5 questions" Button
    t =    67.28s     Press Target Application 'com.zacrotech.NeuroForge'[0.00, 0.00] -> (12.0, 362.0) for 0.1 seconds, then drag to Target Application 'com.zacrotech.NeuroForge'[0.00, 0.00] -> (12.0, 346.0) with velocity of 250.00 pixels per second, and then hold for 0.2 seconds 
    t =    67.28s         Wait for com.zacrotech.NeuroForge to idle
    t =    67.28s         Find the Target Application 'com.zacrotech.NeuroForge'
    t =    67.34s         Check for interrupting elements affecting "NeuroForge" Application
    t =    67.44s         Synthesize event
    t =    67.44s             Find the Target Application 'com.zacrotech.NeuroForge'
    t =    67.48s             Find the Target Application 'com.zacrotech.NeuroForge'
    t =    67.52s             Find the Target Application 'com.zacrotech.NeuroForge'
    t =    67.57s             Find the Target Application 'com.zacrotech.NeuroForge'
    t =    67.65s             Find the Target Application 'com.zacrotech.NeuroForge'
    t =    68.31s         Wait for com.zacrotech.NeuroForge to idle
    t =    69.53s     Get all elements bound by index for: Descendants matching type ScrollView
    t =    69.71s     Find the ScrollView (Element at index 0)
    t =    69.80s     Find the Target Application 'com.zacrotech.NeuroForge'
    t =    69.84s     Checking existence of `Keyboard (First Match)`
    t =    69.93s     Get all elements bound by index for: Descendants matching type NavigationBar
    t =    69.97s     Find the NavigationBar (Element at index 0)
    t =    70.03s     Find the "Top-View Decoder" NavigationBar
    t =    70.08s     Find the ScrollView at {{0.0, 0.0}, {375.0, 667.0}}
    t =    70.13s     Find the ScrollView at {{0.0, 0.0}, {375.0, 667.0}}
    t =    70.18s     Get all elements bound by index for: Descendants matching type TabBar
    t =    70.21s     Find the TabBar (Element at index 0)
    t =    70.28s     Find the "Tab Bar" TabBar
    t =    70.32s     Checking existence of `"5 questions" Button`
    t =    70.40s     Find the "5 questions" Button
    t =    70.44s     Checking existence of `"session-submit" Any`
    t =    70.49s     Checking existence of `"session-next" Any`
    t =    70.53s     Checking existence of `"train-start-practice" Any`
    t =    70.58s     Find the "train-start-practice" Any
    t =    70.63s     Find the "train-start-practice" Button
    t =    70.68s     Find the "train-start-practice" Button
    t =    70.73s     Checking existence of `"train-start-graph-construction" Any`
    t =    70.78s     Checking existence of `"5 questions" Button`
    t =    70.82s     Find the "5 questions" Button
    t =    70.87s     Find the "5 questions" Button
    t =    70.93s     Find the ScrollView at {{0.0, 0.0}, {375.0, 667.0}}
    t =    70.97s     Checking existence of `"5 questions" Button`
    t =    71.01s     Find the "5 questions" Button
    t =    71.07s     Find the "5 questions" Button
    t =    71.12s     Find the "5 questions" Button
    t =    71.17s     Press "5 questions" Button for 0.1 seconds
    t =    71.17s         Wait for com.zacrotech.NeuroForge to idle
    t =    71.17s         Find the "5 questions" Button
    t =    71.22s         Check for interrupting elements affecting "5 questions" Button
    t =    71.34s         Synthesize event
    t =    71.73s         Wait for com.zacrotech.NeuroForge to idle
    t =    72.75s     Checking `Expect predicate `selected == 1` for object "5 questions" Button`
    t =    72.75s         Find the "5 questions" Button
    t =    72.80s     Find the "Start practice" Button
    t =    72.84s     Get all elements bound by index for: Descendants matching type ScrollView
    t =    72.88s     Find the ScrollView (Element at index 0)
    t =    72.93s     Find the Target Application 'com.zacrotech.NeuroForge'
    t =    72.96s     Checking existence of `Keyboard (First Match)`
    t =    73.04s     Get all elements bound by index for: Descendants matching type NavigationBar
    t =    73.08s     Find the NavigationBar (Element at index 0)
    t =    73.13s     Find the "Top-View Decoder" NavigationBar
    t =    73.18s     Find the ScrollView at {{0.0, 0.0}, {375.0, 667.0}}
    t =    73.22s     Find the ScrollView at {{0.0, 0.0}, {375.0, 667.0}}
    t =    73.26s     Get all elements bound by index for: Descendants matching type TabBar
    t =    73.29s     Find the TabBar (Element at index 0)
    t =    73.34s     Find the "Tab Bar" TabBar
    t =    73.38s     Checking existence of `"train-start-spatial-assembly" Button`
    t =    73.42s     Find the "train-start-spatial-assembly" Button
    t =    73.47s     Checking existence of `"session-submit" Any`
    t =    73.51s     Checking existence of `"session-next" Any`
    t =    73.56s     Checking existence of `"train-start-practice" Any`
    t =    73.60s     Find the "train-start-practice" Any
    t =    73.66s     Find the "train-start-practice" Button
    t =    73.71s     Find the "train-start-practice" Button
    t =    73.76s     Checking existence of `"train-start-graph-construction" Any`
    t =    73.80s     Checking existence of `"train-start-spatial-assembly" Button`
    t =    73.85s     Find the "train-start-spatial-assembly" Button
    t =    73.90s     Find the "train-start-spatial-assembly" Button
    t =    73.95s     Find the ScrollView at {{0.0, 0.0}, {375.0, 667.0}}
    t =    73.99s     Checking existence of `"train-start-spatial-assembly" Button`
    t =    74.04s     Find the "train-start-spatial-assembly" Button
    t =    74.09s     Find the "train-start-spatial-assembly" Button
    t =    74.14s     Find the "train-start-spatial-assembly" Button
    t =    74.19s     Checking existence of `"train-start-spatial-assembly" Button`
    t =    74.23s     Find the "train-start-spatial-assembly" Button
    t =    74.28s     Find the ScrollView at {{0.0, 0.0}, {375.0, 667.0}}
    t =    74.32s     Checking existence of `"train-start-spatial-assembly" Button`
    t =    74.37s     Find the "train-start-spatial-assembly" Button
    t =    74.41s     Press Target Application 'com.zacrotech.NeuroForge'[0.00, 0.00] -> (12.0, 362.0) for 0.1 seconds, then drag to Target Application 'com.zacrotech.NeuroForge'[0.00, 0.00] -> (12.0, 219.5) with velocity of 250.00 pixels per second, and then hold for 0.2 seconds 
    t =    74.41s         Wait for com.zacrotech.NeuroForge to idle
    t =    74.41s         Find the Target Application 'com.zacrotech.NeuroForge'
    t =    74.45s         Check for interrupting elements affecting "NeuroForge" Application
    t =    74.49s         Synthesize event
    t =    74.49s             Find the Target Application 'com.zacrotech.NeuroForge'
    t =    74.53s             Find the Target Application 'com.zacrotech.NeuroForge'
    t =    74.57s             Find the Target Application 'com.zacrotech.NeuroForge'
    t =    74.61s             Find the Target Application 'com.zacrotech.NeuroForge'
    t =    74.66s             Find the Target Application 'com.zacrotech.NeuroForge'
    t =    75.79s         Wait for com.zacrotech.NeuroForge to idle
    t =    75.79s     Get all elements bound by index for: Descendants matching type ScrollView
    t =    75.83s     Find the ScrollView (Element at index 0)
    t =    75.88s     Find the Target Application 'com.zacrotech.NeuroForge'
    t =    75.92s     Checking existence of `Keyboard (First Match)`
    t =    76.00s     Get all elements bound by index for: Descendants matching type NavigationBar
    t =    76.04s     Find the NavigationBar (Element at index 0)
    t =    76.09s     Find the "Top-View Decoder" NavigationBar
    t =    76.13s     Find the ScrollView at {{0.0, 0.0}, {375.0, 667.0}}
    t =    76.17s     Find the ScrollView at {{0.0, 0.0}, {375.0, 667.0}}
    t =    76.22s     Get all elements bound by index for: Descendants matching type TabBar
    t =    76.26s     Find the TabBar (Element at index 0)
    t =    76.31s     Find the "Tab Bar" TabBar
    t =    76.36s     Checking existence of `"train-start-spatial-assembly" Button`
    t =    76.41s     Find the "train-start-spatial-assembly" Button
    t =    76.46s     Checking existence of `"session-submit" Any`
    t =    76.51s     Checking existence of `"session-next" Any`
    t =    76.55s     Checking existence of `"train-start-practice" Any`
    t =    76.60s     Find the "train-start-practice" Any
    t =    76.66s     Find the "train-start-practice" Button
    t =    76.71s     Find the "train-start-practice" Button
    t =    76.76s     Checking existence of `"train-start-graph-construction" Any`
    t =    76.81s     Checking existence of `"train-start-spatial-assembly" Button`
    t =    76.85s     Find the "train-start-spatial-assembly" Button
    t =    76.90s     Find the "train-start-spatial-assembly" Button
    t =    76.95s     Find the ScrollView at {{0.0, 0.0}, {375.0, 667.0}}
    t =    77.00s     Checking existence of `"train-start-spatial-assembly" Button`
    t =    77.04s     Find the "train-start-spatial-assembly" Button
    t =    77.10s     Find the "train-start-spatial-assembly" Button
    t =    77.14s     Find the "train-start-spatial-assembly" Button
    t =    77.19s     Checking existence of `"train-start-spatial-assembly" Button`
    t =    77.23s     Find the "train-start-spatial-assembly" Button
    t =    77.28s     Find the ScrollView at {{0.0, 0.0}, {375.0, 667.0}}
    t =    77.32s     Checking existence of `"train-start-spatial-assembly" Button`
    t =    77.37s     Find the "train-start-spatial-assembly" Button
    t =    77.41s     Press Target Application 'com.zacrotech.NeuroForge'[0.00, 0.00] -> (12.0, 362.0) for 0.1 seconds, then drag to Target Application 'com.zacrotech.NeuroForge'[0.00, 0.00] -> (12.0, 219.5) with velocity of 250.00 pixels per second, and then hold for 0.2 seconds 
    t =    77.41s         Wait for com.zacrotech.NeuroForge to idle
    t =    77.41s         Find the Target Application 'com.zacrotech.NeuroForge'
    t =    77.45s         Check for interrupting elements affecting "NeuroForge" Application
    t =    77.49s         Synthesize event
    t =    77.49s             Find the Target Application 'com.zacrotech.NeuroForge'
    t =    77.52s             Find the Target Application 'com.zacrotech.NeuroForge'
    t =    77.56s             Find the Target Application 'com.zacrotech.NeuroForge'
    t =    77.59s             Find the Target Application 'com.zacrotech.NeuroForge'
    t =    77.63s             Find the Target Application 'com.zacrotech.NeuroForge'
    t =    78.76s         Wait for com.zacrotech.NeuroForge to idle
    t =    79.44s     Get all elements bound by index for: Descendants matching type ScrollView
    t =    79.49s     Find the ScrollView (Element at index 0)
    t =    79.55s     Find the Target Application 'com.zacrotech.NeuroForge'
    t =    79.58s     Checking existence of `Keyboard (First Match)`
    t =    79.66s     Get all elements bound by index for: Descendants matching type NavigationBar
    t =    79.70s     Find the NavigationBar (Element at index 0)
    t =    79.75s     Find the "Top-View Decoder" NavigationBar
    t =    79.79s     Find the ScrollView at {{0.0, 0.0}, {375.0, 667.0}}
    t =    79.84s     Find the ScrollView at {{0.0, 0.0}, {375.0, 667.0}}
    t =    79.87s     Get all elements bound by index for: Descendants matching type TabBar
    t =    79.91s     Find the TabBar (Element at index 0)
    t =    79.96s     Find the "Tab Bar" TabBar
    t =    80.00s     Checking existence of `"train-start-spatial-assembly" Button`
    t =    80.05s     Find the "train-start-spatial-assembly" Button
    t =    80.10s     Checking existence of `"session-submit" Any`
    t =    80.14s     Checking existence of `"session-next" Any`
    t =    80.19s     Checking existence of `"train-start-practice" Any`
    t =    80.23s     Find the "train-start-practice" Any
    t =    80.29s     Find the "train-start-practice" Button
    t =    80.34s     Find the "train-start-practice" Button
    t =    80.39s     Checking existence of `"train-start-graph-construction" Any`
    t =    80.44s     Checking existence of `"train-start-spatial-assembly" Button`
    t =    80.48s     Find the "train-start-spatial-assembly" Button
    t =    80.55s     Find the "train-start-spatial-assembly" Button
    t =    80.61s     Find the ScrollView at {{0.0, 0.0}, {375.0, 667.0}}
    t =    80.65s     Checking existence of `"train-start-spatial-assembly" Button`
    t =    80.69s     Find the "train-start-spatial-assembly" Button
    t =    80.74s     Find the "train-start-spatial-assembly" Button
    t =    80.79s     Find the "train-start-spatial-assembly" Button
    t =    80.84s     Checking existence of `"train-start-spatial-assembly" Button`
    t =    80.88s     Find the "train-start-spatial-assembly" Button
    t =    80.93s     Find the ScrollView at {{0.0, 0.0}, {375.0, 667.0}}
    t =    80.97s     Checking existence of `"train-start-spatial-assembly" Button`
    t =    81.01s     Find the "train-start-spatial-assembly" Button
    t =    81.06s     Press Target Application 'com.zacrotech.NeuroForge'[0.00, 0.00] -> (12.0, 362.0) for 0.1 seconds, then drag to Target Application 'com.zacrotech.NeuroForge'[0.00, 0.00] -> (12.0, 219.5) with velocity of 250.00 pixels per second, and then hold for 0.2 seconds 
    t =    81.06s         Wait for com.zacrotech.NeuroForge to idle
    t =    81.06s         Find the Target Application 'com.zacrotech.NeuroForge'
    t =    81.09s         Check for interrupting elements affecting "NeuroForge" Application
    t =    81.13s         Synthesize event
    t =    81.14s             Find the Target Application 'com.zacrotech.NeuroForge'
    t =    81.17s             Find the Target Application 'com.zacrotech.NeuroForge'
    t =    81.20s             Find the Target Application 'com.zacrotech.NeuroForge'
    t =    81.24s             Find the Target Application 'com.zacrotech.NeuroForge'
    t =    81.27s             Find the Target Application 'com.zacrotech.NeuroForge'
    t =    82.39s         Wait for com.zacrotech.NeuroForge to idle
    t =    82.71s     Get all elements bound by index for: Descendants matching type ScrollView
    t =    82.75s     Find the ScrollView (Element at index 0)
    t =    82.80s     Find the Target Application 'com.zacrotech.NeuroForge'
    t =    82.83s     Checking existence of `Keyboard (First Match)`
    t =    82.90s     Get all elements bound by index for: Descendants matching type NavigationBar
    t =    82.94s     Find the NavigationBar (Element at index 0)
    t =    82.99s     Find the "Top-View Decoder" NavigationBar
    t =    83.03s     Find the ScrollView at {{0.0, 0.0}, {375.0, 667.0}}
    t =    83.08s     Find the ScrollView at {{0.0, 0.0}, {375.0, 667.0}}
    t =    83.11s     Get all elements bound by index for: Descendants matching type TabBar
    t =    83.15s     Find the TabBar (Element at index 0)
    t =    83.20s     Find the "Tab Bar" TabBar
    t =    83.24s     Checking existence of `"train-start-spatial-assembly" Button`
    t =    83.28s     Find the "train-start-spatial-assembly" Button
    t =    83.32s     Checking existence of `"session-submit" Any`
    t =    83.37s     Checking existence of `"session-next" Any`
    t =    83.41s     Checking existence of `"train-start-practice" Any`
    t =    83.46s     Find the "train-start-practice" Any
    t =    83.51s     Find the "train-start-practice" Button
    t =    83.56s     Find the "train-start-practice" Button
    t =    83.61s     Checking existence of `"train-start-graph-construction" Any`
    t =    83.66s     Checking existence of `"train-start-spatial-assembly" Button`
    t =    83.70s     Find the "train-start-spatial-assembly" Button
    t =    83.75s     Find the "train-start-spatial-assembly" Button
    t =    83.80s     Find the ScrollView at {{0.0, 0.0}, {375.0, 667.0}}
    t =    83.84s     Checking existence of `"train-start-spatial-assembly" Button`
    t =    83.88s     Find the "train-start-spatial-assembly" Button
    t =    83.94s     Find the "train-start-spatial-assembly" Button
    t =    83.98s     Find the "train-start-spatial-assembly" Button
    t =    84.03s     Checking existence of `"train-start-spatial-assembly" Button`
    t =    84.07s     Find the "train-start-spatial-assembly" Button
    t =    84.12s     Find the ScrollView at {{0.0, 0.0}, {375.0, 667.0}}
    t =    84.16s     Checking existence of `"train-start-spatial-assembly" Button`
    t =    84.20s     Find the "train-start-spatial-assembly" Button
    t =    84.25s     Press Target Application 'com.zacrotech.NeuroForge'[0.00, 0.00] -> (12.0, 362.0) for 0.1 seconds, then drag to Target Application 'com.zacrotech.NeuroForge'[0.00, 0.00] -> (12.0, 219.5) with velocity of 250.00 pixels per second, and then hold for 0.2 seconds 
    t =    84.25s         Wait for com.zacrotech.NeuroForge to idle
    t =    84.25s         Find the Target Application 'com.zacrotech.NeuroForge'
    t =    84.28s         Check for interrupting elements affecting "NeuroForge" Application
    t =    84.32s         Synthesize event
    t =    84.32s             Find the Target Application 'com.zacrotech.NeuroForge'
    t =    84.36s             Find the Target Application 'com.zacrotech.NeuroForge'
    t =    84.39s             Find the Target Application 'com.zacrotech.NeuroForge'
    t =    84.42s             Find the Target Application 'com.zacrotech.NeuroForge'
    t =    84.46s             Find the Target Application 'com.zacrotech.NeuroForge'
    t =    85.58s         Wait for com.zacrotech.NeuroForge to idle
    t =    86.02s     Get all elements bound by index for: Descendants matching type ScrollView
    t =    86.08s     Find the ScrollView (Element at index 0)
    t =    86.14s     Find the Target Application 'com.zacrotech.NeuroForge'
    t =    86.18s     Checking existence of `Keyboard (First Match)`
    t =    86.25s     Get all elements bound by index for: Descendants matching type NavigationBar
    t =    86.28s     Find the NavigationBar (Element at index 0)
    t =    86.34s     Find the "Top-View Decoder" NavigationBar
    t =    86.38s     Find the ScrollView at {{0.0, 0.0}, {375.0, 667.0}}
    t =    86.42s     Find the ScrollView at {{0.0, 0.0}, {375.0, 667.0}}
    t =    86.46s     Get all elements bound by index for: Descendants matching type TabBar
    t =    86.50s     Find the TabBar (Element at index 0)
    t =    86.54s     Find the "Tab Bar" TabBar
    t =    86.58s     Checking existence of `"train-start-spatial-assembly" Button`
    t =    86.62s     Find the "train-start-spatial-assembly" Button
    t =    86.67s     Checking existence of `"session-submit" Any`
    t =    86.71s     Checking existence of `"session-next" Any`
    t =    86.76s     Checking existence of `"train-start-practice" Any`
    t =    86.80s     Find the "train-start-practice" Any
    t =    86.86s     Find the "train-start-practice" Button
    t =    86.91s     Find the "train-start-practice" Button
    t =    86.95s     Checking existence of `"train-start-graph-construction" Any`
    t =    87.00s     Checking existence of `"train-start-spatial-assembly" Button`
    t =    87.04s     Find the "train-start-spatial-assembly" Button
    t =    87.09s     Find the "train-start-spatial-assembly" Button
    t =    87.15s     Find the ScrollView at {{0.0, 0.0}, {375.0, 667.0}}
    t =    87.19s     Checking existence of `"train-start-spatial-assembly" Button`
    t =    87.24s     Find the "train-start-spatial-assembly" Button
    t =    87.29s     Find the "train-start-spatial-assembly" Button
    t =    87.34s     Find the "train-start-spatial-assembly" Button
    t =    87.38s     Checking existence of `"train-start-spatial-assembly" Button`
    t =    87.43s     Find the "train-start-spatial-assembly" Button
    t =    87.47s     Find the ScrollView at {{0.0, 0.0}, {375.0, 667.0}}
    t =    87.51s     Checking existence of `"train-start-spatial-assembly" Button`
    t =    87.56s     Find the "train-start-spatial-assembly" Button
    t =    87.60s     Press Target Application 'com.zacrotech.NeuroForge'[0.00, 0.00] -> (12.0, 362.0) for 0.1 seconds, then drag to Target Application 'com.zacrotech.NeuroForge'[0.00, 0.00] -> (12.0, 219.5) with velocity of 250.00 pixels per second, and then hold for 0.2 seconds 
    t =    87.60s         Wait for com.zacrotech.NeuroForge to idle
    t =    87.60s         Find the Target Application 'com.zacrotech.NeuroForge'
    t =    87.63s         Check for interrupting elements affecting "NeuroForge" Application
    t =    87.67s         Synthesize event
    t =    87.67s             Find the Target Application 'com.zacrotech.NeuroForge'
    t =    87.71s             Find the Target Application 'com.zacrotech.NeuroForge'
    t =    87.74s             Find the Target Application 'com.zacrotech.NeuroForge'
    t =    87.77s             Find the Target Application 'com.zacrotech.NeuroForge'
    t =    87.80s             Find the Target Application 'com.zacrotech.NeuroForge'
    t =    88.92s         Wait for com.zacrotech.NeuroForge to idle
    t =    89.54s     Get all elements bound by index for: Descendants matching type ScrollView
    t =    89.60s     Find the ScrollView (Element at index 0)
    t =    89.65s     Find the Target Application 'com.zacrotech.NeuroForge'
    t =    89.68s     Checking existence of `Keyboard (First Match)`
    t =    89.75s     Get all elements bound by index for: Descendants matching type NavigationBar
    t =    89.79s     Find the NavigationBar (Element at index 0)
    t =    89.84s     Find the "Top-View Decoder" NavigationBar
    t =    89.88s     Find the ScrollView at {{0.0, 0.0}, {375.0, 667.0}}
    t =    89.92s     Find the ScrollView at {{0.0, 0.0}, {375.0, 667.0}}
    t =    89.96s     Get all elements bound by index for: Descendants matching type TabBar
    t =    90.00s     Find the TabBar (Element at index 0)
    t =    90.04s     Find the "Tab Bar" TabBar
    t =    90.08s     Checking existence of `"train-start-spatial-assembly" Button`
    t =    90.13s     Find the "train-start-spatial-assembly" Button
    t =    90.17s     Checking existence of `"session-submit" Any`
    t =    90.21s     Checking existence of `"session-next" Any`
    t =    90.26s     Checking existence of `"train-start-practice" Any`
    t =    90.31s     Find the "train-start-practice" Any
    t =    90.36s     Find the "train-start-practice" Button
    t =    90.41s     Find the "train-start-practice" Button
    t =    90.46s     Checking existence of `"train-start-graph-construction" Any`
    t =    90.51s     Checking existence of `"train-start-spatial-assembly" Button`
    t =    90.55s     Find the "train-start-spatial-assembly" Button
    t =    90.60s     Find the "train-start-spatial-assembly" Button
    t =    90.65s     Find the ScrollView at {{0.0, 0.0}, {375.0, 667.0}}
    t =    90.69s     Checking existence of `"train-start-spatial-assembly" Button`
    t =    90.74s     Find the "train-start-spatial-assembly" Button
    t =    90.79s     Find the "train-start-spatial-assembly" Button
    t =    90.84s     Find the "train-start-spatial-assembly" Button
    t =    90.88s     Checking existence of `"train-start-spatial-assembly" Button`
    t =    90.92s     Find the "train-start-spatial-assembly" Button
    t =    90.97s     Find the ScrollView at {{0.0, 0.0}, {375.0, 667.0}}
    t =    91.01s     Checking existence of `"train-start-spatial-assembly" Button`
    t =    91.05s     Find the "train-start-spatial-assembly" Button
    t =    91.10s     Press Target Application 'com.zacrotech.NeuroForge'[0.00, 0.00] -> (12.0, 362.0) for 0.1 seconds, then drag to Target Application 'com.zacrotech.NeuroForge'[0.00, 0.00] -> (12.0, 219.5) with velocity of 250.00 pixels per second, and then hold for 0.2 seconds 
    t =    91.10s         Wait for com.zacrotech.NeuroForge to idle
    t =    91.10s         Find the Target Application 'com.zacrotech.NeuroForge'
    t =    91.13s         Check for interrupting elements affecting "NeuroForge" Application
    t =    91.17s         Synthesize event
    t =    91.17s             Find the Target Application 'com.zacrotech.NeuroForge'
    t =    91.20s             Find the Target Application 'com.zacrotech.NeuroForge'
    t =    91.24s             Find the Target Application 'com.zacrotech.NeuroForge'
    t =    91.27s             Find the Target Application 'com.zacrotech.NeuroForge'
    t =    91.30s             Find the Target Application 'com.zacrotech.NeuroForge'
    t =    92.42s         Wait for com.zacrotech.NeuroForge to idle
    t =    93.03s     Get all elements bound by index for: Descendants matching type ScrollView
    t =    93.07s     Find the ScrollView (Element at index 0)
    t =    93.13s     Find the Target Application 'com.zacrotech.NeuroForge'
    t =    93.16s     Checking existence of `Keyboard (First Match)`
    t =    93.23s     Get all elements bound by index for: Descendants matching type NavigationBar
    t =    93.27s     Find the NavigationBar (Element at index 0)
    t =    93.32s     Find the "Top-View Decoder" NavigationBar
    t =    93.36s     Find the ScrollView at {{0.0, 0.0}, {375.0, 667.0}}
    t =    93.40s     Find the ScrollView at {{0.0, 0.0}, {375.0, 667.0}}
    t =    93.44s     Get all elements bound by index for: Descendants matching type TabBar
    t =    93.48s     Find the TabBar (Element at index 0)
    t =    93.53s     Find the "Tab Bar" TabBar
    t =    93.57s     Checking existence of `"train-start-spatial-assembly" Button`
    t =    93.61s     Find the "train-start-spatial-assembly" Button
    t =    93.65s     Checking existence of `"session-submit" Any`
    t =    93.69s     Checking existence of `"session-next" Any`
    t =    93.73s     Checking existence of `"train-start-practice" Any`
    t =    93.78s     Find the "train-start-practice" Any
    t =    93.84s     Find the "train-start-practice" Button
    t =    93.89s     Find the "train-start-practice" Button
    t =    93.93s     Checking existence of `"train-start-graph-construction" Any`
    t =    93.98s     Checking existence of `"train-start-spatial-assembly" Button`
    t =    94.03s     Find the "train-start-spatial-assembly" Button
    t =    94.07s     Find the "train-start-spatial-assembly" Button
    t =    94.13s     Find the ScrollView at {{0.0, 0.0}, {375.0, 667.0}}
    t =    94.17s     Checking existence of `"train-start-spatial-assembly" Button`
    t =    94.21s     Find the "train-start-spatial-assembly" Button
    t =    94.26s     Find the "train-start-spatial-assembly" Button
    t =    94.31s     Find the "train-start-spatial-assembly" Button
    t =    94.35s     Checking existence of `"train-start-spatial-assembly" Button`
    t =    94.40s     Find the "train-start-spatial-assembly" Button
    t =    94.44s     Find the ScrollView at {{0.0, 0.0}, {375.0, 667.0}}
    t =    94.48s     Checking existence of `"train-start-spatial-assembly" Button`
    t =    94.53s     Find the "train-start-spatial-assembly" Button
    t =    94.57s     Press Target Application 'com.zacrotech.NeuroForge'[0.00, 0.00] -> (12.0, 362.0) for 0.1 seconds, then drag to Target Application 'com.zacrotech.NeuroForge'[0.00, 0.00] -> (12.0, 219.5) with velocity of 250.00 pixels per second, and then hold for 0.2 seconds 
    t =    94.58s         Wait for com.zacrotech.NeuroForge to idle
    t =    94.58s         Find the Target Application 'com.zacrotech.NeuroForge'
    t =    94.61s         Check for interrupting elements affecting "NeuroForge" Application
    t =    94.65s         Synthesize event
    t =    94.65s             Find the Target Application 'com.zacrotech.NeuroForge'
    t =    94.68s             Find the Target Application 'com.zacrotech.NeuroForge'
    t =    94.72s             Find the Target Application 'com.zacrotech.NeuroForge'
    t =    94.75s             Find the Target Application 'com.zacrotech.NeuroForge'
    t =    94.79s             Find the Target Application 'com.zacrotech.NeuroForge'
    t =    95.91s         Wait for com.zacrotech.NeuroForge to idle
    t =    96.54s     Get all elements bound by index for: Descendants matching type ScrollView
    t =    96.58s     Find the ScrollView (Element at index 0)
    t =    96.63s     Find the Target Application 'com.zacrotech.NeuroForge'
    t =    96.66s     Checking existence of `Keyboard (First Match)`
    t =    96.73s     Get all elements bound by index for: Descendants matching type NavigationBar
    t =    96.77s     Find the NavigationBar (Element at index 0)
    t =    96.82s     Find the "Top-View Decoder" NavigationBar
    t =    96.86s     Find the ScrollView at {{0.0, 0.0}, {375.0, 667.0}}
    t =    96.90s     Find the ScrollView at {{0.0, 0.0}, {375.0, 667.0}}
    t =    96.94s     Get all elements bound by index for: Descendants matching type TabBar
    t =    96.98s     Find the TabBar (Element at index 0)
    t =    97.02s     Find the "Tab Bar" TabBar
    t =    97.06s     Checking existence of `"train-start-spatial-assembly" Button`
    t =    97.10s     Find the "train-start-spatial-assembly" Button
    t =    97.15s     Checking existence of `"session-submit" Any`
    t =    97.19s     Checking existence of `"session-next" Any`
    t =    97.23s     Checking existence of `"train-start-practice" Any`
    t =    97.28s     Find the "train-start-practice" Any
    t =    97.33s     Find the "train-start-practice" Button
    t =    97.38s     Find the "train-start-practice" Button
    t =    97.43s     Checking existence of `"train-start-graph-construction" Any`
    t =    97.48s     Checking existence of `"train-start-spatial-assembly" Button`
    t =    97.53s     Find the "train-start-spatial-assembly" Button
    t =    97.58s     Find the "train-start-spatial-assembly" Button
    t =    97.63s     Find the ScrollView at {{0.0, 0.0}, {375.0, 667.0}}
    t =    97.67s     Checking existence of `"train-start-spatial-assembly" Button`
    t =    97.72s     Find the "train-start-spatial-assembly" Button
    t =    97.77s     Find the "train-start-spatial-assembly" Button
    t =    97.81s     Find the "train-start-spatial-assembly" Button
    t =    97.86s     Checking existence of `"train-start-spatial-assembly" Button`
    t =    97.90s     Find the "train-start-spatial-assembly" Button
    t =    97.95s     Find the ScrollView at {{0.0, 0.0}, {375.0, 667.0}}
    t =    98.01s     Checking existence of `"train-start-spatial-assembly" Button`
    t =    98.05s     Find the "train-start-spatial-assembly" Button
    t =    98.10s     Press Target Application 'com.zacrotech.NeuroForge'[0.00, 0.00] -> (12.0, 362.0) for 0.1 seconds, then drag to Target Application 'com.zacrotech.NeuroForge'[0.00, 0.00] -> (12.0, 219.5) with velocity of 250.00 pixels per second, and then hold for 0.2 seconds 
    t =    98.10s         Wait for com.zacrotech.NeuroForge to idle
    t =    98.10s         Find the Target Application 'com.zacrotech.NeuroForge'
    t =    98.14s         Check for interrupting elements affecting "NeuroForge" Application
    t =    98.17s         Synthesize event
    t =    98.18s             Find the Target Application 'com.zacrotech.NeuroForge'
    t =    98.21s             Find the Target Application 'com.zacrotech.NeuroForge'
    t =    98.24s             Find the Target Application 'com.zacrotech.NeuroForge'
    t =    98.27s             Find the Target Application 'com.zacrotech.NeuroForge'
    t =    98.31s             Find the Target Application 'com.zacrotech.NeuroForge'
    t =    99.43s         Wait for com.zacrotech.NeuroForge to idle
    t =   100.04s     Get all elements bound by index for: Descendants matching type ScrollView
    t =   100.08s     Find the ScrollView (Element at index 0)
    t =   100.13s     Find the Target Application 'com.zacrotech.NeuroForge'
    t =   100.16s     Checking existence of `Keyboard (First Match)`
    t =   100.23s     Get all elements bound by index for: Descendants matching type NavigationBar
    t =   100.27s     Find the NavigationBar (Element at index 0)
    t =   100.32s     Find the "Top-View Decoder" NavigationBar
    t =   100.36s     Find the ScrollView at {{0.0, 0.0}, {375.0, 667.0}}
    t =   100.41s     Find the ScrollView at {{0.0, 0.0}, {375.0, 667.0}}
    t =   100.45s     Get all elements bound by index for: Descendants matching type TabBar
    t =   100.49s     Find the TabBar (Element at index 0)
    t =   100.53s     Find the "Tab Bar" TabBar
    t =   100.57s     Checking existence of `"train-start-spatial-assembly" Button`
    t =   100.61s     Find the "train-start-spatial-assembly" Button
    t =   100.66s     Checking existence of `"session-submit" Any`
    t =   100.70s     Checking existence of `"session-next" Any`
    t =   100.74s     Checking existence of `"train-start-practice" Any`
    t =   100.79s     Find the "train-start-practice" Any
    t =   100.86s     Find the "train-start-practice" Button
    t =   100.91s     Find the "train-start-practice" Button
    t =   100.97s     Checking existence of `"train-start-graph-construction" Any`
    t =   101.02s     Checking existence of `"train-start-spatial-assembly" Button`
    t =   101.06s     Find the "train-start-spatial-assembly" Button
    t =   101.11s     Find the "train-start-spatial-assembly" Button
    t =   101.17s     Find the ScrollView at {{0.0, 0.0}, {375.0, 667.0}}
    t =   101.21s     Checking existence of `"train-start-spatial-assembly" Button`
    t =   101.25s     Find the "train-start-spatial-assembly" Button
    t =   101.30s     Find the "train-start-spatial-assembly" Button
    t =   101.35s     Find the "train-start-spatial-assembly" Button
    t =   101.40s     Checking existence of `"train-start-spatial-assembly" Button`
    t =   101.44s     Find the "train-start-spatial-assembly" Button
    t =   101.48s     Find the ScrollView at {{0.0, 0.0}, {375.0, 667.0}}
    t =   101.52s     Checking existence of `"train-start-spatial-assembly" Button`
    t =   101.58s     Find the "train-start-spatial-assembly" Button
    t =   101.63s     Press Target Application 'com.zacrotech.NeuroForge'[0.00, 0.00] -> (12.0, 362.0) for 0.1 seconds, then drag to Target Application 'com.zacrotech.NeuroForge'[0.00, 0.00] -> (12.0, 219.5) with velocity of 250.00 pixels per second, and then hold for 0.2 seconds 
    t =   101.63s         Wait for com.zacrotech.NeuroForge to idle
    t =   101.64s         Find the Target Application 'com.zacrotech.NeuroForge'
    t =   101.68s         Check for interrupting elements affecting "NeuroForge" Application
    t =   101.72s         Synthesize event
    t =   101.72s             Find the Target Application 'com.zacrotech.NeuroForge'
    t =   101.75s             Find the Target Application 'com.zacrotech.NeuroForge'
    t =   101.79s             Find the Target Application 'com.zacrotech.NeuroForge'
    t =   101.82s             Find the Target Application 'com.zacrotech.NeuroForge'
    t =   101.85s             Find the Target Application 'com.zacrotech.NeuroForge'
    t =   102.97s         Wait for com.zacrotech.NeuroForge to idle
    t =   103.54s     Get all elements bound by index for: Descendants matching type ScrollView
    t =   103.71s     Find the ScrollView (Element at index 0)
    t =   103.78s     Find the Target Application 'com.zacrotech.NeuroForge'
    t =   103.82s     Checking existence of `Keyboard (First Match)`
    t =   103.89s     Get all elements bound by index for: Descendants matching type NavigationBar
    t =   103.92s     Find the NavigationBar (Element at index 0)
    t =   103.98s     Find the "Top-View Decoder" NavigationBar
    t =   104.02s     Find the ScrollView at {{0.0, 0.0}, {375.0, 667.0}}
    t =   104.07s     Find the ScrollView at {{0.0, 0.0}, {375.0, 667.0}}
    t =   104.11s     Get all elements bound by index for: Descendants matching type TabBar
    t =   104.14s     Find the TabBar (Element at index 0)
    t =   104.19s     Find the "Tab Bar" TabBar
    t =   104.23s     Checking existence of `"train-start-spatial-assembly" Button`
    t =   104.30s     Find the "train-start-spatial-assembly" Button
    t =   104.34s     Checking existence of `"session-submit" Any`
    t =   104.39s     Checking existence of `"session-next" Any`
    t =   104.43s     Checking existence of `"train-start-practice" Any`
    t =   104.47s     Find the "train-start-practice" Any
    t =   104.53s     Find the "train-start-practice" Button
    t =   104.58s     Find the "train-start-practice" Button
    t =   104.63s     Checking existence of `"train-start-graph-construction" Any`
    t =   104.68s     Checking existence of `"train-start-spatial-assembly" Button`
    t =   104.72s     Find the "train-start-spatial-assembly" Button
    t =   104.77s     Find the "train-start-spatial-assembly" Button
    t =   104.83s     Find the ScrollView at {{0.0, 0.0}, {375.0, 667.0}}
    t =   104.87s     Checking existence of `"train-start-spatial-assembly" Button`
    t =   104.91s     Find the "train-start-spatial-assembly" Button
    t =   104.97s     Find the "train-start-spatial-assembly" Button
    t =   105.02s     Find the "train-start-spatial-assembly" Button
    t =   105.06s     Checking existence of `"train-start-spatial-assembly" Button`
    t =   105.11s     Find the "train-start-spatial-assembly" Button
    t =   105.16s     Find the ScrollView at {{0.0, 0.0}, {375.0, 667.0}}
    t =   105.20s     Checking existence of `"train-start-spatial-assembly" Button`
    t =   105.24s     Find the "train-start-spatial-assembly" Button
    t =   105.29s     Press Target Application 'com.zacrotech.NeuroForge'[0.00, 0.00] -> (12.0, 362.0) for 0.1 seconds, then drag to Target Application 'com.zacrotech.NeuroForge'[0.00, 0.00] -> (12.0, 219.5) with velocity of 250.00 pixels per second, and then hold for 0.2 seconds 
    t =   105.29s         Wait for com.zacrotech.NeuroForge to idle
    t =   105.29s         Find the Target Application 'com.zacrotech.NeuroForge'
    t =   105.32s         Check for interrupting elements affecting "NeuroForge" Application
    t =   105.41s         Synthesize event
    t =   105.41s             Find the Target Application 'com.zacrotech.NeuroForge'
    t =   105.44s             Find the Target Application 'com.zacrotech.NeuroForge'
    t =   105.47s             Find the Target Application 'com.zacrotech.NeuroForge'
    t =   105.50s             Find the Target Application 'com.zacrotech.NeuroForge'
    t =   105.54s             Find the Target Application 'com.zacrotech.NeuroForge'
    t =   106.67s         Wait for com.zacrotech.NeuroForge to idle
    t =   107.27s     Get all elements bound by index for: Descendants matching type ScrollView
    t =   107.33s     Find the ScrollView (Element at index 0)
    t =   107.38s     Find the Target Application 'com.zacrotech.NeuroForge'
    t =   107.41s     Checking existence of `Keyboard (First Match)`
    t =   107.49s     Get all elements bound by index for: Descendants matching type NavigationBar
    t =   107.52s     Find the NavigationBar (Element at index 0)
    t =   107.57s     Find the "Top-View Decoder" NavigationBar
    t =   107.62s     Find the ScrollView at {{0.0, 0.0}, {375.0, 667.0}}
    t =   107.66s     Find the ScrollView at {{0.0, 0.0}, {375.0, 667.0}}
    t =   107.70s     Get all elements bound by index for: Descendants matching type TabBar
    t =   107.73s     Find the TabBar (Element at index 0)
    t =   107.78s     Find the "Tab Bar" TabBar
    t =   107.82s     Checking existence of `"train-start-spatial-assembly" Button`
    t =   107.86s     Find the "train-start-spatial-assembly" Button
    t =   107.90s     Checking existence of `"session-submit" Any`
    t =   107.95s     Checking existence of `"session-next" Any`
    t =   107.99s     Checking existence of `"train-start-practice" Any`
    t =   108.04s     Find the "train-start-practice" Any
    t =   108.09s     Find the "train-start-practice" Button
    t =   108.14s     Find the "train-start-practice" Button
    t =   108.19s     Checking existence of `"train-start-graph-construction" Any`
    t =   108.24s     Checking existence of `"train-start-spatial-assembly" Button`
    t =   108.28s     Find the "train-start-spatial-assembly" Button
    t =   108.33s     Find the "train-start-spatial-assembly" Button
    t =   108.38s     Find the ScrollView at {{0.0, 0.0}, {375.0, 667.0}}
    t =   108.42s     Checking existence of `"train-start-spatial-assembly" Button`
    t =   108.47s     Find the "train-start-spatial-assembly" Button
    t =   108.53s     Find the "train-start-spatial-assembly" Button
    t =   108.57s     Find the "train-start-spatial-assembly" Button
    t =   108.62s     Checking existence of `"train-start-spatial-assembly" Button`
    t =   108.66s     Find the "train-start-spatial-assembly" Button
    t =   108.71s     Find the ScrollView at {{0.0, 0.0}, {375.0, 667.0}}
    t =   108.75s     Checking existence of `"train-start-spatial-assembly" Button`
    t =   108.79s     Find the "train-start-spatial-assembly" Button
    t =   108.83s     Press Target Application 'com.zacrotech.NeuroForge'[0.00, 0.00] -> (12.0, 362.0) for 0.1 seconds, then drag to Target Application 'com.zacrotech.NeuroForge'[0.00, 0.00] -> (12.0, 219.5) with velocity of 250.00 pixels per second, and then hold for 0.2 seconds 
    t =   108.83s         Wait for com.zacrotech.NeuroForge to idle
    t =   108.84s         Find the Target Application 'com.zacrotech.NeuroForge'
    t =   108.87s         Check for interrupting elements affecting "NeuroForge" Application
    t =   108.91s         Synthesize event
    t =   108.91s             Find the Target Application 'com.zacrotech.NeuroForge'
    t =   108.94s             Find the Target Application 'com.zacrotech.NeuroForge'
    t =   108.97s             Find the Target Application 'com.zacrotech.NeuroForge'
    t =   109.00s             Find the Target Application 'com.zacrotech.NeuroForge'
    t =   109.04s             Find the Target Application 'com.zacrotech.NeuroForge'
    t =   110.15s         Wait for com.zacrotech.NeuroForge to idle
    t =   110.80s     Get all elements bound by index for: Descendants matching type ScrollView
    t =   110.86s     Find the ScrollView (Element at index 0)
    t =   110.91s     Find the Target Application 'com.zacrotech.NeuroForge'
    t =   110.94s     Checking existence of `Keyboard (First Match)`
    t =   111.01s     Get all elements bound by index for: Descendants matching type NavigationBar
    t =   111.05s     Find the NavigationBar (Element at index 0)
    t =   111.10s     Find the "Top-View Decoder" NavigationBar
    t =   111.14s     Find the ScrollView at {{0.0, 0.0}, {375.0, 667.0}}
    t =   111.18s     Find the ScrollView at {{0.0, 0.0}, {375.0, 667.0}}
    t =   111.22s     Get all elements bound by index for: Descendants matching type TabBar
    t =   111.25s     Find the TabBar (Element at index 0)
    t =   111.30s     Find the "Tab Bar" TabBar
    t =   111.34s     Checking existence of `"train-start-spatial-assembly" Button`
    t =   111.38s     Find the "train-start-spatial-assembly" Button
    t =   111.42s     Checking existence of `"session-submit" Any`
    t =   111.47s     Checking existence of `"session-next" Any`
    t =   111.51s     Checking existence of `"train-start-practice" Any`
    t =   111.56s     Find the "train-start-practice" Any
    t =   111.61s     Find the "train-start-practice" Button
    t =   111.66s     Find the "train-start-practice" Button
    t =   111.71s     Checking existence of `"train-start-graph-construction" Any`
    t =   111.76s     Checking existence of `"train-start-spatial-assembly" Button`
    t =   111.80s     Find the "train-start-spatial-assembly" Button
    t =   111.85s     Find the "train-start-spatial-assembly" Button
    t =   111.91s     Find the ScrollView at {{0.0, 0.0}, {375.0, 667.0}}
    t =   111.95s     Checking existence of `"train-start-spatial-assembly" Button`
    t =   111.99s     Find the "train-start-spatial-assembly" Button
    t =   112.05s     Find the "train-start-spatial-assembly" Button
    t =   112.10s     Find the "train-start-spatial-assembly" Button
    t =   112.15s     Checking existence of `"train-start-spatial-assembly" Button`
    t =   112.20s     Find the "train-start-spatial-assembly" Button
    t =   112.25s     Find the ScrollView at {{0.0, 0.0}, {375.0, 667.0}}
    t =   112.29s     Checking existence of `"train-start-spatial-assembly" Button`
    t =   112.34s     Find the "train-start-spatial-assembly" Button
    t =   112.38s     Press Target Application 'com.zacrotech.NeuroForge'[0.00, 0.00] -> (12.0, 362.0) for 0.1 seconds, then drag to Target Application 'com.zacrotech.NeuroForge'[0.00, 0.00] -> (12.0, 219.5) with velocity of 250.00 pixels per second, and then hold for 0.2 seconds 
    t =   112.38s         Wait for com.zacrotech.NeuroForge to idle
    t =   112.38s         Find the Target Application 'com.zacrotech.NeuroForge'
    t =   112.42s         Check for interrupting elements affecting "NeuroForge" Application
    t =   112.46s         Synthesize event
    t =   112.46s             Find the Target Application 'com.zacrotech.NeuroForge'
    t =   112.49s             Find the Target Application 'com.zacrotech.NeuroForge'
    t =   112.53s             Find the Target Application 'com.zacrotech.NeuroForge'
    t =   112.56s             Find the Target Application 'com.zacrotech.NeuroForge'
    t =   112.60s             Find the Target Application 'com.zacrotech.NeuroForge'
    t =   113.72s         Wait for com.zacrotech.NeuroForge to idle
    t =   114.29s Added attachment named 'Response control reveal geometry'
/Users/takamimarsh/Developer/Projects/Zacro Tech/NeuroForge/UITests/NavigationSmokeUITests.swift:1150: error: -[NeuroForgeUITests.NavigationSmokeUITests testFeasibleReconstructionPublicLaunchUsesCompleteFiniteOracleAndColdAnswerSet] : XCTAssertTrue failed
    t =   114.31s Tear Down
Test Case '-[NeuroForgeUITests.NavigationSmokeUITests testFeasibleReconstructionPublicLaunchUsesCompleteFiniteOracleAndColdAnswerSet]' failed (114.800 seconds).
Test Case '-[NeuroForgeUITests.NavigationSmokeUITests testGeneratedSetCreatesSeparateRunsAndRestoresSkippedRunThroughColdLaunch]' started.
    t =     0.00s Start Test at 2026-09-05 19:33:12.583
    t =     0.05s Set Up
    t =     0.06s     Open com.zacrotech.NeuroForge
    t =     0.06s         Launch com.zacrotech.NeuroForge
    t =     0.06s             Terminate com.zacrotech.NeuroForge:24663
2026-09-05 19:33:13.739 xcodebuild[22023:6491994] [MT] IDELaunchParametersSnapshot: The operation couldn’t be completed. (DebuggerLLDB.DebuggerVersionStore.StoreError error 0.)
2026-09-05 19:33:13.739 xcodebuild[22023:6491994] [MT] IDELaunchParametersSnapshot: no debugger version
    t =     1.57s             Setting up automation session
    t =     3.09s             Wait for com.zacrotech.NeuroForge to idle
    t =     5.89s     Waiting 15.0s for "destination-today" Any to exist
    t =     6.90s         Checking `Expect predicate `existsNoRetry == 1` for object "destination-today" Any`
    t =     6.90s             Checking existence of `"destination-today" Any`
    t =     7.13s     Waiting 5.0s for "Practice" Button to exist
    t =     8.19s         Checking `Expect predicate `existsNoRetry == 1` for object "Practice" Button`
    t =     8.20s             Checking existence of `"Practice" Button`
    t =     8.26s     Find the "Practice" Button
    t =     8.31s     Find the "Practice" Button
    t =     8.35s     Press "Practice" Button for 0.1 seconds
    t =     8.35s         Wait for com.zacrotech.NeuroForge to idle
    t =     8.35s         Find the "Practice" Button
    t =     8.39s         Check for interrupting elements affecting "Practice" Button
    t =     8.42s         Synthesize event
    t =     8.80s         Wait for com.zacrotech.NeuroForge to idle
    t =    10.08s     Waiting 8.0s for "destination-train" Any to exist
    t =    11.11s         Checking `Expect predicate `existsNoRetry == 1` for object "destination-train" Any`
    t =    11.12s             Checking existence of `"destination-train" Any`
    t =    11.19s     Find the "Practice" Button
    t =    11.22s     Checking existence of `"open-ai-studio" Any`
    t =    11.26s     Get all elements bound by index for: Descendants matching type ScrollView
    t =    11.28s     Find the ScrollView (Element at index 0)
    t =    11.31s     Swipe up ScrollView at {{0.0, 0.0}, {375.0, 667.0}}
    t =    11.31s         Wait for com.zacrotech.NeuroForge to idle
    t =    11.32s         Find the ScrollView at {{0.0, 0.0}, {375.0, 667.0}}
    t =    11.34s         Check for interrupting elements affecting ScrollView
    t =    11.37s         Synthesize event
    t =    11.83s         Wait for com.zacrotech.NeuroForge to idle
    t =    13.93s     Checking existence of `"open-ai-studio" Any`
    t =    13.97s     Get all elements bound by index for: Descendants matching type ScrollView
    t =    14.00s     Find the ScrollView (Element at index 0)
    t =    14.04s     Swipe up ScrollView at {{0.0, 0.0}, {375.0, 667.0}}
    t =    14.04s         Wait for com.zacrotech.NeuroForge to idle
    t =    14.04s         Find the ScrollView at {{0.0, 0.0}, {375.0, 667.0}}
    t =    14.07s         Check for interrupting elements affecting ScrollView
    t =    14.10s         Synthesize event
    t =    14.56s         Wait for com.zacrotech.NeuroForge to idle
    t =    16.66s     Checking existence of `"open-ai-studio" Any`
    t =    16.71s     Get all elements bound by index for: Descendants matching type ScrollView
    t =    16.73s     Find the ScrollView (Element at index 0)
    t =    16.77s     Swipe up ScrollView at {{0.0, 0.0}, {375.0, 667.0}}
    t =    16.77s         Wait for com.zacrotech.NeuroForge to idle
    t =    17.06s         Find the ScrollView at {{0.0, 0.0}, {375.0, 667.0}}
    t =    17.10s         Check for interrupting elements affecting ScrollView
    t =    17.13s         Synthesize event
    t =    17.60s         Wait for com.zacrotech.NeuroForge to idle
    t =    19.87s     Checking existence of `"open-ai-studio" Any`
    t =    19.93s     Find the "open-ai-studio" Any
    t =    19.98s     Get all elements bound by index for: Descendants matching type ScrollView
    t =    20.01s     Find the ScrollView (Element at index 0)
    t =    20.05s     Swipe up ScrollView at {{0.0, 0.0}, {375.0, 667.0}}
    t =    20.05s         Wait for com.zacrotech.NeuroForge to idle
    t =    20.05s         Find the ScrollView at {{0.0, 0.0}, {375.0, 667.0}}
    t =    20.08s         Check for interrupting elements affecting ScrollView
    t =    20.12s         Synthesize event
    t =    20.58s         Wait for com.zacrotech.NeuroForge to idle
    t =    21.35s     Checking existence of `"open-ai-studio" Button`
    t =    21.41s     Find the "open-ai-studio" Button
    t =    21.45s     Find the "open-ai-studio" Button
    t =    21.49s     Tap "open-ai-studio" Button
    t =    21.49s         Wait for com.zacrotech.NeuroForge to idle
    t =    21.49s         Find the "open-ai-studio" Button
    t =    21.52s         Check for interrupting elements affecting "open-ai-studio" Button
    t =    21.55s         Synthesize event
    t =    21.85s         Wait for com.zacrotech.NeuroForge to idle
    t =    22.04s     Waiting 8.0s for "ai-studio-root" Any to exist
    t =    23.09s         Checking `Expect predicate `existsNoRetry == 1` for object "ai-studio-root" Any`
    t =    23.09s             Checking existence of `"ai-studio-root" Any`
    t =    23.20s     Waiting 8.0s for "What do you want to practice?" TextField to exist
    t =    24.21s         Checking `Expect predicate `existsNoRetry == 1` for object "What do you want to practice?" TextField`
    t =    24.21s             Checking existence of `"What do you want to practice?" TextField`
    t =    24.26s     Get all elements bound by index for: Descendants matching type ScrollView
    t =    24.31s     Find the ScrollView (Element at index 0)
    t =    24.36s     Find the Target Application 'com.zacrotech.NeuroForge'
    t =    24.40s     Checking existence of `Keyboard (First Match)`
    t =    24.50s     Get all elements bound by index for: Descendants matching type NavigationBar
    t =    24.54s     Find the NavigationBar (Element at index 0)
    t =    24.59s     Find the NavigationBar (Element at index 1)
    t =    24.67s     Find the "Create a question set" NavigationBar
    t =    24.72s     Find the ScrollView at {{0.0, 30.0}, {375.0, 637.0}}
    t =    24.77s     Find the ScrollView at {{0.0, 30.0}, {375.0, 637.0}}
    t =    24.82s     Get all elements bound by index for: Descendants matching type TabBar
    t =    24.86s     Find the TabBar (Element at index 0)
    t =    24.98s     Checking existence of `"What do you want to practice?" TextField`
    t =    25.03s     Find the "What do you want to practice?" TextField
    t =    25.08s     Checking existence of `"session-submit" Any`
    t =    25.14s     Checking existence of `"session-next" Any`
    t =    25.20s     Checking existence of `"train-start-practice" Any`
    t =    25.26s     Checking existence of `"train-start-graph-construction" Any`
    t =    25.31s     Checking existence of `"e.g. limiting reagents, induction proofs, or graph traversal" TextField`
    t =    25.36s     Find the "e.g. limiting reagents, induction proofs, or graph traversal" TextField
    t =    25.42s     Find the "e.g. limiting reagents, induction proofs, or graph traversal" TextField
    t =    25.48s     Find the ScrollView at {{0.0, 30.0}, {375.0, 637.0}}
    t =    25.53s     Checking existence of `"e.g. limiting reagents, induction proofs, or graph traversal" TextField`
    t =    25.58s     Find the "e.g. limiting reagents, induction proofs, or graph traversal" TextField
    t =    25.65s     Find the "e.g. limiting reagents, induction proofs, or graph traversal" TextField
    t =    25.70s     Find the "e.g. limiting reagents, induction proofs, or graph traversal" TextField
    t =    25.76s     Checking existence of `"e.g. limiting reagents, induction proofs, or graph traversal" TextField`
    t =    25.81s     Find the "e.g. limiting reagents, induction proofs, or graph traversal" TextField
    t =    25.87s     Find the ScrollView at {{0.0, 30.0}, {375.0, 637.0}}
    t =    25.92s     Checking existence of `"e.g. limiting reagents, induction proofs, or graph traversal" TextField`
    t =    25.97s     Find the "e.g. limiting reagents, induction proofs, or graph traversal" TextField
    t =    26.03s     Press Target Application 'com.zacrotech.NeuroForge'[0.00, 0.00] -> (12.0, 562.8) for 0.1 seconds, then drag to Target Application 'com.zacrotech.NeuroForge'[0.00, 0.00] -> (12.0, 545.8) with velocity of 250.00 pixels per second, and then hold for 0.2 seconds 
    t =    26.03s         Wait for com.zacrotech.NeuroForge to idle
    t =    26.03s         Find the Target Application 'com.zacrotech.NeuroForge'
    t =    26.07s         Check for interrupting elements affecting "NeuroForge" Application
    t =    26.11s         Synthesize event
    t =    26.11s             Find the Target Application 'com.zacrotech.NeuroForge'
    t =    26.15s             Find the Target Application 'com.zacrotech.NeuroForge'
    t =    26.19s             Find the Target Application 'com.zacrotech.NeuroForge'
    t =    26.23s             Find the Target Application 'com.zacrotech.NeuroForge'
    t =    26.27s             Find the Target Application 'com.zacrotech.NeuroForge'
    t =    26.89s         Wait for com.zacrotech.NeuroForge to idle
    t =    28.78s     Get all elements bound by index for: Descendants matching type ScrollView
    t =    28.85s     Find the ScrollView (Element at index 0)
    t =    28.91s     Find the Target Application 'com.zacrotech.NeuroForge'
    t =    28.95s     Checking existence of `Keyboard (First Match)`
    t =    29.05s     Get all elements bound by index for: Descendants matching type NavigationBar
    t =    29.10s     Find the NavigationBar (Element at index 0)
    t =    29.15s     Find the NavigationBar (Element at index 1)
    t =    29.24s     Find the "Create a question set" NavigationBar
    t =    29.29s     Find the ScrollView at {{0.0, 30.0}, {375.0, 637.0}}
    t =    29.34s     Find the ScrollView at {{0.0, 30.0}, {375.0, 637.0}}
    t =    29.39s     Get all elements bound by index for: Descendants matching type TabBar
    t =    29.44s     Find the TabBar (Element at index 0)
    t =    29.56s     Checking existence of `"e.g. limiting reagents, induction proofs, or graph traversal" TextField`
    t =    29.61s     Find the "e.g. limiting reagents, induction proofs, or graph traversal" TextField
    t =    29.67s     Checking existence of `"session-submit" Any`
    t =    29.73s     Checking existence of `"session-next" Any`
    t =    29.78s     Checking existence of `"train-start-practice" Any`
    t =    29.84s     Checking existence of `"train-start-graph-construction" Any`
    t =    29.90s     Checking existence of `"e.g. limiting reagents, induction proofs, or graph traversal" TextField`
    t =    29.95s     Find the "e.g. limiting reagents, induction proofs, or graph traversal" TextField
    t =    30.01s     Find the "e.g. limiting reagents, induction proofs, or graph traversal" TextField
    t =    30.08s     Find the ScrollView at {{0.0, 30.0}, {375.0, 637.0}}
    t =    30.13s     Checking existence of `"e.g. limiting reagents, induction proofs, or graph traversal" TextField`
    t =    30.18s     Find the "e.g. limiting reagents, induction proofs, or graph traversal" TextField
    t =    30.24s     Find the "e.g. limiting reagents, induction proofs, or graph traversal" TextField
    t =    30.30s     Find the "e.g. limiting reagents, induction proofs, or graph traversal" TextField
    t =    30.36s     Find the "e.g. limiting reagents, induction proofs, or graph traversal" TextField
    t =    30.42s     Press "e.g. limiting reagents, induction proofs, or graph traversal" TextField for 0.1 seconds
    t =    30.42s         Wait for com.zacrotech.NeuroForge to idle
    t =    30.42s         Find the "e.g. limiting reagents, induction proofs, or graph traversal" TextField
    t =    30.48s         Check for interrupting elements affecting "e.g. limiting reagents, induction proofs, or graph traversal" TextField
    t =    30.53s         Synthesize event
    t =    30.91s         Wait for com.zacrotech.NeuroForge to idle
    t =    31.34s     Waiting 5.0s for Keyboard (First Match) to exist
    t =    32.38s         Checking `Expect predicate `existsNoRetry == 1` for object Keyboard (First Match)`
    t =    32.38s             Checking existence of `Keyboard (First Match)`
    t =    32.41s     Type 'Condition reasoning' into "e.g. limiting reagents, induction proofs, or graph traversal" TextField
    t =    32.41s         Wait for com.zacrotech.NeuroForge to idle
    t =    33.07s         Find the "e.g. limiting reagents, induction proofs, or graph traversal" TextField
    t =    33.17s         Check for interrupting elements affecting "e.g. limiting reagents, induction proofs, or graph traversal" TextField
    t =    33.23s         Synthesize event
    t =    33.74s         Wait for com.zacrotech.NeuroForge to idle
    t =    35.06s     Checking `Expect predicate `value == "Condition reasoning"` for object "e.g. limiting reagents, induction proofs, or graph traversal" TextField`
    t =    35.07s         Find the "e.g. limiting reagents, induction proofs, or graph traversal" TextField
    t =    35.14s     Checking existence of `"Done" Button`
    t =    35.21s     Tap "Done" Button
    t =    35.21s         Wait for com.zacrotech.NeuroForge to idle
    t =    35.21s         Find the "Done" Button
    t =    35.28s         Check for interrupting elements affecting "Done" Button
    t =    35.34s         Synthesize event
    t =    35.64s         Wait for com.zacrotech.NeuroForge to idle
    t =    37.26s     Checking `Expect predicate `exists == 0` for object Keyboard (First Match)`
    t =    37.26s         Checking existence of `Keyboard (First Match)`
    t =    37.38s     Get all elements bound by index for: Descendants matching type ScrollView
    t =    37.43s     Find the ScrollView (Element at index 0)
    t =    37.53s     Find the Target Application 'com.zacrotech.NeuroForge'
    t =    37.58s     Checking existence of `Keyboard (First Match)`
    t =    37.69s     Get all elements bound by index for: Descendants matching type NavigationBar
    t =    37.74s     Find the NavigationBar (Element at index 0)
    t =    37.80s     Find the NavigationBar (Element at index 1)
    t =    37.88s     Find the "Create a question set" NavigationBar
    t =    37.93s     Find the ScrollView at {{0.0, 30.0}, {375.0, 637.0}}
    t =    37.99s     Find the ScrollView at {{0.0, 30.0}, {375.0, 637.0}}
    t =    38.03s     Get all elements bound by index for: Descendants matching type TabBar
    t =    38.08s     Find the TabBar (Element at index 0)
    t =    38.20s     Checking existence of `"ai-studio-create-offline" Button`
    t =    38.25s     Find the "ai-studio-create-offline" Button
    t =    38.31s     Checking existence of `"session-submit" Any`
    t =    38.38s     Checking existence of `"session-next" Any`
    t =    38.44s     Checking existence of `"train-start-practice" Any`
    t =    38.50s     Checking existence of `"train-start-graph-construction" Any`
    t =    38.57s     Checking existence of `"ai-studio-create-offline" Button`
    t =    38.63s     Find the "ai-studio-create-offline" Button
    t =    38.70s     Find the "ai-studio-create-offline" Button
    t =    38.79s     Find the ScrollView at {{0.0, 30.0}, {375.0, 637.0}}
    t =    38.84s     Checking existence of `"ai-studio-create-offline" Button`
    t =    38.90s     Find the "ai-studio-create-offline" Button
    t =    38.97s     Checking existence of `"ai-studio-create-offline" Button`
    t =    39.03s     Find the "ai-studio-create-offline" Button
    t =    39.11s     Find the ScrollView at {{0.0, 30.0}, {375.0, 637.0}}
    t =    39.17s     Checking existence of `"ai-studio-create-offline" Button`
    t =    39.22s     Find the "ai-studio-create-offline" Button
    t =    39.29s     Press Target Application 'com.zacrotech.NeuroForge'[0.00, 0.00] -> (12.0, 552.4) for 0.1 seconds, then drag to Target Application 'com.zacrotech.NeuroForge'[0.00, 0.00] -> (12.0, 214.6) with velocity of 250.00 pixels per second, and then hold for 0.2 seconds 
    t =    39.29s         Wait for com.zacrotech.NeuroForge to idle
    t =    39.29s         Find the Target Application 'com.zacrotech.NeuroForge'
    t =    39.33s         Check for interrupting elements affecting "NeuroForge" Application
    t =    39.38s         Synthesize event
    t =    39.39s             Find the Target Application 'com.zacrotech.NeuroForge'
    t =    39.43s             Find the Target Application 'com.zacrotech.NeuroForge'
    t =    39.47s             Find the Target Application 'com.zacrotech.NeuroForge'
    t =    39.51s             Find the Target Application 'com.zacrotech.NeuroForge'
    t =    39.56s             Find the Target Application 'com.zacrotech.NeuroForge'
    t =    41.46s         Wait for com.zacrotech.NeuroForge to idle
    t =    41.47s     Get all elements bound by index for: Descendants matching type ScrollView
    t =    41.55s     Find the ScrollView (Element at index 0)
    t =    41.61s     Find the Target Application 'com.zacrotech.NeuroForge'
    t =    41.65s     Checking existence of `Keyboard (First Match)`
    t =    41.76s     Get all elements bound by index for: Descendants matching type NavigationBar
    t =    41.80s     Find the NavigationBar (Element at index 0)
    t =    41.86s     Find the NavigationBar (Element at index 1)
    t =    41.94s     Find the "Create a question set" NavigationBar
    t =    41.99s     Find the ScrollView at {{0.0, 30.0}, {375.0, 637.0}}
    t =    42.04s     Find the ScrollView at {{0.0, 30.0}, {375.0, 637.0}}
    t =    42.10s     Get all elements bound by index for: Descendants matching type TabBar
    t =    42.14s     Find the TabBar (Element at index 0)
    t =    42.26s     Checking existence of `"ai-studio-create-offline" Button`
    t =    42.32s     Find the "ai-studio-create-offline" Button
    t =    42.37s     Checking existence of `"session-submit" Any`
    t =    42.44s     Checking existence of `"session-next" Any`
    t =    42.50s     Checking existence of `"train-start-practice" Any`
    t =    42.56s     Checking existence of `"train-start-graph-construction" Any`
    t =    42.63s     Checking existence of `"ai-studio-create-offline" Button`
    t =    42.68s     Find the "ai-studio-create-offline" Button
    t =    42.75s     Find the "ai-studio-create-offline" Button
    t =    42.82s     Find the ScrollView at {{0.0, 30.0}, {375.0, 637.0}}
    t =    42.87s     Checking existence of `"ai-studio-create-offline" Button`
    t =    42.93s     Find the "ai-studio-create-offline" Button
    t =    43.00s     Checking existence of `"ai-studio-create-offline" Button`
    t =    43.06s     Find the "ai-studio-create-offline" Button
    t =    43.12s     Find the ScrollView at {{0.0, 30.0}, {375.0, 637.0}}
    t =    43.17s     Checking existence of `"ai-studio-create-offline" Button`
    t =    43.23s     Find the "ai-studio-create-offline" Button
    t =    43.30s     Press Target Application 'com.zacrotech.NeuroForge'[0.00, 0.00] -> (12.0, 552.4) for 0.1 seconds, then drag to Target Application 'com.zacrotech.NeuroForge'[0.00, 0.00] -> (12.0, 328.9) with velocity of 250.00 pixels per second, and then hold for 0.2 seconds 
    t =    43.30s         Wait for com.zacrotech.NeuroForge to idle
    t =    43.30s         Find the Target Application 'com.zacrotech.NeuroForge'
    t =    43.34s         Check for interrupting elements affecting "NeuroForge" Application
    t =    43.39s         Synthesize event
    t =    43.39s             Find the Target Application 'com.zacrotech.NeuroForge'
    t =    43.43s             Find the Target Application 'com.zacrotech.NeuroForge'
    t =    43.47s             Find the Target Application 'com.zacrotech.NeuroForge'
    t =    43.51s             Find the Target Application 'com.zacrotech.NeuroForge'
    t =    43.55s             Find the Target Application 'com.zacrotech.NeuroForge'
    t =    45.00s         Wait for com.zacrotech.NeuroForge to idle
    t =    45.13s     Get all elements bound by index for: Descendants matching type ScrollView
    t =    45.18s     Find the ScrollView (Element at index 0)
    t =    45.24s     Find the Target Application 'com.zacrotech.NeuroForge'
    t =    45.28s     Checking existence of `Keyboard (First Match)`
    t =    45.39s     Get all elements bound by index for: Descendants matching type NavigationBar
    t =    45.43s     Find the NavigationBar (Element at index 0)
    t =    45.49s     Find the NavigationBar (Element at index 1)
    t =    45.57s     Find the "Create a question set" NavigationBar
    t =    45.62s     Find the ScrollView at {{0.0, 30.0}, {375.0, 637.0}}
    t =    45.67s     Find the ScrollView at {{0.0, 30.0}, {375.0, 637.0}}
    t =    45.72s     Get all elements bound by index for: Descendants matching type TabBar
    t =    45.77s     Find the TabBar (Element at index 0)
    t =    45.88s     Checking existence of `"ai-studio-create-offline" Button`
    t =    45.94s     Find the "ai-studio-create-offline" Button
    t =    45.99s     Checking existence of `"session-submit" Any`
    t =    46.06s     Checking existence of `"session-next" Any`
    t =    46.12s     Checking existence of `"train-start-practice" Any`
    t =    46.18s     Checking existence of `"train-start-graph-construction" Any`
    t =    46.24s     Checking existence of `"ai-studio-create-offline" Button`
    t =    46.30s     Find the "ai-studio-create-offline" Button
    t =    46.36s     Find the "ai-studio-create-offline" Button
    t =    46.44s     Find the ScrollView at {{0.0, 30.0}, {375.0, 637.0}}
    t =    46.49s     Checking existence of `"ai-studio-create-offline" Button`
    t =    46.54s     Find the "ai-studio-create-offline" Button
    t =    46.61s     Find the "ai-studio-create-offline" Button
    t =    46.68s     Find the "ai-studio-create-offline" Button
    t =    46.74s     Checking existence of `"ai-studio-create-offline" Button`
    t =    46.80s     Find the "ai-studio-create-offline" Button
    t =    46.86s     Find the ScrollView at {{0.0, 30.0}, {375.0, 637.0}}
    t =    46.91s     Checking existence of `"ai-studio-create-offline" Button`
    t =    46.97s     Find the "ai-studio-create-offline" Button
    t =    47.02s     Press Target Application 'com.zacrotech.NeuroForge'[0.00, 0.00] -> (12.0, 552.4) for 0.1 seconds, then drag to Target Application 'com.zacrotech.NeuroForge'[0.00, 0.00] -> (12.0, 536.4) with velocity of 250.00 pixels per second, and then hold for 0.2 seconds 
    t =    47.03s         Wait for com.zacrotech.NeuroForge to idle
    t =    47.03s         Find the Target Application 'com.zacrotech.NeuroForge'
    t =    47.07s         Check for interrupting elements affecting "NeuroForge" Application
    t =    47.12s         Synthesize event
    t =    47.12s             Find the Target Application 'com.zacrotech.NeuroForge'
    t =    47.16s             Find the Target Application 'com.zacrotech.NeuroForge'
    t =    47.21s             Find the Target Application 'com.zacrotech.NeuroForge'
    t =    47.25s             Find the Target Application 'com.zacrotech.NeuroForge'
    t =    47.30s             Find the Target Application 'com.zacrotech.NeuroForge'
    t =    47.92s         Wait for com.zacrotech.NeuroForge to idle
    t =    47.93s     Get all elements bound by index for: Descendants matching type ScrollView
    t =    48.03s     Find the ScrollView (Element at index 0)
    t =    48.09s     Find the Target Application 'com.zacrotech.NeuroForge'
    t =    48.13s     Checking existence of `Keyboard (First Match)`
    t =    48.24s     Get all elements bound by index for: Descendants matching type NavigationBar
    t =    48.28s     Find the NavigationBar (Element at index 0)
    t =    48.34s     Find the NavigationBar (Element at index 1)
    t =    48.43s     Find the "Create a question set" NavigationBar
    t =    48.48s     Find the ScrollView at {{0.0, 30.0}, {375.0, 637.0}}
    t =    48.53s     Find the ScrollView at {{0.0, 30.0}, {375.0, 637.0}}
    t =    48.58s     Get all elements bound by index for: Descendants matching type TabBar
    t =    48.63s     Find the TabBar (Element at index 0)
    t =    48.74s     Checking existence of `"ai-studio-create-offline" Button`
    t =    48.81s     Find the "ai-studio-create-offline" Button
    t =    48.87s     Checking existence of `"session-submit" Any`
    t =    48.93s     Checking existence of `"session-next" Any`
    t =    49.00s     Checking existence of `"train-start-practice" Any`
    t =    49.06s     Checking existence of `"train-start-graph-construction" Any`
    t =    49.12s     Checking existence of `"ai-studio-create-offline" Button`
    t =    49.18s     Find the "ai-studio-create-offline" Button
    t =    49.24s     Find the "ai-studio-create-offline" Button
    t =    49.31s     Find the ScrollView at {{0.0, 30.0}, {375.0, 637.0}}
    t =    49.36s     Checking existence of `"ai-studio-create-offline" Button`
    t =    49.42s     Find the "ai-studio-create-offline" Button
    t =    49.49s     Find the "ai-studio-create-offline" Button
    t =    49.55s     Find the "ai-studio-create-offline" Button
    t =    49.62s     Find the "ai-studio-create-offline" Button
    t =    49.68s     Find the "ai-studio-create-offline" Button
    t =    49.74s     Tap "ai-studio-create-offline" Button
    t =    49.74s         Wait for com.zacrotech.NeuroForge to idle
    t =    49.74s         Find the "ai-studio-create-offline" Button
    t =    49.80s         Check for interrupting elements affecting "ai-studio-create-offline" Button
    t =    49.87s         Synthesize event
    t =    50.17s         Wait for com.zacrotech.NeuroForge to idle
    t =    50.79s     Waiting 30.0s for "Start practice" Button to exist
    t =    51.81s         Checking `Expect predicate `existsNoRetry == 1` for object "Start practice" Button`
    t =    51.82s             Checking existence of `"Start practice" Button`
    t =    51.90s     Get all elements bound by index for: Descendants matching type ScrollView
    t =    51.96s     Find the ScrollView (Element at index 0)
    t =    52.02s     Find the Target Application 'com.zacrotech.NeuroForge'
    t =    52.07s     Checking existence of `Keyboard (First Match)`
    t =    52.19s     Get all elements bound by index for: Descendants matching type NavigationBar
    t =    52.25s     Find the NavigationBar (Element at index 0)
    t =    52.32s     Find the NavigationBar (Element at index 1)
    t =    52.41s     Find the "Create a question set" NavigationBar
    t =    52.47s     Find the ScrollView at {{0.0, 30.0}, {375.0, 637.0}}
    t =    52.53s     Find the ScrollView at {{0.0, 30.0}, {375.0, 637.0}}
    t =    52.59s     Get all elements bound by index for: Descendants matching type TabBar
    t =    52.64s     Find the TabBar (Element at index 0)
    t =    52.83s     Checking existence of `"Start practice" Button`
    t =    52.90s     Find the "Start practice" Button
    t =    52.96s     Checking existence of `"session-submit" Any`
    t =    53.03s     Checking existence of `"session-next" Any`
    t =    53.10s     Checking existence of `"train-start-practice" Any`
    t =    53.17s     Checking existence of `"train-start-graph-construction" Any`
    t =    53.24s     Checking existence of `"Start practice" Button`
    t =    53.31s     Find the "Start practice" Button
    t =    53.38s     Find the "Start practice" Button
    t =    53.46s     Find the ScrollView at {{0.0, 30.0}, {375.0, 637.0}}
    t =    53.52s     Checking existence of `"Start practice" Button`
    t =    53.58s     Find the "Start practice" Button
    t =    53.66s     Find the "Start practice" Button
    t =    53.73s     Find the "Start practice" Button
    t =    53.80s     Find the "Start practice" Button
    t =    53.87s     Tap "Start practice" Button
    t =    53.87s         Wait for com.zacrotech.NeuroForge to idle
    t =    53.87s         Find the "Start practice" Button
    t =    53.94s         Check for interrupting elements affecting "Start practice" Button
    t =    54.00s         Synthesize event
    t =    54.30s         Wait for com.zacrotech.NeuroForge to idle
    t =    54.97s     Waiting 10.0s for "ai-practice-prompt" Any to exist
    t =    55.98s         Checking `Expect predicate `existsNoRetry == 1` for object "ai-practice-prompt" Any`
    t =    55.98s             Checking existence of `"ai-practice-prompt" Any`
    t =    56.11s     Find the "ai-practice-prompt" Any
    t =    56.21s     Find the "ai-practice-position" Any
    t =    56.30s     Find the "Session actions" Button
    t =    56.40s     Tap "Session actions" Button
    t =    56.40s         Wait for com.zacrotech.NeuroForge to idle
    t =    56.41s         Find the "Session actions" Button
    t =    56.49s         Check for interrupting elements affecting "Session actions" Button
    t =    56.57s         Synthesize event
    t =    56.88s         Wait for com.zacrotech.NeuroForge to idle
    t =    58.30s     Waiting 5.0s for "Skip" Button to exist
    t =    59.32s         Checking `Expect predicate `existsNoRetry == 1` for object "Skip" Button`
    t =    59.32s             Checking existence of `"Skip" Button`
    t =    59.45s     Find the "Skip" Button
    t =    59.55s     Tap "Skip" Button
    t =    59.55s         Wait for com.zacrotech.NeuroForge to idle
    t =    59.55s         Find the "Skip" Button
    t =    59.66s         Check for interrupting elements affecting "Skip" Button
    t =    59.75s         Synthesize event
    t =    60.05s         Wait for com.zacrotech.NeuroForge to idle
    t =    62.48s     Checking `Expect predicate `label == "2 / 5"` for object "ai-practice-position" StaticText`
    t =    62.48s         Find the "ai-practice-position" StaticText
    t =    62.58s     Find the "ai-practice-prompt" StaticText
    t =    62.68s     Tap "Save and close" Button
    t =    62.68s         Wait for com.zacrotech.NeuroForge to idle
    t =    62.69s         Find the "Save and close" Button
    t =    62.78s         Check for interrupting elements affecting "Save and close" Button
    t =    62.86s         Synthesize event
    t =    63.17s         Wait for com.zacrotech.NeuroForge to idle
    t =    63.74s     Waiting 8.0s for "Start a new session" Button to exist
    t =    64.81s         Checking `Expect predicate `existsNoRetry == 1` for object "Start a new session" Button`
    t =    64.81s             Checking existence of `"Start a new session" Button`
    t =    64.89s     Get all elements bound by index for: Descendants matching type ScrollView
    t =    64.94s     Find the ScrollView (Element at index 0)
    t =    65.01s     Find the Target Application 'com.zacrotech.NeuroForge'
    t =    65.05s     Checking existence of `Keyboard (First Match)`
    t =    65.17s     Get all elements bound by index for: Descendants matching type NavigationBar
    t =    65.22s     Find the NavigationBar (Element at index 0)
    t =    65.29s     Find the NavigationBar (Element at index 1)
    t =    65.38s     Find the "Create a question set" NavigationBar
    t =    65.43s     Find the ScrollView at {{0.0, 30.0}, {375.0, 637.0}}
    t =    65.49s     Find the ScrollView at {{0.0, 30.0}, {375.0, 637.0}}
    t =    65.55s     Get all elements bound by index for: Descendants matching type TabBar
    t =    65.60s     Find the TabBar (Element at index 0)
    t =    65.82s     Checking existence of `"Start a new session" Button`
    t =    65.88s     Find the "Start a new session" Button
    t =    65.95s     Checking existence of `"session-submit" Any`
    t =    66.01s     Checking existence of `"session-next" Any`
    t =    66.08s     Checking existence of `"train-start-practice" Any`
    t =    66.15s     Checking existence of `"train-start-graph-construction" Any`
    t =    66.21s     Checking existence of `"Start a new session" Button`
    t =    66.28s     Find the "Start a new session" Button
    t =    66.35s     Find the "Start a new session" Button
    t =    66.43s     Find the ScrollView at {{0.0, 30.0}, {375.0, 637.0}}
    t =    66.49s     Checking existence of `"Start a new session" Button`
    t =    66.55s     Find the "Start a new session" Button
    t =    66.64s     Find the "Start a new session" Button
    t =    66.71s     Find the "Start a new session" Button
    t =    66.78s     Checking existence of `"Start a new session" Button`
    t =    66.84s     Find the "Start a new session" Button
    t =    66.91s     Find the ScrollView at {{0.0, 30.0}, {375.0, 637.0}}
    t =    66.97s     Checking existence of `"Start a new session" Button`
    t =    67.03s     Find the "Start a new session" Button
    t =    67.09s     Press Target Application 'com.zacrotech.NeuroForge'[0.00, 0.00] -> (12.0, 552.4) for 0.1 seconds, then drag to Target Application 'com.zacrotech.NeuroForge'[0.00, 0.00] -> (12.0, 536.4) with velocity of 250.00 pixels per second, and then hold for 0.2 seconds 
    t =    67.09s         Wait for com.zacrotech.NeuroForge to idle
    t =    67.10s         Find the Target Application 'com.zacrotech.NeuroForge'
    t =    67.14s         Check for interrupting elements affecting "NeuroForge" Application
    t =    67.20s         Synthesize event
    t =    67.20s             Find the Target Application 'com.zacrotech.NeuroForge'
    t =    67.25s             Find the Target Application 'com.zacrotech.NeuroForge'
    t =    67.30s             Find the Target Application 'com.zacrotech.NeuroForge'
    t =    67.35s             Find the Target Application 'com.zacrotech.NeuroForge'
    t =    67.40s             Find the Target Application 'com.zacrotech.NeuroForge'
    t =    68.01s         Wait for com.zacrotech.NeuroForge to idle
    t =    68.25s     Get all elements bound by index for: Descendants matching type ScrollView
    t =    68.30s     Find the ScrollView (Element at index 0)
    t =    68.37s     Find the Target Application 'com.zacrotech.NeuroForge'
    t =    68.42s     Checking existence of `Keyboard (First Match)`
    t =    68.55s     Get all elements bound by index for: Descendants matching type NavigationBar
    t =    68.60s     Find the NavigationBar (Element at index 0)
    t =    68.67s     Find the NavigationBar (Element at index 1)
    t =    68.76s     Find the "Create a question set" NavigationBar
    t =    68.82s     Find the ScrollView at {{0.0, 30.0}, {375.0, 637.0}}
    t =    68.88s     Find the ScrollView at {{0.0, 30.0}, {375.0, 637.0}}
    t =    68.94s     Get all elements bound by index for: Descendants matching type TabBar
    t =    68.99s     Find the TabBar (Element at index 0)
    t =    69.20s     Checking existence of `"Start a new session" Button`
    t =    69.27s     Find the "Start a new session" Button
    t =    69.34s     Checking existence of `"session-submit" Any`
    t =    69.40s     Checking existence of `"session-next" Any`
    t =    69.48s     Checking existence of `"train-start-practice" Any`
    t =    69.55s     Checking existence of `"train-start-graph-construction" Any`
    t =    69.62s     Checking existence of `"Start a new session" Button`
    t =    69.69s     Find the "Start a new session" Button
    t =    69.76s     Find the "Start a new session" Button
    t =    69.84s     Find the ScrollView at {{0.0, 30.0}, {375.0, 637.0}}
    t =    69.90s     Checking existence of `"Start a new session" Button`
    t =    69.97s     Find the "Start a new session" Button
    t =    70.05s     Find the "Start a new session" Button
    t =    70.12s     Find the "Start a new session" Button
    t =    70.19s     Tap "Start a new session" Button
    t =    70.19s         Wait for com.zacrotech.NeuroForge to idle
    t =    70.19s         Find the "Start a new session" Button
    t =    70.26s         Check for interrupting elements affecting "Start a new session" Button
    t =    70.32s         Synthesize event
    t =    70.62s         Wait for com.zacrotech.NeuroForge to idle
    t =    70.83s     Waiting 8.0s for "ai-practice-prompt" StaticText to exist
    t =    71.87s         Checking `Expect predicate `existsNoRetry == 1` for object "ai-practice-prompt" StaticText`
    t =    71.88s             Checking existence of `"ai-practice-prompt" StaticText`
    t =    72.00s     Find the "ai-practice-position" StaticText
    t =    72.10s     Find the "ai-practice-prompt" StaticText
    t =    72.21s     Tap "Save and close" Button
    t =    72.21s         Wait for com.zacrotech.NeuroForge to idle
    t =    72.22s         Find the "Save and close" Button
    t =    72.35s         Check for interrupting elements affecting "Save and close" Button
    t =    72.44s         Synthesize event
    t =    72.75s         Wait for com.zacrotech.NeuroForge to idle
    t =    73.40s     Terminate com.zacrotech.NeuroForge:25250
    t =    74.49s     Open com.zacrotech.NeuroForge
    t =    74.49s         Launch com.zacrotech.NeuroForge
2026-09-05 19:34:27.093 xcodebuild[22023:6491994] [MT] IDELaunchParametersSnapshot: The operation couldn’t be completed. (DebuggerLLDB.DebuggerVersionStore.StoreError error 0.)
2026-09-05 19:34:27.093 xcodebuild[22023:6491994] [MT] IDELaunchParametersSnapshot: no debugger version
    t =    75.15s             Setting up automation session
    t =    76.86s             Wait for com.zacrotech.NeuroForge to idle
    t =    80.04s     Waiting 15.0s for "destination-today" Any to exist
    t =    81.07s         Checking `Expect predicate `existsNoRetry == 1` for object "destination-today" Any`
    t =    81.08s             Checking existence of `"destination-today" Any`
    t =    81.27s     Get all elements bound by index for: Descendants matching type ScrollView
    t =    81.30s     Find the ScrollView (Element at index 0)
    t =    81.35s     Find the Target Application 'com.zacrotech.NeuroForge'
    t =    81.37s     Checking existence of `Keyboard (First Match)`
    t =    81.43s     Get all elements bound by index for: Descendants matching type NavigationBar
    t =    81.45s     Find the NavigationBar (Element at index 0)
    t =    81.49s     Find the "Today" NavigationBar
    t =    81.52s     Find the ScrollView at {{0.0, 0.0}, {375.0, 667.0}}
    t =    81.55s     Find the ScrollView at {{0.0, 0.0}, {375.0, 667.0}}
    t =    81.58s     Get all elements bound by index for: Descendants matching type TabBar
    t =    81.60s     Find the TabBar (Element at index 0)
    t =    81.64s     Find the "Tab Bar" TabBar
    t =    81.66s     Checking existence of `"Continue session" Button`
    t =    81.70s     Find the "Continue session" Button
    t =    81.75s     Checking existence of `"session-submit" Any`
    t =    81.78s     Checking existence of `"session-next" Any`
    t =    81.81s     Checking existence of `"train-start-practice" Any`
    t =    81.85s     Checking existence of `"train-start-graph-construction" Any`
    t =    81.88s     Checking existence of `"Continue session" Button`
    t =    81.93s     Find the "Continue session" Button
    t =    81.97s     Find the "Continue session" Button
    t =    82.02s     Find the ScrollView at {{0.0, 0.0}, {375.0, 667.0}}
    t =    82.05s     Checking existence of `"Continue session" Button`
    t =    82.09s     Find the "Continue session" Button
    t =    82.14s     Find the "Continue session" Button
    t =    82.18s     Find the "Continue session" Button
    t =    82.23s     Tap "Continue session" Button
    t =    82.23s         Wait for com.zacrotech.NeuroForge to idle
    t =    82.23s         Find the "Continue session" Button
    t =    82.28s         Check for interrupting elements affecting "Continue session" Button
    t =    82.34s         Synthesize event
    t =    82.65s         Wait for com.zacrotech.NeuroForge to idle
    t =    82.92s     Waiting 8.0s for "Resume" Button to exist
    t =    83.93s         Checking `Expect predicate `existsNoRetry == 1` for object "Resume" Button`
    t =    83.93s             Checking existence of `"Resume" Button`
    t =    84.00s     Tap "Resume" Button
    t =    84.00s         Wait for com.zacrotech.NeuroForge to idle
    t =    84.01s         Find the "Resume" Button
    t =    84.06s         Check for interrupting elements affecting "Resume" Button
    t =    84.12s         Synthesize event
    t =    84.41s         Wait for com.zacrotech.NeuroForge to idle
    t =    84.42s     Waiting 8.0s for "ai-practice-prompt" StaticText to exist
    t =    85.46s         Checking `Expect predicate `existsNoRetry == 1` for object "ai-practice-prompt" StaticText`
    t =    85.47s             Checking existence of `"ai-practice-prompt" StaticText`
    t =    85.54s     Find the "ai-practice-prompt" StaticText
    t =    85.60s     Find the "ai-practice-position" StaticText
    t =    85.66s     Tap "Session actions" Button
    t =    85.66s         Wait for com.zacrotech.NeuroForge to idle
    t =    85.66s         Find the "Session actions" Button
    t =    85.71s         Check for interrupting elements affecting "Session actions" Button
    t =    85.76s         Synthesize event
    t =    86.06s         Wait for com.zacrotech.NeuroForge to idle
    t =    87.11s     Tap "End session" Button
    t =    87.11s         Wait for com.zacrotech.NeuroForge to idle
    t =    87.12s         Find the "End session" Button
    t =    87.18s         Check for interrupting elements affecting "End session" Button
    t =    87.23s         Synthesize event
    t =    87.53s         Wait for com.zacrotech.NeuroForge to idle
    t =    88.62s     Waiting 8.0s for "ai-practice-summary" Any to exist
    t =    89.68s         Checking `Expect predicate `existsNoRetry == 1` for object "ai-practice-summary" Any`
    t =    89.68s             Checking existence of `"ai-practice-summary" Any`
    t =    89.74s     Find the "ai-practice-summary" Any
    t =    89.79s     Tap "Done" Button
    t =    89.79s         Wait for com.zacrotech.NeuroForge to idle
    t =    89.79s         Find the "Done" Button
    t =    89.84s         Check for interrupting elements affecting "Done" Button
    t =    89.88s         Synthesize event
    t =    90.18s         Wait for com.zacrotech.NeuroForge to idle
    t =    90.54s     Get all elements bound by index for: Descendants matching type ScrollView
    t =    90.57s     Find the ScrollView (Element at index 0)
    t =    90.60s     Find the Target Application 'com.zacrotech.NeuroForge'
    t =    90.62s     Checking existence of `Keyboard (First Match)`
    t =    90.69s     Get all elements bound by index for: Descendants matching type NavigationBar
    t =    90.71s     Find the NavigationBar (Element at index 0)
    t =    90.75s     Find the "Today" NavigationBar
    t =    90.78s     Find the ScrollView at {{0.0, 0.0}, {375.0, 667.0}}
    t =    90.81s     Find the ScrollView at {{0.0, 0.0}, {375.0, 667.0}}
    t =    90.84s     Get all elements bound by index for: Descendants matching type TabBar
    t =    90.86s     Find the TabBar (Element at index 0)
    t =    90.89s     Find the "Tab Bar" TabBar
    t =    90.92s     Checking existence of `"Continue session" Button`
    t =    90.96s     Find the "Continue session" Button
    t =    91.01s     Checking existence of `"session-submit" Any`
    t =    91.04s     Checking existence of `"session-next" Any`
    t =    91.07s     Checking existence of `"train-start-practice" Any`
    t =    91.10s     Checking existence of `"train-start-graph-construction" Any`
    t =    91.13s     Checking existence of `"Continue session" Button`
    t =    91.18s     Find the "Continue session" Button
    t =    91.22s     Find the "Continue session" Button
    t =    91.28s     Find the ScrollView at {{0.0, 0.0}, {375.0, 667.0}}
    t =    91.30s     Checking existence of `"Continue session" Button`
    t =    91.35s     Find the "Continue session" Button
    t =    91.40s     Find the "Continue session" Button
    t =    91.45s     Find the "Continue session" Button
    t =    91.49s     Tap "Continue session" Button
    t =    91.49s         Wait for com.zacrotech.NeuroForge to idle
    t =    91.49s         Find the "Continue session" Button
    t =    91.54s         Check for interrupting elements affecting "Continue session" Button
    t =    91.56s         Synthesize event
    t =    91.86s         Wait for com.zacrotech.NeuroForge to idle
    t =    92.64s     Waiting 8.0s for "Resume" Button to exist
    t =    93.66s         Checking `Expect predicate `existsNoRetry == 1` for object "Resume" Button`
    t =    93.66s             Checking existence of `"Resume" Button`
    t =    93.74s     Tap "Resume" Button
    t =    93.74s         Wait for com.zacrotech.NeuroForge to idle
    t =    93.74s         Find the "Resume" Button
    t =    93.80s         Check for interrupting elements affecting "Resume" Button
    t =    93.85s         Synthesize event
    t =    94.15s         Wait for com.zacrotech.NeuroForge to idle
    t =    94.15s     Waiting 8.0s for "ai-practice-prompt" StaticText to exist
    t =    95.19s         Checking `Expect predicate `existsNoRetry == 1` for object "ai-practice-prompt" StaticText`
    t =    95.19s             Checking existence of `"ai-practice-prompt" StaticText`
    t =    95.26s     Find the "ai-practice-prompt" StaticText
    t =    95.32s     Find the "ai-practice-position" StaticText
    t =    95.38s     Tap "Session actions" Button
    t =    95.38s         Wait for com.zacrotech.NeuroForge to idle
    t =    95.38s         Find the "Session actions" Button
    t =    95.43s         Check for interrupting elements affecting "Session actions" Button
    t =    95.49s         Synthesize event
    t =    95.79s         Wait for com.zacrotech.NeuroForge to idle
    t =    96.75s     Tap "End session" Button
    t =    96.75s         Wait for com.zacrotech.NeuroForge to idle
    t =    96.75s         Find the "End session" Button
    t =    96.82s         Check for interrupting elements affecting "End session" Button
    t =    96.87s         Synthesize event
    t =    97.16s         Wait for com.zacrotech.NeuroForge to idle
    t =    98.46s     Waiting 8.0s for "ai-practice-summary" StaticText to exist
    t =    99.46s         Checking `Expect predicate `existsNoRetry == 1` for object "ai-practice-summary" StaticText`
    t =    99.46s             Checking existence of `"ai-practice-summary" StaticText`
    t =    99.52s     Find the "ai-practice-summary" StaticText
    t =    99.57s     Checking existence of `"Skipped 1 · Solutions viewed 0" StaticText`
    t =    99.62s     Find the Target Application 'com.zacrotech.NeuroForge'
    t =    99.78s Added attachment named 'generated-two-runs-cold-skip-explicit-end-en'
    t =    99.78s     Tap "Done" Button
    t =    99.78s         Wait for com.zacrotech.NeuroForge to idle
    t =    99.78s         Find the "Done" Button
    t =    99.84s         Check for interrupting elements affecting "Done" Button
    t =    99.89s         Synthesize event
    t =   100.19s         Wait for com.zacrotech.NeuroForge to idle
    t =   100.59s     Checking existence of `"Continue session" Button`
    t =   100.64s     Terminate com.zacrotech.NeuroForge:25643
    t =   101.66s Tear Down
Test Case '-[NeuroForgeUITests.NavigationSmokeUITests testGeneratedSetCreatesSeparateRunsAndRestoresSkippedRunThroughColdLaunch]' passed (101.866 seconds).
Test Case '-[NeuroForgeUITests.NavigationSmokeUITests testWeeklyChartDataOpensExactSavedAnswerHistory]' started.
    t =     0.00s Start Test at 2026-09-05 19:34:54.453
    t =     0.05s Set Up
    t =     0.05s     Open com.zacrotech.NeuroForge
    t =     0.05s         Launch com.zacrotech.NeuroForge
2026-09-05 19:34:54.515 xcodebuild[22023:6491994] [MT] IDELaunchParametersSnapshot: The operation couldn’t be completed. (DebuggerLLDB.DebuggerVersionStore.StoreError error 0.)
2026-09-05 19:34:54.516 xcodebuild[22023:6491994] [MT] IDELaunchParametersSnapshot: no debugger version
    t =     0.49s             Setting up automation session
    t =     1.92s             Wait for com.zacrotech.NeuroForge to idle
    t =     5.11s     Waiting 15.0s for "universal-session" Any to exist
    t =     6.15s         Checking `Expect predicate `existsNoRetry == 1` for object "universal-session" Any`
    t =     6.16s             Checking existence of `"universal-session" Any`
    t =     6.71s     Waiting 3.0s for "session-resume" Any to exist
    t =     7.76s         Checking `Expect predicate `existsNoRetry == 1` for object "session-resume" Any`
    t =     7.77s             Checking existence of `"session-resume" Any`
    t =     7.87s             Capturing element debug description
    t =     8.80s         Checking `Expect predicate `existsNoRetry == 1` for object "session-resume" Any`
    t =     8.80s             Checking existence of `"session-resume" Any`
    t =     8.89s             Capturing element debug description
    t =     9.71s         Checking `Expect predicate `existsNoRetry == 1` for object "session-resume" Any`
    t =     9.71s             Checking existence of `"session-resume" Any`
    t =     9.80s             Capturing element debug description
    t =     9.80s         Checking existence of `"session-resume" Any`
    t =     9.89s     Collecting debug information to assist test failure triage
    t =     9.89s         Requesting snapshot of accessibility hierarchy for app with pid 25787
    t =    10.02s     Waiting 8.0s for "session-prompt" Any to exist
    t =    11.03s         Checking `Expect predicate `existsNoRetry == 1` for object "session-prompt" Any`
    t =    11.04s             Checking existence of `"session-prompt" Any`
    t =    11.13s     Find the "session-prompt" Any
    t =    11.22s     Waiting 8.0s for "session-numeric-answer" Any to exist
    t =    12.25s         Checking `Expect predicate `existsNoRetry == 1` for object "session-numeric-answer" Any`
    t =    12.25s             Checking existence of `"session-numeric-answer" Any`
    t =    12.35s     Get all elements bound by index for: Descendants matching type ScrollView
    t =    12.40s     Find the ScrollView (Element at index 0)
    t =    12.47s     Find the Target Application 'com.zacrotech.NeuroForge'
    t =    12.52s     Checking existence of `Keyboard (First Match)`
    t =    12.61s     Get all elements bound by index for: Descendants matching type NavigationBar
    t =    12.66s     Find the NavigationBar (Element at index 0)
    t =    12.72s     Find the ScrollView at {{0.0, 154.5}, {375.0, 512.5}}
    t =    12.78s     Find the ScrollView at {{0.0, 154.5}, {375.0, 512.5}}
    t =    12.84s     Get all elements bound by index for: Descendants matching type TabBar
    t =    12.89s     Find the TabBar (Element at index 0)
    t =    12.96s     Checking existence of `"session-numeric-answer" Any`
    t =    13.05s     Find the "session-numeric-answer" Any
    t =    13.14s     Checking existence of `"session-submit" Any`
    t =    13.23s     Find the "session-submit" Any
    t =    13.33s     Find the "session-submit" Button
    t =    13.42s     Find the "session-submit" Button
    t =    13.52s     Checking existence of `"session-next" Any`
    t =    13.61s     Checking existence of `"train-start-practice" Any`
    t =    13.70s     Checking existence of `"train-start-graph-construction" Any`
    t =    13.79s     Checking existence of `"session-numeric-answer" TextField`
    t =    13.89s     Find the "session-numeric-answer" TextField
    t =    13.99s     Find the "session-numeric-answer" TextField
    t =    14.09s     Find the ScrollView at {{0.0, 154.5}, {375.0, 512.5}}
    t =    14.14s     Checking existence of `"session-numeric-answer" TextField`
    t =    14.23s     Find the "session-numeric-answer" TextField
    t =    14.33s     Find the "session-numeric-answer" TextField
    t =    14.43s     Find the "session-numeric-answer" TextField
    t =    14.52s     Find the "session-numeric-answer" TextField
    t =    14.62s     Press "session-numeric-answer" TextField for 0.1 seconds
    t =    14.62s         Wait for com.zacrotech.NeuroForge to idle
    t =    14.62s         Find the "session-numeric-answer" TextField
    t =    14.71s         Check for interrupting elements affecting "session-numeric-answer" TextField
    t =    14.77s         Synthesize event
    t =    15.16s         Wait for com.zacrotech.NeuroForge to idle
    t =    15.41s     Waiting 5.0s for Keyboard (First Match) to exist
    t =    16.43s         Checking `Expect predicate `existsNoRetry == 1` for object Keyboard (First Match)`
    t =    16.44s             Checking existence of `Keyboard (First Match)`
    t =    16.47s     Find the "session-numeric-answer" TextField
    t =    16.58s     Type '0' into "session-numeric-answer" TextField
    t =    16.58s         Wait for com.zacrotech.NeuroForge to idle
    t =    16.58s         Find the "session-numeric-answer" TextField
    t =    16.68s         Check for interrupting elements affecting "session-numeric-answer" TextField
    t =    16.75s         Synthesize event
    t =    16.97s         Wait for com.zacrotech.NeuroForge to idle
    t =    18.01s     Checking `Expect predicate `value == "0"` for object "session-numeric-answer" TextField`
    t =    18.01s         Find the "session-numeric-answer" TextField
    t =    18.11s     Checking existence of `"session-submit" Any`
    t =    18.20s     Find the "session-submit" Any
    t =    18.29s     Waiting 5.0s for "Done" Button to exist
    t =    19.32s         Checking `Expect predicate `existsNoRetry == 1` for object "Done" Button`
    t =    19.32s             Checking existence of `"Done" Button`
    t =    19.41s     Find the "Done" Button
    t =    19.51s     Tap "Done" Button
    t =    19.51s         Wait for com.zacrotech.NeuroForge to idle
    t =    19.51s         Find the "Done" Button
    t =    19.59s         Check for interrupting elements affecting "Done" Button
    t =    19.66s         Found 1 interrupting element:
    t =    19.66s             Find the "universal-session" Alert
    t =    19.71s "universal-session" Alert from Target Application 'com.zacrotech.NeuroForge'
    t =    19.72s         Invoking UI interruption monitors for "universal-session" Alert from Target Application 'com.zacrotech.NeuroForge'
    t =    19.72s             Find the "universal-session" Alert
    t =    19.77s             Checking existence of `Button (Elements matching predicate 'userTestingAttributes CONTAINS "cancel-button"')`
    t =    19.82s             Get all elements bound by accessibility element for: Elements matching predicate 'userTestingAttributes CONTAINS "default-button"'
    t =    19.88s             Checking existence of `Button (Elements matching predicate 'label CONTAINS[d] "Don’t" OR label CONTAINS "Cancel"')`
    t =    19.96s             Requesting snapshot of accessibility hierarchy for app with pid 25787
    t =    20.07s             Find: Descendants matching type Alert
    t =    20.07s             Find: Identity Binding
    t =    20.13s             Requesting snapshot of accessibility hierarchy for app with pid 25787
    t =    20.24s             Find: Descendants matching type Alert
    t =    20.24s             Find: Identity Binding
    t =    20.24s             Requesting snapshot of accessibility hierarchy for app with pid 25787
    t =    20.34s             Find: Descendants matching type Alert
    t =    20.34s             Requesting snapshot of accessibility hierarchy for app with pid 25787
    t =    20.45s Default interruption handler not attempting to dismiss alert: unable to find any qualified button in Attributes: Alert, 0x11d5861c0, {{-187.5, -191.5}, {780.0, 1080.0}}, identifier: 'universal-session'
Element subtree:
 →Alert, 0x11d5861c0, {{-187.5, -191.5}, {780.0, 1080.0}}, identifier: 'universal-session'
    Button, 0x11d585b80, {{20.0, 32.0}, {44.0, 44.0}}, identifier: 'pause.fill', label: 'Pause session'
    Image, 0x11d584640, {{74.0, 35.0}, {38.0, 38.0}}, identifier: 'function', label: 'Function'
    StaticText, 0x11d584780, {{122.0, 35.5}, {49.0, 14.5}}, label: 'Practice'
    StaticText, 0x11d585f40, {{122.0, 52.0}, {141.5, 20.5}}, label: 'Numerical control'
    StaticText, 0x11d5857c0, {{20.0, 97.0}, {31.0, 18.0}}, label: '1 / 5'
    StaticText, 0x11d586080, {{59.0, 98.8}, {50.5, 14.5}}, label: 'Untimed session'
    Button, 0x11d584a00, {{117.5, 99.0}, {38.5, 14.5}}, label: 'Timing'
      Button, 0x11d584b40, {{117.5, 99.0}, {38.5, 14.5}}
        StaticText, 0x11d5848c0, {{117.5, 98.8}, {38.5, 14.5}}, label: 'Timing'
    Button, 0x11d584280, {{215.0, 84.0}, {44.0, 44.0}}, identifier: 'session-header-save-close', label: 'Save and close session'
    Button, 0x11d584500, {{263.0, 84.0}, {44.0, 44.0}}, identifier: 'square.and.pencil', label: 'Open scratchpad'
    Button, 0x11d5843c0, {{311.0, 84.0}, {44.0, 44.0}}, label: 'Session controls'
      Button, 0x11d5875c0, {{311.0, 84.0}, {44.0, 44.0}}
        Image, 0x11d586300, {{311.0, 84.0}, {44.0, 44.0}}, identifier: 'ellipsis.circle', label: 'More'
    ProgressIndicator, 0x11d586580, {{20.0, 138.0}, {335.0, 4.0}}, identifier: 'session-position', label: 'Session progress', value: 1 / 5
      ProgressIndicator, 0x11d580000, {{20.0, 128.0}, {335.0, 24.0}}, value: 0%
    ScrollView, 0x11d580140, {{0.0, 154.5}, {375.0, 512.5}}
      Other, 0x11d580280, {{0.0, -37.5}, {375.0, 586.0}}
        StaticText, 0x11d5803c0, {{24.0, -13.5}, {119.0, 26.5}}, label: 'Mental Math'
          Image, 0x11d580500, {{35.5, -4.5}, {17.5, 9.0}}, identifier: 'function', label: 'Function'
          StaticText, 0x11d580640, {{59.5, -7.5}, {73.5, 14.5}}, label: 'Mental Math'
        StaticText, 0x11d580780, {{24.0, 33.0}, {327.0, 39.0}}, label: 'General STEM. Accuracy is authoritative; speed is recorded separately.'
        StaticText, 0x11d5808c0, {{38.0, 105.5}, {189.5, 19.0}}, label: 'Enter the exact integer.'
        Other, 0x11d580a00, {{24.0, 158.0}, {286.5, 26.5}}, identifier: 'session-prompt', label: 'Rapid recall: what is 10 × 9?'
          StaticText, 0x11d580b40, {{24.0, 158.0}, {286.5, 26.5}}, label: 'Rapid recall: what is 10 × 9?'
        Other, 0x11d580c80, {{24.0, 204.5}, {327.0, 52.0}}, label: '10 times 9'
          Other, 0x11d580dc0, {{36.0, 219.5}, {60.0, 22.0}}, label: '10 times 9'
            Other, 0x11d580f00, {{36.0, 219.5}, {60.0, 22.0}}
        TextField, 0x11d581040, {{24.0, 276.5}, {327.0, 44.0}}, identifier: 'session-numeric-answer', placeholderValue: 'Value', value: 0, Keyboard Focused
        Button, 0x11d581180, {{24.0, 340.5}, {327.0, 52.0}}, label: 'Confidence (optional)'
          StaticText, 0x11d5812c0, {{24.0, 340.5}, {327.0, 52.0}}, label: 'Confidence (optional)'
          Image, 0x11d581400, {{343.0, 360.5}, {7.0, 12.0}}, identifier: 'collapsed'
        Button, 0x11d581540, {{24.0, 412.5}, {100.5, 58.0}}, label: 'Use a hint'
        Button, 0x11d581680, {{132.5, 412.5}, {146.0, 58.0}}, label: 'Skip — no score'
        StaticText, 0x11d5817c0, {{24.0, 490.5}, {292.0, 34.0}}, label: 'Confidence is optional. Your answer determines the result.'
      Other, 0x11d581900, {{342.0, 154.5}, {30.0, 197.0}}, label: 'Vertical scroll bar, 3 pages', value: 49%
        Other, 0x11d581a40, {{369.0, 196.5}, {3.0, 104.5}}
      Other, 0x11d581b80, {{342.0, 154.5}, {30.0, 197.0}}, label: 'Vertical scroll bar, 3 pages', value: 49%
        Other, 0x11d581cc0, {{369.0, 196.5}, {3.0, 104.5}}
    Button, 0x11d581e00, {{98.5, 371.5}, {178.0, 50.5}}, identifier: 'session-submit', label: 'Submit response'
Path to element:
 →Application, 0x11d58a300, pid: 25787, label: 'NeuroForge'
  ↳Window (Main), 0x11d589e00, {{0.0, 0.0}, {375.0, 667.0}}
   ↳Other, 0x11d585680, {{0.0, 0.0}, {375.0, 667.0}}
    ↳Other, 0x11d587840, {{0.0, 0.0}, {375.0, 667.0}}
     ↳Other, 0x11d586440, {{0.0, 0.0}, {375.0, 667.0}}
      ↳Alert, 0x11d5861c0, {{-187.5, -191.5}, {780.0, 1080.0}}, identifier: 'universal-session'
Query chain:
 →Find: Target Application 'com.zacrotech.NeuroForge'
  Output: {
    Application, 0x11d5b9f40, pid: 25787, label: 'NeuroForge'
  }
  ↪︎Find: Descendants matching type Alert
    Output: {
      Alert, 0x11d5b2940, {{-187.5, -191.5}, {780.0, 1080.0}}, identifier: 'universal-session'
    }
    ↪︎Find: Identity Binding
      Output: {
        Alert, 0x11d5a26c0, {{-187.5, -191.5}, {780.0, 1080.0}}, identifier: 'universal-session'
      }
.
    t =    20.45s             Find the "universal-session" Alert
    t =    20.51s             Find the "universal-session" Alert
    t =    20.56s No monitors handled UI interruption, checking to see if element still exists...
    t =    20.56s                 Checking existence of `"universal-session" Alert`
    t =    20.61s Did not handle the interruption, but will attempt to continue…
    t =    20.61s         Synthesize event
    t =    20.90s         Wait for com.zacrotech.NeuroForge to idle
    t =    21.26s     Get all elements bound by index for: Descendants matching type ScrollView
    t =    21.32s     Find the ScrollView (Element at index 0)
    t =    21.38s     Find the Target Application 'com.zacrotech.NeuroForge'
    t =    21.42s     Checking existence of `Keyboard (First Match)`
    t =    21.51s     Get all elements bound by index for: Descendants matching type NavigationBar
    t =    21.55s     Find the NavigationBar (Element at index 0)
    t =    21.61s     Find the ScrollView at {{0.0, 154.5}, {375.0, 512.5}}
    t =    21.67s     Find the ScrollView at {{0.0, 154.5}, {375.0, 512.5}}
    t =    21.72s     Get all elements bound by index for: Descendants matching type TabBar
    t =    21.77s     Find the TabBar (Element at index 0)
    t =    21.84s     Checking existence of `"session-feedback-title" Any`
    t =    21.92s     Find the "session-feedback-title" Any
    t =    22.00s     Checking existence of `"session-submit" Any`
    t =    22.09s     Checking existence of `"session-next" Any`
    t =    22.18s     Find the "session-next" Any
    t =    22.27s     Find the "session-next" Button
    t =    22.36s     Find the "session-next" Button
    t =    22.45s     Checking existence of `"train-start-practice" Any`
    t =    22.54s     Checking existence of `"train-start-graph-construction" Any`
    t =    22.63s     Checking existence of `"session-feedback-title" StaticText`
    t =    22.72s     Find the "session-feedback-title" StaticText
    t =    22.82s     Find the "session-feedback-title" StaticText
    t =    22.92s     Find the ScrollView at {{0.0, 154.5}, {375.0, 512.5}}
    t =    22.97s     Checking existence of `"session-feedback-title" StaticText`
    t =    23.06s     Find the "session-feedback-title" StaticText
    t =    23.15s     Find the "session-feedback-title" StaticText
    t =    23.24s     Find the "session-feedback-title" StaticText
    t =    23.33s     Find the "session-feedback-title" StaticText
    t =    23.42s     Checking existence of `"session-save-close" Any`
    t =    23.50s     Waiting 5.0s for Button (First Match) to exist
    t =    24.53s         Checking `Expect predicate `existsNoRetry == 1` for object Button (First Match)`
    t =    24.53s             Checking existence of `Button (First Match)`
    t =    24.55s     Tap Button (First Match)
    t =    24.55s         Wait for com.zacrotech.NeuroForge to idle
    t =    24.55s         Find the Button (First Match)
    t =    24.57s         Check for interrupting elements affecting "pause.fill" Button
    t =    24.63s         Synthesize event
    t =    24.92s         Wait for com.zacrotech.NeuroForge to idle
    t =    24.92s     Waiting 5.0s for "session-save-close" Any to exist
    t =    25.98s         Checking `Expect predicate `existsNoRetry == 1` for object "session-save-close" Any`
    t =    25.98s             Checking existence of `"session-save-close" Any`
    t =    26.06s     Tap "session-save-close" Any
    t =    26.06s         Wait for com.zacrotech.NeuroForge to idle
    t =    26.07s         Find the "session-save-close" Any
    t =    26.15s         Check for interrupting elements affecting "session-save-close" Button
    t =    26.21s         Synthesize event
    t =    26.50s         Wait for com.zacrotech.NeuroForge to idle
    t =    26.96s     Waiting 8.0s for "destination-today" Any to exist
    t =    28.03s         Checking `Expect predicate `existsNoRetry == 1` for object "destination-today" Any`
    t =    28.04s             Checking existence of `"destination-today" Any`
    t =    28.11s     Tap "Progress" Button
    t =    28.11s         Wait for com.zacrotech.NeuroForge to idle
    t =    28.11s         Find the "Progress" Button
    t =    28.18s         Check for interrupting elements affecting "chart.line.uptrend.xyaxis" Button
    t =    28.22s         Synthesize event
    t =    28.52s         Wait for com.zacrotech.NeuroForge to idle
    t =    30.00s     Waiting 8.0s for "progress-section-picker" Any to exist
    t =    31.02s         Checking `Expect predicate `existsNoRetry == 1` for object "progress-section-picker" Any`
    t =    31.02s             Checking existence of `"progress-section-picker" Any`
    t =    31.11s     Tap "Overview" Button
    t =    31.11s         Wait for com.zacrotech.NeuroForge to idle
    t =    31.11s         Find the "Overview" Button
    t =    31.16s         Check for interrupting elements affecting "Overview" Button
    t =    31.20s         Synthesize event
    t =    31.49s         Wait for com.zacrotech.NeuroForge to idle
    t =    32.32s     Checking existence of `Button (First Match)`
    t =    32.40s     Get all elements bound by index for: Descendants matching type ScrollView
    t =    32.43s     Find the ScrollView (Element at index 0)
    t =    32.47s     Swipe up ScrollView at {{0.0, 0.0}, {375.0, 667.0}}
    t =    32.47s         Wait for com.zacrotech.NeuroForge to idle
    t =    32.47s         Find the ScrollView at {{0.0, 0.0}, {375.0, 667.0}}
    t =    32.50s         Check for interrupting elements affecting ScrollView
    t =    32.54s         Synthesize event
    t =    33.00s         Wait for com.zacrotech.NeuroForge to idle
    t =    35.14s     Checking existence of `Button (First Match)`
    t =    35.24s     Get all elements bound by index for: Descendants matching type ScrollView
    t =    35.29s     Find the ScrollView (Element at index 0)
    t =    35.35s     Swipe up ScrollView at {{0.0, 0.0}, {375.0, 667.0}}
    t =    35.35s         Wait for com.zacrotech.NeuroForge to idle
    t =    35.35s         Find the ScrollView at {{0.0, 0.0}, {375.0, 667.0}}
    t =    35.40s         Check for interrupting elements affecting ScrollView
    t =    35.45s         Synthesize event
    t =    35.91s         Wait for com.zacrotech.NeuroForge to idle
    t =    38.01s     Checking existence of `Button (First Match)`
    t =    38.11s     Get all elements bound by index for: Descendants matching type ScrollView
    t =    38.15s     Find the ScrollView (Element at index 0)
    t =    38.21s     Swipe up ScrollView at {{0.0, 0.0}, {375.0, 667.0}}
    t =    38.21s         Wait for com.zacrotech.NeuroForge to idle
    t =    38.21s         Find the ScrollView at {{0.0, 0.0}, {375.0, 667.0}}
    t =    38.26s         Check for interrupting elements affecting ScrollView
    t =    38.31s         Synthesize event
    t =    38.78s         Wait for com.zacrotech.NeuroForge to idle
    t =    40.88s     Checking existence of `Button (First Match)`
    t =    40.93s     Find the Button (First Match)
    t =    40.99s     Get all elements bound by index for: Descendants matching type ScrollView
    t =    41.04s     Find the ScrollView (Element at index 0)
    t =    41.10s     Swipe up ScrollView at {{0.0, 0.0}, {375.0, 667.0}}
    t =    41.10s         Wait for com.zacrotech.NeuroForge to idle
    t =    41.22s         Find the ScrollView at {{0.0, 0.0}, {375.0, 667.0}}
    t =    41.27s         Check for interrupting elements affecting ScrollView
    t =    41.33s         Synthesize event
    t =    41.79s         Wait for com.zacrotech.NeuroForge to idle
    t =    42.44s     Checking existence of `"Explore details, Skill map, confidence, answer history, and common errors" Button`
    t =    42.51s     Find the "Explore details, Skill map, confidence, answer history, and common errors" Button
    t =    42.57s     Tap "Explore details, Skill map, confidence, answer history, and common errors" Button
    t =    42.57s         Wait for com.zacrotech.NeuroForge to idle
    t =    42.57s         Find the "Explore details, Skill map, confidence, answer history, and common errors" Button
    t =    42.62s         Check for interrupting elements affecting "Explore details, Skill map, confidence, answer history, and common errors" Button
    t =    42.66s         Synthesize event
    t =    42.96s         Wait for com.zacrotech.NeuroForge to idle
    t =    42.96s     Checking existence of `"View weekly chart data" Button`
    t =    43.13s     Find the "View weekly chart data" Button
    t =    43.29s     Swipe down ScrollView (First Match)
    t =    43.29s         Wait for com.zacrotech.NeuroForge to idle
    t =    43.29s         Find the ScrollView (First Match)
    t =    43.33s         Check for interrupting elements affecting ScrollView
    t =    43.41s         Synthesize event
    t =    43.87s         Wait for com.zacrotech.NeuroForge to idle
    t =    45.98s     Checking existence of `"View weekly chart data" Button`
    t =    46.12s     Find the "View weekly chart data" Button
    t =    46.26s     Checking existence of `"View weekly chart data" Button`
    t =    46.38s     Find the "View weekly chart data" Button
    t =    46.52s     Tap "View weekly chart data" Button
    t =    46.52s         Wait for com.zacrotech.NeuroForge to idle
    t =    46.52s         Find the "View weekly chart data" Button
    t =    46.64s         Check for interrupting elements affecting "View weekly chart data" Button
    t =    46.72s         Synthesize event
    t =    47.02s         Wait for com.zacrotech.NeuroForge to idle
    t =    47.02s     Checking existence of `Button (First Match)`
    t =    47.08s     Find the Button (First Match)
    t =    47.15s     Find the "Aug 31, 2026, Mental Math, 0%, 1 scored answer" Button
    t =    47.21s     Find the Target Application 'com.zacrotech.NeuroForge'
    t =    47.38s Added attachment named 'weekly-chart-date-activity-count-credit-en'
    t =    47.38s     Tap "Aug 31, 2026, Mental Math, 0%, 1 scored answer" Button
    t =    47.38s         Wait for com.zacrotech.NeuroForge to idle
    t =    48.10s         Find the "Aug 31, 2026, Mental Math, 0%, 1 scored answer" Button
    t =    48.15s         Check for interrupting elements affecting "Aug 31, 2026, Mental Math, 0%, 1 scored answer" Button
    t =    48.19s         Synthesize event
    t =    48.48s         Wait for com.zacrotech.NeuroForge to idle
    t =    48.76s     Waiting 8.0s for "Saved answers represented by this chart point." StaticText to exist
    t =    49.81s         Checking `Expect predicate `existsNoRetry == 1` for object "Saved answers represented by this chart point." StaticText`
    t =    49.81s             Checking existence of `"Saved answers represented by this chart point." StaticText`
    t =    49.88s     Checking existence of `Button (First Match)`
    t =    49.93s     Find the Button (First Match)
    t =    49.99s     Get all elements bound by index for: Descendants matching type ScrollView
    t =    50.02s     Find the ScrollView (Element at index 0)
    t =    50.06s     Swipe up ScrollView at {{0.0, 0.0}, {375.0, 667.0}}
    t =    50.06s         Wait for com.zacrotech.NeuroForge to idle
    t =    50.06s         Find the ScrollView at {{0.0, 0.0}, {375.0, 667.0}}
    t =    50.10s         Check for interrupting elements affecting ScrollView
    t =    50.14s         Synthesize event
    t =    50.59s         Wait for com.zacrotech.NeuroForge to idle
    t =    51.51s     Checking existence of `"Sep 5, 2026 at 7:35 PM, Mental Math · Focused practice, NeuroForge practice, Rapid recall: what is 10 × 9?, 0, Incorrect, Untimed · 16.8 seconds active, Independent, Confidence: Not recorded" Button`
    t =    51.56s     Find the "Sep 5, 2026 at 7:35 PM, Mental Math · Focused practice, NeuroForge practice, Rapid recall: what is 10 × 9?, 0, Incorrect, Untimed · 16.8 seconds active, Independent, Confidence: Not recorded" Button
    t =    51.62s     Press "Sep 5, 2026 at 7:35 PM, Mental Math · Focused practice, NeuroForge practice, Rapid recall: what is 10 × 9?, 0, Incorrect, Untimed · 16.8 seconds active, Independent, Confidence: Not recorded" Button for 0.1 seconds
    t =    51.62s         Wait for com.zacrotech.NeuroForge to idle
    t =    51.62s         Find the "Sep 5, 2026 at 7:35 PM, Mental Math · Focused practice, NeuroForge practice, Rapid recall: what is 10 × 9?, 0, Incorrect, Untimed · 16.8 seconds active, Independent, Confidence: Not recorded" Button
    t =    51.67s         Check for interrupting elements affecting "Sep 5, 2026 at 7:35 PM, Mental Math · Focused practice, NeuroForge practice, Rapid recall: what is 10 × 9?, 0, Incorrect, Untimed · 16.8 seconds active, Independent, Confidence: Not recorded" Button
    t =    51.71s         Synthesize event
    t =    52.09s         Wait for com.zacrotech.NeuroForge to idle
    t =    52.54s     Waiting 8.0s for "Your saved answer" StaticText to exist
    t =    53.55s         Checking `Expect predicate `existsNoRetry == 1` for object "Your saved answer" StaticText`
    t =    53.55s             Checking existence of `"Your saved answer" StaticText`
    t =    53.65s     Checking existence of `StaticText (First Match)`
    t =    53.71s     Checking existence of `"0" StaticText`
    t =    53.77s     Find the Target Application 'com.zacrotech.NeuroForge'
    t =    53.89s Added attachment named 'weekly-chart-matching-original-answer-en'
    t =    53.89s     Terminate com.zacrotech.NeuroForge:25787
    t =    54.97s Tear Down
Test Case '-[NeuroForgeUITests.NavigationSmokeUITests testWeeklyChartDataOpensExactSavedAnswerHistory]' passed (55.134 seconds).
Test Suite 'NavigationSmokeUITests' failed at 2026-09-05 19:35:49.586.
	 Executed 6 tests, with 3 failures (0 unexpected) in 772.955 (772.964) seconds
Test Suite 'NeuroForgeUITests.xctest' failed at 2026-09-05 19:35:49.590.
	 Executed 6 tests, with 3 failures (0 unexpected) in 772.955 (772.968) seconds
Test Suite 'Selected tests' failed at 2026-09-05 19:35:49.591.
	 Executed 6 tests, with 3 failures (0 unexpected) in 772.955 (772.970) seconds
2026-09-05 19:35:50.461 xcodebuild[22023:6491994] [MT] IDETestOperationsObserverDebug: 779.126 elapsed -- Testing started completed.
2026-09-05 19:35:50.461 xcodebuild[22023:6491994] [MT] IDETestOperationsObserverDebug: 0.000 sec, +0.000 sec -- start
2026-09-05 19:35:50.461 xcodebuild[22023:6491994] [MT] IDETestOperationsObserverDebug: 779.126 sec, +779.126 sec -- end

Test session results, code coverage, and logs:
	/tmp/nf-assembly-dashboard-six-installed-20260905.xcresult

Failing tests:
	NavigationSmokeUITests.testAsymmetricSolidPublicLaunchUsesVisibleProjectionOracleAndColdCompleteSet()
	NavigationSmokeUITests.testCubeNetRetainsPrintedGivensAcrossCameraAndCommittedFolding()
	NavigationSmokeUITests.testFeasibleReconstructionPublicLaunchUsesCompleteFiniteOracleAndColdAnswerSet()

** TEST EXECUTE FAILED **

Testing started
