Command line invocation:
    /Applications/Xcode.app/Contents/Developer/usr/bin/xcodebuild -project NeuroForge.xcodeproj -scheme NeuroForgeUISmoke -destination "platform=iOS Simulator,id=064C7C8F-D941-4D8C-9B55-958F4123AF02" -derivedDataPath /tmp/NeuroForge-improvement-ios CODE_SIGNING_ALLOWED=NO test-without-building "-only-testing:NeuroForgeUITests/NavigationSmokeUITests/testQuestionThreeDraftAndFeedbackSurviveColdRelaunchInJapanese" "-only-testing:NeuroForgeUITests/NavigationSmokeUITests/testWeeklyChartDataOpensExactSavedAnswerHistory" "-only-testing:NeuroForgeUITests/NavigationSmokeUITests/testQuantitativeNumberAndUnitShowFeedbackAndAdvance" "-only-testing:NeuroForgeUITests/NavigationSmokeUITests/testLogicStateInputsAndInvariantShowFeedbackAndAdvance" "-only-testing:NeuroForgeUITests/NavigationSmokeUITests/testOrderedProofMoveRetainsSubmittedSequenceAndEndsAtFiniteCapacity"

Build settings from command line:
    CODE_SIGNING_ALLOWED = NO

Resolve Package Graph


Resolved source packages:
  SwiftMath: https://github.com/mgriebling/SwiftMath.git @ 1d2c908

2026-09-05 12:03:31.236822-0400 NeuroForgeUITests-Runner[41891:4766599] [Default] Running tests...
    t =      nans Interface orientation changed to Portrait
Test Suite 'Selected tests' started at 2026-09-05 12:03:31.661.
Test Suite 'NeuroForgeUITests.xctest' started at 2026-09-05 12:03:31.662.
Test Suite 'NavigationSmokeUITests' started at 2026-09-05 12:03:31.662.
Test Case '-[NeuroForgeUITests.NavigationSmokeUITests testLogicStateInputsAndInvariantShowFeedbackAndAdvance]' started.
    t =     0.00s Start Test at 2026-09-05 12:03:31.663
    t =     0.33s Set Up
    t =     0.34s Open com.zacrotech.NeuroForge
    t =     0.34s     Launch com.zacrotech.NeuroForge
2026-09-05 12:03:32.464 xcodebuild[41866:4766192] [MT] IDELaunchParametersSnapshot: The operation couldn’t be completed. (DebuggerLLDB.DebuggerVersionStore.StoreError error 0.)
2026-09-05 12:03:32.464 xcodebuild[41866:4766192] [MT] IDELaunchParametersSnapshot: no debugger version
objc[41891]: Class UIAccessibilityLoaderWebShared is implemented in both /Library/Developer/CoreSimulator/Volumes/iOS_23F77/Library/Developer/CoreSimulator/Profiles/Runtimes/iOS 26.5.simruntime/Contents/Resources/RuntimeRoot/System/Library/AccessibilityBundles/WebCore.axbundle/WebCore (0x106568310) and /Library/Developer/CoreSimulator/Volumes/iOS_23F77/Library/Developer/CoreSimulator/Profiles/Runtimes/iOS 26.5.simruntime/Contents/Resources/RuntimeRoot/System/Library/AccessibilityBundles/WebKit.axbundle/WebKit (0x1069fc398). This may cause spurious casting failures and mysterious crashes. One of the duplicates must be removed or renamed.
    t =     1.85s         Setting up automation session
    t =     3.13s         Wait for com.zacrotech.NeuroForge to idle
    t =     6.27s Waiting 15.0s for "universal-session" Any to exist
    t =     7.31s     Checking `Expect predicate `existsNoRetry == 1` for object "universal-session" Any`
    t =     7.31s         Checking existence of `"universal-session" Any`
    t =     7.65s Waiting 3.0s for "session-resume" Any to exist
    t =     8.69s     Checking `Expect predicate `existsNoRetry == 1` for object "session-resume" Any`
    t =     8.69s         Checking existence of `"session-resume" Any`
    t =     8.82s         Capturing element debug description
    t =     9.65s     Checking `Expect predicate `existsNoRetry == 1` for object "session-resume" Any`
    t =     9.65s         Checking existence of `"session-resume" Any`
    t =     9.77s         Capturing element debug description
    t =    10.66s     Checking `Expect predicate `existsNoRetry == 1` for object "session-resume" Any`
    t =    10.66s         Checking existence of `"session-resume" Any`
    t =    10.78s         Capturing element debug description
    t =    10.78s     Checking existence of `"session-resume" Any`
    t =    10.91s Collecting debug information to assist test failure triage
    t =    10.91s     Requesting snapshot of accessibility hierarchy for app with pid 41916
    t =    11.07s Waiting 8.0s for "session-position" Any to exist
    t =    12.11s     Checking `Expect predicate `existsNoRetry == 1` for object "session-position" Any`
    t =    12.11s         Checking existence of `"session-position" Any`
    t =    12.26s Find the "session-position" Any
    t =    12.37s Waiting 8.0s for "session-prompt" Any to exist
    t =    13.41s     Checking `Expect predicate `existsNoRetry == 1` for object "session-prompt" Any`
    t =    13.41s         Checking existence of `"session-prompt" Any`
    t =    13.56s Find the "session-prompt" Any
    t =    13.67s Get all elements bound by index for: Descendants matching type ScrollView
    t =    13.74s Find the ScrollView (Element at index 0)
    t =    13.85s Find the Target Application 'com.zacrotech.NeuroForge'
    t =    13.91s Checking existence of `Keyboard (First Match)`
    t =    14.03s Find the ScrollView at {{0.0, 154.5}, {375.0, 512.5}}
    t =    14.11s Find the ScrollView at {{0.0, 154.5}, {375.0, 512.5}}
    t =    14.18s Checking existence of `Button (First Match)`
    t =    14.21s Find the Button (First Match)
    t =    14.24s Checking existence of `"session-submit" Any`
    t =    14.35s Find the "session-submit" Any
    t =    14.47s Find the "session-submit" Button
    t =    14.59s Checking existence of `"session-next" Any`
    t =    14.71s Checking existence of `"ready must equal (count <= 7)" Button`
    t =    14.74s Find the "ready must equal (count <= 7)" Button
    t =    14.78s Checking existence of `"ready must equal (count <= 7)" Button`
    t =    14.81s Find the "ready must equal (count <= 7)" Button
    t =    14.85s Find the ScrollView at {{0.0, 154.5}, {375.0, 512.5}}
    t =    14.92s Checking existence of `"ready must equal (count <= 7)" Button`
    t =    14.96s Find the "ready must equal (count <= 7)" Button
    t =    15.00s Press Target Application 'com.zacrotech.NeuroForge'[0.00, 0.00] -> (187.5, 506.5) for 0.1 seconds, then drag to Target Application 'com.zacrotech.NeuroForge'[0.00, 0.00] -> (187.5, 248.5) with velocity of 250.00 pixels per second, and then hold for 0.2 seconds 
    t =    15.00s     Wait for com.zacrotech.NeuroForge to idle
    t =    15.01s     Find the Target Application 'com.zacrotech.NeuroForge'
    t =    15.07s     Check for interrupting elements affecting "NeuroForge" Application
    t =    15.28s     Synthesize event
    t =    15.29s         Find the Target Application 'com.zacrotech.NeuroForge'
    t =    15.35s         Find the Target Application 'com.zacrotech.NeuroForge'
    t =    15.41s         Find the Target Application 'com.zacrotech.NeuroForge'
    t =    15.47s         Find the Target Application 'com.zacrotech.NeuroForge'
    t =    15.54s         Find the Target Application 'com.zacrotech.NeuroForge'
    t =    17.25s     Wait for com.zacrotech.NeuroForge to idle
    t =    17.26s Get all elements bound by index for: Descendants matching type ScrollView
    t =    17.34s Find the ScrollView (Element at index 0)
    t =    17.41s Find the Target Application 'com.zacrotech.NeuroForge'
    t =    17.48s Checking existence of `Keyboard (First Match)`
    t =    17.60s Find the ScrollView at {{0.0, 154.5}, {375.0, 512.5}}
    t =    17.68s Find the ScrollView at {{0.0, 154.5}, {375.0, 512.5}}
    t =    17.76s Checking existence of `"ready must equal (count <= 7)" Button`
    t =    17.79s Find the "ready must equal (count <= 7)" Button
    t =    17.82s Checking existence of `"session-submit" Any`
    t =    17.94s Find the "session-submit" Any
    t =    18.06s Find the "session-submit" Button
    t =    18.18s Checking existence of `"session-next" Any`
    t =    18.31s Checking existence of `"ready must equal (count <= 7)" Button`
    t =    18.34s Find the "ready must equal (count <= 7)" Button
    t =    18.38s Checking existence of `"ready must equal (count <= 7)" Button`
    t =    18.42s Find the "ready must equal (count <= 7)" Button
    t =    18.46s Find the ScrollView at {{0.0, 154.5}, {375.0, 512.5}}
    t =    18.53s Checking existence of `"ready must equal (count <= 7)" Button`
    t =    18.56s Find the "ready must equal (count <= 7)" Button
    t =    18.60s Press Target Application 'com.zacrotech.NeuroForge'[0.00, 0.00] -> (187.5, 506.5) for 0.1 seconds, then drag to Target Application 'com.zacrotech.NeuroForge'[0.00, 0.00] -> (187.5, 263.0) with velocity of 250.00 pixels per second, and then hold for 0.2 seconds 
    t =    18.60s     Wait for com.zacrotech.NeuroForge to idle
    t =    18.60s     Find the Target Application 'com.zacrotech.NeuroForge'
    t =    18.67s     Check for interrupting elements affecting "NeuroForge" Application
    t =    18.74s     Synthesize event
    t =    18.74s         Find the Target Application 'com.zacrotech.NeuroForge'
    t =    18.81s         Find the Target Application 'com.zacrotech.NeuroForge'
    t =    18.87s         Find the Target Application 'com.zacrotech.NeuroForge'
    t =    18.94s         Find the Target Application 'com.zacrotech.NeuroForge'
    t =    19.01s         Find the Target Application 'com.zacrotech.NeuroForge'
    t =    20.54s     Wait for com.zacrotech.NeuroForge to idle
    t =    20.55s Get all elements bound by index for: Descendants matching type ScrollView
    t =    20.64s Find the ScrollView (Element at index 0)
    t =    20.71s Find the Target Application 'com.zacrotech.NeuroForge'
    t =    20.78s Checking existence of `Keyboard (First Match)`
    t =    20.90s Find the ScrollView at {{0.0, 154.5}, {375.0, 512.5}}
    t =    20.98s Find the ScrollView at {{0.0, 154.5}, {375.0, 512.5}}
    t =    21.05s Checking existence of `"ready must equal (count <= 7)" Button`
    t =    21.08s Find the "ready must equal (count <= 7)" Button
    t =    21.12s Checking existence of `"session-submit" Any`
    t =    21.23s Find the "session-submit" Any
    t =    21.35s Find the "session-submit" Button
    t =    21.47s Checking existence of `"session-next" Any`
    t =    21.59s Checking existence of `"ready must equal (count <= 7)" Button`
    t =    21.62s Find the "ready must equal (count <= 7)" Button
    t =    21.66s Find the "ready must equal (count <= 7)" Button
    t =    21.70s Find the "ready must equal (count <= 7)" Button
    t =    21.74s Checking existence of `"ready must equal (count <= 7)" Button`
    t =    21.77s Find the "ready must equal (count <= 7)" Button
    t =    21.81s Find the ScrollView at {{0.0, 154.5}, {375.0, 512.5}}
    t =    21.88s Checking existence of `"ready must equal (count <= 7)" Button`
    t =    21.91s Find the "ready must equal (count <= 7)" Button
    t =    21.95s Press Target Application 'com.zacrotech.NeuroForge'[0.00, 0.00] -> (187.5, 506.5) for 0.1 seconds, then drag to Target Application 'com.zacrotech.NeuroForge'[0.00, 0.00] -> (187.5, 490.5) with velocity of 250.00 pixels per second, and then hold for 0.2 seconds 
    t =    21.95s     Wait for com.zacrotech.NeuroForge to idle
    t =    21.95s     Find the Target Application 'com.zacrotech.NeuroForge'
    t =    22.01s     Check for interrupting elements affecting "NeuroForge" Application
    t =    22.09s     Synthesize event
    t =    22.09s         Find the Target Application 'com.zacrotech.NeuroForge'
    t =    22.15s         Find the Target Application 'com.zacrotech.NeuroForge'
    t =    22.22s         Find the Target Application 'com.zacrotech.NeuroForge'
    t =    22.28s         Find the Target Application 'com.zacrotech.NeuroForge'
    t =    22.34s         Find the Target Application 'com.zacrotech.NeuroForge'
    t =    22.97s     Wait for com.zacrotech.NeuroForge to idle
    t =    24.42s Get all elements bound by index for: Descendants matching type ScrollView
    t =    24.50s Find the ScrollView (Element at index 0)
    t =    24.58s Find the Target Application 'com.zacrotech.NeuroForge'
    t =    24.64s Checking existence of `Keyboard (First Match)`
    t =    24.76s Find the ScrollView at {{0.0, 154.5}, {375.0, 512.5}}
    t =    24.83s Find the ScrollView at {{0.0, 154.5}, {375.0, 512.5}}
    t =    24.91s Checking existence of `"ready must equal (count <= 7)" Button`
    t =    24.94s Find the "ready must equal (count <= 7)" Button
    t =    24.97s Checking existence of `"session-submit" Any`
    t =    25.09s Find the "session-submit" Any
    t =    25.21s Find the "session-submit" Button
    t =    25.33s Checking existence of `"session-next" Any`
    t =    25.45s Checking existence of `"ready must equal (count <= 7)" Button`
    t =    25.48s Find the "ready must equal (count <= 7)" Button
    t =    25.52s Find the "ready must equal (count <= 7)" Button
    t =    25.56s Find the "ready must equal (count <= 7)" Button
    t =    25.60s Tap "ready must equal (count <= 7)" Button
    t =    25.60s     Wait for com.zacrotech.NeuroForge to idle
    t =    25.68s     Find the "ready must equal (count <= 7)" Button
    t =    25.72s     Check for interrupting elements affecting "ready must equal (count <= 7)" Button
    t =    25.80s     Synthesize event
    t =    26.10s     Wait for com.zacrotech.NeuroForge to idle
    t =    27.80s Checking `Expect predicate `selected == 1` for object "ready must equal (count <= 7)" Button`
    t =    27.81s     Find the "ready must equal (count <= 7)" Button
    t =    27.85s Waiting 8.0s for "Response for count" TextField to exist
    t =    28.91s     Checking `Expect predicate `existsNoRetry == 1` for object "Response for count" TextField`
    t =    28.92s         Checking existence of `"Response for count" TextField`
    t =    29.06s Get all elements bound by index for: Descendants matching type ScrollView
    t =    29.13s Find the ScrollView (Element at index 0)
    t =    29.21s Find the Target Application 'com.zacrotech.NeuroForge'
    t =    29.27s Checking existence of `Keyboard (First Match)`
    t =    29.39s Find the ScrollView at {{0.0, 154.5}, {375.0, 512.5}}
    t =    29.47s Find the ScrollView at {{0.0, 154.5}, {375.0, 512.5}}
    t =    29.53s Checking existence of `"Response for count" TextField`
    t =    29.65s Find the "Response for count" TextField
    t =    29.76s Checking existence of `"session-submit" Any`
    t =    29.89s Find the "session-submit" Any
    t =    30.02s Find the "session-submit" Button
    t =    30.15s Checking existence of `"session-next" Any`
    t =    30.26s Checking existence of `"Response for count" TextField`
    t =    30.37s Find the "Response for count" TextField
    t =    30.51s Find the "Response for count" TextField
    t =    30.63s Find the "Response for count" TextField
    t =    30.75s Find the "Response for count" TextField
    t =    30.86s Tap "Response for count" TextField
    t =    30.86s     Wait for com.zacrotech.NeuroForge to idle
    t =    30.87s     Find the "Response for count" TextField
    t =    30.98s     Check for interrupting elements affecting "Response for count" TextField
    t =    31.06s     Synthesize event
    t =    31.35s     Wait for com.zacrotech.NeuroForge to idle
    t =    32.50s Type '0' into "Response for count" TextField
    t =    32.50s     Wait for com.zacrotech.NeuroForge to idle
    t =    32.87s     Find the "Response for count" TextField
    t =    33.01s     Check for interrupting elements affecting "Response for count" TextField
    t =    33.10s     Synthesize event
    t =    33.33s     Wait for com.zacrotech.NeuroForge to idle
    t =    34.68s Checking `Expect predicate `value == "0"` for object "Response for count" TextField`
    t =    34.68s     Find the "Response for count" TextField
    t =    34.82s Type '
' into "Response for count" TextField
    t =    34.82s     Wait for com.zacrotech.NeuroForge to idle
    t =    34.82s     Find the "Response for count" TextField
    t =    34.94s     Check for interrupting elements affecting "Response for count" TextField
    t =    35.02s     Synthesize event
    t =    35.25s     Wait for com.zacrotech.NeuroForge to idle
    t =    36.41s Waiting 8.0s for "Response for ready" TextField to exist
    t =    37.45s     Checking `Expect predicate `existsNoRetry == 1` for object "Response for ready" TextField`
    t =    37.45s         Checking existence of `"Response for ready" TextField`
    t =    37.58s Get all elements bound by index for: Descendants matching type ScrollView
    t =    37.65s Find the ScrollView (Element at index 0)
    t =    37.73s Find the Target Application 'com.zacrotech.NeuroForge'
    t =    37.79s Checking existence of `Keyboard (First Match)`
    t =    37.81s Find the Keyboard (First Match)
    t =    37.83s Find the ScrollView at {{0.0, 154.5}, {375.0, 512.5}}
    t =    37.91s Find the ScrollView at {{0.0, 154.5}, {375.0, 512.5}}
    t =    37.98s Checking existence of `"Response for ready" TextField`
    t =    38.09s Find the "Response for ready" TextField
    t =    38.20s Checking existence of `"session-submit" Any`
    t =    38.33s Find the "session-submit" Any
    t =    38.45s Find the "session-submit" Button
    t =    38.57s Checking existence of `"session-next" Any`
    t =    38.69s Checking existence of `"Response for ready" TextField`
    t =    38.81s Find the "Response for ready" TextField
    t =    38.96s Find the "Response for ready" TextField
    t =    39.09s Find the "Response for ready" TextField
    t =    39.21s Find the "Response for ready" TextField
    t =    39.33s Tap "Response for ready" TextField
    t =    39.33s     Wait for com.zacrotech.NeuroForge to idle
    t =    39.34s     Find the "Response for ready" TextField
    t =    39.45s     Check for interrupting elements affecting "Response for ready" TextField
    t =    39.55s     Synthesize event
    t =    39.85s     Wait for com.zacrotech.NeuroForge to idle
    t =    39.85s Type 'true' into "Response for ready" TextField
    t =    39.85s     Wait for com.zacrotech.NeuroForge to idle
    t =    39.86s     Find the "Response for ready" TextField
    t =    40.08s     Check for interrupting elements affecting "Response for ready" TextField
    t =    40.18s     Synthesize event
    t =    40.45s     Wait for com.zacrotech.NeuroForge to idle
    t =    41.72s Checking `Expect predicate `value == "true"` for object "Response for ready" TextField`
    t =    41.73s     Find the "Response for ready" TextField
    t =    41.85s Get all elements bound by index for: Descendants matching type ScrollView
    t =    41.93s Find the ScrollView (Element at index 0)
    t =    42.01s Find the Target Application 'com.zacrotech.NeuroForge'
    t =    42.08s Checking existence of `Keyboard (First Match)`
    t =    42.10s Find the Keyboard (First Match)
    t =    42.11s Find the ScrollView at {{0.0, 154.5}, {375.0, 512.5}}
    t =    42.19s Find the ScrollView at {{0.0, 154.5}, {375.0, 512.5}}
    t =    42.26s Checking existence of `"code-trace-start" Button`
    t =    42.38s Find the "code-trace-start" Button
    t =    42.49s Checking existence of `"session-submit" Any`
    t =    42.61s Find the "session-submit" Any
    t =    42.74s Find the "session-submit" Button
    t =    42.86s Checking existence of `"session-next" Any`
    t =    42.98s Checking existence of `"code-trace-start" Button`
    t =    43.09s Find the "code-trace-start" Button
    t =    43.21s Find the "code-trace-start" Button
    t =    43.33s Find the "code-trace-start" Button
    t =    43.45s Find the "code-trace-start" Button
    t =    43.57s Tap "code-trace-start" Button
    t =    43.57s     Wait for com.zacrotech.NeuroForge to idle
    t =    43.57s     Find the "code-trace-start" Button
    t =    43.69s     Check for interrupting elements affecting "code-trace-start" Button
    t =    43.78s     Synthesize event
    t =    44.07s     Wait for com.zacrotech.NeuroForge to idle
    t =    44.08s Waiting 5.0s for "code-trace-state" Any to exist
    t =    45.08s     Checking `Expect predicate `existsNoRetry == 1` for object "code-trace-state" Any`
    t =    45.08s         Checking existence of `"code-trace-state" Any`
    t =    45.23s Get all elements bound by index for: Descendants matching type ScrollView
    t =    45.31s Find the ScrollView (Element at index 0)
    t =    45.39s Find the Target Application 'com.zacrotech.NeuroForge'
    t =    45.46s Checking existence of `Keyboard (First Match)`
    t =    45.47s Find the Keyboard (First Match)
    t =    45.49s Find the ScrollView at {{0.0, 154.5}, {375.0, 512.5}}
    t =    45.57s Find the ScrollView at {{0.0, 154.5}, {375.0, 512.5}}
    t =    45.64s Checking existence of `"code-trace-state" Any`
    t =    45.77s Find the "code-trace-state" Any
    t =    45.90s Checking existence of `"session-submit" Any`
    t =    46.03s Find the "session-submit" Any
    t =    46.15s Find the "session-submit" Button
    t =    46.29s Checking existence of `"session-next" Any`
    t =    46.42s Checking existence of `"code-trace-state" Other`
    t =    46.57s Find the "code-trace-state" Other
    t =    46.72s Checking existence of `"code-trace-state" Other`
    t =    46.86s Find the "code-trace-state" Other
    t =    47.00s Find the ScrollView at {{0.0, 154.5}, {375.0, 512.5}}
    t =    47.09s Checking existence of `"code-trace-state" Other`
    t =    47.22s Find the "code-trace-state" Other
    t =    47.34s Press Target Application 'com.zacrotech.NeuroForge'[0.00, 0.00] -> (187.5, 196.5) for 0.1 seconds, then drag to Target Application 'com.zacrotech.NeuroForge'[0.00, 0.00] -> (187.5, 298.5) with velocity of 250.00 pixels per second, and then hold for 0.2 seconds 
    t =    47.34s     Wait for com.zacrotech.NeuroForge to idle
    t =    47.34s     Find the Target Application 'com.zacrotech.NeuroForge'
    t =    47.42s     Check for interrupting elements affecting "NeuroForge" Application
    t =    47.50s     Synthesize event
    t =    47.50s         Find the Target Application 'com.zacrotech.NeuroForge'
    t =    47.57s         Find the Target Application 'com.zacrotech.NeuroForge'
    t =    47.64s         Find the Target Application 'com.zacrotech.NeuroForge'
    t =    47.71s         Find the Target Application 'com.zacrotech.NeuroForge'
    t =    47.78s         Find the Target Application 'com.zacrotech.NeuroForge'
    t =    48.76s     Wait for com.zacrotech.NeuroForge to idle
    t =    48.76s Get all elements bound by index for: Descendants matching type ScrollView
    t =    48.85s Find the ScrollView (Element at index 0)
    t =    48.94s Find the Target Application 'com.zacrotech.NeuroForge'
    t =    49.01s Checking existence of `Keyboard (First Match)`
    t =    49.02s Find the Keyboard (First Match)
    t =    49.05s Find the ScrollView at {{0.0, 154.5}, {375.0, 512.5}}
    t =    49.13s Find the ScrollView at {{0.0, 154.5}, {375.0, 512.5}}
    t =    49.21s Checking existence of `"code-trace-state" Other`
    t =    49.34s Find the "code-trace-state" Other
    t =    49.47s Checking existence of `"session-submit" Any`
    t =    49.60s Find the "session-submit" Any
    t =    49.74s Find the "session-submit" Button
    t =    49.87s Checking existence of `"session-next" Any`
    t =    50.00s Checking existence of `"code-trace-state" Other`
    t =    50.13s Find the "code-trace-state" Other
    t =    50.26s Find the "code-trace-state" Other
    t =    50.39s Checking existence of `"code-trace-state" Other`
    t =    50.52s Find the "code-trace-state" Other
    t =    50.65s Find the ScrollView at {{0.0, 154.5}, {375.0, 512.5}}
    t =    50.73s Checking existence of `"code-trace-state" Other`
    t =    50.86s Find the "code-trace-state" Other
    t =    50.98s Press Target Application 'com.zacrotech.NeuroForge'[0.00, 0.00] -> (187.5, 196.5) for 0.1 seconds, then drag to Target Application 'com.zacrotech.NeuroForge'[0.00, 0.00] -> (187.5, 294.5) with velocity of 250.00 pixels per second, and then hold for 0.2 seconds 
    t =    50.98s     Wait for com.zacrotech.NeuroForge to idle
    t =    50.99s     Find the Target Application 'com.zacrotech.NeuroForge'
    t =    51.06s     Check for interrupting elements affecting "NeuroForge" Application
    t =    51.14s     Synthesize event
    t =    51.14s         Find the Target Application 'com.zacrotech.NeuroForge'
    t =    51.21s         Find the Target Application 'com.zacrotech.NeuroForge'
    t =    51.28s         Find the Target Application 'com.zacrotech.NeuroForge'
    t =    51.35s         Find the Target Application 'com.zacrotech.NeuroForge'
    t =    51.42s         Find the Target Application 'com.zacrotech.NeuroForge'
    t =    52.37s     Wait for com.zacrotech.NeuroForge to idle
    t =    52.38s Get all elements bound by index for: Descendants matching type ScrollView
    t =    52.46s Find the ScrollView (Element at index 0)
    t =    52.55s Find the Target Application 'com.zacrotech.NeuroForge'
    t =    52.62s Checking existence of `Keyboard (First Match)`
    t =    52.63s Find the Keyboard (First Match)
    t =    52.65s Find the ScrollView at {{0.0, 154.5}, {375.0, 512.5}}
    t =    52.73s Find the ScrollView at {{0.0, 154.5}, {375.0, 512.5}}
    t =    52.81s Checking existence of `"code-trace-state" Other`
    t =    52.93s Find the "code-trace-state" Other
    t =    53.06s Checking existence of `"session-submit" Any`
    t =    53.19s Find the "session-submit" Any
    t =    53.32s Find the "session-submit" Button
    t =    53.45s Checking existence of `"session-next" Any`
    t =    53.58s Checking existence of `"code-trace-state" Other`
    t =    53.70s Find the "code-trace-state" Other
    t =    53.84s Find the "code-trace-state" Other
    t =    53.97s Checking existence of `"code-trace-state" Other`
    t =    54.09s Find the "code-trace-state" Other
    t =    54.22s Find the ScrollView at {{0.0, 154.5}, {375.0, 512.5}}
    t =    54.30s Checking existence of `"code-trace-state" Other`
    t =    54.42s Find the "code-trace-state" Other
    t =    54.55s Press Target Application 'com.zacrotech.NeuroForge'[0.00, 0.00] -> (187.5, 196.5) for 0.1 seconds, then drag to Target Application 'com.zacrotech.NeuroForge'[0.00, 0.00] -> (187.5, 212.5) with velocity of 250.00 pixels per second, and then hold for 0.2 seconds 
    t =    54.55s     Wait for com.zacrotech.NeuroForge to idle
    t =    54.55s     Find the Target Application 'com.zacrotech.NeuroForge'
    t =    54.62s     Check for interrupting elements affecting "NeuroForge" Application
    t =    54.71s     Synthesize event
    t =    54.71s         Find the Target Application 'com.zacrotech.NeuroForge'
    t =    54.77s         Find the Target Application 'com.zacrotech.NeuroForge'
    t =    54.84s         Find the Target Application 'com.zacrotech.NeuroForge'
    t =    54.91s         Find the Target Application 'com.zacrotech.NeuroForge'
    t =    54.98s         Find the Target Application 'com.zacrotech.NeuroForge'
    t =    55.62s     Wait for com.zacrotech.NeuroForge to idle
    t =    57.07s Get all elements bound by index for: Descendants matching type ScrollView
    t =    57.15s Find the ScrollView (Element at index 0)
    t =    57.24s Find the Target Application 'com.zacrotech.NeuroForge'
    t =    57.31s Checking existence of `Keyboard (First Match)`
    t =    57.32s Find the Keyboard (First Match)
    t =    57.34s Find the ScrollView at {{0.0, 154.5}, {375.0, 512.5}}
    t =    57.43s Find the ScrollView at {{0.0, 154.5}, {375.0, 512.5}}
    t =    57.51s Checking existence of `"code-trace-state" Other`
    t =    57.63s Find the "code-trace-state" Other
    t =    57.76s Checking existence of `"session-submit" Any`
    t =    57.89s Find the "session-submit" Any
    t =    58.04s Find the "session-submit" Button
    t =    58.17s Checking existence of `"session-next" Any`
    t =    58.30s Checking existence of `"code-trace-state" Other`
    t =    58.42s Find the "code-trace-state" Other
    t =    58.56s Find the "code-trace-state" Other
    t =    58.70s Find the "code-trace-state" Other
    t =    58.83s Checking existence of `"code-trace-state" Other`
    t =    58.96s Find the "code-trace-state" Other
    t =    59.09s Find the ScrollView at {{0.0, 154.5}, {375.0, 512.5}}
    t =    59.17s Checking existence of `"code-trace-state" Other`
    t =    59.31s Find the "code-trace-state" Other
    t =    59.43s Press Target Application 'com.zacrotech.NeuroForge'[0.00, 0.00] -> (187.5, 298.5) for 0.1 seconds, then drag to Target Application 'com.zacrotech.NeuroForge'[0.00, 0.00] -> (187.5, 230.0) with velocity of 250.00 pixels per second, and then hold for 0.2 seconds 
    t =    59.43s     Wait for com.zacrotech.NeuroForge to idle
    t =    59.43s     Find the Target Application 'com.zacrotech.NeuroForge'
    t =    59.50s     Check for interrupting elements affecting "NeuroForge" Application
    t =    59.59s     Synthesize event
    t =    59.59s         Find the Target Application 'com.zacrotech.NeuroForge'
    t =    59.67s         Find the Target Application 'com.zacrotech.NeuroForge'
    t =    59.73s         Find the Target Application 'com.zacrotech.NeuroForge'
    t =    59.80s         Find the Target Application 'com.zacrotech.NeuroForge'
    t =    59.87s         Find the Target Application 'com.zacrotech.NeuroForge'
    t =    60.72s     Wait for com.zacrotech.NeuroForge to idle
    t =    60.73s Get all elements bound by index for: Descendants matching type ScrollView
    t =    60.82s Find the ScrollView (Element at index 0)
    t =    60.91s Find the Target Application 'com.zacrotech.NeuroForge'
    t =    60.97s Checking existence of `Keyboard (First Match)`
    t =    60.99s Find the Keyboard (First Match)
    t =    61.01s Find the ScrollView at {{0.0, 154.5}, {375.0, 512.5}}
    t =    61.09s Find the ScrollView at {{0.0, 154.5}, {375.0, 512.5}}
    t =    61.16s Checking existence of `"code-trace-state" Other`
    t =    61.29s Find the "code-trace-state" Other
    t =    61.42s Checking existence of `"session-submit" Any`
    t =    61.54s Find the "session-submit" Any
    t =    61.66s Find the "session-submit" Button
    t =    61.79s Checking existence of `"session-next" Any`
    t =    61.93s Checking existence of `"code-trace-state" Other`
    t =    62.06s Find the "code-trace-state" Other
    t =    62.20s Find the "code-trace-state" Other
    t =    62.35s Find the "code-trace-state" Other
    t =    62.48s Checking existence of `"code-trace-state" Other`
    t =    62.61s Find the "code-trace-state" Other
    t =    62.74s Find the ScrollView at {{0.0, 154.5}, {375.0, 512.5}}
    t =    62.82s Checking existence of `"code-trace-state" Other`
    t =    62.94s Find the "code-trace-state" Other
    t =    63.07s Press Target Application 'com.zacrotech.NeuroForge'[0.00, 0.00] -> (187.5, 298.5) for 0.1 seconds, then drag to Target Application 'com.zacrotech.NeuroForge'[0.00, 0.00] -> (187.5, 282.5) with velocity of 250.00 pixels per second, and then hold for 0.2 seconds 
    t =    63.07s     Wait for com.zacrotech.NeuroForge to idle
    t =    63.07s     Find the Target Application 'com.zacrotech.NeuroForge'
    t =    63.14s     Check for interrupting elements affecting "NeuroForge" Application
    t =    63.22s     Synthesize event
    t =    63.23s         Find the Target Application 'com.zacrotech.NeuroForge'
    t =    63.29s         Find the Target Application 'com.zacrotech.NeuroForge'
    t =    63.36s         Find the Target Application 'com.zacrotech.NeuroForge'
    t =    63.42s         Find the Target Application 'com.zacrotech.NeuroForge'
    t =    63.49s         Find the Target Application 'com.zacrotech.NeuroForge'
    t =    64.13s     Wait for com.zacrotech.NeuroForge to idle
    t =    65.59s Get all elements bound by index for: Descendants matching type ScrollView
    t =    65.68s Find the ScrollView (Element at index 0)
    t =    65.77s Find the Target Application 'com.zacrotech.NeuroForge'
    t =    65.84s Checking existence of `Keyboard (First Match)`
    t =    65.85s Find the Keyboard (First Match)
    t =    65.87s Find the ScrollView at {{0.0, 154.5}, {375.0, 512.5}}
    t =    65.95s Find the ScrollView at {{0.0, 154.5}, {375.0, 512.5}}
    t =    66.03s Checking existence of `"code-trace-state" Other`
    t =    66.15s Find the "code-trace-state" Other
    t =    66.28s Checking existence of `"session-submit" Any`
    t =    66.40s Find the "session-submit" Any
    t =    66.53s Find the "session-submit" Button
    t =    66.66s Checking existence of `"session-next" Any`
    t =    66.79s Checking existence of `"code-trace-state" Other`
    t =    66.91s Find the "code-trace-state" Other
    t =    67.05s Find the "code-trace-state" Other
    t =    67.18s Checking existence of `"code-trace-state" Other`
    t =    67.31s Find the "code-trace-state" Other
    t =    67.44s Find the ScrollView at {{0.0, 154.5}, {375.0, 512.5}}
    t =    67.51s Checking existence of `"code-trace-state" Other`
    t =    67.63s Find the "code-trace-state" Other
    t =    67.76s Press Target Application 'com.zacrotech.NeuroForge'[0.00, 0.00] -> (187.5, 196.5) for 0.1 seconds, then drag to Target Application 'com.zacrotech.NeuroForge'[0.00, 0.00] -> (187.5, 265.5) with velocity of 250.00 pixels per second, and then hold for 0.2 seconds 
    t =    67.76s     Wait for com.zacrotech.NeuroForge to idle
    t =    67.77s     Find the Target Application 'com.zacrotech.NeuroForge'
    t =    67.83s     Check for interrupting elements affecting "NeuroForge" Application
    t =    67.92s     Synthesize event
    t =    67.92s         Find the Target Application 'com.zacrotech.NeuroForge'
    t =    67.99s         Find the Target Application 'com.zacrotech.NeuroForge'
    t =    68.06s         Find the Target Application 'com.zacrotech.NeuroForge'
    t =    68.12s         Find the Target Application 'com.zacrotech.NeuroForge'
    t =    68.19s         Find the Target Application 'com.zacrotech.NeuroForge'
    t =    69.03s     Wait for com.zacrotech.NeuroForge to idle
    t =    69.04s Get all elements bound by index for: Descendants matching type ScrollView
    t =    69.13s Find the ScrollView (Element at index 0)
    t =    69.22s Find the Target Application 'com.zacrotech.NeuroForge'
    t =    69.28s Checking existence of `Keyboard (First Match)`
    t =    69.29s Find the Keyboard (First Match)
    t =    69.31s Find the ScrollView at {{0.0, 154.5}, {375.0, 512.5}}
    t =    69.40s Find the ScrollView at {{0.0, 154.5}, {375.0, 512.5}}
    t =    69.50s Checking existence of `"code-trace-state" Other`
    t =    69.62s Find the "code-trace-state" Other
    t =    69.75s Checking existence of `"session-submit" Any`
    t =    69.88s Find the "session-submit" Any
    t =    70.02s Find the "session-submit" Button
    t =    70.15s Checking existence of `"session-next" Any`
    t =    70.28s Checking existence of `"code-trace-state" Other`
    t =    70.41s Find the "code-trace-state" Other
    t =    70.56s Find the "code-trace-state" Other
    t =    70.69s Checking existence of `"code-trace-state" Other`
    t =    70.82s Find the "code-trace-state" Other
    t =    70.96s Find the ScrollView at {{0.0, 154.5}, {375.0, 512.5}}
    t =    71.04s Checking existence of `"code-trace-state" Other`
    t =    71.18s Find the "code-trace-state" Other
    t =    71.31s Press Target Application 'com.zacrotech.NeuroForge'[0.00, 0.00] -> (187.5, 196.5) for 0.1 seconds, then drag to Target Application 'com.zacrotech.NeuroForge'[0.00, 0.00] -> (187.5, 212.5) with velocity of 250.00 pixels per second, and then hold for 0.2 seconds 
    t =    71.31s     Wait for com.zacrotech.NeuroForge to idle
    t =    71.31s     Find the Target Application 'com.zacrotech.NeuroForge'
    t =    71.39s     Check for interrupting elements affecting "NeuroForge" Application
    t =    71.48s     Synthesize event
    t =    71.48s         Find the Target Application 'com.zacrotech.NeuroForge'
    t =    71.55s         Find the Target Application 'com.zacrotech.NeuroForge'
    t =    71.62s         Find the Target Application 'com.zacrotech.NeuroForge'
    t =    71.69s         Find the Target Application 'com.zacrotech.NeuroForge'
    t =    71.76s         Find the Target Application 'com.zacrotech.NeuroForge'
    t =    72.39s     Wait for com.zacrotech.NeuroForge to idle
    t =    73.84s Get all elements bound by index for: Descendants matching type ScrollView
    t =    73.93s Find the ScrollView (Element at index 0)
    t =    74.01s Find the Target Application 'com.zacrotech.NeuroForge'
    t =    74.08s Checking existence of `Keyboard (First Match)`
    t =    74.10s Find the Keyboard (First Match)
    t =    74.12s Find the ScrollView at {{0.0, 154.5}, {375.0, 512.5}}
    t =    74.21s Find the ScrollView at {{0.0, 154.5}, {375.0, 512.5}}
    t =    74.30s Checking existence of `"code-trace-state" Other`
    t =    74.43s Find the "code-trace-state" Other
    t =    74.56s Checking existence of `"session-submit" Any`
    t =    74.68s Find the "session-submit" Any
    t =    74.81s Find the "session-submit" Button
    t =    74.94s Checking existence of `"session-next" Any`
    t =    75.08s Checking existence of `"code-trace-state" Other`
    t =    75.20s Find the "code-trace-state" Other
    t =    75.34s Find the "code-trace-state" Other
    t =    75.48s Find the "code-trace-state" Other
    t =    75.62s Checking existence of `"code-trace-state" Other`
    t =    75.75s Find the "code-trace-state" Other
    t =    75.89s Find the ScrollView at {{0.0, 154.5}, {375.0, 512.5}}
    t =    75.96s Checking existence of `"code-trace-state" Other`
    t =    76.09s Find the "code-trace-state" Other
    t =    76.22s Press Target Application 'com.zacrotech.NeuroForge'[0.00, 0.00] -> (187.5, 298.5) for 0.1 seconds, then drag to Target Application 'com.zacrotech.NeuroForge'[0.00, 0.00] -> (187.5, 230.0) with velocity of 250.00 pixels per second, and then hold for 0.2 seconds 
    t =    76.22s     Wait for com.zacrotech.NeuroForge to idle
    t =    76.23s     Find the Target Application 'com.zacrotech.NeuroForge'
    t =    76.30s     Check for interrupting elements affecting "NeuroForge" Application
    t =    76.39s     Synthesize event
    t =    76.40s         Find the Target Application 'com.zacrotech.NeuroForge'
    t =    76.47s         Find the Target Application 'com.zacrotech.NeuroForge'
    t =    76.55s         Find the Target Application 'com.zacrotech.NeuroForge'
    t =    76.62s         Find the Target Application 'com.zacrotech.NeuroForge'
    t =    76.70s         Find the Target Application 'com.zacrotech.NeuroForge'
    t =    77.57s     Wait for com.zacrotech.NeuroForge to idle
    t =    77.58s Get all elements bound by index for: Descendants matching type ScrollView
    t =    77.66s Find the ScrollView (Element at index 0)
    t =    77.75s Find the Target Application 'com.zacrotech.NeuroForge'
    t =    77.81s Checking existence of `Keyboard (First Match)`
    t =    77.83s Find the Keyboard (First Match)
    t =    77.85s Find the ScrollView at {{0.0, 154.5}, {375.0, 512.5}}
    t =    77.93s Find the ScrollView at {{0.0, 154.5}, {375.0, 512.5}}
    t =    78.01s Checking existence of `"code-trace-state" Other`
    t =    78.14s Find the "code-trace-state" Other
    t =    78.26s Checking existence of `"session-submit" Any`
    t =    78.39s Find the "session-submit" Any
    t =    78.52s Find the "session-submit" Button
    t =    78.65s Checking existence of `"session-next" Any`
    t =    78.78s Checking existence of `"code-trace-state" Other`
    t =    78.91s Find the "code-trace-state" Other
    t =    79.05s Find the "code-trace-state" Other
    t =    79.18s Find the "code-trace-state" Other
    t =    79.31s Checking existence of `"code-trace-state" Other`
    t =    79.44s Find the "code-trace-state" Other
    t =    79.58s Find the ScrollView at {{0.0, 154.5}, {375.0, 512.5}}
    t =    79.66s Checking existence of `"code-trace-state" Other`
    t =    79.78s Find the "code-trace-state" Other
    t =    79.91s Press Target Application 'com.zacrotech.NeuroForge'[0.00, 0.00] -> (187.5, 298.5) for 0.1 seconds, then drag to Target Application 'com.zacrotech.NeuroForge'[0.00, 0.00] -> (187.5, 282.5) with velocity of 250.00 pixels per second, and then hold for 0.2 seconds 
    t =    79.91s     Wait for com.zacrotech.NeuroForge to idle
    t =    79.91s     Find the Target Application 'com.zacrotech.NeuroForge'
    t =    79.98s     Check for interrupting elements affecting "NeuroForge" Application
    t =    80.07s     Synthesize event
    t =    80.07s         Find the Target Application 'com.zacrotech.NeuroForge'
    t =    80.14s         Find the Target Application 'com.zacrotech.NeuroForge'
    t =    80.21s         Find the Target Application 'com.zacrotech.NeuroForge'
    t =    80.27s         Find the Target Application 'com.zacrotech.NeuroForge'
    t =    80.34s         Find the Target Application 'com.zacrotech.NeuroForge'
    t =    80.98s     Wait for com.zacrotech.NeuroForge to idle
    t =    82.42s Get all elements bound by index for: Descendants matching type ScrollView
    t =    82.51s Find the ScrollView (Element at index 0)
    t =    82.60s Find the Target Application 'com.zacrotech.NeuroForge'
    t =    82.67s Checking existence of `Keyboard (First Match)`
    t =    82.68s Find the Keyboard (First Match)
    t =    82.70s Find the ScrollView at {{0.0, 154.5}, {375.0, 512.5}}
    t =    82.78s Find the ScrollView at {{0.0, 154.5}, {375.0, 512.5}}
    t =    82.86s Checking existence of `"code-trace-state" Other`
    t =    83.01s Find the "code-trace-state" Other
    t =    83.16s Checking existence of `"session-submit" Any`
    t =    83.29s Find the "session-submit" Any
    t =    83.43s Find the "session-submit" Button
    t =    83.58s Checking existence of `"session-next" Any`
    t =    83.72s Checking existence of `"code-trace-state" Other`
    t =    83.86s Find the "code-trace-state" Other
    t =    84.00s Find the "code-trace-state" Other
    t =    84.13s Checking existence of `"code-trace-state" Other`
    t =    84.26s Find the "code-trace-state" Other
    t =    84.39s Find the ScrollView at {{0.0, 154.5}, {375.0, 512.5}}
    t =    84.47s Checking existence of `"code-trace-state" Other`
    t =    84.61s Find the "code-trace-state" Other
    t =    84.74s Press Target Application 'com.zacrotech.NeuroForge'[0.00, 0.00] -> (187.5, 196.5) for 0.1 seconds, then drag to Target Application 'com.zacrotech.NeuroForge'[0.00, 0.00] -> (187.5, 265.0) with velocity of 250.00 pixels per second, and then hold for 0.2 seconds 
    t =    84.74s     Wait for com.zacrotech.NeuroForge to idle
    t =    84.74s     Find the Target Application 'com.zacrotech.NeuroForge'
    t =    84.82s     Check for interrupting elements affecting "NeuroForge" Application
    t =    84.91s     Synthesize event
    t =    84.91s         Find the Target Application 'com.zacrotech.NeuroForge'
    t =    84.98s         Find the Target Application 'com.zacrotech.NeuroForge'
    t =    85.05s         Find the Target Application 'com.zacrotech.NeuroForge'
    t =    85.12s         Find the Target Application 'com.zacrotech.NeuroForge'
    t =    85.19s         Find the Target Application 'com.zacrotech.NeuroForge'
    t =    86.03s     Wait for com.zacrotech.NeuroForge to idle
    t =    86.04s Get all elements bound by index for: Descendants matching type ScrollView
    t =    86.11s Find the ScrollView (Element at index 0)
    t =    86.21s Find the Target Application 'com.zacrotech.NeuroForge'
    t =    86.28s Checking existence of `Keyboard (First Match)`
    t =    86.29s Find the Keyboard (First Match)
    t =    86.31s Find the ScrollView at {{0.0, 154.5}, {375.0, 512.5}}
    t =    86.39s Find the ScrollView at {{0.0, 154.5}, {375.0, 512.5}}
    t =    86.47s Checking existence of `"code-trace-state" Other`
    t =    86.60s Find the "code-trace-state" Other
    t =    86.74s Checking existence of `"session-submit" Any`
    t =    86.90s Find the "session-submit" Any
    t =    87.04s Find the "session-submit" Button
    t =    87.18s Checking existence of `"session-next" Any`
    t =    87.30s Checking existence of `"code-trace-state" Other`
    t =    87.43s Find the "code-trace-state" Other
    t =    87.57s Find the "code-trace-state" Other
    t =    87.73s Checking existence of `"code-trace-state" Other`
    t =    87.86s Find the "code-trace-state" Other
    t =    88.00s Find the ScrollView at {{0.0, 154.5}, {375.0, 512.5}}
    t =    88.08s Checking existence of `"code-trace-state" Other`
    t =    88.21s Find the "code-trace-state" Other
    t =    88.34s Press Target Application 'com.zacrotech.NeuroForge'[0.00, 0.00] -> (187.5, 196.5) for 0.1 seconds, then drag to Target Application 'com.zacrotech.NeuroForge'[0.00, 0.00] -> (187.5, 212.5) with velocity of 250.00 pixels per second, and then hold for 0.2 seconds 
    t =    88.34s     Wait for com.zacrotech.NeuroForge to idle
    t =    88.34s     Find the Target Application 'com.zacrotech.NeuroForge'
    t =    88.43s     Check for interrupting elements affecting "NeuroForge" Application
    t =    88.66s     Synthesize event
    t =    88.67s         Find the Target Application 'com.zacrotech.NeuroForge'
    t =    88.74s         Find the Target Application 'com.zacrotech.NeuroForge'
    t =    88.81s         Find the Target Application 'com.zacrotech.NeuroForge'
    t =    88.88s         Find the Target Application 'com.zacrotech.NeuroForge'
    t =    88.95s         Find the Target Application 'com.zacrotech.NeuroForge'
    t =    89.59s     Wait for com.zacrotech.NeuroForge to idle
    t =    91.04s Get all elements bound by index for: Descendants matching type ScrollView
    t =    91.14s Find the ScrollView (Element at index 0)
    t =    91.23s Find the Target Application 'com.zacrotech.NeuroForge'
    t =    91.30s Checking existence of `Keyboard (First Match)`
    t =    91.31s Find the Keyboard (First Match)
    t =    91.33s Find the ScrollView at {{0.0, 154.5}, {375.0, 512.5}}
    t =    91.41s Find the ScrollView at {{0.0, 154.5}, {375.0, 512.5}}
    t =    91.49s Checking existence of `"code-trace-state" Other`
    t =    91.63s Find the "code-trace-state" Other
    t =    91.76s Checking existence of `"session-submit" Any`
    t =    91.89s Find the "session-submit" Any
    t =    92.02s Find the "session-submit" Button
    t =    92.15s Checking existence of `"session-next" Any`
    t =    92.27s Checking existence of `"code-trace-state" Other`
    t =    92.40s Find the "code-trace-state" Other
    t =    92.54s Find the "code-trace-state" Other
    t =    92.68s Find the "code-trace-state" Other
    t =    92.81s Checking existence of `"code-trace-state" Other`
    t =    92.94s Find the "code-trace-state" Other
    t =    93.07s Find the ScrollView at {{0.0, 154.5}, {375.0, 512.5}}
    t =    93.14s Checking existence of `"code-trace-state" Other`
    t =    93.27s Find the "code-trace-state" Other
    t =    93.40s Press Target Application 'com.zacrotech.NeuroForge'[0.00, 0.00] -> (187.5, 298.5) for 0.1 seconds, then drag to Target Application 'com.zacrotech.NeuroForge'[0.00, 0.00] -> (187.5, 230.0) with velocity of 250.00 pixels per second, and then hold for 0.2 seconds 
    t =    93.40s     Wait for com.zacrotech.NeuroForge to idle
    t =    93.40s     Find the Target Application 'com.zacrotech.NeuroForge'
    t =    93.47s     Check for interrupting elements affecting "NeuroForge" Application
    t =    93.56s     Synthesize event
    t =    93.56s         Find the Target Application 'com.zacrotech.NeuroForge'
    t =    93.63s         Find the Target Application 'com.zacrotech.NeuroForge'
    t =    93.70s         Find the Target Application 'com.zacrotech.NeuroForge'
    t =    93.76s         Find the Target Application 'com.zacrotech.NeuroForge'
    t =    93.83s         Find the Target Application 'com.zacrotech.NeuroForge'
    t =    94.69s     Wait for com.zacrotech.NeuroForge to idle
/Users/takamimarsh/Developer/Projects/Zacro Tech/NeuroForge/UITests/NavigationSmokeUITests.swift:726: error: -[NeuroForgeUITests.NavigationSmokeUITests testLogicStateInputsAndInvariantShowFeedbackAndAdvance] : XCTAssertTrue failed
    t =    95.37s Tear Down
Test Case '-[NeuroForgeUITests.NavigationSmokeUITests testLogicStateInputsAndInvariantShowFeedbackAndAdvance]' failed (95.739 seconds).
Test Case '-[NeuroForgeUITests.NavigationSmokeUITests testOrderedProofMoveRetainsSubmittedSequenceAndEndsAtFiniteCapacity]' started.
    t =     0.00s Start Test at 2026-09-05 12:05:07.403
    t =     0.04s Set Up
    t =     0.04s Open com.zacrotech.NeuroForge
    t =     0.04s     Launch com.zacrotech.NeuroForge
    t =     0.04s         Terminate com.zacrotech.NeuroForge:41916
2026-09-05 12:05:08.467 xcodebuild[41866:4766192] [MT] IDELaunchParametersSnapshot: The operation couldn’t be completed. (DebuggerLLDB.DebuggerVersionStore.StoreError error 0.)
2026-09-05 12:05:08.468 xcodebuild[41866:4766192] [MT] IDELaunchParametersSnapshot: no debugger version
    t =     1.48s         Setting up automation session
    t =     2.88s         Wait for com.zacrotech.NeuroForge to idle
    t =     6.14s Waiting 15.0s for "universal-session" Any to exist
    t =     7.16s     Checking `Expect predicate `existsNoRetry == 1` for object "universal-session" Any`
    t =     7.16s         Checking existence of `"universal-session" Any`
    t =     7.46s Waiting 3.0s for "session-resume" Any to exist
    t =     8.48s     Checking `Expect predicate `existsNoRetry == 1` for object "session-resume" Any`
    t =     8.48s         Checking existence of `"session-resume" Any`
    t =     8.61s         Capturing element debug description
    t =     9.51s     Checking `Expect predicate `existsNoRetry == 1` for object "session-resume" Any`
    t =     9.52s         Checking existence of `"session-resume" Any`
    t =     9.63s         Capturing element debug description
    t =    10.47s     Checking `Expect predicate `existsNoRetry == 1` for object "session-resume" Any`
    t =    10.47s         Checking existence of `"session-resume" Any`
    t =    10.59s         Capturing element debug description
    t =    10.59s     Checking existence of `"session-resume" Any`
    t =    10.69s Collecting debug information to assist test failure triage
    t =    10.69s     Requesting snapshot of accessibility hierarchy for app with pid 42467
    t =    10.82s Waiting 8.0s for "session-position" Any to exist
    t =    11.83s     Checking `Expect predicate `existsNoRetry == 1` for object "session-position" Any`
    t =    11.83s         Checking existence of `"session-position" Any`
    t =    11.94s Find the "session-position" Any
    t =    12.05s Waiting 8.0s for "session-prompt" Any to exist
    t =    13.05s     Checking `Expect predicate `existsNoRetry == 1` for object "session-prompt" Any`
    t =    13.05s         Checking existence of `"session-prompt" Any`
    t =    13.18s Find the "session-prompt" Any
    t =    13.31s Waiting 8.0s for Button (First Match) to exist
    t =    14.32s     Checking `Expect predicate `existsNoRetry == 1` for object Button (First Match)`
    t =    14.32s         Checking existence of `Button (First Match)`
    t =    14.38s Get all elements bound by index for: Descendants matching type ScrollView
    t =    14.45s Find the ScrollView (Element at index 0)
    t =    14.53s Find the Target Application 'com.zacrotech.NeuroForge'
    t =    14.59s Checking existence of `Keyboard (First Match)`
    t =    14.71s Find the ScrollView at {{0.0, 154.5}, {375.0, 512.5}}
    t =    14.77s Find the ScrollView at {{0.0, 154.5}, {375.0, 512.5}}
    t =    14.83s Checking existence of `Button (First Match)`
    t =    14.89s Find the Button (First Match)
    t =    14.95s Checking existence of `"session-submit" Any`
    t =    15.08s Find the "session-submit" Any
    t =    15.20s Find the "session-submit" Button
    t =    15.33s Checking existence of `"session-next" Any`
    t =    15.45s Checking existence of `"arrow.up" Button`
    t =    15.51s Find the "arrow.up" Button
    t =    15.58s Find the "arrow.up" Button
    t =    15.64s Find the "arrow.up" Button
    t =    15.72s Checking existence of `"arrow.up" Button`
    t =    15.78s Find the "arrow.up" Button
    t =    15.84s Find the ScrollView at {{0.0, 154.5}, {375.0, 512.5}}
    t =    15.92s Checking existence of `"arrow.up" Button`
    t =    15.98s Find the "arrow.up" Button
    t =    16.04s Press Target Application 'com.zacrotech.NeuroForge'[0.00, 0.00] -> (187.5, 506.5) for 0.1 seconds, then drag to Target Application 'com.zacrotech.NeuroForge'[0.00, 0.00] -> (187.5, 473.5) with velocity of 250.00 pixels per second, and then hold for 0.2 seconds 
    t =    16.04s     Wait for com.zacrotech.NeuroForge to idle
    t =    16.04s     Find the Target Application 'com.zacrotech.NeuroForge'
    t =    16.10s     Check for interrupting elements affecting "NeuroForge" Application
    t =    16.17s     Synthesize event
    t =    16.17s         Find the Target Application 'com.zacrotech.NeuroForge'
    t =    16.22s         Find the Target Application 'com.zacrotech.NeuroForge'
    t =    16.27s         Find the Target Application 'com.zacrotech.NeuroForge'
    t =    16.32s         Find the Target Application 'com.zacrotech.NeuroForge'
    t =    16.38s         Find the Target Application 'com.zacrotech.NeuroForge'
    t =    17.06s     Wait for com.zacrotech.NeuroForge to idle
    t =    17.07s Get all elements bound by index for: Descendants matching type ScrollView
    t =    17.15s Find the ScrollView (Element at index 0)
    t =    17.21s Find the Target Application 'com.zacrotech.NeuroForge'
    t =    17.27s Checking existence of `Keyboard (First Match)`
    t =    17.39s Find the ScrollView at {{0.0, 154.5}, {375.0, 512.5}}
    t =    17.45s Find the ScrollView at {{0.0, 154.5}, {375.0, 512.5}}
    t =    17.52s Checking existence of `"arrow.up" Button`
    t =    17.58s Find the "arrow.up" Button
    t =    17.65s Checking existence of `"session-submit" Any`
    t =    17.90s Find the "session-submit" Any
    t =    18.07s Find the "session-submit" Button
    t =    18.21s Checking existence of `"session-next" Any`
    t =    18.34s Checking existence of `"arrow.up" Button`
    t =    18.40s Find the "arrow.up" Button
    t =    18.47s Find the "arrow.up" Button
    t =    18.53s Find the "arrow.up" Button
    t =    18.60s Checking existence of `"arrow.up" Button`
    t =    18.66s Find the "arrow.up" Button
    t =    18.72s Find the ScrollView at {{0.0, 154.5}, {375.0, 512.5}}
    t =    18.79s Checking existence of `"arrow.up" Button`
    t =    18.84s Find the "arrow.up" Button
    t =    18.90s Press Target Application 'com.zacrotech.NeuroForge'[0.00, 0.00] -> (187.5, 506.5) for 0.1 seconds, then drag to Target Application 'com.zacrotech.NeuroForge'[0.00, 0.00] -> (187.5, 490.5) with velocity of 250.00 pixels per second, and then hold for 0.2 seconds 
    t =    18.90s     Wait for com.zacrotech.NeuroForge to idle
    t =    18.91s     Find the Target Application 'com.zacrotech.NeuroForge'
    t =    18.96s     Check for interrupting elements affecting "NeuroForge" Application
    t =    19.03s     Synthesize event
    t =    19.03s         Find the Target Application 'com.zacrotech.NeuroForge'
    t =    19.09s         Find the Target Application 'com.zacrotech.NeuroForge'
    t =    19.14s         Find the Target Application 'com.zacrotech.NeuroForge'
    t =    19.20s         Find the Target Application 'com.zacrotech.NeuroForge'
    t =    19.26s         Find the Target Application 'com.zacrotech.NeuroForge'
    t =    19.88s     Wait for com.zacrotech.NeuroForge to idle
    t =    21.34s Get all elements bound by index for: Descendants matching type ScrollView
    t =    21.41s Find the ScrollView (Element at index 0)
    t =    21.48s Find the Target Application 'com.zacrotech.NeuroForge'
    t =    21.53s Checking existence of `Keyboard (First Match)`
    t =    21.65s Find the ScrollView at {{0.0, 154.5}, {375.0, 512.5}}
    t =    21.72s Find the ScrollView at {{0.0, 154.5}, {375.0, 512.5}}
    t =    21.78s Checking existence of `"arrow.up" Button`
    t =    21.84s Find the "arrow.up" Button
    t =    21.91s Checking existence of `"session-submit" Any`
    t =    22.03s Find the "session-submit" Any
    t =    22.16s Find the "session-submit" Button
    t =    22.29s Checking existence of `"session-next" Any`
    t =    22.41s Checking existence of `"arrow.up" Button`
    t =    22.47s Find the "arrow.up" Button
    t =    22.54s Find the "arrow.up" Button
    t =    22.61s Find the "arrow.up" Button
    t =    22.67s Find the "arrow.up" Button
    t =    22.73s Find the "arrow.up" Button
    t =    22.79s Tap "arrow.up" Button
    t =    22.79s     Wait for com.zacrotech.NeuroForge to idle
    t =    22.79s     Find the "arrow.up" Button
    t =    22.85s     Check for interrupting elements affecting "arrow.up" Button
    t =    22.92s     Synthesize event
    t =    23.22s     Wait for com.zacrotech.NeuroForge to idle
    t =    24.23s Checking `Expect predicate `label != "Move step 2 up: Conclude the sum is even because it is twice an integer."` for object "arrow.up" Button`
    t =    24.23s     Find the "arrow.up" Button
    t =    24.30s Get all elements bound by index for: Descendants matching type ScrollView
    t =    24.36s Find the ScrollView (Element at index 0)
    t =    24.44s Find the Target Application 'com.zacrotech.NeuroForge'
    t =    24.50s Checking existence of `Keyboard (First Match)`
    t =    24.64s Find the ScrollView at {{0.0, 154.5}, {375.0, 512.5}}
    t =    24.73s Find the ScrollView at {{0.0, 154.5}, {375.0, 512.5}}
    t =    24.85s Checking existence of `"ordered-response-undo" Button`
    t =    25.02s Find the "ordered-response-undo" Button
    t =    25.16s Checking existence of `"session-submit" Any`
    t =    25.31s Find the "session-submit" Any
    t =    25.48s Find the "session-submit" Button
    t =    25.62s Checking existence of `"session-next" Any`
    t =    25.74s Checking existence of `"ordered-response-undo" Button`
    t =    25.86s Find the "ordered-response-undo" Button
    t =    26.01s Checking existence of `"ordered-response-undo" Button`
    t =    26.14s Find the "ordered-response-undo" Button
    t =    26.28s Find the ScrollView at {{0.0, 154.5}, {375.0, 512.5}}
    t =    26.34s Checking existence of `"ordered-response-undo" Button`
    t =    26.47s Find the "ordered-response-undo" Button
    t =    26.59s Press Target Application 'com.zacrotech.NeuroForge'[0.00, 0.00] -> (187.5, 506.5) for 0.1 seconds, then drag to Target Application 'com.zacrotech.NeuroForge'[0.00, 0.00] -> (187.5, 251.5) with velocity of 250.00 pixels per second, and then hold for 0.2 seconds 
    t =    26.59s     Wait for com.zacrotech.NeuroForge to idle
    t =    26.59s     Find the Target Application 'com.zacrotech.NeuroForge'
    t =    26.65s     Check for interrupting elements affecting "NeuroForge" Application
    t =    26.73s     Synthesize event
    t =    26.73s         Find the Target Application 'com.zacrotech.NeuroForge'
    t =    26.80s         Find the Target Application 'com.zacrotech.NeuroForge'
    t =    26.87s         Find the Target Application 'com.zacrotech.NeuroForge'
    t =    26.93s         Find the Target Application 'com.zacrotech.NeuroForge'
    t =    26.99s         Find the Target Application 'com.zacrotech.NeuroForge'
    t =    28.58s     Wait for com.zacrotech.NeuroForge to idle
    t =    28.59s Get all elements bound by index for: Descendants matching type ScrollView
    t =    28.67s Find the ScrollView (Element at index 0)
    t =    28.74s Find the Target Application 'com.zacrotech.NeuroForge'
    t =    28.80s Checking existence of `Keyboard (First Match)`
    t =    28.95s Find the ScrollView at {{0.0, 154.5}, {375.0, 512.5}}
    t =    29.03s Find the ScrollView at {{0.0, 154.5}, {375.0, 512.5}}
    t =    29.09s Checking existence of `"ordered-response-undo" Button`
    t =    29.23s Find the "ordered-response-undo" Button
    t =    29.36s Checking existence of `"session-submit" Any`
    t =    29.48s Find the "session-submit" Any
    t =    29.62s Find the "session-submit" Button
    t =    29.75s Checking existence of `"session-next" Any`
    t =    29.88s Checking existence of `"ordered-response-undo" Button`
    t =    30.01s Find the "ordered-response-undo" Button
    t =    30.18s Find the "ordered-response-undo" Button
    t =    30.32s Find the "ordered-response-undo" Button
    t =    30.47s Checking existence of `"ordered-response-undo" Button`
    t =    30.60s Find the "ordered-response-undo" Button
    t =    30.73s Find the ScrollView at {{0.0, 154.5}, {375.0, 512.5}}
    t =    30.80s Checking existence of `"ordered-response-undo" Button`
    t =    30.92s Find the "ordered-response-undo" Button
    t =    31.05s Press Target Application 'com.zacrotech.NeuroForge'[0.00, 0.00] -> (187.5, 506.5) for 0.1 seconds, then drag to Target Application 'com.zacrotech.NeuroForge'[0.00, 0.00] -> (187.5, 490.5) with velocity of 250.00 pixels per second, and then hold for 0.2 seconds 
    t =    31.05s     Wait for com.zacrotech.NeuroForge to idle
    t =    31.05s     Find the Target Application 'com.zacrotech.NeuroForge'
    t =    31.11s     Check for interrupting elements affecting "NeuroForge" Application
    t =    31.24s     Synthesize event
    t =    31.24s         Find the Target Application 'com.zacrotech.NeuroForge'
    t =    31.30s         Find the Target Application 'com.zacrotech.NeuroForge'
    t =    31.35s         Find the Target Application 'com.zacrotech.NeuroForge'
    t =    31.41s         Find the Target Application 'com.zacrotech.NeuroForge'
    t =    31.46s         Find the Target Application 'com.zacrotech.NeuroForge'
    t =    32.09s     Wait for com.zacrotech.NeuroForge to idle
    t =    33.55s Get all elements bound by index for: Descendants matching type ScrollView
    t =    33.62s Find the ScrollView (Element at index 0)
    t =    33.69s Find the Target Application 'com.zacrotech.NeuroForge'
    t =    33.75s Checking existence of `Keyboard (First Match)`
    t =    33.87s Find the ScrollView at {{0.0, 154.5}, {375.0, 512.5}}
    t =    33.94s Find the ScrollView at {{0.0, 154.5}, {375.0, 512.5}}
    t =    34.00s Checking existence of `"ordered-response-undo" Button`
    t =    34.13s Find the "ordered-response-undo" Button
    t =    34.26s Checking existence of `"session-submit" Any`
    t =    34.39s Find the "session-submit" Any
    t =    34.53s Find the "session-submit" Button
    t =    34.66s Checking existence of `"session-next" Any`
    t =    34.80s Checking existence of `"ordered-response-undo" Button`
    t =    34.92s Find the "ordered-response-undo" Button
    t =    35.05s Find the "ordered-response-undo" Button
    t =    35.18s Find the "ordered-response-undo" Button
    t =    35.31s Find the "ordered-response-undo" Button
    t =    35.44s Tap "ordered-response-undo" Button
    t =    35.44s     Wait for com.zacrotech.NeuroForge to idle
    t =    35.44s     Find the "ordered-response-undo" Button
    t =    35.56s     Check for interrupting elements affecting "ordered-response-undo" Button
    t =    35.64s     Synthesize event
    t =    35.93s     Wait for com.zacrotech.NeuroForge to idle
    t =    36.08s Get all elements bound by index for: Descendants matching type ScrollView
    t =    36.16s Find the ScrollView (Element at index 0)
    t =    36.23s Find the Target Application 'com.zacrotech.NeuroForge'
    t =    36.32s Checking existence of `Keyboard (First Match)`
    t =    36.46s Find the ScrollView at {{0.0, 154.5}, {375.0, 512.5}}
    t =    36.53s Find the ScrollView at {{0.0, 154.5}, {375.0, 512.5}}
    t =    36.75s Checking existence of `"arrow.up" Button`
    t =    36.82s Find the "arrow.up" Button
    t =    36.87s Checking existence of `"session-submit" Any`
    t =    37.00s Find the "session-submit" Any
    t =    37.13s Find the "session-submit" Button
    t =    37.25s Checking existence of `"session-next" Any`
    t =    37.41s Checking existence of `"arrow.up" Button`
    t =    37.47s Find the "arrow.up" Button
    t =    37.54s Checking existence of `"arrow.up" Button`
    t =    37.60s Find the "arrow.up" Button
    t =    37.67s Find the ScrollView at {{0.0, 154.5}, {375.0, 512.5}}
    t =    37.74s Checking existence of `"arrow.up" Button`
    t =    37.80s Find the "arrow.up" Button
    t =    37.86s Press Target Application 'com.zacrotech.NeuroForge'[0.00, 0.00] -> (187.5, 248.5) for 0.1 seconds, then drag to Target Application 'com.zacrotech.NeuroForge'[0.00, 0.00] -> (187.5, 383.5) with velocity of 250.00 pixels per second, and then hold for 0.2 seconds 
    t =    37.86s     Wait for com.zacrotech.NeuroForge to idle
    t =    37.86s     Find the Target Application 'com.zacrotech.NeuroForge'
    t =    37.92s     Check for interrupting elements affecting "NeuroForge" Application
    t =    37.99s     Synthesize event
    t =    37.99s         Find the Target Application 'com.zacrotech.NeuroForge'
    t =    38.04s         Find the Target Application 'com.zacrotech.NeuroForge'
    t =    38.10s         Find the Target Application 'com.zacrotech.NeuroForge'
    t =    38.16s         Find the Target Application 'com.zacrotech.NeuroForge'
    t =    38.21s         Find the Target Application 'com.zacrotech.NeuroForge'
    t =    39.31s     Wait for com.zacrotech.NeuroForge to idle
    t =    39.32s Get all elements bound by index for: Descendants matching type ScrollView
    t =    39.39s Find the ScrollView (Element at index 0)
    t =    39.46s Find the Target Application 'com.zacrotech.NeuroForge'
    t =    39.52s Checking existence of `Keyboard (First Match)`
    t =    39.64s Find the ScrollView at {{0.0, 154.5}, {375.0, 512.5}}
    t =    39.71s Find the ScrollView at {{0.0, 154.5}, {375.0, 512.5}}
    t =    39.77s Checking existence of `"arrow.up" Button`
    t =    39.83s Find the "arrow.up" Button
    t =    39.89s Checking existence of `"session-submit" Any`
    t =    40.01s Find the "session-submit" Any
    t =    40.14s Find the "session-submit" Button
    t =    40.26s Checking existence of `"session-next" Any`
    t =    40.39s Checking existence of `"arrow.up" Button`
    t =    40.45s Find the "arrow.up" Button
    t =    40.52s Find the "arrow.up" Button
    t =    40.58s Checking existence of `"arrow.up" Button`
    t =    40.64s Find the "arrow.up" Button
    t =    40.71s Find the ScrollView at {{0.0, 154.5}, {375.0, 512.5}}
    t =    40.77s Checking existence of `"arrow.up" Button`
    t =    40.83s Find the "arrow.up" Button
    t =    40.89s Press Target Application 'com.zacrotech.NeuroForge'[0.00, 0.00] -> (187.5, 248.5) for 0.1 seconds, then drag to Target Application 'com.zacrotech.NeuroForge'[0.00, 0.00] -> (187.5, 264.5) with velocity of 250.00 pixels per second, and then hold for 0.2 seconds 
    t =    40.89s     Wait for com.zacrotech.NeuroForge to idle
    t =    40.89s     Find the Target Application 'com.zacrotech.NeuroForge'
    t =    40.95s     Check for interrupting elements affecting "NeuroForge" Application
    t =    41.02s     Synthesize event
    t =    41.02s         Find the Target Application 'com.zacrotech.NeuroForge'
    t =    41.08s         Find the Target Application 'com.zacrotech.NeuroForge'
    t =    41.14s         Find the Target Application 'com.zacrotech.NeuroForge'
    t =    41.20s         Find the Target Application 'com.zacrotech.NeuroForge'
    t =    41.26s         Find the Target Application 'com.zacrotech.NeuroForge'
    t =    41.88s     Wait for com.zacrotech.NeuroForge to idle
    t =    43.33s Get all elements bound by index for: Descendants matching type ScrollView
    t =    43.41s Find the ScrollView (Element at index 0)
    t =    43.48s Find the Target Application 'com.zacrotech.NeuroForge'
    t =    43.53s Checking existence of `Keyboard (First Match)`
    t =    43.65s Find the ScrollView at {{0.0, 154.5}, {375.0, 512.5}}
    t =    43.72s Find the ScrollView at {{0.0, 154.5}, {375.0, 512.5}}
    t =    43.79s Checking existence of `"arrow.up" Button`
    t =    43.85s Find the "arrow.up" Button
    t =    43.91s Checking existence of `"session-submit" Any`
    t =    44.04s Find the "session-submit" Any
    t =    44.17s Find the "session-submit" Button
    t =    44.29s Checking existence of `"session-next" Any`
    t =    44.42s Checking existence of `"arrow.up" Button`
    t =    44.48s Find the "arrow.up" Button
    t =    44.55s Find the "arrow.up" Button
    t =    44.61s Find the "arrow.up" Button
    t =    44.68s Find the "arrow.up" Button
    t =    44.74s Tap "arrow.up" Button
    t =    44.74s     Wait for com.zacrotech.NeuroForge to idle
    t =    44.74s     Find the "arrow.up" Button
    t =    44.80s     Check for interrupting elements affecting "arrow.up" Button
    t =    44.87s     Synthesize event
    t =    45.17s     Wait for com.zacrotech.NeuroForge to idle
    t =    46.18s Checking `Expect predicate `label != "Move step 2 up: Conclude the sum is even because it is twice an integer."` for object "arrow.up" Button`
    t =    46.18s     Find the "arrow.up" Button
    t =    46.25s Get all elements bound by index for: Descendants matching type TextField
    t =    46.30s Get all elements bound by index for: Descendants matching type TextView
    t =    46.37s Waiting 8.0s for "session-submit" Any to exist
    t =    47.38s     Checking `Expect predicate `existsNoRetry == 1` for object "session-submit" Any`
    t =    47.39s         Checking existence of `"session-submit" Any`
    t =    47.53s Get all elements bound by index for: Descendants matching type ScrollView
    t =    47.60s Find the ScrollView (Element at index 0)
    t =    47.66s Find the Target Application 'com.zacrotech.NeuroForge'
    t =    47.73s Checking existence of `Keyboard (First Match)`
    t =    47.86s Find the ScrollView at {{0.0, 154.5}, {375.0, 512.5}}
    t =    47.95s Find the ScrollView at {{0.0, 154.5}, {375.0, 512.5}}
    t =    48.04s Checking existence of `"session-submit" Any`
    t =    48.19s Find the "session-submit" Any
    t =    48.38s Checking existence of `"session-submit" Button`
    t =    48.54s Find the "session-submit" Button
    t =    48.79s Find the "session-submit" Button
    t =    48.96s Find the "session-submit" Button
    t =    50.13s Checking `Expect predicate `enabled == 1` for object "session-submit" Button`
    t =    50.13s     Find the "session-submit" Button
    t =    50.27s Tap "session-submit" Button
    t =    50.27s     Wait for com.zacrotech.NeuroForge to idle
    t =    50.28s     Find the "session-submit" Button
    t =    50.40s     Check for interrupting elements affecting "session-submit" Button
    t =    50.48s     Synthesize event
    t =    50.79s     Wait for com.zacrotech.NeuroForge to idle
    t =    51.30s Waiting 8.0s for "session-next" Any to exist
    t =    52.31s     Checking `Expect predicate `existsNoRetry == 1` for object "session-next" Any`
    t =    52.32s         Checking existence of `"session-next" Any`
    t =    52.45s Find the "session-position" ProgressIndicator
    t =    52.57s Find the "session-prompt" Any
    t =    52.73s Checking existence of `"Your answer" StaticText`
    t =    52.87s Waiting 8.0s for "session-feedback-title" Any to exist
    t =    53.88s     Checking `Expect predicate `existsNoRetry == 1` for object "session-feedback-title" Any`
    t =    53.89s         Checking existence of `"session-feedback-title" Any`
    t =    54.03s Get all elements bound by index for: Descendants matching type ScrollView
    t =    54.10s Find the ScrollView (Element at index 0)
    t =    54.20s Find the Target Application 'com.zacrotech.NeuroForge'
    t =    54.25s Checking existence of `Keyboard (First Match)`
    t =    54.37s Find the ScrollView at {{0.0, 154.5}, {375.0, 512.5}}
    t =    54.44s Find the ScrollView at {{0.0, 154.5}, {375.0, 512.5}}
    t =    54.50s Checking existence of `"session-feedback-title" Any`
    t =    54.63s Find the "session-feedback-title" Any
    t =    54.75s Checking existence of `"session-submit" Any`
    t =    54.87s Checking existence of `"session-next" Any`
    t =    54.99s Find the "session-next" Any
    t =    55.11s Find the "session-next" Button
    t =    55.24s Checking existence of `"session-feedback-title" StaticText`
    t =    55.37s Find the "session-feedback-title" StaticText
    t =    55.51s Find the "session-feedback-title" StaticText
    t =    55.65s Checking existence of `"session-feedback-title" StaticText`
    t =    55.76s Find the "session-feedback-title" StaticText
    t =    55.89s Find the ScrollView at {{0.0, 154.5}, {375.0, 512.5}}
    t =    55.95s Checking existence of `"session-feedback-title" StaticText`
    t =    56.07s Find the "session-feedback-title" StaticText
    t =    56.19s Press Target Application 'com.zacrotech.NeuroForge'[0.00, 0.00] -> (187.5, 248.5) for 0.1 seconds, then drag to Target Application 'com.zacrotech.NeuroForge'[0.00, 0.00] -> (187.5, 264.5) with velocity of 250.00 pixels per second, and then hold for 0.2 seconds 
    t =    56.19s     Wait for com.zacrotech.NeuroForge to idle
    t =    56.19s     Find the Target Application 'com.zacrotech.NeuroForge'
    t =    56.25s     Check for interrupting elements affecting "NeuroForge" Application
    t =    56.36s     Synthesize event
    t =    56.36s         Find the Target Application 'com.zacrotech.NeuroForge'
    t =    56.42s         Find the Target Application 'com.zacrotech.NeuroForge'
    t =    56.47s         Find the Target Application 'com.zacrotech.NeuroForge'
    t =    56.53s         Find the Target Application 'com.zacrotech.NeuroForge'
    t =    56.58s         Find the Target Application 'com.zacrotech.NeuroForge'
    t =    57.21s     Wait for com.zacrotech.NeuroForge to idle
    t =    58.66s Get all elements bound by index for: Descendants matching type ScrollView
    t =    58.75s Find the ScrollView (Element at index 0)
    t =    58.83s Find the Target Application 'com.zacrotech.NeuroForge'
    t =    58.88s Checking existence of `Keyboard (First Match)`
    t =    59.01s Find the ScrollView at {{0.0, 154.5}, {375.0, 512.5}}
    t =    59.08s Find the ScrollView at {{0.0, 154.5}, {375.0, 512.5}}
    t =    59.14s Checking existence of `"session-feedback-title" StaticText`
    t =    59.28s Find the "session-feedback-title" StaticText
    t =    59.40s Checking existence of `"session-submit" Any`
    t =    59.53s Checking existence of `"session-next" Any`
    t =    59.67s Find the "session-next" Any
    t =    59.81s Find the "session-next" Button
    t =    59.95s Checking existence of `"session-feedback-title" StaticText`
    t =    60.08s Find the "session-feedback-title" StaticText
    t =    60.36s Find the "session-feedback-title" StaticText
    t =    60.51s Find the "session-feedback-title" StaticText
    t =    60.64s Find the "session-feedback-title" StaticText
    t =    60.78s Find the "session-feedback-title" StaticText
    t =    60.90s Get all elements bound by index for: Descendants matching type ScrollView
    t =    60.96s Find the ScrollView (Element at index 0)
    t =    61.03s Find the Target Application 'com.zacrotech.NeuroForge'
    t =    61.08s Checking existence of `Keyboard (First Match)`
    t =    61.20s Find the ScrollView at {{0.0, 154.5}, {375.0, 512.5}}
    t =    61.27s Find the ScrollView at {{0.0, 154.5}, {375.0, 512.5}}
    t =    61.33s Checking existence of `"session-next" Any`
    t =    61.45s Find the "session-next" Any
    t =    61.59s Checking existence of `"session-next" Button`
    t =    61.72s Find the "session-next" Button
    t =    61.86s Find the "session-next" Button
    t =    61.99s Find the "session-next" Button
    t =    62.12s Find the "session-next" Button
    t =    62.24s Find the Target Application 'com.zacrotech.NeuroForge'
    t =    62.58s Added attachment named 'lab-response-feedback-logic.proof-builder-en'
    t =    62.59s Press "session-next" Button for 0.1 seconds
    t =    62.59s     Wait for com.zacrotech.NeuroForge to idle
    t =    62.59s     Find the "session-next" Button
    t =    62.71s     Check for interrupting elements affecting "session-next" Button
    t =    62.79s     Synthesize event
    t =    63.17s     Wait for com.zacrotech.NeuroForge to idle
    t =    63.24s Waiting 8.0s for "session-next-unavailable" Any to exist
    t =    64.26s     Checking `Expect predicate `existsNoRetry == 1` for object "session-next-unavailable" Any`
    t =    64.26s         Checking existence of `"session-next-unavailable" Any`
    t =    64.41s Find the "session-next-unavailable" Any
    t =    64.54s Find the "session-position" ProgressIndicator
    t =    64.67s Find the "session-prompt" Any
    t =    64.80s Find the "session-feedback-title" StaticText
    t =    64.93s Find the "session-next" Button
    t =    65.06s Checking existence of `Alert (First Match)`
    t =    65.18s Checking existence of `"Save interrupted" Alert`
    t =    65.30s Get all elements bound by index for: Descendants matching type ScrollView
    t =    65.37s Find the ScrollView (Element at index 0)
    t =    65.44s Find the Target Application 'com.zacrotech.NeuroForge'
    t =    65.50s Checking existence of `Keyboard (First Match)`
    t =    65.63s Find the ScrollView at {{0.0, 154.5}, {375.0, 512.5}}
    t =    65.70s Find the ScrollView at {{0.0, 154.5}, {375.0, 512.5}}
    t =    65.77s Checking existence of `"session-next-unavailable" StaticText`
    t =    65.90s Find the "session-next-unavailable" StaticText
    t =    66.03s Checking existence of `"session-submit" Any`
    t =    66.19s Checking existence of `"session-next" Any`
    t =    66.33s Find the "session-next" Any
    t =    66.47s Find the "session-next" Button
    t =    66.61s Checking existence of `"session-next-unavailable" StaticText`
    t =    66.74s Find the "session-next-unavailable" StaticText
    t =    66.88s Find the "session-next-unavailable" StaticText
    t =    67.02s Find the "session-next-unavailable" StaticText
    t =    67.15s Get all elements bound by index for: Descendants matching type ScrollView
    t =    67.21s Find the ScrollView (Element at index 0)
    t =    67.29s Find the Target Application 'com.zacrotech.NeuroForge'
    t =    67.35s Checking existence of `Keyboard (First Match)`
    t =    67.47s Find the ScrollView at {{0.0, 154.5}, {375.0, 512.5}}
    t =    67.54s Find the ScrollView at {{0.0, 154.5}, {375.0, 512.5}}
    t =    67.60s Checking existence of `"session-end-unavailable" Any`
    t =    67.74s Find the "session-end-unavailable" Any
    t =    67.87s Checking existence of `"session-end-unavailable" Button`
    t =    68.00s Find the "session-end-unavailable" Button
    t =    68.14s Find the "session-end-unavailable" Button
    t =    68.28s Find the "session-end-unavailable" Button
    t =    68.42s Find the "session-end-unavailable" Button
    t =    68.56s Find the "session-end-unavailable" Button
    t =    68.68s Find the Target Application 'com.zacrotech.NeuroForge'
    t =    68.86s Added attachment named 'finite-capacity-retains-feedback-logic.proof-builder-en'
    t =    68.86s Tap "session-end-unavailable" Button
    t =    68.86s     Wait for com.zacrotech.NeuroForge to idle
    t =    68.86s     Find the "session-end-unavailable" Button
    t =    69.00s     Check for interrupting elements affecting "session-end-unavailable" Button
    t =    69.08s     Synthesize event
    t =    69.38s     Wait for com.zacrotech.NeuroForge to idle
    t =    69.74s Waiting 8.0s for "Ended after 1 of 5 questions" StaticText to exist
    t =    70.75s     Checking `Expect predicate `existsNoRetry == 1` for object "Ended after 1 of 5 questions" StaticText`
    t =    70.75s         Checking existence of `"Ended after 1 of 5 questions" StaticText`
    t =    70.85s Terminate com.zacrotech.NeuroForge:42467
    t =    71.92s Tear Down
Test Case '-[NeuroForgeUITests.NavigationSmokeUITests testOrderedProofMoveRetainsSubmittedSequenceAndEndsAtFiniteCapacity]' passed (71.991 seconds).
Test Case '-[NeuroForgeUITests.NavigationSmokeUITests testQuantitativeNumberAndUnitShowFeedbackAndAdvance]' started.
    t =     0.00s Start Test at 2026-09-05 12:06:19.396
    t =     0.05s Set Up
    t =     0.05s Open com.zacrotech.NeuroForge
    t =     0.05s     Launch com.zacrotech.NeuroForge
2026-09-05 12:06:19.480 xcodebuild[41866:4766192] [MT] IDELaunchParametersSnapshot: The operation couldn’t be completed. (DebuggerLLDB.DebuggerVersionStore.StoreError error 0.)
2026-09-05 12:06:19.481 xcodebuild[41866:4766192] [MT] IDELaunchParametersSnapshot: no debugger version
    t =     0.71s         Setting up automation session
    t =     2.29s         Wait for com.zacrotech.NeuroForge to idle
    t =     7.68s Waiting 15.0s for "universal-session" Any to exist
    t =     8.70s     Checking `Expect predicate `existsNoRetry == 1` for object "universal-session" Any`
    t =     8.70s         Checking existence of `"universal-session" Any`
    t =     9.19s Waiting 3.0s for "session-resume" Any to exist
    t =    10.21s     Checking `Expect predicate `existsNoRetry == 1` for object "session-resume" Any`
    t =    10.21s         Checking existence of `"session-resume" Any`
    t =    10.33s         Capturing element debug description
    t =    11.23s     Checking `Expect predicate `existsNoRetry == 1` for object "session-resume" Any`
    t =    11.23s         Checking existence of `"session-resume" Any`
    t =    11.35s         Capturing element debug description
    t =    12.19s     Checking `Expect predicate `existsNoRetry == 1` for object "session-resume" Any`
    t =    12.19s         Checking existence of `"session-resume" Any`
    t =    12.30s         Capturing element debug description
    t =    12.30s     Checking existence of `"session-resume" Any`
    t =    12.41s Collecting debug information to assist test failure triage
    t =    12.41s     Requesting snapshot of accessibility hierarchy for app with pid 42880
    t =    12.56s Waiting 8.0s for "session-position" Any to exist
    t =    13.57s     Checking `Expect predicate `existsNoRetry == 1` for object "session-position" Any`
    t =    13.58s         Checking existence of `"session-position" Any`
    t =    13.70s Find the "session-position" Any
    t =    13.82s Waiting 8.0s for "session-prompt" Any to exist
    t =    14.84s     Checking `Expect predicate `existsNoRetry == 1` for object "session-prompt" Any`
    t =    14.84s         Checking existence of `"session-prompt" Any`
    t =    14.98s Find the "session-prompt" Any
    t =    15.09s Waiting 8.0s for "session-numeric-answer" Any to exist
    t =    16.10s     Checking `Expect predicate `existsNoRetry == 1` for object "session-numeric-answer" Any`
    t =    16.11s         Checking existence of `"session-numeric-answer" Any`
    t =    16.24s Checking existence of `"session-numeric-answer" Any`
    t =    16.35s Find the "session-numeric-answer" Any
    t =    16.50s Get all elements bound by index for: Descendants matching type ScrollView
    t =    16.56s Find the ScrollView (Element at index 0)
    t =    16.65s Swipe up ScrollView at {{0.0, 154.5}, {375.0, 512.5}}
    t =    16.65s     Wait for com.zacrotech.NeuroForge to idle
    t =    16.66s     Find the ScrollView at {{0.0, 154.5}, {375.0, 512.5}}
    t =    16.73s     Check for interrupting elements affecting ScrollView
    t =    16.91s     Synthesize event
    t =    17.39s     Wait for com.zacrotech.NeuroForge to idle
    t =    19.51s Checking existence of `"session-numeric-answer" TextField`
    t =    19.63s Find the "session-numeric-answer" TextField
    t =    19.77s Find the "session-numeric-answer" TextField
    t =    19.88s Tap "session-numeric-answer" TextField
    t =    19.88s     Wait for com.zacrotech.NeuroForge to idle
    t =    19.89s     Find the "session-numeric-answer" TextField
    t =    20.00s     Check for interrupting elements affecting "session-numeric-answer" TextField
    t =    20.09s     Synthesize event
    t =    20.40s     Wait for com.zacrotech.NeuroForge to idle
    t =    21.06s Find the "session-numeric-answer" TextField
    t =    21.19s Type '67.2' into "session-numeric-answer" TextField
    t =    21.19s     Wait for com.zacrotech.NeuroForge to idle
    t =    22.26s     Find the "session-numeric-answer" TextField
    t =    22.39s     Check for interrupting elements affecting "session-numeric-answer" TextField
    t =    22.48s     Synthesize event
    t =    22.75s     Wait for com.zacrotech.NeuroForge to idle
    t =    23.76s Checking `Expect predicate `value == "67.2"` for object "session-numeric-answer" TextField`
    t =    23.76s     Find the "session-numeric-answer" TextField
    t =    23.90s Checking existence of `"session-submit" Any`
    t =    24.02s Find the "session-submit" Any
    t =    24.15s Get all elements bound by index for: Descendants matching type ScrollView
    t =    24.22s Find the ScrollView (Element at index 0)
    t =    24.30s Find the Target Application 'com.zacrotech.NeuroForge'
    t =    24.36s Checking existence of `Keyboard (First Match)`
    t =    24.38s Find the Keyboard (First Match)
    t =    24.40s Find the ScrollView at {{0.0, 154.5}, {375.0, 512.5}}
    t =    24.47s Find the ScrollView at {{0.0, 154.5}, {375.0, 512.5}}
    t =    24.54s Checking existence of `"session-data-inspection" Button`
    t =    24.65s Find the "session-data-inspection" Button
    t =    24.77s Checking existence of `"session-submit" Any`
    t =    24.88s Find the "session-submit" Any
    t =    25.01s Find the "session-submit" Button
    t =    25.13s Checking existence of `"session-next" Any`
    t =    25.26s Checking existence of `"session-data-inspection" Button`
    t =    25.37s Find the "session-data-inspection" Button
    t =    25.49s Checking existence of `"session-data-inspection" Button`
    t =    25.60s Find the "session-data-inspection" Button
    t =    25.72s Find the ScrollView at {{0.0, 154.5}, {375.0, 512.5}}
    t =    25.80s Checking existence of `"session-data-inspection" Button`
    t =    25.90s Find the "session-data-inspection" Button
    t =    26.02s Press Target Application 'com.zacrotech.NeuroForge'[0.00, 0.00] -> (187.5, 201.9) for 0.1 seconds, then drag to Target Application 'com.zacrotech.NeuroForge'[0.00, 0.00] -> (187.5, 320.1) with velocity of 250.00 pixels per second, and then hold for 0.2 seconds 
    t =    26.02s     Wait for com.zacrotech.NeuroForge to idle
    t =    26.02s     Find the Target Application 'com.zacrotech.NeuroForge'
    t =    26.09s     Check for interrupting elements affecting "NeuroForge" Application
    t =    26.17s     Synthesize event
    t =    26.17s         Find the Target Application 'com.zacrotech.NeuroForge'
    t =    26.23s         Find the Target Application 'com.zacrotech.NeuroForge'
    t =    26.29s         Find the Target Application 'com.zacrotech.NeuroForge'
    t =    26.35s         Find the Target Application 'com.zacrotech.NeuroForge'
    t =    26.42s         Find the Target Application 'com.zacrotech.NeuroForge'
    t =    27.46s     Wait for com.zacrotech.NeuroForge to idle
    t =    27.47s Get all elements bound by index for: Descendants matching type ScrollView
    t =    27.53s Find the ScrollView (Element at index 0)
    t =    27.62s Find the Target Application 'com.zacrotech.NeuroForge'
    t =    27.68s Checking existence of `Keyboard (First Match)`
    t =    27.69s Find the Keyboard (First Match)
    t =    27.71s Find the ScrollView at {{0.0, 154.5}, {375.0, 512.5}}
    t =    27.78s Find the ScrollView at {{0.0, 154.5}, {375.0, 512.5}}
    t =    27.85s Checking existence of `"session-data-inspection" Button`
    t =    27.97s Find the "session-data-inspection" Button
    t =    28.09s Checking existence of `"session-submit" Any`
    t =    28.22s Find the "session-submit" Any
    t =    28.35s Find the "session-submit" Button
    t =    28.47s Checking existence of `"session-next" Any`
    t =    28.59s Checking existence of `"session-data-inspection" Button`
    t =    28.71s Find the "session-data-inspection" Button
    t =    28.84s Checking existence of `"session-data-inspection" Button`
    t =    28.95s Find the "session-data-inspection" Button
    t =    29.07s Find the ScrollView at {{0.0, 154.5}, {375.0, 512.5}}
    t =    29.14s Checking existence of `"session-data-inspection" Button`
    t =    29.25s Find the "session-data-inspection" Button
    t =    29.36s Press Target Application 'com.zacrotech.NeuroForge'[0.00, 0.00] -> (187.5, 201.9) for 0.1 seconds, then drag to Target Application 'com.zacrotech.NeuroForge'[0.00, 0.00] -> (187.5, 320.1) with velocity of 250.00 pixels per second, and then hold for 0.2 seconds 
    t =    29.36s     Wait for com.zacrotech.NeuroForge to idle
    t =    29.37s     Find the Target Application 'com.zacrotech.NeuroForge'
    t =    29.43s     Check for interrupting elements affecting "NeuroForge" Application
    t =    29.51s     Synthesize event
    t =    29.51s         Find the Target Application 'com.zacrotech.NeuroForge'
    t =    29.57s         Find the Target Application 'com.zacrotech.NeuroForge'
    t =    29.64s         Find the Target Application 'com.zacrotech.NeuroForge'
    t =    29.70s         Find the Target Application 'com.zacrotech.NeuroForge'
    t =    29.76s         Find the Target Application 'com.zacrotech.NeuroForge'
    t =    30.81s     Wait for com.zacrotech.NeuroForge to idle
    t =    30.82s Get all elements bound by index for: Descendants matching type ScrollView
    t =    30.88s Find the ScrollView (Element at index 0)
    t =    30.96s Find the Target Application 'com.zacrotech.NeuroForge'
    t =    31.02s Checking existence of `Keyboard (First Match)`
    t =    31.03s Find the Keyboard (First Match)
    t =    31.05s Find the ScrollView at {{0.0, 154.5}, {375.0, 512.5}}
    t =    31.12s Find the ScrollView at {{0.0, 154.5}, {375.0, 512.5}}
    t =    31.19s Checking existence of `"session-data-inspection" Button`
    t =    31.31s Find the "session-data-inspection" Button
    t =    31.41s Checking existence of `"session-submit" Any`
    t =    31.53s Find the "session-submit" Any
    t =    31.65s Find the "session-submit" Button
    t =    31.76s Checking existence of `"session-next" Any`
    t =    31.88s Checking existence of `"session-data-inspection" Button`
    t =    31.99s Find the "session-data-inspection" Button
    t =    32.11s Checking existence of `"session-data-inspection" Button`
    t =    32.21s Find the "session-data-inspection" Button
    t =    32.33s Find the ScrollView at {{0.0, 154.5}, {375.0, 512.5}}
    t =    32.40s Checking existence of `"session-data-inspection" Button`
    t =    32.50s Find the "session-data-inspection" Button
    t =    32.62s Press Target Application 'com.zacrotech.NeuroForge'[0.00, 0.00] -> (187.5, 201.9) for 0.1 seconds, then drag to Target Application 'com.zacrotech.NeuroForge'[0.00, 0.00] -> (187.5, 320.1) with velocity of 250.00 pixels per second, and then hold for 0.2 seconds 
    t =    32.62s     Wait for com.zacrotech.NeuroForge to idle
    t =    32.62s     Find the Target Application 'com.zacrotech.NeuroForge'
    t =    32.69s     Check for interrupting elements affecting "NeuroForge" Application
    t =    32.77s     Synthesize event
    t =    32.77s         Find the Target Application 'com.zacrotech.NeuroForge'
    t =    32.83s         Find the Target Application 'com.zacrotech.NeuroForge'
    t =    32.89s         Find the Target Application 'com.zacrotech.NeuroForge'
    t =    32.95s         Find the Target Application 'com.zacrotech.NeuroForge'
    t =    33.02s         Find the Target Application 'com.zacrotech.NeuroForge'
    t =    34.06s     Wait for com.zacrotech.NeuroForge to idle
    t =    34.07s Get all elements bound by index for: Descendants matching type ScrollView
    t =    34.14s Find the ScrollView (Element at index 0)
    t =    34.22s Find the Target Application 'com.zacrotech.NeuroForge'
    t =    34.28s Checking existence of `Keyboard (First Match)`
    t =    34.30s Find the Keyboard (First Match)
    t =    34.32s Find the ScrollView at {{0.0, 154.5}, {375.0, 512.5}}
    t =    34.40s Find the ScrollView at {{0.0, 154.5}, {375.0, 512.5}}
    t =    34.47s Checking existence of `"session-data-inspection" Button`
    t =    34.59s Find the "session-data-inspection" Button
    t =    34.69s Checking existence of `"session-submit" Any`
    t =    34.81s Find the "session-submit" Any
    t =    34.92s Find the "session-submit" Button
    t =    35.04s Checking existence of `"session-next" Any`
    t =    35.15s Checking existence of `"session-data-inspection" Button`
    t =    35.26s Find the "session-data-inspection" Button
    t =    35.38s Checking existence of `"session-data-inspection" Button`
    t =    35.49s Find the "session-data-inspection" Button
    t =    35.60s Find the ScrollView at {{0.0, 154.5}, {375.0, 512.5}}
    t =    35.67s Checking existence of `"session-data-inspection" Button`
    t =    35.78s Find the "session-data-inspection" Button
    t =    35.89s Press Target Application 'com.zacrotech.NeuroForge'[0.00, 0.00] -> (187.5, 201.9) for 0.1 seconds, then drag to Target Application 'com.zacrotech.NeuroForge'[0.00, 0.00] -> (187.5, 318.9) with velocity of 250.00 pixels per second, and then hold for 0.2 seconds 
    t =    35.89s     Wait for com.zacrotech.NeuroForge to idle
    t =    35.89s     Find the Target Application 'com.zacrotech.NeuroForge'
    t =    35.95s     Check for interrupting elements affecting "NeuroForge" Application
    t =    36.04s     Synthesize event
    t =    36.04s         Find the Target Application 'com.zacrotech.NeuroForge'
    t =    36.10s         Find the Target Application 'com.zacrotech.NeuroForge'
    t =    36.17s         Find the Target Application 'com.zacrotech.NeuroForge'
    t =    36.23s         Find the Target Application 'com.zacrotech.NeuroForge'
    t =    36.30s         Find the Target Application 'com.zacrotech.NeuroForge'
    t =    37.35s     Wait for com.zacrotech.NeuroForge to idle
    t =    37.35s Get all elements bound by index for: Descendants matching type ScrollView
    t =    37.43s Find the ScrollView (Element at index 0)
    t =    37.51s Find the Target Application 'com.zacrotech.NeuroForge'
    t =    37.56s Checking existence of `Keyboard (First Match)`
    t =    37.58s Find the Keyboard (First Match)
    t =    37.60s Find the ScrollView at {{0.0, 154.5}, {375.0, 512.5}}
    t =    37.67s Find the ScrollView at {{0.0, 154.5}, {375.0, 512.5}}
    t =    37.74s Checking existence of `"session-data-inspection" Button`
    t =    37.85s Find the "session-data-inspection" Button
    t =    37.96s Checking existence of `"session-submit" Any`
    t =    38.08s Find the "session-submit" Any
    t =    38.19s Find the "session-submit" Button
    t =    38.31s Checking existence of `"session-next" Any`
    t =    38.42s Checking existence of `"session-data-inspection" Button`
    t =    38.53s Find the "session-data-inspection" Button
    t =    38.65s Find the "session-data-inspection" Button
    t =    38.77s Checking existence of `"session-data-inspection" Button`
    t =    38.88s Find the "session-data-inspection" Button
    t =    39.00s Find the ScrollView at {{0.0, 154.5}, {375.0, 512.5}}
    t =    39.06s Checking existence of `"session-data-inspection" Button`
    t =    39.17s Find the "session-data-inspection" Button
    t =    39.28s Press Target Application 'com.zacrotech.NeuroForge'[0.00, 0.00] -> (187.5, 201.9) for 0.1 seconds, then drag to Target Application 'com.zacrotech.NeuroForge'[0.00, 0.00] -> (187.5, 217.9) with velocity of 250.00 pixels per second, and then hold for 0.2 seconds 
    t =    39.28s     Wait for com.zacrotech.NeuroForge to idle
    t =    39.28s     Find the Target Application 'com.zacrotech.NeuroForge'
    t =    39.34s     Check for interrupting elements affecting "NeuroForge" Application
    t =    39.42s     Synthesize event
    t =    39.42s         Find the Target Application 'com.zacrotech.NeuroForge'
    t =    39.48s         Find the Target Application 'com.zacrotech.NeuroForge'
    t =    39.54s         Find the Target Application 'com.zacrotech.NeuroForge'
    t =    39.60s         Find the Target Application 'com.zacrotech.NeuroForge'
    t =    39.67s         Find the Target Application 'com.zacrotech.NeuroForge'
    t =    40.30s     Wait for com.zacrotech.NeuroForge to idle
    t =    41.49s Get all elements bound by index for: Descendants matching type ScrollView
    t =    41.56s Find the ScrollView (Element at index 0)
    t =    41.64s Find the Target Application 'com.zacrotech.NeuroForge'
    t =    41.70s Checking existence of `Keyboard (First Match)`
    t =    41.71s Find the Keyboard (First Match)
    t =    41.73s Find the ScrollView at {{0.0, 154.5}, {375.0, 512.5}}
    t =    41.80s Find the ScrollView at {{0.0, 154.5}, {375.0, 512.5}}
    t =    41.87s Checking existence of `"session-data-inspection" Button`
    t =    41.98s Find the "session-data-inspection" Button
    t =    42.11s Checking existence of `"session-submit" Any`
    t =    42.22s Find the "session-submit" Any
    t =    42.34s Find the "session-submit" Button
    t =    42.46s Checking existence of `"session-next" Any`
    t =    42.58s Checking existence of `"session-data-inspection" Button`
    t =    42.68s Find the "session-data-inspection" Button
    t =    42.81s Find the "session-data-inspection" Button
    t =    42.92s Find the "session-data-inspection" Button
    t =    43.04s Tap "session-data-inspection" Button
    t =    43.04s     Wait for com.zacrotech.NeuroForge to idle
    t =    43.04s     Find the "session-data-inspection" Button
    t =    43.15s     Check for interrupting elements affecting "session-data-inspection" Button
    t =    43.24s     Synthesize event
    t =    43.54s     Wait for com.zacrotech.NeuroForge to idle
    t =    44.78s Waiting 5.0s for "Does not meet" Button to exist
    t =    45.87s     Checking `Expect predicate `existsNoRetry == 1` for object "Does not meet" Button`
    t =    45.93s         Checking existence of `"Does not meet" Button`
    t =    46.71s Find the "Does not meet" Button
    t =    46.97s Tap "Does not meet" Button
    t =    46.97s     Wait for com.zacrotech.NeuroForge to idle
    t =    46.97s     Find the "Does not meet" Button
    t =    47.13s     Check for interrupting elements affecting "Does not meet" Button
    t =    47.34s     Synthesize event
    t =    47.74s     Wait for com.zacrotech.NeuroForge to idle
    t =    50.03s Waiting 5.0s for "session-data-inspected-point" Any to exist
    t =    51.05s     Checking `Expect predicate `existsNoRetry == 1` for object "session-data-inspected-point" Any`
    t =    51.06s         Checking existence of `"session-data-inspected-point" Any`
    t =    51.19s Find the "session-data-inspected-point" Any
    t =    51.30s Find the "session-data-inspected-point" StaticText
    t =    51.40s Get all elements bound by index for: Descendants matching type ScrollView
    t =    51.46s Find the ScrollView (Element at index 0)
    t =    51.54s Find the Target Application 'com.zacrotech.NeuroForge'
    t =    51.59s Checking existence of `Keyboard (First Match)`
    t =    51.60s Find the Keyboard (First Match)
    t =    51.62s Find the ScrollView at {{0.0, 154.5}, {375.0, 512.5}}
    t =    51.69s Find the ScrollView at {{0.0, 154.5}, {375.0, 512.5}}
    t =    51.75s Checking existence of `"session-data-table" Button`
    t =    51.86s Find the "session-data-table" Button
    t =    51.96s Checking existence of `"session-submit" Any`
    t =    52.07s Find the "session-submit" Any
    t =    52.18s Find the "session-submit" Button
    t =    52.29s Checking existence of `"session-next" Any`
    t =    52.40s Checking existence of `"session-data-table" Button`
    t =    52.51s Find the "session-data-table" Button
    t =    52.62s Checking existence of `"session-data-table" Button`
    t =    52.72s Find the "session-data-table" Button
    t =    52.82s Find the ScrollView at {{0.0, 154.5}, {375.0, 512.5}}
    t =    52.89s Checking existence of `"session-data-table" Button`
    t =    52.99s Find the "session-data-table" Button
    t =    53.10s Press Target Application 'com.zacrotech.NeuroForge'[0.00, 0.00] -> (187.5, 201.9) for 0.1 seconds, then drag to Target Application 'com.zacrotech.NeuroForge'[0.00, 0.00] -> (187.5, 320.1) with velocity of 250.00 pixels per second, and then hold for 0.2 seconds 
    t =    53.10s     Wait for com.zacrotech.NeuroForge to idle
    t =    53.10s     Find the Target Application 'com.zacrotech.NeuroForge'
    t =    53.15s     Check for interrupting elements affecting "NeuroForge" Application
    t =    53.23s     Synthesize event
    t =    53.23s         Find the Target Application 'com.zacrotech.NeuroForge'
    t =    53.29s         Find the Target Application 'com.zacrotech.NeuroForge'
    t =    53.34s         Find the Target Application 'com.zacrotech.NeuroForge'
    t =    53.40s         Find the Target Application 'com.zacrotech.NeuroForge'
    t =    53.45s         Find the Target Application 'com.zacrotech.NeuroForge'
    t =    54.50s     Wait for com.zacrotech.NeuroForge to idle
    t =    54.50s Get all elements bound by index for: Descendants matching type ScrollView
    t =    54.59s Find the ScrollView (Element at index 0)
    t =    54.67s Find the Target Application 'com.zacrotech.NeuroForge'
    t =    54.72s Checking existence of `Keyboard (First Match)`
    t =    54.73s Find the Keyboard (First Match)
    t =    54.75s Find the ScrollView at {{0.0, 154.5}, {375.0, 512.5}}
    t =    54.81s Find the ScrollView at {{0.0, 154.5}, {375.0, 512.5}}
    t =    54.88s Checking existence of `"session-data-table" Button`
    t =    54.98s Find the "session-data-table" Button
    t =    55.09s Checking existence of `"session-submit" Any`
    t =    55.19s Find the "session-submit" Any
    t =    55.31s Find the "session-submit" Button
    t =    55.42s Checking existence of `"session-next" Any`
    t =    55.53s Checking existence of `"session-data-table" Button`
    t =    55.63s Find the "session-data-table" Button
    t =    55.76s Checking existence of `"session-data-table" Button`
    t =    55.86s Find the "session-data-table" Button
    t =    55.97s Find the ScrollView at {{0.0, 154.5}, {375.0, 512.5}}
    t =    56.04s Checking existence of `"session-data-table" Button`
    t =    56.14s Find the "session-data-table" Button
    t =    56.24s Press Target Application 'com.zacrotech.NeuroForge'[0.00, 0.00] -> (187.5, 201.9) for 0.1 seconds, then drag to Target Application 'com.zacrotech.NeuroForge'[0.00, 0.00] -> (187.5, 320.1) with velocity of 250.00 pixels per second, and then hold for 0.2 seconds 
    t =    56.24s     Wait for com.zacrotech.NeuroForge to idle
    t =    56.24s     Find the Target Application 'com.zacrotech.NeuroForge'
    t =    56.30s     Check for interrupting elements affecting "NeuroForge" Application
    t =    56.38s     Synthesize event
    t =    56.38s         Find the Target Application 'com.zacrotech.NeuroForge'
    t =    56.44s         Find the Target Application 'com.zacrotech.NeuroForge'
    t =    56.50s         Find the Target Application 'com.zacrotech.NeuroForge'
    t =    56.56s         Find the Target Application 'com.zacrotech.NeuroForge'
    t =    56.62s         Find the Target Application 'com.zacrotech.NeuroForge'
    t =    57.66s     Wait for com.zacrotech.NeuroForge to idle
    t =    57.67s Get all elements bound by index for: Descendants matching type ScrollView
    t =    57.74s Find the ScrollView (Element at index 0)
    t =    57.81s Find the Target Application 'com.zacrotech.NeuroForge'
    t =    57.86s Checking existence of `Keyboard (First Match)`
    t =    57.88s Find the Keyboard (First Match)
    t =    57.89s Find the ScrollView at {{0.0, 154.5}, {375.0, 512.5}}
    t =    57.96s Find the ScrollView at {{0.0, 154.5}, {375.0, 512.5}}
    t =    58.02s Checking existence of `"session-data-table" Button`
    t =    58.12s Find the "session-data-table" Button
    t =    58.22s Checking existence of `"session-submit" Any`
    t =    58.32s Find the "session-submit" Any
    t =    58.43s Find the "session-submit" Button
    t =    58.54s Checking existence of `"session-next" Any`
    t =    58.65s Checking existence of `"session-data-table" Button`
    t =    58.75s Find the "session-data-table" Button
    t =    58.86s Checking existence of `"session-data-table" Button`
    t =    58.96s Find the "session-data-table" Button
    t =    59.07s Find the ScrollView at {{0.0, 154.5}, {375.0, 512.5}}
    t =    59.14s Checking existence of `"session-data-table" Button`
    t =    59.24s Find the "session-data-table" Button
    t =    59.34s Press Target Application 'com.zacrotech.NeuroForge'[0.00, 0.00] -> (187.5, 201.9) for 0.1 seconds, then drag to Target Application 'com.zacrotech.NeuroForge'[0.00, 0.00] -> (187.5, 313.4) with velocity of 250.00 pixels per second, and then hold for 0.2 seconds 
    t =    59.34s     Wait for com.zacrotech.NeuroForge to idle
    t =    59.34s     Find the Target Application 'com.zacrotech.NeuroForge'
    t =    59.40s     Check for interrupting elements affecting "NeuroForge" Application
    t =    59.47s     Synthesize event
    t =    59.47s         Find the Target Application 'com.zacrotech.NeuroForge'
    t =    59.53s         Find the Target Application 'com.zacrotech.NeuroForge'
    t =    59.58s         Find the Target Application 'com.zacrotech.NeuroForge'
    t =    59.63s         Find the Target Application 'com.zacrotech.NeuroForge'
    t =    59.69s         Find the Target Application 'com.zacrotech.NeuroForge'
    t =    60.70s     Wait for com.zacrotech.NeuroForge to idle
    t =    60.71s Get all elements bound by index for: Descendants matching type ScrollView
    t =    60.79s Find the ScrollView (Element at index 0)
    t =    60.86s Find the Target Application 'com.zacrotech.NeuroForge'
    t =    60.91s Checking existence of `Keyboard (First Match)`
    t =    60.93s Find the Keyboard (First Match)
    t =    60.94s Find the ScrollView at {{0.0, 154.5}, {375.0, 512.5}}
    t =    61.01s Find the ScrollView at {{0.0, 154.5}, {375.0, 512.5}}
    t =    61.07s Checking existence of `"session-data-table" Button`
    t =    61.17s Find the "session-data-table" Button
    t =    61.27s Checking existence of `"session-submit" Any`
    t =    61.38s Find the "session-submit" Any
    t =    61.49s Find the "session-submit" Button
    t =    61.59s Checking existence of `"session-next" Any`
    t =    61.70s Checking existence of `"session-data-table" Button`
    t =    61.79s Find the "session-data-table" Button
    t =    61.91s Find the "session-data-table" Button
    t =    62.01s Checking existence of `"session-data-table" Button`
    t =    62.11s Find the "session-data-table" Button
    t =    62.22s Find the ScrollView at {{0.0, 154.5}, {375.0, 512.5}}
    t =    62.28s Checking existence of `"session-data-table" Button`
    t =    62.38s Find the "session-data-table" Button
    t =    62.49s Press Target Application 'com.zacrotech.NeuroForge'[0.00, 0.00] -> (187.5, 201.9) for 0.1 seconds, then drag to Target Application 'com.zacrotech.NeuroForge'[0.00, 0.00] -> (187.5, 217.9) with velocity of 250.00 pixels per second, and then hold for 0.2 seconds 
    t =    62.49s     Wait for com.zacrotech.NeuroForge to idle
    t =    62.49s     Find the Target Application 'com.zacrotech.NeuroForge'
    t =    62.55s     Check for interrupting elements affecting "NeuroForge" Application
    t =    62.62s     Synthesize event
    t =    62.62s         Find the Target Application 'com.zacrotech.NeuroForge'
    t =    62.68s         Find the Target Application 'com.zacrotech.NeuroForge'
    t =    62.74s         Find the Target Application 'com.zacrotech.NeuroForge'
    t =    62.79s         Find the Target Application 'com.zacrotech.NeuroForge'
    t =    62.85s         Find the Target Application 'com.zacrotech.NeuroForge'
    t =    63.47s     Wait for com.zacrotech.NeuroForge to idle
    t =    64.93s Get all elements bound by index for: Descendants matching type ScrollView
    t =    65.01s Find the ScrollView (Element at index 0)
    t =    65.09s Find the Target Application 'com.zacrotech.NeuroForge'
    t =    65.15s Checking existence of `Keyboard (First Match)`
    t =    65.16s Find the Keyboard (First Match)
    t =    65.18s Find the ScrollView at {{0.0, 154.5}, {375.0, 512.5}}
    t =    65.25s Find the ScrollView at {{0.0, 154.5}, {375.0, 512.5}}
    t =    65.33s Checking existence of `"session-data-table" Button`
    t =    65.43s Find the "session-data-table" Button
    t =    65.54s Checking existence of `"session-submit" Any`
    t =    65.66s Find the "session-submit" Any
    t =    65.79s Find the "session-submit" Button
    t =    65.91s Checking existence of `"session-next" Any`
    t =    66.03s Checking existence of `"session-data-table" Button`
    t =    66.25s Find the "session-data-table" Button
    t =    66.45s Find the "session-data-table" Button
    t =    66.57s Find the "session-data-table" Button
    t =    66.70s Tap "session-data-table" Button
    t =    66.70s     Wait for com.zacrotech.NeuroForge to idle
    t =    66.71s     Find the "session-data-table" Button
    t =    66.83s     Check for interrupting elements affecting "session-data-table" Button
    t =    66.91s     Synthesize event
    t =    67.21s     Wait for com.zacrotech.NeuroForge to idle
    t =    67.21s Waiting 5.0s for Any (First Match) to exist
    t =    68.22s     Checking `Expect predicate `existsNoRetry == 1` for object Any (First Match)`
    t =    68.22s         Checking existence of `Any (First Match)`
    t =    68.28s Get all elements bound by index for: Descendants matching type ScrollView
    t =    68.36s Find the ScrollView (Element at index 0)
    t =    68.49s Find the Target Application 'com.zacrotech.NeuroForge'
    t =    68.57s Checking existence of `Keyboard (First Match)`
    t =    68.58s Find the Keyboard (First Match)
    t =    68.60s Find the ScrollView at {{0.0, 154.5}, {375.0, 512.5}}
    t =    68.68s Find the ScrollView at {{0.0, 154.5}, {375.0, 512.5}}
    t =    68.75s Checking existence of `Any (First Match)`
    t =    68.79s Find the Any (First Match)
    t =    68.83s Checking existence of `"session-submit" Any`
    t =    68.95s Find the "session-submit" Any
    t =    69.08s Find the "session-submit" Button
    t =    69.21s Checking existence of `"session-next" Any`
    t =    69.33s Checking existence of `"session-data-table" StaticText`
    t =    69.37s Find the "session-data-table" StaticText
    t =    69.42s Find the "session-data-table" StaticText
    t =    69.47s Find the "session-data-table" StaticText
    t =    69.51s Checking existence of `"session-data-table" StaticText`
    t =    69.55s Find the "session-data-table" StaticText
    t =    69.59s Find the ScrollView at {{0.0, 154.5}, {375.0, 512.5}}
    t =    69.66s Checking existence of `"session-data-table" StaticText`
    t =    69.70s Find the "session-data-table" StaticText
    t =    69.75s Press Target Application 'com.zacrotech.NeuroForge'[0.00, 0.00] -> (187.5, 320.1) for 0.1 seconds, then drag to Target Application 'com.zacrotech.NeuroForge'[0.00, 0.00] -> (187.5, 250.1) with velocity of 250.00 pixels per second, and then hold for 0.2 seconds 
    t =    69.75s     Wait for com.zacrotech.NeuroForge to idle
    t =    69.75s     Find the Target Application 'com.zacrotech.NeuroForge'
    t =    69.81s     Check for interrupting elements affecting "NeuroForge" Application
    t =    69.89s     Synthesize event
    t =    69.89s         Find the Target Application 'com.zacrotech.NeuroForge'
    t =    69.95s         Find the Target Application 'com.zacrotech.NeuroForge'
    t =    70.01s         Find the Target Application 'com.zacrotech.NeuroForge'
    t =    70.07s         Find the Target Application 'com.zacrotech.NeuroForge'
    t =    70.13s         Find the Target Application 'com.zacrotech.NeuroForge'
    t =    70.96s     Wait for com.zacrotech.NeuroForge to idle
    t =    70.96s Get all elements bound by index for: Descendants matching type ScrollView
    t =    71.05s Find the ScrollView (Element at index 0)
    t =    71.14s Find the Target Application 'com.zacrotech.NeuroForge'
    t =    71.21s Checking existence of `Keyboard (First Match)`
    t =    71.22s Find the Keyboard (First Match)
    t =    71.24s Find the ScrollView at {{0.0, 154.5}, {375.0, 512.5}}
    t =    71.32s Find the ScrollView at {{0.0, 154.5}, {375.0, 512.5}}
    t =    71.46s Checking existence of `"session-data-table" StaticText`
    t =    71.51s Find the "session-data-table" StaticText
    t =    71.55s Checking existence of `"session-submit" Any`
    t =    71.68s Find the "session-submit" Any
    t =    71.81s Find the "session-submit" Button
    t =    71.93s Checking existence of `"session-next" Any`
    t =    72.04s Checking existence of `"session-data-table" StaticText`
    t =    72.08s Find the "session-data-table" StaticText
    t =    72.14s Find the "session-data-table" StaticText
    t =    72.19s Find the "session-data-table" StaticText
    t =    72.23s Checking existence of `"session-data-table" StaticText`
    t =    72.27s Find the "session-data-table" StaticText
    t =    72.32s Find the ScrollView at {{0.0, 154.5}, {375.0, 512.5}}
    t =    72.38s Checking existence of `"session-data-table" StaticText`
    t =    72.42s Find the "session-data-table" StaticText
    t =    72.47s Press Target Application 'com.zacrotech.NeuroForge'[0.00, 0.00] -> (187.5, 320.1) for 0.1 seconds, then drag to Target Application 'com.zacrotech.NeuroForge'[0.00, 0.00] -> (187.5, 304.1) with velocity of 250.00 pixels per second, and then hold for 0.2 seconds 
    t =    72.47s     Wait for com.zacrotech.NeuroForge to idle
    t =    72.47s     Find the Target Application 'com.zacrotech.NeuroForge'
    t =    72.53s     Check for interrupting elements affecting "NeuroForge" Application
    t =    72.62s     Synthesize event
    t =    72.62s         Find the Target Application 'com.zacrotech.NeuroForge'
    t =    72.68s         Find the Target Application 'com.zacrotech.NeuroForge'
    t =    72.74s         Find the Target Application 'com.zacrotech.NeuroForge'
    t =    72.80s         Find the Target Application 'com.zacrotech.NeuroForge'
    t =    72.86s         Find the Target Application 'com.zacrotech.NeuroForge'
    t =    73.49s     Wait for com.zacrotech.NeuroForge to idle
    t =    74.97s Get all elements bound by index for: Descendants matching type ScrollView
    t =    75.05s Find the ScrollView (Element at index 0)
    t =    75.13s Find the Target Application 'com.zacrotech.NeuroForge'
    t =    75.19s Checking existence of `Keyboard (First Match)`
    t =    75.20s Find the Keyboard (First Match)
    t =    75.22s Find the ScrollView at {{0.0, 154.5}, {375.0, 512.5}}
    t =    75.29s Find the ScrollView at {{0.0, 154.5}, {375.0, 512.5}}
    t =    75.36s Checking existence of `"session-data-table" StaticText`
    t =    75.40s Find the "session-data-table" StaticText
    t =    75.44s Checking existence of `"session-submit" Any`
    t =    75.56s Find the "session-submit" Any
    t =    75.68s Find the "session-submit" Button
    t =    75.82s Checking existence of `"session-next" Any`
    t =    75.93s Checking existence of `"session-data-table" StaticText`
    t =    75.97s Find the "session-data-table" StaticText
    t =    76.03s Find the "session-data-table" StaticText
    t =    76.07s Checking existence of `"session-data-table" StaticText`
    t =    76.12s Find the "session-data-table" StaticText
    t =    76.17s Find the ScrollView at {{0.0, 154.5}, {375.0, 512.5}}
    t =    76.24s Checking existence of `"session-data-table" StaticText`
    t =    76.28s Find the "session-data-table" StaticText
    t =    76.32s Press Target Application 'com.zacrotech.NeuroForge'[0.00, 0.00] -> (187.5, 201.9) for 0.1 seconds, then drag to Target Application 'com.zacrotech.NeuroForge'[0.00, 0.00] -> (187.5, 217.9) with velocity of 250.00 pixels per second, and then hold for 0.2 seconds 
    t =    76.32s     Wait for com.zacrotech.NeuroForge to idle
    t =    76.32s     Find the Target Application 'com.zacrotech.NeuroForge'
    t =    76.38s     Check for interrupting elements affecting "NeuroForge" Application
    t =    76.48s     Synthesize event
    t =    76.49s         Find the Target Application 'com.zacrotech.NeuroForge'
    t =    76.55s         Find the Target Application 'com.zacrotech.NeuroForge'
    t =    76.63s         Find the Target Application 'com.zacrotech.NeuroForge'
    t =    76.70s         Find the Target Application 'com.zacrotech.NeuroForge'
    t =    76.77s         Find the Target Application 'com.zacrotech.NeuroForge'
    t =    77.44s     Wait for com.zacrotech.NeuroForge to idle
    t =    77.44s Get all elements bound by index for: Descendants matching type ScrollView
    t =    77.51s Find the ScrollView (Element at index 0)
    t =    77.61s Find the Target Application 'com.zacrotech.NeuroForge'
    t =    77.68s Checking existence of `Keyboard (First Match)`
    t =    77.69s Find the Keyboard (First Match)
    t =    77.71s Find the ScrollView at {{0.0, 154.5}, {375.0, 512.5}}
    t =    77.80s Find the ScrollView at {{0.0, 154.5}, {375.0, 512.5}}
    t =    77.89s Checking existence of `"session-data-table" StaticText`
    t =    77.98s Find the "session-data-table" StaticText
    t =    78.03s Checking existence of `"session-submit" Any`
    t =    78.16s Find the "session-submit" Any
    t =    78.29s Find the "session-submit" Button
    t =    78.44s Checking existence of `"session-next" Any`
    t =    78.61s Checking existence of `"session-data-table" StaticText`
    t =    78.65s Find the "session-data-table" StaticText
    t =    78.72s Find the "session-data-table" StaticText
    t =    78.78s Checking existence of `"session-data-table" StaticText`
    t =    78.82s Find the "session-data-table" StaticText
    t =    78.98s Find the ScrollView at {{0.0, 154.5}, {375.0, 512.5}}
    t =    79.06s Checking existence of `"session-data-table" StaticText`
    t =    79.10s Find the "session-data-table" StaticText
    t =    79.15s Press Target Application 'com.zacrotech.NeuroForge'[0.00, 0.00] -> (187.5, 201.9) for 0.1 seconds, then drag to Target Application 'com.zacrotech.NeuroForge'[0.00, 0.00] -> (187.5, 217.9) with velocity of 250.00 pixels per second, and then hold for 0.2 seconds 
    t =    79.15s     Wait for com.zacrotech.NeuroForge to idle
    t =    79.15s     Find the Target Application 'com.zacrotech.NeuroForge'
    t =    79.22s     Check for interrupting elements affecting "NeuroForge" Application
    t =    79.31s     Synthesize event
    t =    79.31s         Find the Target Application 'com.zacrotech.NeuroForge'
    t =    79.37s         Find the Target Application 'com.zacrotech.NeuroForge'
    t =    79.44s         Find the Target Application 'com.zacrotech.NeuroForge'
    t =    79.50s         Find the Target Application 'com.zacrotech.NeuroForge'
    t =    79.57s         Find the Target Application 'com.zacrotech.NeuroForge'
    t =    80.20s     Wait for com.zacrotech.NeuroForge to idle
    t =    81.66s Get all elements bound by index for: Descendants matching type ScrollView
    t =    81.73s Find the ScrollView (Element at index 0)
    t =    81.81s Find the Target Application 'com.zacrotech.NeuroForge'
    t =    81.87s Checking existence of `Keyboard (First Match)`
    t =    81.89s Find the Keyboard (First Match)
    t =    81.90s Find the ScrollView at {{0.0, 154.5}, {375.0, 512.5}}
    t =    81.97s Find the ScrollView at {{0.0, 154.5}, {375.0, 512.5}}
    t =    82.04s Checking existence of `"session-data-table" StaticText`
    t =    82.08s Find the "session-data-table" StaticText
    t =    82.12s Checking existence of `"session-submit" Any`
    t =    82.24s Find the "session-submit" Any
    t =    82.35s Find the "session-submit" Button
    t =    82.47s Checking existence of `"session-next" Any`
    t =    82.59s Checking existence of `"session-data-table" StaticText`
    t =    82.62s Find the "session-data-table" StaticText
    t =    82.68s Find the "session-data-table" StaticText
    t =    82.73s Find the "session-data-table" StaticText
    t =    82.78s Checking existence of `"session-data-table" StaticText`
    t =    82.82s Find the "session-data-table" StaticText
    t =    82.86s Find the ScrollView at {{0.0, 154.5}, {375.0, 512.5}}
    t =    82.94s Checking existence of `"session-data-table" StaticText`
    t =    82.98s Find the "session-data-table" StaticText
    t =    83.13s Press Target Application 'com.zacrotech.NeuroForge'[0.00, 0.00] -> (187.5, 320.1) for 0.1 seconds, then drag to Target Application 'com.zacrotech.NeuroForge'[0.00, 0.00] -> (187.5, 304.1) with velocity of 250.00 pixels per second, and then hold for 0.2 seconds 
    t =    83.13s     Wait for com.zacrotech.NeuroForge to idle
    t =    83.13s     Find the Target Application 'com.zacrotech.NeuroForge'
    t =    83.23s     Check for interrupting elements affecting "NeuroForge" Application
    t =    83.34s     Synthesize event
    t =    83.34s         Find the Target Application 'com.zacrotech.NeuroForge'
    t =    83.40s         Find the Target Application 'com.zacrotech.NeuroForge'
    t =    83.50s         Find the Target Application 'com.zacrotech.NeuroForge'
    t =    83.59s         Find the Target Application 'com.zacrotech.NeuroForge'
    t =    83.72s         Find the Target Application 'com.zacrotech.NeuroForge'
    t =    84.37s     Wait for com.zacrotech.NeuroForge to idle
    t =    85.83s Get all elements bound by index for: Descendants matching type ScrollView
    t =    86.00s Find the ScrollView (Element at index 0)
    t =    86.12s Find the Target Application 'com.zacrotech.NeuroForge'
    t =    86.18s Checking existence of `Keyboard (First Match)`
    t =    86.19s Find the Keyboard (First Match)
    t =    86.21s Find the ScrollView at {{0.0, 154.5}, {375.0, 512.5}}
    t =    86.29s Find the ScrollView at {{0.0, 154.5}, {375.0, 512.5}}
    t =    86.36s Checking existence of `"session-data-table" StaticText`
    t =    86.41s Find the "session-data-table" StaticText
    t =    86.46s Checking existence of `"session-submit" Any`
    t =    86.61s Find the "session-submit" Any
    t =    86.74s Find the "session-submit" Button
    t =    86.85s Checking existence of `"session-next" Any`
    t =    86.96s Checking existence of `"session-data-table" StaticText`
    t =    87.01s Find the "session-data-table" StaticText
    t =    87.08s Find the "session-data-table" StaticText
    t =    87.13s Checking existence of `"session-data-table" StaticText`
    t =    87.17s Find the "session-data-table" StaticText
    t =    87.22s Find the ScrollView at {{0.0, 154.5}, {375.0, 512.5}}
    t =    87.31s Checking existence of `"session-data-table" StaticText`
    t =    87.35s Find the "session-data-table" StaticText
    t =    87.40s Press Target Application 'com.zacrotech.NeuroForge'[0.00, 0.00] -> (187.5, 201.9) for 0.1 seconds, then drag to Target Application 'com.zacrotech.NeuroForge'[0.00, 0.00] -> (187.5, 217.9) with velocity of 250.00 pixels per second, and then hold for 0.2 seconds 
    t =    87.40s     Wait for com.zacrotech.NeuroForge to idle
    t =    87.40s     Find the Target Application 'com.zacrotech.NeuroForge'
    t =    87.46s     Check for interrupting elements affecting "NeuroForge" Application
    t =    87.61s     Synthesize event
    t =    87.61s         Find the Target Application 'com.zacrotech.NeuroForge'
    t =    87.68s         Find the Target Application 'com.zacrotech.NeuroForge'
    t =    87.74s         Find the Target Application 'com.zacrotech.NeuroForge'
    t =    87.80s         Find the Target Application 'com.zacrotech.NeuroForge'
    t =    87.86s         Find the Target Application 'com.zacrotech.NeuroForge'
    t =    88.52s     Wait for com.zacrotech.NeuroForge to idle
    t =    89.95s Get all elements bound by index for: Descendants matching type ScrollView
    t =    90.02s Find the ScrollView (Element at index 0)
    t =    90.11s Find the Target Application 'com.zacrotech.NeuroForge'
    t =    90.16s Checking existence of `Keyboard (First Match)`
    t =    90.18s Find the Keyboard (First Match)
    t =    90.19s Find the ScrollView at {{0.0, 154.5}, {375.0, 512.5}}
    t =    90.26s Find the ScrollView at {{0.0, 154.5}, {375.0, 512.5}}
    t =    90.33s Checking existence of `"session-data-table" StaticText`
    t =    90.38s Find the "session-data-table" StaticText
    t =    90.42s Checking existence of `"session-submit" Any`
    t =    90.53s Find the "session-submit" Any
    t =    90.65s Find the "session-submit" Button
    t =    90.76s Checking existence of `"session-next" Any`
    t =    90.88s Checking existence of `"session-data-table" StaticText`
    t =    90.91s Find the "session-data-table" StaticText
    t =    90.97s Find the "session-data-table" StaticText
    t =    91.01s Find the "session-data-table" StaticText
    t =    91.06s Find the "session-numeric-answer" TextField
    t =    91.17s Find the Target Application 'com.zacrotech.NeuroForge'
    t =    91.36s Added attachment named 'quantitative-original-count-inspection-table-en'
    t =    91.36s Waiting 8.0s for "Unit" TextField to exist
    t =    92.36s     Checking `Expect predicate `existsNoRetry == 1` for object "Unit" TextField`
    t =    92.37s         Checking existence of `"Unit" TextField`
    t =    92.48s Get all elements bound by index for: Descendants matching type ScrollView
    t =    92.54s Find the ScrollView (Element at index 0)
    t =    92.62s Find the Target Application 'com.zacrotech.NeuroForge'
    t =    92.67s Checking existence of `Keyboard (First Match)`
    t =    92.68s Find the Keyboard (First Match)
    t =    92.70s Find the ScrollView at {{0.0, 154.5}, {375.0, 512.5}}
    t =    92.77s Find the ScrollView at {{0.0, 154.5}, {375.0, 512.5}}
    t =    92.84s Checking existence of `"Unit" TextField`
    t =    92.94s Find the "Unit" TextField
    t =    93.04s Checking existence of `"session-submit" Any`
    t =    93.14s Find the "session-submit" Any
    t =    93.25s Find the "session-submit" Button
    t =    93.37s Checking existence of `"session-next" Any`
    t =    93.47s Checking existence of `"Unit" TextField`
    t =    93.58s Find the "Unit" TextField
    t =    93.71s Checking existence of `"Unit" TextField`
    t =    93.82s Find the "Unit" TextField
    t =    93.92s Find the ScrollView at {{0.0, 154.5}, {375.0, 512.5}}
    t =    93.99s Checking existence of `"Unit" TextField`
    t =    94.09s Find the "Unit" TextField
    t =    94.19s Press Target Application 'com.zacrotech.NeuroForge'[0.00, 0.00] -> (187.5, 320.1) for 0.1 seconds, then drag to Target Application 'com.zacrotech.NeuroForge'[0.00, 0.00] -> (187.5, 201.9) with velocity of 250.00 pixels per second, and then hold for 0.2 seconds 
    t =    94.19s     Wait for com.zacrotech.NeuroForge to idle
    t =    94.19s     Find the Target Application 'com.zacrotech.NeuroForge'
    t =    94.25s     Check for interrupting elements affecting "NeuroForge" Application
    t =    94.32s     Synthesize event
    t =    94.32s         Find the Target Application 'com.zacrotech.NeuroForge'
    t =    94.38s         Find the Target Application 'com.zacrotech.NeuroForge'
    t =    94.43s         Find the Target Application 'com.zacrotech.NeuroForge'
    t =    94.49s         Find the Target Application 'com.zacrotech.NeuroForge'
    t =    94.54s         Find the Target Application 'com.zacrotech.NeuroForge'
    t =    95.58s     Wait for com.zacrotech.NeuroForge to idle
    t =    95.58s Get all elements bound by index for: Descendants matching type ScrollView
    t =    95.68s Find the ScrollView (Element at index 0)
    t =    95.75s Find the Target Application 'com.zacrotech.NeuroForge'
    t =    95.81s Checking existence of `Keyboard (First Match)`
    t =    95.82s Find the Keyboard (First Match)
    t =    95.84s Find the ScrollView at {{0.0, 154.5}, {375.0, 512.5}}
    t =    95.91s Find the ScrollView at {{0.0, 154.5}, {375.0, 512.5}}
    t =    95.98s Checking existence of `"Unit" TextField`
    t =    96.08s Find the "Unit" TextField
    t =    96.19s Checking existence of `"session-submit" Any`
    t =    96.30s Find the "session-submit" Any
    t =    96.41s Find the "session-submit" Button
    t =    96.52s Checking existence of `"session-next" Any`
    t =    96.63s Checking existence of `"Unit" TextField`
    t =    96.73s Find the "Unit" TextField
    t =    96.86s Checking existence of `"Unit" TextField`
    t =    96.96s Find the "Unit" TextField
    t =    97.06s Find the ScrollView at {{0.0, 154.5}, {375.0, 512.5}}
    t =    97.13s Checking existence of `"Unit" TextField`
    t =    97.22s Find the "Unit" TextField
    t =    97.33s Press Target Application 'com.zacrotech.NeuroForge'[0.00, 0.00] -> (187.5, 320.1) for 0.1 seconds, then drag to Target Application 'com.zacrotech.NeuroForge'[0.00, 0.00] -> (187.5, 201.9) with velocity of 250.00 pixels per second, and then hold for 0.2 seconds 
    t =    97.33s     Wait for com.zacrotech.NeuroForge to idle
    t =    97.33s     Find the Target Application 'com.zacrotech.NeuroForge'
    t =    97.39s     Check for interrupting elements affecting "NeuroForge" Application
    t =    97.46s     Synthesize event
    t =    97.46s         Find the Target Application 'com.zacrotech.NeuroForge'
    t =    97.52s         Find the Target Application 'com.zacrotech.NeuroForge'
    t =    97.58s         Find the Target Application 'com.zacrotech.NeuroForge'
    t =    97.64s         Find the Target Application 'com.zacrotech.NeuroForge'
    t =    97.70s         Find the Target Application 'com.zacrotech.NeuroForge'
    t =    98.72s     Wait for com.zacrotech.NeuroForge to idle
    t =    98.72s Get all elements bound by index for: Descendants matching type ScrollView
    t =    98.80s Find the ScrollView (Element at index 0)
    t =    98.88s Find the Target Application 'com.zacrotech.NeuroForge'
    t =    98.94s Checking existence of `Keyboard (First Match)`
    t =    98.95s Find the Keyboard (First Match)
    t =    98.97s Find the ScrollView at {{0.0, 154.5}, {375.0, 512.5}}
    t =    99.04s Find the ScrollView at {{0.0, 154.5}, {375.0, 512.5}}
    t =    99.10s Checking existence of `"Unit" TextField`
    t =    99.21s Find the "Unit" TextField
    t =    99.31s Checking existence of `"session-submit" Any`
    t =    99.42s Find the "session-submit" Any
    t =    99.54s Find the "session-submit" Button
    t =    99.66s Checking existence of `"session-next" Any`
    t =    99.77s Checking existence of `"Unit" TextField`
    t =    99.88s Find the "Unit" TextField
    t =   100.00s Checking existence of `"Unit" TextField`
    t =   100.11s Find the "Unit" TextField
    t =   100.23s Find the ScrollView at {{0.0, 154.5}, {375.0, 512.5}}
    t =   100.30s Checking existence of `"Unit" TextField`
    t =   100.40s Find the "Unit" TextField
    t =   100.50s Press Target Application 'com.zacrotech.NeuroForge'[0.00, 0.00] -> (187.5, 320.1) for 0.1 seconds, then drag to Target Application 'com.zacrotech.NeuroForge'[0.00, 0.00] -> (187.5, 201.9) with velocity of 250.00 pixels per second, and then hold for 0.2 seconds 
    t =   100.50s     Wait for com.zacrotech.NeuroForge to idle
    t =   100.50s     Find the Target Application 'com.zacrotech.NeuroForge'
    t =   100.56s     Check for interrupting elements affecting "NeuroForge" Application
    t =   100.65s     Synthesize event
    t =   100.66s         Find the Target Application 'com.zacrotech.NeuroForge'
    t =   100.77s         Find the Target Application 'com.zacrotech.NeuroForge'
    t =   100.88s         Find the Target Application 'com.zacrotech.NeuroForge'
    t =   100.94s         Find the Target Application 'com.zacrotech.NeuroForge'
    t =   101.00s         Find the Target Application 'com.zacrotech.NeuroForge'
    t =   102.04s     Wait for com.zacrotech.NeuroForge to idle
    t =   102.04s Get all elements bound by index for: Descendants matching type ScrollView
    t =   102.11s Find the ScrollView (Element at index 0)
    t =   102.19s Find the Target Application 'com.zacrotech.NeuroForge'
    t =   102.24s Checking existence of `Keyboard (First Match)`
    t =   102.26s Find the Keyboard (First Match)
    t =   102.28s Find the ScrollView at {{0.0, 154.5}, {375.0, 512.5}}
    t =   102.35s Find the ScrollView at {{0.0, 154.5}, {375.0, 512.5}}
    t =   102.42s Checking existence of `"Unit" TextField`
    t =   102.52s Find the "Unit" TextField
    t =   102.63s Checking existence of `"session-submit" Any`
    t =   102.75s Find the "session-submit" Any
    t =   102.88s Find the "session-submit" Button
    t =   102.99s Checking existence of `"session-next" Any`
    t =   103.10s Checking existence of `"Unit" TextField`
    t =   103.21s Find the "Unit" TextField
    t =   103.32s Checking existence of `"Unit" TextField`
    t =   103.42s Find the "Unit" TextField
    t =   103.53s Find the ScrollView at {{0.0, 154.5}, {375.0, 512.5}}
    t =   103.60s Checking existence of `"Unit" TextField`
    t =   103.69s Find the "Unit" TextField
    t =   103.80s Press Target Application 'com.zacrotech.NeuroForge'[0.00, 0.00] -> (187.5, 320.1) for 0.1 seconds, then drag to Target Application 'com.zacrotech.NeuroForge'[0.00, 0.00] -> (187.5, 201.9) with velocity of 250.00 pixels per second, and then hold for 0.2 seconds 
    t =   103.80s     Wait for com.zacrotech.NeuroForge to idle
    t =   103.80s     Find the Target Application 'com.zacrotech.NeuroForge'
    t =   103.86s     Check for interrupting elements affecting "NeuroForge" Application
    t =   103.94s     Synthesize event
    t =   103.94s         Find the Target Application 'com.zacrotech.NeuroForge'
    t =   104.00s         Find the Target Application 'com.zacrotech.NeuroForge'
    t =   104.05s         Find the Target Application 'com.zacrotech.NeuroForge'
    t =   104.11s         Find the Target Application 'com.zacrotech.NeuroForge'
    t =   104.16s         Find the Target Application 'com.zacrotech.NeuroForge'
    t =   105.19s     Wait for com.zacrotech.NeuroForge to idle
    t =   105.19s Get all elements bound by index for: Descendants matching type ScrollView
    t =   105.26s Find the ScrollView (Element at index 0)
    t =   105.34s Find the Target Application 'com.zacrotech.NeuroForge'
    t =   105.40s Checking existence of `Keyboard (First Match)`
    t =   105.41s Find the Keyboard (First Match)
    t =   105.43s Find the ScrollView at {{0.0, 154.5}, {375.0, 512.5}}
    t =   105.50s Find the ScrollView at {{0.0, 154.5}, {375.0, 512.5}}
    t =   105.57s Checking existence of `"Unit" TextField`
    t =   105.67s Find the "Unit" TextField
    t =   105.78s Checking existence of `"session-submit" Any`
    t =   105.89s Find the "session-submit" Any
    t =   106.01s Find the "session-submit" Button
    t =   106.12s Checking existence of `"session-next" Any`
    t =   106.24s Checking existence of `"Unit" TextField`
    t =   106.34s Find the "Unit" TextField
    t =   106.46s Checking existence of `"Unit" TextField`
    t =   106.57s Find the "Unit" TextField
    t =   106.68s Find the ScrollView at {{0.0, 154.5}, {375.0, 512.5}}
    t =   106.74s Checking existence of `"Unit" TextField`
    t =   106.84s Find the "Unit" TextField
    t =   106.95s Press Target Application 'com.zacrotech.NeuroForge'[0.00, 0.00] -> (187.5, 320.1) for 0.1 seconds, then drag to Target Application 'com.zacrotech.NeuroForge'[0.00, 0.00] -> (187.5, 201.9) with velocity of 250.00 pixels per second, and then hold for 0.2 seconds 
    t =   106.95s     Wait for com.zacrotech.NeuroForge to idle
    t =   106.95s     Find the Target Application 'com.zacrotech.NeuroForge'
    t =   107.01s     Check for interrupting elements affecting "NeuroForge" Application
    t =   107.09s     Synthesize event
    t =   107.09s         Find the Target Application 'com.zacrotech.NeuroForge'
    t =   107.14s         Find the Target Application 'com.zacrotech.NeuroForge'
    t =   107.20s         Find the Target Application 'com.zacrotech.NeuroForge'
    t =   107.25s         Find the Target Application 'com.zacrotech.NeuroForge'
    t =   107.31s         Find the Target Application 'com.zacrotech.NeuroForge'
    t =   108.33s     Wait for com.zacrotech.NeuroForge to idle
    t =   108.33s Get all elements bound by index for: Descendants matching type ScrollView
    t =   108.39s Find the ScrollView (Element at index 0)
    t =   108.47s Find the Target Application 'com.zacrotech.NeuroForge'
    t =   108.53s Checking existence of `Keyboard (First Match)`
    t =   108.54s Find the Keyboard (First Match)
    t =   108.55s Find the ScrollView at {{0.0, 154.5}, {375.0, 512.5}}
    t =   108.62s Find the ScrollView at {{0.0, 154.5}, {375.0, 512.5}}
    t =   108.69s Checking existence of `"Unit" TextField`
    t =   108.81s Find the "Unit" TextField
    t =   108.94s Checking existence of `"session-submit" Any`
    t =   109.08s Find the "session-submit" Any
    t =   109.23s Find the "session-submit" Button
    t =   109.37s Checking existence of `"session-next" Any`
    t =   109.51s Checking existence of `"Unit" TextField`
    t =   109.64s Find the "Unit" TextField
    t =   109.77s Find the "Unit" TextField
    t =   109.91s Find the "Unit" TextField
    t =   110.02s Checking existence of `"Unit" TextField`
    t =   110.13s Find the "Unit" TextField
    t =   110.23s Find the ScrollView at {{0.0, 154.5}, {375.0, 512.5}}
    t =   110.32s Checking existence of `"Unit" TextField`
    t =   110.42s Find the "Unit" TextField
    t =   110.53s Press Target Application 'com.zacrotech.NeuroForge'[0.00, 0.00] -> (187.5, 320.1) for 0.1 seconds, then drag to Target Application 'com.zacrotech.NeuroForge'[0.00, 0.00] -> (187.5, 301.6) with velocity of 250.00 pixels per second, and then hold for 0.2 seconds 
    t =   110.53s     Wait for com.zacrotech.NeuroForge to idle
    t =   110.53s     Find the Target Application 'com.zacrotech.NeuroForge'
    t =   110.60s     Check for interrupting elements affecting "NeuroForge" Application
    t =   110.70s     Synthesize event
    t =   110.70s         Find the Target Application 'com.zacrotech.NeuroForge'
    t =   110.77s         Find the Target Application 'com.zacrotech.NeuroForge'
    t =   110.83s         Find the Target Application 'com.zacrotech.NeuroForge'
    t =   110.90s         Find the Target Application 'com.zacrotech.NeuroForge'
    t =   110.97s         Find the Target Application 'com.zacrotech.NeuroForge'
    t =   111.63s     Wait for com.zacrotech.NeuroForge to idle
    t =   111.63s Get all elements bound by index for: Descendants matching type ScrollView
    t =   111.71s Find the ScrollView (Element at index 0)
    t =   111.81s Find the Target Application 'com.zacrotech.NeuroForge'
    t =   111.89s Checking existence of `Keyboard (First Match)`
    t =   111.90s Find the Keyboard (First Match)
    t =   111.93s Find the ScrollView at {{0.0, 154.5}, {375.0, 512.5}}
    t =   112.01s Find the ScrollView at {{0.0, 154.5}, {375.0, 512.5}}
    t =   112.13s Checking existence of `"Unit" TextField`
    t =   112.31s Find the "Unit" TextField
    t =   112.43s Checking existence of `"session-submit" Any`
    t =   112.56s Find the "session-submit" Any
    t =   112.68s Find the "session-submit" Button
    t =   112.80s Checking existence of `"session-next" Any`
    t =   112.91s Checking existence of `"Unit" TextField`
    t =   113.02s Find the "Unit" TextField
    t =   113.14s Find the "Unit" TextField
    t =   113.25s Find the "Unit" TextField
    t =   113.38s Checking existence of `"Unit" TextField`
    t =   113.49s Find the "Unit" TextField
    t =   113.60s Find the ScrollView at {{0.0, 154.5}, {375.0, 512.5}}
    t =   113.67s Checking existence of `"Unit" TextField`
    t =   113.78s Find the "Unit" TextField
    t =   113.88s Press Target Application 'com.zacrotech.NeuroForge'[0.00, 0.00] -> (187.5, 320.1) for 0.1 seconds, then drag to Target Application 'com.zacrotech.NeuroForge'[0.00, 0.00] -> (187.5, 304.1) with velocity of 250.00 pixels per second, and then hold for 0.2 seconds 
    t =   113.88s     Wait for com.zacrotech.NeuroForge to idle
    t =   113.89s     Find the Target Application 'com.zacrotech.NeuroForge'
    t =   113.95s     Check for interrupting elements affecting "NeuroForge" Application
    t =   114.09s     Synthesize event
    t =   114.09s         Find the Target Application 'com.zacrotech.NeuroForge'
    t =   114.15s         Find the Target Application 'com.zacrotech.NeuroForge'
    t =   114.20s         Find the Target Application 'com.zacrotech.NeuroForge'
    t =   114.26s         Find the Target Application 'com.zacrotech.NeuroForge'
    t =   114.32s         Find the Target Application 'com.zacrotech.NeuroForge'
    t =   114.96s     Wait for com.zacrotech.NeuroForge to idle
    t =   114.97s Get all elements bound by index for: Descendants matching type ScrollView
    t =   115.03s Find the ScrollView (Element at index 0)
    t =   115.11s Find the Target Application 'com.zacrotech.NeuroForge'
    t =   115.17s Checking existence of `Keyboard (First Match)`
    t =   115.18s Find the Keyboard (First Match)
    t =   115.20s Find the ScrollView at {{0.0, 154.5}, {375.0, 512.5}}
    t =   115.27s Find the ScrollView at {{0.0, 154.5}, {375.0, 512.5}}
    t =   115.33s Checking existence of `"Unit" TextField`
    t =   115.44s Find the "Unit" TextField
    t =   115.54s Checking existence of `"session-submit" Any`
    t =   115.65s Find the "session-submit" Any
    t =   115.76s Find the "session-submit" Button
    t =   115.88s Checking existence of `"session-next" Any`
    t =   115.99s Checking existence of `"Unit" TextField`
    t =   116.09s Find the "Unit" TextField
    t =   116.20s Find the "Unit" TextField
    t =   116.31s Find the "Unit" TextField
    t =   116.43s Find the "Unit" TextField
    t =   116.54s Tap "Unit" TextField
    t =   116.54s     Wait for com.zacrotech.NeuroForge to idle
    t =   116.54s     Find the "Unit" TextField
    t =   116.65s     Check for interrupting elements affecting "Unit" TextField
    t =   116.73s     Synthesize event
    t =   117.02s     Wait for com.zacrotech.NeuroForge to idle
    t =   117.26s Type '%' into "Unit" TextField
    t =   117.26s     Wait for com.zacrotech.NeuroForge to idle
    t =   118.20s     Find the "Unit" TextField
    t =   118.33s     Check for interrupting elements affecting "Unit" TextField
    t =   118.41s     Synthesize event
    t =   118.64s     Wait for com.zacrotech.NeuroForge to idle
    t =   119.73s Checking `Expect predicate `value == "%"` for object "Unit" TextField`
    t =   119.73s     Find the "Unit" TextField
    t =   119.87s Get all elements bound by index for: Descendants matching type TextField
    t =   119.94s Find the TextField (Element at index 0)
    t =   120.01s Find the TextField (Element at index 1)
    t =   120.07s Find the TextField (Element at index 2)
    t =   120.14s Get all elements bound by index for: Descendants matching type TextView
    t =   120.21s Waiting 8.0s for "session-submit" Any to exist
    t =   121.21s     Checking `Expect predicate `existsNoRetry == 1` for object "session-submit" Any`
    t =   121.22s         Checking existence of `"session-submit" Any`
    t =   121.33s Get all elements bound by index for: Descendants matching type ScrollView
    t =   121.39s Find the ScrollView (Element at index 0)
    t =   121.47s Find the Target Application 'com.zacrotech.NeuroForge'
    t =   121.53s Checking existence of `Keyboard (First Match)`
    t =   121.54s Find the Keyboard (First Match)
    t =   121.56s Find the ScrollView at {{0.0, 154.5}, {375.0, 512.5}}
    t =   121.62s Find the ScrollView at {{0.0, 154.5}, {375.0, 512.5}}
    t =   121.69s Checking existence of `"session-submit" Any`
    t =   121.81s Find the "session-submit" Any
    t =   121.92s Checking existence of `"session-submit" Button`
    t =   122.03s Find the "session-submit" Button
    t =   122.15s Find the "session-submit" Button
    t =   122.27s Find the "session-submit" Button
    t =   123.40s Checking `Expect predicate `enabled == 1` for object "session-submit" Button`
    t =   123.40s     Find the "session-submit" Button
    t =   123.53s Tap "session-submit" Button
    t =   123.53s     Wait for com.zacrotech.NeuroForge to idle
    t =   123.54s     Find the "session-submit" Button
    t =   123.65s     Check for interrupting elements affecting "session-submit" Button
    t =   123.73s     Synthesize event
    t =   124.02s     Wait for com.zacrotech.NeuroForge to idle
    t =   124.17s Waiting 8.0s for "session-next" Any to exist
    t =   125.17s     Checking `Expect predicate `existsNoRetry == 1` for object "session-next" Any`
    t =   125.17s         Checking existence of `"session-next" Any`
    t =   125.31s Find the "session-position" ProgressIndicator
    t =   125.40s Find the "session-prompt" Any
    t =   125.50s Checking existence of `"Your answer" StaticText`
    t =   125.59s Checking existence of `"session-data-prediction-input" TextField`
    t =   125.66s Find the "session-data-prediction-input" TextField
/Users/takamimarsh/Developer/Projects/Zacro Tech/NeuroForge/UITests/NavigationSmokeUITests.swift:821: error: -[NeuroForgeUITests.NavigationSmokeUITests testQuantitativeNumberAndUnitShowFeedbackAndAdvance] : XCTAssertEqual failed: ("Optional("67.2")") is not equal to ("Optional("Predicted percentage")")
    t =   125.75s Tear Down
Test Case '-[NeuroForgeUITests.NavigationSmokeUITests testQuantitativeNumberAndUnitShowFeedbackAndAdvance]' failed (126.113 seconds).
Test Case '-[NeuroForgeUITests.NavigationSmokeUITests testQuestionThreeDraftAndFeedbackSurviveColdRelaunchInJapanese]' started.
    t =     0.00s Start Test at 2026-09-05 12:08:25.511
    t =     0.05s Set Up
    t =     0.06s Open com.zacrotech.NeuroForge
    t =     0.06s     Launch com.zacrotech.NeuroForge
    t =     0.06s         Terminate com.zacrotech.NeuroForge:42880
2026-09-05 12:08:26.678 xcodebuild[41866:4766192] [MT] IDELaunchParametersSnapshot: The operation couldn’t be completed. (DebuggerLLDB.DebuggerVersionStore.StoreError error 0.)
2026-09-05 12:08:26.679 xcodebuild[41866:4766192] [MT] IDELaunchParametersSnapshot: no debugger version
    t =     1.58s         Setting up automation session
    t =     3.02s         Wait for com.zacrotech.NeuroForge to idle
    t =     6.29s Waiting 15.0s for "universal-session" Any to exist
    t =     7.31s     Checking `Expect predicate `existsNoRetry == 1` for object "universal-session" Any`
    t =     7.31s         Checking existence of `"universal-session" Any`
    t =     7.65s Waiting 8.0s for "session-position" Any to exist
    t =     8.66s     Checking `Expect predicate `existsNoRetry == 1` for object "session-position" Any`
    t =     8.66s         Checking existence of `"session-position" Any`
    t =     8.81s Waiting 3.0s for "session-resume" Any to exist
    t =     9.81s     Checking `Expect predicate `existsNoRetry == 1` for object "session-resume" Any`
    t =     9.81s         Checking existence of `"session-resume" Any`
    t =     9.93s         Capturing element debug description
    t =    10.84s     Checking `Expect predicate `existsNoRetry == 1` for object "session-resume" Any`
    t =    10.84s         Checking existence of `"session-resume" Any`
    t =    10.98s         Capturing element debug description
    t =    11.81s     Checking `Expect predicate `existsNoRetry == 1` for object "session-resume" Any`
    t =    11.81s         Checking existence of `"session-resume" Any`
    t =    12.00s         Capturing element debug description
    t =    12.00s     Checking existence of `"session-resume" Any`
    t =    12.18s Collecting debug information to assist test failure triage
    t =    12.18s     Requesting snapshot of accessibility hierarchy for app with pid 43523
    t =    12.34s Find the "session-position" Any
    t =    12.47s Waiting 8.0s for "session-numeric-answer" Any to exist
    t =    13.47s     Checking `Expect predicate `existsNoRetry == 1` for object "session-numeric-answer" Any`
    t =    13.47s         Checking existence of `"session-numeric-answer" Any`
    t =    13.63s Checking existence of `"session-numeric-answer" Any`
    t =    13.75s Find the "session-numeric-answer" Any
    t =    13.89s Find the "session-numeric-answer" TextField
    t =    14.01s Tap "session-numeric-answer" TextField
    t =    14.01s     Wait for com.zacrotech.NeuroForge to idle
    t =    14.01s     Find the "session-numeric-answer" TextField
    t =    14.13s     Check for interrupting elements affecting "session-numeric-answer" TextField
    t =    14.20s     Synthesize event
    t =    14.50s     Wait for com.zacrotech.NeuroForge to idle
    t =    14.74s Find the "session-numeric-answer" TextField
    t =    14.86s Type '1' into "session-numeric-answer" TextField
    t =    14.86s     Wait for com.zacrotech.NeuroForge to idle
    t =    15.13s     Find the "session-numeric-answer" TextField
    t =    15.25s     Check for interrupting elements affecting "session-numeric-answer" TextField
    t =    15.32s     Synthesize event
    t =    15.55s     Wait for com.zacrotech.NeuroForge to idle
    t =    16.56s Checking `Expect predicate `value == "1"` for object "session-numeric-answer" TextField`
    t =    16.56s     Find the "session-numeric-answer" TextField
    t =    16.69s Checking existence of `"session-submit" Any`
    t =    16.80s Find the "session-submit" Any
    t =    16.91s Tap "session-submit" Any
    t =    16.91s     Wait for com.zacrotech.NeuroForge to idle
    t =    16.92s     Find the "session-submit" Any
    t =    17.02s     Check for interrupting elements affecting "session-submit" Button
    t =    17.09s     Synthesize event
    t =    17.39s     Wait for com.zacrotech.NeuroForge to idle
    t =    17.44s Waiting 8.0s for "session-next" Any to exist
    t =    18.44s     Checking `Expect predicate `existsNoRetry == 1` for object "session-next" Any`
    t =    18.44s         Checking existence of `"session-next" Any`
    t =    18.60s Checking existence of `"session-next" Any`
    t =    18.71s Find the "session-next" Any
    t =    18.83s Press "session-next" Button for 0.1 seconds
    t =    18.83s     Wait for com.zacrotech.NeuroForge to idle
    t =    18.84s     Find the "session-next" Button
    t =    18.95s     Check for interrupting elements affecting "session-next" Button
    t =    19.02s     Synthesize event
    t =    19.39s     Wait for com.zacrotech.NeuroForge to idle
    t =    20.40s Checking `Expect predicate `value != "1 / 5"` for object "session-position" Any`
    t =    20.40s     Find the "session-position" Any
    t =    20.56s Find the "session-position" Any
    t =    20.68s Waiting 8.0s for "session-numeric-answer" Any to exist
    t =    21.69s     Checking `Expect predicate `existsNoRetry == 1` for object "session-numeric-answer" Any`
    t =    21.69s         Checking existence of `"session-numeric-answer" Any`
    t =    21.82s Checking existence of `"session-numeric-answer" Any`
    t =    21.96s Find the "session-numeric-answer" Any
    t =    22.08s Find the "session-numeric-answer" TextField
    t =    22.21s Tap "session-numeric-answer" TextField
    t =    22.21s     Wait for com.zacrotech.NeuroForge to idle
    t =    22.21s     Find the "session-numeric-answer" TextField
    t =    22.40s     Check for interrupting elements affecting "session-numeric-answer" TextField
    t =    22.48s     Synthesize event
    t =    22.78s     Wait for com.zacrotech.NeuroForge to idle
    t =    23.03s Find the "session-numeric-answer" TextField
    t =    23.16s Type '1' into "session-numeric-answer" TextField
    t =    23.16s     Wait for com.zacrotech.NeuroForge to idle
    t =    23.16s     Find the "session-numeric-answer" TextField
    t =    23.26s     Check for interrupting elements affecting "session-numeric-answer" TextField
    t =    23.33s     Synthesize event
    t =    23.56s     Wait for com.zacrotech.NeuroForge to idle
    t =    24.58s Checking `Expect predicate `value == "1"` for object "session-numeric-answer" TextField`
    t =    24.58s     Find the "session-numeric-answer" TextField
    t =    24.69s Checking existence of `"session-submit" Any`
    t =    24.79s Find the "session-submit" Any
    t =    24.90s Tap "session-submit" Any
    t =    24.90s     Wait for com.zacrotech.NeuroForge to idle
    t =    24.91s     Find the "session-submit" Any
    t =    25.01s     Check for interrupting elements affecting "session-submit" Button
    t =    25.08s     Synthesize event
    t =    25.38s     Wait for com.zacrotech.NeuroForge to idle
    t =    25.72s Waiting 8.0s for "session-next" Any to exist
    t =    26.72s     Checking `Expect predicate `existsNoRetry == 1` for object "session-next" Any`
    t =    26.72s         Checking existence of `"session-next" Any`
    t =    26.87s Checking existence of `"session-next" Any`
    t =    26.98s Find the "session-next" Any
    t =    27.11s Press "session-next" Button for 0.1 seconds
    t =    27.11s     Wait for com.zacrotech.NeuroForge to idle
    t =    27.11s     Find the "session-next" Button
    t =    27.22s     Check for interrupting elements affecting "session-next" Button
    t =    27.29s     Synthesize event
    t =    27.67s     Wait for com.zacrotech.NeuroForge to idle
    t =    28.69s Checking `Expect predicate `value != "2 / 5"` for object "session-position" Any`
    t =    28.70s     Find the "session-position" Any
    t =    28.83s Find the "session-prompt" Any
    t =    28.97s Find the "session-position" Any
    t =    29.10s Waiting 8.0s for "session-numeric-answer" Any to exist
    t =    30.12s     Checking `Expect predicate `existsNoRetry == 1` for object "session-numeric-answer" Any`
    t =    30.13s         Checking existence of `"session-numeric-answer" Any`
    t =    30.30s Checking existence of `"session-numeric-answer" Any`
    t =    30.43s Find the "session-numeric-answer" Any
    t =    30.57s Find the "session-numeric-answer" TextField
    t =    30.69s Tap "session-numeric-answer" TextField
    t =    30.69s     Wait for com.zacrotech.NeuroForge to idle
    t =    30.69s     Find the "session-numeric-answer" TextField
    t =    30.81s     Check for interrupting elements affecting "session-numeric-answer" TextField
    t =    30.89s     Synthesize event
    t =    31.20s     Wait for com.zacrotech.NeuroForge to idle
    t =    31.47s Find the "session-numeric-answer" TextField
    t =    31.59s Type '17' into "session-numeric-answer" TextField
    t =    31.59s     Wait for com.zacrotech.NeuroForge to idle
    t =    31.59s     Find the "session-numeric-answer" TextField
    t =    31.70s     Check for interrupting elements affecting "session-numeric-answer" TextField
    t =    31.77s     Synthesize event
    t =    32.00s     Wait for com.zacrotech.NeuroForge to idle
    t =    33.04s Checking `Expect predicate `value == "17"` for object "session-numeric-answer" TextField`
    t =    33.04s     Find the "session-numeric-answer" TextField
    t =    33.18s Checking existence of `"session-submit" Any`
    t =    33.28s Find the "session-submit" Any
    t =    33.39s Checking existence of `"session-save-close" Any`
    t =    33.49s Waiting 5.0s for Button (First Match) to exist
    t =    34.51s     Checking `Expect predicate `existsNoRetry == 1` for object Button (First Match)`
    t =    34.51s         Checking existence of `Button (First Match)`
    t =    34.55s Tap Button (First Match)
    t =    34.55s     Wait for com.zacrotech.NeuroForge to idle
    t =    34.56s     Find the Button (First Match)
    t =    34.59s     Check for interrupting elements affecting "pause.fill" Button
    t =    34.67s     Synthesize event
    t =    34.97s     Wait for com.zacrotech.NeuroForge to idle
    t =    35.27s Waiting 5.0s for "session-save-close" Any to exist
    t =    36.29s     Checking `Expect predicate `existsNoRetry == 1` for object "session-save-close" Any`
    t =    36.30s         Checking existence of `"session-save-close" Any`
    t =    36.43s Tap "session-save-close" Any
    t =    36.43s     Wait for com.zacrotech.NeuroForge to idle
    t =    36.44s     Find the "session-save-close" Any
    t =    36.54s     Check for interrupting elements affecting "session-save-close" Button
    t =    36.60s     Synthesize event
    t =    36.90s     Wait for com.zacrotech.NeuroForge to idle
    t =    37.41s Waiting 8.0s for "destination-today" Any to exist
    t =    38.42s     Checking `Expect predicate `existsNoRetry == 1` for object "destination-today" Any`
    t =    38.42s         Checking existence of `"destination-today" Any`
    t =    38.53s Terminate com.zacrotech.NeuroForge:43523
    t =    39.59s Open com.zacrotech.NeuroForge
    t =    39.59s     Launch com.zacrotech.NeuroForge
2026-09-05 12:09:05.138 xcodebuild[41866:4766192] [MT] IDELaunchParametersSnapshot: The operation couldn’t be completed. (DebuggerLLDB.DebuggerVersionStore.StoreError error 0.)
2026-09-05 12:09:05.138 xcodebuild[41866:4766192] [MT] IDELaunchParametersSnapshot: no debugger version
    t =    40.04s         Setting up automation session
    t =    41.71s         Wait for com.zacrotech.NeuroForge to idle
    t =    44.49s Waiting 15.0s for "continue-session" Any to exist
    t =    45.51s     Checking `Expect predicate `existsNoRetry == 1` for object "continue-session" Any`
    t =    45.51s         Checking existence of `"continue-session" Any`
    t =    45.84s Checking existence of `"continue-session" Any`
    t =    45.92s Find the "continue-session" Any
    t =    46.02s Press "continue-session" Button for 0.1 seconds
    t =    46.02s     Wait for com.zacrotech.NeuroForge to idle
    t =    46.02s     Find the "continue-session" Button
    t =    46.10s     Check for interrupting elements affecting "continue-session" Button
    t =    46.15s     Synthesize event
    t =    46.53s     Wait for com.zacrotech.NeuroForge to idle
    t =    46.98s Waiting 8.0s for "universal-session" Any to exist
    t =    47.99s     Checking `Expect predicate `existsNoRetry == 1` for object "universal-session" Any`
    t =    47.99s         Checking existence of `"universal-session" Any`
    t =    48.18s Waiting 3.0s for "session-resume" Any to exist
    t =    49.20s     Checking `Expect predicate `existsNoRetry == 1` for object "session-resume" Any`
    t =    49.20s         Checking existence of `"session-resume" Any`
    t =    49.31s Find the Target Application 'com.zacrotech.NeuroForge'
    t =    49.45s Added attachment named 'interruption-paused-session-before-explicit-resume'
    t =    49.45s Find the "session-resume" Any
    t =    49.56s Press "session-resume" Button for 0.1 seconds
    t =    49.56s     Wait for com.zacrotech.NeuroForge to idle
    t =    49.57s     Find the "session-resume" Button
    t =    49.67s     Check for interrupting elements affecting "session-resume" Button
    t =    49.73s     Synthesize event
    t =    50.11s     Wait for com.zacrotech.NeuroForge to idle
    t =    51.13s Checking `Expect predicate `exists == 0` for object "session-resume" Button`
    t =    51.13s     Checking existence of `"session-resume" Button`
    t =    51.28s Waiting 8.0s for "session-numeric-answer" Any to exist
    t =    52.30s     Checking `Expect predicate `existsNoRetry == 1` for object "session-numeric-answer" Any`
    t =    52.30s         Checking existence of `"session-numeric-answer" Any`
    t =    52.43s Find the "session-numeric-answer" Any
    t =    52.55s Find the "session-prompt" Any
    t =    52.67s Find the "session-position" Any
    t =    52.79s Tap "session-submit" Any
    t =    52.79s     Wait for com.zacrotech.NeuroForge to idle
    t =    52.79s     Find the "session-submit" Any
    t =    52.92s     Check for interrupting elements affecting "session-submit" Button
    t =    52.99s     Synthesize event
    t =    53.29s     Wait for com.zacrotech.NeuroForge to idle
    t =    53.31s Waiting 8.0s for "session-next" Any to exist
    t =    54.33s     Checking `Expect predicate `existsNoRetry == 1` for object "session-next" Any`
    t =    54.33s         Checking existence of `"session-next" Any`
    t =    54.46s Checking existence of `"session-save-close" Any`
    t =    54.57s Waiting 5.0s for Button (First Match) to exist
    t =    55.58s     Checking `Expect predicate `existsNoRetry == 1` for object Button (First Match)`
    t =    55.58s         Checking existence of `Button (First Match)`
    t =    55.60s Tap Button (First Match)
    t =    55.60s     Wait for com.zacrotech.NeuroForge to idle
    t =    55.60s     Find the Button (First Match)
    t =    55.62s     Check for interrupting elements affecting "pause.fill" Button
    t =    55.69s     Synthesize event
    t =    55.98s     Wait for com.zacrotech.NeuroForge to idle
    t =    55.98s Waiting 5.0s for "session-save-close" Any to exist
    t =    57.01s     Checking `Expect predicate `existsNoRetry == 1` for object "session-save-close" Any`
    t =    57.01s         Checking existence of `"session-save-close" Any`
    t =    57.13s Tap "session-save-close" Any
    t =    57.13s     Wait for com.zacrotech.NeuroForge to idle
    t =    57.14s     Find the "session-save-close" Any
    t =    57.23s     Check for interrupting elements affecting "session-save-close" Button
    t =    57.29s     Synthesize event
    t =    57.58s     Wait for com.zacrotech.NeuroForge to idle
    t =    58.03s Waiting 8.0s for "destination-today" Any to exist
    t =    59.05s     Checking `Expect predicate `existsNoRetry == 1` for object "destination-today" Any`
    t =    59.05s         Checking existence of `"destination-today" Any`
    t =    59.15s Terminate com.zacrotech.NeuroForge:43685
    t =    60.20s Open com.zacrotech.NeuroForge
    t =    60.20s     Launch com.zacrotech.NeuroForge
2026-09-05 12:09:25.743 xcodebuild[41866:4766192] [MT] IDELaunchParametersSnapshot: The operation couldn’t be completed. (DebuggerLLDB.DebuggerVersionStore.StoreError error 0.)
2026-09-05 12:09:25.743 xcodebuild[41866:4766192] [MT] IDELaunchParametersSnapshot: no debugger version
    t =    60.65s         Setting up automation session
    t =    62.03s         Wait for com.zacrotech.NeuroForge to idle
    t =    64.67s Waiting 15.0s for "continue-session" Any to exist
    t =    65.69s     Checking `Expect predicate `existsNoRetry == 1` for object "continue-session" Any`
    t =    65.69s         Checking existence of `"continue-session" Any`
    t =    65.98s Checking existence of `"continue-session" Any`
    t =    66.07s Find the "continue-session" Any
    t =    66.15s Press "continue-session" Button for 0.1 seconds
    t =    66.15s     Wait for com.zacrotech.NeuroForge to idle
    t =    66.16s     Find the "continue-session" Button
    t =    66.25s     Check for interrupting elements affecting "continue-session" Button
    t =    66.29s     Synthesize event
    t =    66.67s     Wait for com.zacrotech.NeuroForge to idle
    t =    67.04s Waiting 8.0s for "universal-session" Any to exist
    t =    68.06s     Checking `Expect predicate `existsNoRetry == 1` for object "universal-session" Any`
    t =    68.06s         Checking existence of `"universal-session" Any`
    t =    68.18s Waiting 3.0s for "session-resume" Any to exist
    t =    69.19s     Checking `Expect predicate `existsNoRetry == 1` for object "session-resume" Any`
    t =    69.20s         Checking existence of `"session-resume" Any`
    t =    69.33s Find the Target Application 'com.zacrotech.NeuroForge'
    t =    69.46s Added attachment named 'interruption-paused-session-before-explicit-resume'
    t =    69.46s Find the "session-resume" Any
    t =    69.56s Press "session-resume" Button for 0.1 seconds
    t =    69.56s     Wait for com.zacrotech.NeuroForge to idle
    t =    69.57s     Find the "session-resume" Button
    t =    69.67s     Check for interrupting elements affecting "session-resume" Button
    t =    69.73s     Synthesize event
    t =    70.11s     Wait for com.zacrotech.NeuroForge to idle
    t =    71.14s Checking `Expect predicate `exists == 0` for object "session-resume" Button`
    t =    71.14s     Checking existence of `"session-resume" Button`
    t =    71.29s Waiting 8.0s for "session-next" Any to exist
    t =    72.31s     Checking `Expect predicate `existsNoRetry == 1` for object "session-next" Any`
    t =    72.31s         Checking existence of `"session-next" Any`
    t =    72.45s Find the "session-position" Any
    t =    72.56s Checking existence of `"即時想起：8 × 7 はいくつですか？" StaticText`
    t =    72.69s Find the Target Application 'com.zacrotech.NeuroForge'
    t =    72.82s Added attachment named 'question-three-exact-feedback-cold-relaunch-ja'
    t =    72.82s Terminate com.zacrotech.NeuroForge:43797
    t =    73.88s Tear Down
Test Case '-[NeuroForgeUITests.NavigationSmokeUITests testQuestionThreeDraftAndFeedbackSurviveColdRelaunchInJapanese]' passed (73.990 seconds).
Test Case '-[NeuroForgeUITests.NavigationSmokeUITests testWeeklyChartDataOpensExactSavedAnswerHistory]' started.
    t =     0.00s Start Test at 2026-09-05 12:09:39.503
    t =     0.05s Set Up
2026-09-05 12:09:39.575 xcodebuild[41866:4766192] [MT] IDELaunchParametersSnapshot: The operation couldn’t be completed. (DebuggerLLDB.DebuggerVersionStore.StoreError error 0.)
2026-09-05 12:09:39.575 xcodebuild[41866:4766192] [MT] IDELaunchParametersSnapshot: no debugger version
    t =     0.05s Open com.zacrotech.NeuroForge
    t =     0.05s     Launch com.zacrotech.NeuroForge
    t =     0.28s         Setting up automation session
    t =     1.10s         Wait for com.zacrotech.NeuroForge to idle
    t =     3.42s Waiting 15.0s for "universal-session" Any to exist
    t =     4.43s     Checking `Expect predicate `existsNoRetry == 1` for object "universal-session" Any`
    t =     4.43s         Checking existence of `"universal-session" Any`
    t =     4.65s Waiting 3.0s for "session-resume" Any to exist
    t =     5.67s     Checking `Expect predicate `existsNoRetry == 1` for object "session-resume" Any`
    t =     5.67s         Checking existence of `"session-resume" Any`
    t =     5.78s         Capturing element debug description
    t =     6.69s     Checking `Expect predicate `existsNoRetry == 1` for object "session-resume" Any`
    t =     6.69s         Checking existence of `"session-resume" Any`
    t =     6.78s         Capturing element debug description
    t =     7.66s     Checking `Expect predicate `existsNoRetry == 1` for object "session-resume" Any`
    t =     7.66s         Checking existence of `"session-resume" Any`
    t =     7.75s         Capturing element debug description
    t =     7.75s     Checking existence of `"session-resume" Any`
    t =     7.83s Collecting debug information to assist test failure triage
    t =     7.83s     Requesting snapshot of accessibility hierarchy for app with pid 43845
    t =     7.94s Waiting 8.0s for "session-prompt" Any to exist
    t =     8.95s     Checking `Expect predicate `existsNoRetry == 1` for object "session-prompt" Any`
    t =     8.95s         Checking existence of `"session-prompt" Any`
    t =     9.04s Find the "session-prompt" Any
    t =     9.13s Waiting 8.0s for "session-numeric-answer" Any to exist
    t =    10.14s     Checking `Expect predicate `existsNoRetry == 1` for object "session-numeric-answer" Any`
    t =    10.14s         Checking existence of `"session-numeric-answer" Any`
    t =    10.23s Checking existence of `"session-numeric-answer" Any`
    t =    10.32s Find the "session-numeric-answer" Any
    t =    10.41s Find the "session-numeric-answer" TextField
    t =    10.50s Tap "session-numeric-answer" TextField
    t =    10.50s     Wait for com.zacrotech.NeuroForge to idle
    t =    10.50s     Find the "session-numeric-answer" TextField
    t =    10.59s     Check for interrupting elements affecting "session-numeric-answer" TextField
    t =    10.66s     Synthesize event
    t =    10.97s     Wait for com.zacrotech.NeuroForge to idle
    t =    11.30s Find the "session-numeric-answer" TextField
    t =    11.40s Type '0' into "session-numeric-answer" TextField
    t =    11.40s     Wait for com.zacrotech.NeuroForge to idle
    t =    12.15s     Find the "session-numeric-answer" TextField
    t =    12.26s     Check for interrupting elements affecting "session-numeric-answer" TextField
    t =    12.33s     Synthesize event
    t =    12.56s     Wait for com.zacrotech.NeuroForge to idle
    t =    13.58s Checking `Expect predicate `value == "0"` for object "session-numeric-answer" TextField`
    t =    13.58s     Find the "session-numeric-answer" TextField
    t =    13.68s Checking existence of `"session-submit" Any`
    t =    13.77s Find the "session-submit" Any
    t =    13.86s Waiting 5.0s for "Done" Button to exist
    t =    14.88s     Checking `Expect predicate `existsNoRetry == 1` for object "Done" Button`
    t =    14.89s         Checking existence of `"Done" Button`
    t =    15.01s Find the "Done" Button
    t =    15.19s Tap "Done" Button
    t =    15.19s     Wait for com.zacrotech.NeuroForge to idle
    t =    15.19s     Find the "Done" Button
    t =    15.32s     Check for interrupting elements affecting "Done" Button
    t =    15.41s     Found 1 interrupting element:
    t =    15.41s         Find the "universal-session" Alert
    t =    15.47s "universal-session" Alert from Target Application 'com.zacrotech.NeuroForge'
    t =    15.47s     Invoking UI interruption monitors for "universal-session" Alert from Target Application 'com.zacrotech.NeuroForge'
    t =    15.47s         Find the "universal-session" Alert
    t =    15.53s         Checking existence of `Button (Elements matching predicate 'userTestingAttributes CONTAINS "cancel-button"')`
    t =    15.61s         Get all elements bound by accessibility element for: Elements matching predicate 'userTestingAttributes CONTAINS "default-button"'
    t =    15.69s         Checking existence of `Button (Elements matching predicate 'label CONTAINS[d] "Don’t" OR label CONTAINS "Cancel"')`
    t =    15.79s         Requesting snapshot of accessibility hierarchy for app with pid 43845
    t =    15.91s         Find: Descendants matching type Alert
    t =    15.92s         Find: Identity Binding
    t =    16.00s         Requesting snapshot of accessibility hierarchy for app with pid 43845
    t =    16.11s         Find: Descendants matching type Alert
    t =    16.11s         Find: Identity Binding
    t =    16.12s         Requesting snapshot of accessibility hierarchy for app with pid 43845
    t =    16.22s         Find: Descendants matching type Alert
    t =    16.23s         Requesting snapshot of accessibility hierarchy for app with pid 43845
    t =    16.34s Default interruption handler not attempting to dismiss alert: unable to find any qualified button in Attributes: Alert, 0x1160eb980, {{-187.5, -191.5}, {780.0, 1080.0}}, identifier: 'universal-session'
Element subtree:
 →Alert, 0x1160eb980, {{-187.5, -191.5}, {780.0, 1080.0}}, identifier: 'universal-session'
    Button, 0x1160ebac0, {{20.0, 32.0}, {44.0, 44.0}}, identifier: 'pause.fill', label: 'Pause session'
    Image, 0x1160ebc00, {{74.0, 35.0}, {38.0, 38.0}}, identifier: 'function', label: 'Function'
    StaticText, 0x1160ebd40, {{122.0, 35.5}, {49.0, 14.5}}, label: 'Practice'
    StaticText, 0x1160ebe80, {{122.0, 52.0}, {141.5, 20.5}}, label: 'Numerical control'
    StaticText, 0x1160ec000, {{20.0, 97.0}, {31.0, 18.0}}, label: '1 / 5'
    StaticText, 0x1160ec140, {{59.0, 98.8}, {50.5, 14.5}}, label: 'Untimed session'
    Button, 0x1160ec280, {{117.5, 99.0}, {38.5, 14.5}}, label: 'Timing'
      Button, 0x1160ec3c0, {{117.5, 99.0}, {38.5, 14.5}}
        StaticText, 0x1160ec500, {{117.5, 98.8}, {38.5, 14.5}}, label: 'Timing'
    Button, 0x1160ec640, {{215.0, 84.0}, {44.0, 44.0}}, identifier: 'session-header-save-close', label: 'Save and close session'
    Button, 0x1160ec780, {{263.0, 84.0}, {44.0, 44.0}}, identifier: 'square.and.pencil', label: 'Open scratchpad'
    Button, 0x1160ec8c0, {{311.0, 84.0}, {44.0, 44.0}}, label: 'Session controls'
      Button, 0x1160eca00, {{311.0, 84.0}, {44.0, 44.0}}
        Image, 0x1160ecb40, {{311.0, 84.0}, {44.0, 44.0}}, identifier: 'ellipsis.circle', label: 'More'
    ProgressIndicator, 0x1160ecc80, {{20.0, 138.0}, {335.0, 4.0}}, identifier: 'session-position', label: 'Session progress', value: 1 / 5
      ProgressIndicator, 0x1160ecdc0, {{20.0, 128.0}, {335.0, 24.0}}, value: 0%
    ScrollView, 0x1160ecf00, {{0.0, 154.5}, {375.0, 512.5}}
      Other, 0x1160ed040, {{0.0, -2.5}, {375.0, 539.0}}
        StaticText, 0x1160ed180, {{24.0, 21.5}, {119.0, 26.5}}, label: 'Mental Math'
          Image, 0x1160ed2c0, {{35.5, 30.5}, {17.5, 9.0}}, identifier: 'function', label: 'Function'
          StaticText, 0x1160ed400, {{59.5, 27.5}, {73.5, 14.5}}, label: 'Mental Math'
        StaticText, 0x1160ed540, {{24.0, 68.0}, {327.0, 39.0}}, label: 'General STEM. Accuracy is authoritative; speed is recorded separately.'
        StaticText, 0x1160ed680, {{38.0, 140.5}, {189.5, 19.0}}, label: 'Enter the exact integer.'
        Other, 0x1160ed7c0, {{24.0, 193.0}, {286.5, 26.5}}, identifier: 'session-prompt', label: 'Rapid recall: what is 10 × 9?'
          StaticText, 0x1160ed900, {{24.0, 193.0}, {286.5, 26.5}}, label: 'Rapid recall: what is 10 × 9?'
        Other, 0x1160eda40, {{24.0, 239.5}, {327.0, 52.0}}, label: '10 times 9'
          Other, 0x1160edb80, {{36.0, 254.5}, {60.0, 22.0}}, label: '10 times 9'
            Other, 0x1160edcc0, {{36.0, 254.5}, {60.0, 22.0}}
        TextField, 0x1160ede00, {{24.0, 311.5}, {327.0, 44.0}}, identifier: 'session-numeric-answer', placeholderValue: 'Value', value: 0, Keyboard Focused
        Button, 0x1160edf40, {{24.0, 375.5}, {327.0, 28.5}}, label: 'Confidence (optional)'
          StaticText, 0x1160ee080, {{24.0, 375.5}, {327.0, 28.5}}, label: 'Confidence (optional)'
          Image, 0x1160ee1c0, {{343.0, 384.0}, {7.0, 12.0}}, identifier: 'collapsed'
        Button, 0x1160ee300, {{24.0, 424.0}, {100.5, 34.5}}, label: 'Use a hint'
        Button, 0x1160ee440, {{132.5, 424.0}, {146.0, 34.5}}, label: 'Skip — no score'
        StaticText, 0x1160ee580, {{24.0, 478.5}, {292.0, 34.0}}, label: 'Confidence is optional. Your answer determines the result.'
      Other, 0x1160ee6c0, {{342.0, 154.5}, {30.0, 197.0}}, label: 'Vertical scroll bar, 3 pages', value: 46%
        Other, 0x1160ee800, {{369.0, 191.0}, {3.0, 110.0}}
      Other, 0x1160ee940, {{342.0, 154.5}, {30.0, 197.0}}, label: 'Vertical scroll bar, 3 pages', value: 46%
        Other, 0x1160eea80, {{369.0, 191.0}, {3.0, 110.0}}
    Button, 0x1160eebc0, {{98.5, 371.5}, {178.0, 50.5}}, identifier: 'session-submit', label: 'Submit response'
Path to element:
 →Application, 0x107463340, pid: 43845, label: 'NeuroForge'
  ↳Window (Main), 0x107461400, {{0.0, 0.0}, {375.0, 667.0}}
   ↳Other, 0x1160eb5c0, {{0.0, 0.0}, {375.0, 667.0}}
    ↳Other, 0x1160eb700, {{0.0, 0.0}, {375.0, 667.0}}
     ↳Other, 0x1160eb840, {{0.0, 0.0}, {375.0, 667.0}}
      ↳Alert, 0x1160eb980, {{-187.5, -191.5}, {780.0, 1080.0}}, identifier: 'universal-session'
Query chain:
 →Find: Target Application 'com.zacrotech.NeuroForge'
  Output: {
    Application, 0x11611ad00, pid: 43845, label: 'NeuroForge'
  }
  ↪︎Find: Descendants matching type Alert
    Output: {
      Alert, 0x116113700, {{-187.5, -191.5}, {780.0, 1080.0}}, identifier: 'universal-session'
    }
    ↪︎Find: Identity Binding
      Output: {
        Alert, 0x1160fb480, {{-187.5, -191.5}, {780.0, 1080.0}}, identifier: 'universal-session'
      }
.
    t =    16.34s         Find the "universal-session" Alert
    t =    16.39s         Find the "universal-session" Alert
    t =    16.44s No monitors handled UI interruption, checking to see if element still exists...
    t =    16.44s             Checking existence of `"universal-session" Alert`
    t =    16.50s Did not handle the interruption, but will attempt to continue…
    t =    16.50s     Synthesize event
    t =    16.82s     Wait for com.zacrotech.NeuroForge to idle
    t =    17.37s Get all elements bound by index for: Descendants matching type ScrollView
    t =    17.44s Find the ScrollView (Element at index 0)
    t =    17.52s Find the Target Application 'com.zacrotech.NeuroForge'
    t =    17.57s Checking existence of `Keyboard (First Match)`
    t =    17.58s Find the Keyboard (First Match)
    t =    17.60s Find the ScrollView at {{0.0, 154.5}, {375.0, 512.5}}
    t =    17.66s Find the ScrollView at {{0.0, 154.5}, {375.0, 512.5}}
    t =    17.71s Checking existence of `"session-feedback-title" Any`
    t =    17.83s Find the "session-feedback-title" Any
    t =    17.92s Checking existence of `"session-submit" Any`
    t =    18.00s Checking existence of `"session-next" Any`
    t =    18.10s Find the "session-next" Any
    t =    18.20s Find the "session-next" Button
    t =    18.29s Checking existence of `"session-feedback-title" StaticText`
    t =    18.39s Find the "session-feedback-title" StaticText
    t =    18.50s Find the "session-feedback-title" StaticText
    t =    18.63s Find the "session-feedback-title" StaticText
    t =    18.74s Find the "session-feedback-title" StaticText
    t =    18.84s Checking existence of `"session-save-close" Any`
    t =    18.92s Waiting 5.0s for Button (First Match) to exist
    t =    19.94s     Checking `Expect predicate `existsNoRetry == 1` for object Button (First Match)`
    t =    19.95s         Checking existence of `Button (First Match)`
    t =    19.96s Tap Button (First Match)
    t =    19.96s     Wait for com.zacrotech.NeuroForge to idle
    t =    19.96s     Find the Button (First Match)
    t =    19.97s     Check for interrupting elements affecting "pause.fill" Button
    t =    20.04s     Synthesize event
    t =    20.34s     Wait for com.zacrotech.NeuroForge to idle
    t =    20.34s Waiting 5.0s for "session-save-close" Any to exist
    t =    21.36s     Checking `Expect predicate `existsNoRetry == 1` for object "session-save-close" Any`
    t =    21.36s         Checking existence of `"session-save-close" Any`
    t =    21.48s Tap "session-save-close" Any
    t =    21.48s     Wait for com.zacrotech.NeuroForge to idle
    t =    21.48s     Find the "session-save-close" Any
    t =    21.56s     Check for interrupting elements affecting "session-save-close" Button
    t =    21.66s     Synthesize event
    t =    21.96s     Wait for com.zacrotech.NeuroForge to idle
    t =    22.12s Waiting 8.0s for "destination-today" Any to exist
    t =    23.13s     Checking `Expect predicate `existsNoRetry == 1` for object "destination-today" Any`
    t =    23.13s         Checking existence of `"destination-today" Any`
    t =    23.20s Tap "Progress" Button
    t =    23.20s     Wait for com.zacrotech.NeuroForge to idle
    t =    23.20s     Find the "Progress" Button
    t =    23.26s     Check for interrupting elements affecting "chart.line.uptrend.xyaxis" Button
    t =    23.30s     Synthesize event
    t =    23.60s     Wait for com.zacrotech.NeuroForge to idle
    t =    25.39s Waiting 8.0s for "progress-section-picker" Any to exist
    t =    26.40s     Checking `Expect predicate `existsNoRetry == 1` for object "progress-section-picker" Any`
    t =    26.40s         Checking existence of `"progress-section-picker" Any`
    t =    26.64s Tap "Overview" Button
    t =    26.64s     Wait for com.zacrotech.NeuroForge to idle
    t =    26.64s     Find the "Overview" Button
    t =    26.72s     Check for interrupting elements affecting "Overview" Button
    t =    26.83s     Synthesize event
    t =    27.15s     Wait for com.zacrotech.NeuroForge to idle
    t =    28.00s Checking existence of `Button (First Match)`
    t =    28.16s Get all elements bound by index for: Descendants matching type ScrollView
    t =    28.21s Find the ScrollView (Element at index 0)
    t =    28.29s Swipe up ScrollView at {{0.0, 0.0}, {375.0, 667.0}}
    t =    28.29s     Wait for com.zacrotech.NeuroForge to idle
    t =    28.30s     Find the ScrollView at {{0.0, 0.0}, {375.0, 667.0}}
    t =    28.37s     Check for interrupting elements affecting ScrollView
    t =    28.46s     Synthesize event
    t =    29.05s     Wait for com.zacrotech.NeuroForge to idle
    t =    31.53s Checking existence of `Button (First Match)`
    t =    31.74s Get all elements bound by index for: Descendants matching type ScrollView
    t =    31.81s Find the ScrollView (Element at index 0)
    t =    31.92s Swipe up ScrollView at {{0.0, 0.0}, {375.0, 667.0}}
    t =    31.92s     Wait for com.zacrotech.NeuroForge to idle
    t =    32.09s     Find the ScrollView at {{0.0, 0.0}, {375.0, 667.0}}
    t =    32.15s     Check for interrupting elements affecting ScrollView
    t =    32.22s     Synthesize event
    t =    32.89s     Wait for com.zacrotech.NeuroForge to idle
    t =    35.12s Checking existence of `Button (First Match)`
    t =    35.42s Get all elements bound by index for: Descendants matching type ScrollView
    t =    35.49s Find the ScrollView (Element at index 0)
    t =    35.62s Swipe up ScrollView at {{0.0, 0.0}, {375.0, 667.0}}
    t =    35.62s     Wait for com.zacrotech.NeuroForge to idle
    t =    35.63s     Find the ScrollView at {{0.0, 0.0}, {375.0, 667.0}}
    t =    35.70s     Check for interrupting elements affecting ScrollView
    t =    35.79s     Synthesize event
    t =    36.37s     Wait for com.zacrotech.NeuroForge to idle
    t =    38.58s Checking existence of `Button (First Match)`
    t =    38.92s Find the Button (First Match)
    t =    39.05s Get all elements bound by index for: Descendants matching type ScrollView
    t =    39.11s Find the ScrollView (Element at index 0)
    t =    39.23s Swipe up ScrollView at {{0.0, 0.0}, {375.0, 667.0}}
    t =    39.23s     Wait for com.zacrotech.NeuroForge to idle
    t =    39.24s     Find the ScrollView at {{0.0, 0.0}, {375.0, 667.0}}
    t =    39.30s     Check for interrupting elements affecting ScrollView
    t =    39.42s     Synthesize event
    t =    40.03s     Wait for com.zacrotech.NeuroForge to idle
    t =    40.70s Checking existence of `"Explore details, Skill map, confidence, answer history, and common errors" Button`
    t =    40.78s Find the "Explore details, Skill map, confidence, answer history, and common errors" Button
    t =    40.91s Tap "Explore details, Skill map, confidence, answer history, and common errors" Button
    t =    40.91s     Wait for com.zacrotech.NeuroForge to idle
    t =    40.91s     Find the "Explore details, Skill map, confidence, answer history, and common errors" Button
    t =    40.97s     Check for interrupting elements affecting "Explore details, Skill map, confidence, answer history, and common errors" Button
    t =    41.04s     Synthesize event
    t =    41.34s     Wait for com.zacrotech.NeuroForge to idle
    t =    41.46s Checking existence of `"View weekly chart data" Button`
    t =    41.75s Find the "View weekly chart data" Button
    t =    41.97s Swipe down ScrollView (First Match)
    t =    41.97s     Wait for com.zacrotech.NeuroForge to idle
    t =    41.98s     Find the ScrollView (First Match)
    t =    42.11s     Check for interrupting elements affecting ScrollView
    t =    42.29s     Synthesize event
    t =    42.81s     Wait for com.zacrotech.NeuroForge to idle
    t =    44.93s Checking existence of `"View weekly chart data" Button`
    t =    45.19s Find the "View weekly chart data" Button
    t =    45.42s Checking existence of `"View weekly chart data" Button`
    t =    45.61s Find the "View weekly chart data" Button
    t =    45.81s Tap "View weekly chart data" Button
    t =    45.81s     Wait for com.zacrotech.NeuroForge to idle
    t =    45.82s     Find the "View weekly chart data" Button
    t =    46.00s     Check for interrupting elements affecting "View weekly chart data" Button
    t =    46.19s     Synthesize event
    t =    46.52s     Wait for com.zacrotech.NeuroForge to idle
    t =    46.52s Checking existence of `Button (First Match)`
    t =    46.60s Find the Button (First Match)
    t =    46.72s Find the "Aug 31, 2026, Mental Math, 0%, 1 scored answer" Button
    t =    46.80s Find the Target Application 'com.zacrotech.NeuroForge'
    t =    47.10s Added attachment named 'weekly-chart-date-activity-count-credit-en'
    t =    47.12s Tap "Aug 31, 2026, Mental Math, 0%, 1 scored answer" Button
    t =    47.12s     Wait for com.zacrotech.NeuroForge to idle
    t =    47.59s     Find the "Aug 31, 2026, Mental Math, 0%, 1 scored answer" Button
    t =    47.69s     Check for interrupting elements affecting "Aug 31, 2026, Mental Math, 0%, 1 scored answer" Button
    t =    47.79s     Synthesize event
    t =    48.10s     Wait for com.zacrotech.NeuroForge to idle
    t =    49.02s Waiting 8.0s for "Saved answers represented by this chart point." StaticText to exist
    t =    50.06s     Checking `Expect predicate `existsNoRetry == 1` for object "Saved answers represented by this chart point." StaticText`
    t =    50.07s         Checking existence of `"Saved answers represented by this chart point." StaticText`
    t =    50.30s Checking existence of `Button (First Match)`
    t =    50.38s Find the Button (First Match)
    t =    50.49s Get all elements bound by index for: Descendants matching type ScrollView
    t =    50.57s Find the ScrollView (Element at index 0)
    t =    50.65s Swipe up ScrollView at {{0.0, 0.0}, {375.0, 667.0}}
    t =    50.65s     Wait for com.zacrotech.NeuroForge to idle
    t =    50.66s     Find the ScrollView at {{0.0, 0.0}, {375.0, 667.0}}
    t =    50.71s     Check for interrupting elements affecting ScrollView
    t =    50.78s     Synthesize event
    t =    51.26s     Wait for com.zacrotech.NeuroForge to idle
    t =    52.16s Checking existence of `"Sep 5, 2026 at 12:09 PM, Mental Math · Focused practice, NeuroForge practice, Rapid recall: what is 10 × 9?, 0, Incorrect, Untimed · 14.8 seconds active, Independent, Confidence: Not recorded" Button`
    t =    52.26s Find the "Sep 5, 2026 at 12:09 PM, Mental Math · Focused practice, NeuroForge practice, Rapid recall: what is 10 × 9?, 0, Incorrect, Untimed · 14.8 seconds active, Independent, Confidence: Not recorded" Button
    t =    52.34s Press "Sep 5, 2026 at 12:09 PM, Mental Math · Focused practice, NeuroForge practice, Rapid recall: what is 10 × 9?, 0, Incorrect, Untimed · 14.8 seconds active, Independent, Confidence: Not recorded" Button for 0.1 seconds
    t =    52.34s     Wait for com.zacrotech.NeuroForge to idle
    t =    52.34s     Find the "Sep 5, 2026 at 12:09 PM, Mental Math · Focused practice, NeuroForge practice, Rapid recall: what is 10 × 9?, 0, Incorrect, Untimed · 14.8 seconds active, Independent, Confidence: Not recorded" Button
    t =    52.41s     Check for interrupting elements affecting "Sep 5, 2026 at 12:09 PM, Mental Math · Focused practice, NeuroForge practice, Rapid recall: what is 10 × 9?, 0, Incorrect, Untimed · 14.8 seconds active, Independent, Confidence: Not recorded" Button
    t =    52.47s     Synthesize event
    t =    52.86s     Wait for com.zacrotech.NeuroForge to idle
    t =    53.50s Waiting 8.0s for "Your saved answer" StaticText to exist
    t =    54.53s     Checking `Expect predicate `existsNoRetry == 1` for object "Your saved answer" StaticText`
    t =    54.55s         Checking existence of `"Your saved answer" StaticText`
    t =    54.91s Checking existence of `"Rapid recall: what is 10 × 9?" StaticText`
    t =    54.99s Checking existence of `"0" StaticText`
    t =    55.06s Find the Target Application 'com.zacrotech.NeuroForge'
    t =    55.31s Added attachment named 'weekly-chart-matching-original-answer-en'
    t =    55.32s Terminate com.zacrotech.NeuroForge:43845
    t =    56.36s Tear Down
Test Case '-[NeuroForgeUITests.NavigationSmokeUITests testWeeklyChartDataOpensExactSavedAnswerHistory]' passed (56.571 seconds).
Test Suite 'NavigationSmokeUITests' failed at 2026-09-05 12:10:36.075.
	 Executed 5 tests, with 2 failures (0 unexpected) in 424.405 (424.414) seconds
Test Suite 'NeuroForgeUITests.xctest' failed at 2026-09-05 12:10:36.077.
	 Executed 5 tests, with 2 failures (0 unexpected) in 424.405 (424.415) seconds
Test Suite 'Selected tests' failed at 2026-09-05 12:10:36.077.
	 Executed 5 tests, with 2 failures (0 unexpected) in 424.405 (424.417) seconds
2026-09-05 12:11:05.432 xcodebuild[41866:4766192] [MT] IDETestOperationsObserverDebug: 458.006 elapsed -- Testing started completed.
2026-09-05 12:11:05.433 xcodebuild[41866:4766192] [MT] IDETestOperationsObserverDebug: 0.000 sec, +0.000 sec -- start
2026-09-05 12:11:05.433 xcodebuild[41866:4766192] [MT] IDETestOperationsObserverDebug: 458.007 sec, +458.007 sec -- end

Test session results, code coverage, and logs:
	/tmp/NeuroForge-improvement-ios/Logs/Test/Test-NeuroForgeUISmoke-2026.09.05_12-03-26--0400.xcresult

Failing tests:
	NavigationSmokeUITests.testLogicStateInputsAndInvariantShowFeedbackAndAdvance()
	NavigationSmokeUITests.testQuantitativeNumberAndUnitShowFeedbackAndAdvance()

** TEST EXECUTE FAILED **

Testing started
