Command line invocation:
    /Applications/Xcode.app/Contents/Developer/usr/bin/xcodebuild -project NeuroForge.xcodeproj -scheme NeuroForge -destination platform=macOS -derivedDataPath /tmp/NeuroForge-improvement-build CODE_SIGNING_ALLOWED=NO "-only-testing:NeuroForgeTests/CoordinateTransformContractTests" "-only-testing:NeuroForgeTests/ReviewedCoordinateProtocolTests" "-only-testing:NeuroForgeTests/SpatialStructureContractTests" "-only-testing:NeuroForgeTests/RetrievalAssetContractTests" "-only-testing:NeuroForgeTests/RetrievalWorkerStackTests" "-only-testing:NeuroForgeTests/EditorialLiveControllerPersistenceTests" "-only-testing:NeuroForgeTests/GeneratedLifecycleParityTests" "-only-testing:NeuroForgeTests/AuthoringReadyRecoveryTests" "-only-testing:NeuroForgeTests/FocusedQuizRotationIntegrationTests" "-only-testing:NeuroForgeTests/DefaultContentCatalogTests" "-only-testing:NeuroForgeTests/LocalizationCatalogTests" "-only-testing:NeuroForgeTests/LocalizationResidualTests" test

Build settings from command line:
    CODE_SIGNING_ALLOWED = NO

Resolve Package Graph


Resolved source packages:
  SwiftMath: https://github.com/mgriebling/SwiftMath.git @ 1d2c908

--- xcodebuild: WARNING: Using the first of multiple matching destinations:
{ platform:macOS, arch:arm64, id:00006020-000228AE0287401E, name:My Mac }
{ platform:macOS, arch:x86_64, id:00006020-000228AE0287401E, name:My Mac }
ComputePackagePrebuildTargetDependencyGraph

Prepare packages

CreateBuildRequest

SendProjectDescription

CreateBuildOperation

ComputeTargetDependencyGraph
note: Building targets in dependency order
note: Target dependency graph (5 targets)
    Target 'NeuroForgeTests' in project 'NeuroForge'
        ➜ Explicit dependency on target 'NeuroForge' in project 'NeuroForge'
    Target 'NeuroForge' in project 'NeuroForge'
        ➜ Explicit dependency on target 'SwiftMath' in project 'SwiftMath'
    Target 'SwiftMath' in project 'SwiftMath'
        ➜ Explicit dependency on target 'SwiftMath' in project 'SwiftMath'
        ➜ Explicit dependency on target 'SwiftMath_SwiftMath' in project 'SwiftMath'
    Target 'SwiftMath' in project 'SwiftMath'
        ➜ Explicit dependency on target 'SwiftMath_SwiftMath' in project 'SwiftMath'
    Target 'SwiftMath_SwiftMath' in project 'SwiftMath' (no dependencies)

GatherProvisioningInputs

CreateBuildDescription

ExecuteExternalTool /Applications/Xcode.app/Contents/Developer/usr/bin/xcstringstool compile --dry-run --output-directory /tmp/NeuroForge-improvement-build/Build/Intermediates.noindex/NeuroForge.build/Debug/NeuroForge.build /Users/takamimarsh/Developer/Projects/Zacro Tech/NeuroForge/Sources/Resources/AppShortcuts.xcstrings

ExecuteExternalTool /Applications/Xcode.app/Contents/Developer/Toolchains/XcodeDefault.xctoolchain/usr/bin/swiftc --version

ExecuteExternalTool /Applications/Xcode.app/Contents/Developer/Toolchains/XcodeDefault.xctoolchain/usr/bin/clang -v -E -dM -isysroot /Applications/Xcode.app/Contents/Developer/Platforms/MacOSX.platform/Developer/SDKs/MacOSX26.5.sdk -x c -c /dev/null

ExecuteExternalTool /Applications/Xcode.app/Contents/Developer/usr/bin/actool --version --output-format xml1

ExecuteExternalTool /Applications/Xcode.app/Contents/Developer/usr/bin/xcstringstool compile --dry-run --output-directory /tmp/NeuroForge-improvement-build/Build/Intermediates.noindex/NeuroForge.build/Debug/NeuroForge.build /Users/takamimarsh/Developer/Projects/Zacro Tech/NeuroForge/Sources/Resources/Localizable.xcstrings

ExecuteExternalTool /Applications/Xcode.app/Contents/Developer/Toolchains/XcodeDefault.xctoolchain/usr/bin/ld -version_details

Build description signature: fa58c8b3e73eefbd63cedeb5f771debd
Build description path: /tmp/NeuroForge-improvement-build/Build/Intermediates.noindex/XCBuildData/fa58c8b3e73eefbd63cedeb5f771debd.xcbuilddata
ClangStatCache /Applications/Xcode.app/Contents/Developer/Toolchains/XcodeDefault.xctoolchain/usr/bin/clang-stat-cache /Applications/Xcode.app/Contents/Developer/Platforms/MacOSX.platform/Developer/SDKs/MacOSX26.5.sdk /tmp/NeuroForge-improvement-build/SDKStatCaches.noindex/macosx26.5-25F70-e082c4a02f00227109f4ed75e425c832.sdkstatcache
    cd /Users/takamimarsh/Developer/Projects/Zacro\ Tech/NeuroForge/NeuroForge.xcodeproj
    /Applications/Xcode.app/Contents/Developer/Toolchains/XcodeDefault.xctoolchain/usr/bin/clang-stat-cache /Applications/Xcode.app/Contents/Developer/Platforms/MacOSX.platform/Developer/SDKs/MacOSX26.5.sdk -o /tmp/NeuroForge-improvement-build/SDKStatCaches.noindex/macosx26.5-25F70-e082c4a02f00227109f4ed75e425c832.sdkstatcache

SwiftDriver NeuroForge normal arm64 com.apple.xcode.tools.swift.compiler (in target 'NeuroForge' from project 'NeuroForge')
    cd /Users/takamimarsh/Developer/Projects/Zacro\ Tech/NeuroForge
    builtin-SwiftDriver -- /Applications/Xcode.app/Contents/Developer/Toolchains/XcodeDefault.xctoolchain/usr/bin/swiftc -module-name NeuroForge -Onone @/tmp/NeuroForge-improvement-build/Build/Intermediates.noindex/NeuroForge.build/Debug/NeuroForge.build/Objects-normal/arm64/NeuroForge.SwiftFileList -DDEBUG -enable-experimental-feature DebugDescriptionMacro -sdk /Applications/Xcode.app/Contents/Developer/Platforms/MacOSX.platform/Developer/SDKs/MacOSX26.5.sdk -target arm64-apple-macos26.4 -g -module-cache-path /tmp/NeuroForge-improvement-build/ModuleCache.noindex -Xfrontend -serialize-debugging-options -enable-testing -warnings-as-errors -index-store-path /tmp/NeuroForge-improvement-build/Index.noindex/DataStore -Xcc -D_LIBCPP_HARDENING_MODE\=_LIBCPP_HARDENING_MODE_DEBUG -swift-version 6 -I /tmp/NeuroForge-improvement-build/Build/Products/Debug -F /tmp/NeuroForge-improvement-build/Build/Products/Debug/PackageFrameworks -F /tmp/NeuroForge-improvement-build/Build/Products/Debug -emit-localized-strings -emit-localized-strings-path /tmp/NeuroForge-improvement-build/Build/Intermediates.noindex/NeuroForge.build/Debug/NeuroForge.build/Objects-normal/arm64 -c -j12 -disable-batch-mode -incremental -Xcc -ivfsstatcache -Xcc /tmp/NeuroForge-improvement-build/SDKStatCaches.noindex/macosx26.5-25F70-e082c4a02f00227109f4ed75e425c832.sdkstatcache -output-file-map /tmp/NeuroForge-improvement-build/Build/Intermediates.noindex/NeuroForge.build/Debug/NeuroForge.build/Objects-normal/arm64/NeuroForge-OutputFileMap.json -use-frontend-parseable-output -save-temps -no-color-diagnostics -explicit-module-build -module-cache-path /tmp/NeuroForge-improvement-build/Build/Intermediates.noindex/SwiftExplicitPrecompiledModules -clang-scanner-module-cache-path /tmp/NeuroForge-improvement-build/ModuleCache.noindex -sdk-module-cache-path /tmp/NeuroForge-improvement-build/ModuleCache.noindex -serialize-diagnostics -emit-dependencies -emit-module -emit-module-path /tmp/NeuroForge-improvement-build/Build/Intermediates.noindex/NeuroForge.build/Debug/NeuroForge.build/Objects-normal/arm64/NeuroForge.swiftmodule -validate-clang-modules-once -clang-build-session-file /tmp/NeuroForge-improvement-build/ModuleCache.noindex/Session.modulevalidation -Xcc -I/tmp/NeuroForge-improvement-build/Build/Intermediates.noindex/NeuroForge.build/Debug/NeuroForge.build/swift-overrides.hmap -emit-const-values -Xfrontend -const-gather-protocols-file -Xfrontend /tmp/NeuroForge-improvement-build/Build/Intermediates.noindex/NeuroForge.build/Debug/NeuroForge.build/Objects-normal/arm64/NeuroForge_const_extract_protocols.json -Xcc -iquote -Xcc /tmp/NeuroForge-improvement-build/Build/Intermediates.noindex/NeuroForge.build/Debug/NeuroForge.build/NeuroForge-generated-files.hmap -Xcc -I/tmp/NeuroForge-improvement-build/Build/Intermediates.noindex/NeuroForge.build/Debug/NeuroForge.build/NeuroForge-own-target-headers.hmap -Xcc -I/tmp/NeuroForge-improvement-build/Build/Intermediates.noindex/NeuroForge.build/Debug/NeuroForge.build/NeuroForge-all-non-framework-target-headers.hmap -Xcc -ivfsoverlay -Xcc /tmp/NeuroForge-improvement-build/Build/Intermediates.noindex/NeuroForge.build/Debug/NeuroForge-1f477e43189f7d9a813ad7fc7bf5f2ec-VFS/all-product-headers.yaml -Xcc -iquote -Xcc /tmp/NeuroForge-improvement-build/Build/Intermediates.noindex/NeuroForge.build/Debug/NeuroForge.build/NeuroForge-project-headers.hmap -Xcc -I/tmp/NeuroForge-improvement-build/Build/Products/Debug/include -Xcc -I/tmp/NeuroForge-improvement-build/Build/Intermediates.noindex/NeuroForge.build/Debug/NeuroForge.build/DerivedSources-normal/arm64 -Xcc -I/tmp/NeuroForge-improvement-build/Build/Intermediates.noindex/NeuroForge.build/Debug/NeuroForge.build/DerivedSources/arm64 -Xcc -I/tmp/NeuroForge-improvement-build/Build/Intermediates.noindex/NeuroForge.build/Debug/NeuroForge.build/DerivedSources -Xcc -DDEBUG\=1 -emit-objc-header -emit-objc-header-path /tmp/NeuroForge-improvement-build/Build/Intermediates.noindex/NeuroForge.build/Debug/NeuroForge.build/Objects-normal/arm64/NeuroForge-Swift.h -working-directory /Users/takamimarsh/Developer/Projects/Zacro\ Tech/NeuroForge -experimental-emit-module-separately -disable-cmo

CompileXCStrings /tmp/NeuroForge-improvement-build/Build/Intermediates.noindex/NeuroForge.build/Debug/NeuroForge.build/ /Users/takamimarsh/Developer/Projects/Zacro\ Tech/NeuroForge/Sources/Resources/Localizable.xcstrings (in target 'NeuroForge' from project 'NeuroForge')
    cd /Users/takamimarsh/Developer/Projects/Zacro\ Tech/NeuroForge
    /Applications/Xcode.app/Contents/Developer/usr/bin/xcstringstool compile --output-directory /tmp/NeuroForge-improvement-build/Build/Intermediates.noindex/NeuroForge.build/Debug/NeuroForge.build /Users/takamimarsh/Developer/Projects/Zacro\ Tech/NeuroForge/Sources/Resources/Localizable.xcstrings

CopyStringsFile /tmp/NeuroForge-improvement-build/Build/Products/Debug/NeuroForge.app/Contents/Resources/en.lproj/Localizable.strings /tmp/NeuroForge-improvement-build/Build/Intermediates.noindex/NeuroForge.build/Debug/NeuroForge.build/en.lproj/Localizable.strings (in target 'NeuroForge' from project 'NeuroForge')
    cd /Users/takamimarsh/Developer/Projects/Zacro\ Tech/NeuroForge
    builtin-copyStrings --validate --outputencoding UTF-16 --outfilename Localizable.strings --outdir /tmp/NeuroForge-improvement-build/Build/Products/Debug/NeuroForge.app/Contents/Resources/en.lproj -- /tmp/NeuroForge-improvement-build/Build/Intermediates.noindex/NeuroForge.build/Debug/NeuroForge.build/en.lproj/Localizable.strings
/tmp/NeuroForge-improvement-build/Build/Intermediates.noindex/NeuroForge.build/Debug/NeuroForge.build/en.lproj/Localizable.strings:1:1: note: detected encoding of input file as Unicode (UTF-8) (in target 'NeuroForge' from project 'NeuroForge')

CopyStringsFile /tmp/NeuroForge-improvement-build/Build/Products/Debug/NeuroForge.app/Contents/Resources/ja.lproj/Localizable.strings /tmp/NeuroForge-improvement-build/Build/Intermediates.noindex/NeuroForge.build/Debug/NeuroForge.build/ja.lproj/Localizable.strings (in target 'NeuroForge' from project 'NeuroForge')
    cd /Users/takamimarsh/Developer/Projects/Zacro\ Tech/NeuroForge
    builtin-copyStrings --validate --outputencoding UTF-16 --outfilename Localizable.strings --outdir /tmp/NeuroForge-improvement-build/Build/Products/Debug/NeuroForge.app/Contents/Resources/ja.lproj -- /tmp/NeuroForge-improvement-build/Build/Intermediates.noindex/NeuroForge.build/Debug/NeuroForge.build/ja.lproj/Localizable.strings
/tmp/NeuroForge-improvement-build/Build/Intermediates.noindex/NeuroForge.build/Debug/NeuroForge.build/ja.lproj/Localizable.strings:1:1: note: detected encoding of input file as Unicode (UTF-8) (in target 'NeuroForge' from project 'NeuroForge')

SwiftCompile normal arm64 Compiling\ NFReviewQueueView.swift /Users/takamimarsh/Developer/Projects/Zacro\ Tech/NeuroForge/Sources/Features/Progress/NFReviewQueueView.swift (in target 'NeuroForge' from project 'NeuroForge')

SwiftCompile normal arm64 /Users/takamimarsh/Developer/Projects/Zacro\ Tech/NeuroForge/Sources/Features/Progress/NFReviewQueueView.swift (in target 'NeuroForge' from project 'NeuroForge')
    cd /Users/takamimarsh/Developer/Projects/Zacro\ Tech/NeuroForge
    

SwiftCompile normal arm64 Compiling\ PersistenceModels.swift /Users/takamimarsh/Developer/Projects/Zacro\ Tech/NeuroForge/Sources/Persistence/PersistenceModels.swift (in target 'NeuroForge' from project 'NeuroForge')
SwiftCompile normal arm64 /Users/takamimarsh/Developer/Projects/Zacro\ Tech/NeuroForge/Sources/Persistence/PersistenceModels.swift (in target 'NeuroForge' from project 'NeuroForge')
    cd /Users/takamimarsh/Developer/Projects/Zacro\ Tech/NeuroForge
    

SwiftEmitModule normal arm64 Emitting\ module\ for\ NeuroForge (in target 'NeuroForge' from project 'NeuroForge')

EmitSwiftModule normal arm64 (in target 'NeuroForge' from project 'NeuroForge')
    cd /Users/takamimarsh/Developer/Projects/Zacro\ Tech/NeuroForge
    

SwiftCompile normal arm64 Compiling\ NFExerciseContractMetadata.swift /Users/takamimarsh/Developer/Projects/Zacro\ Tech/NeuroForge/Sources/TrainingEngine/NFExerciseContractMetadata.swift (in target 'NeuroForge' from project 'NeuroForge')

SwiftCompile normal arm64 /Users/takamimarsh/Developer/Projects/Zacro\ Tech/NeuroForge/Sources/TrainingEngine/NFExerciseContractMetadata.swift (in target 'NeuroForge' from project 'NeuroForge')
    cd /Users/takamimarsh/Developer/Projects/Zacro\ Tech/NeuroForge
    

SwiftCompile normal arm64 Compiling\ NFQuestionFingerprint.swift /Users/takamimarsh/Developer/Projects/Zacro\ Tech/NeuroForge/Sources/TrainingEngine/NFQuestionFingerprint.swift (in target 'NeuroForge' from project 'NeuroForge')

SwiftCompile normal arm64 /Users/takamimarsh/Developer/Projects/Zacro\ Tech/NeuroForge/Sources/TrainingEngine/NFQuestionFingerprint.swift (in target 'NeuroForge' from project 'NeuroForge')
    cd /Users/takamimarsh/Developer/Projects/Zacro\ Tech/NeuroForge
    

SwiftCompile normal arm64 Compiling\ NFFallbackExerciseGenerator.swift /Users/takamimarsh/Developer/Projects/Zacro\ Tech/NeuroForge/Sources/TrainingEngine/NFFallbackExerciseGenerator.swift (in target 'NeuroForge' from project 'NeuroForge')

SwiftCompile normal arm64 /Users/takamimarsh/Developer/Projects/Zacro\ Tech/NeuroForge/Sources/TrainingEngine/NFFallbackExerciseGenerator.swift (in target 'NeuroForge' from project 'NeuroForge')
    cd /Users/takamimarsh/Developer/Projects/Zacro\ Tech/NeuroForge
    

SwiftDriverJobDiscovery normal arm64 Compiling NFQuestionFingerprint.swift (in target 'NeuroForge' from project 'NeuroForge')

SwiftDriverJobDiscovery normal arm64 Compiling NFExerciseContractMetadata.swift (in target 'NeuroForge' from project 'NeuroForge')

SwiftCompile normal arm64 Compiling\ NFDataExportService.swift /Users/takamimarsh/Developer/Projects/Zacro\ Tech/NeuroForge/Sources/Privacy/NFDataExportService.swift (in target 'NeuroForge' from project 'NeuroForge')

SwiftCompile normal arm64 /Users/takamimarsh/Developer/Projects/Zacro\ Tech/NeuroForge/Sources/Privacy/NFDataExportService.swift (in target 'NeuroForge' from project 'NeuroForge')
    cd /Users/takamimarsh/Developer/Projects/Zacro\ Tech/NeuroForge
    

SwiftCompile normal arm64 Compiling\ NFDataArchiveRestoreService.swift /Users/takamimarsh/Developer/Projects/Zacro\ Tech/NeuroForge/Sources/Privacy/NFDataArchiveRestoreService.swift (in target 'NeuroForge' from project 'NeuroForge')

SwiftCompile normal arm64 /Users/takamimarsh/Developer/Projects/Zacro\ Tech/NeuroForge/Sources/Privacy/NFDataArchiveRestoreService.swift (in target 'NeuroForge' from project 'NeuroForge')
    cd /Users/takamimarsh/Developer/Projects/Zacro\ Tech/NeuroForge
    

SwiftCompile normal arm64 Compiling\ UniversalSessionView.swift /Users/takamimarsh/Developer/Projects/Zacro\ Tech/NeuroForge/Sources/Features/Training/UniversalSessionView.swift (in target 'NeuroForge' from project 'NeuroForge')
SwiftCompile normal arm64 /Users/takamimarsh/Developer/Projects/Zacro\ Tech/NeuroForge/Sources/Features/Training/UniversalSessionView.swift (in target 'NeuroForge' from project 'NeuroForge')
    cd /Users/takamimarsh/Developer/Projects/Zacro\ Tech/NeuroForge
    

SwiftCompile normal arm64 Compiling\ NFDirtyEditorGuard.swift /Users/takamimarsh/Developer/Projects/Zacro\ Tech/NeuroForge/Sources/DesignSystem/NFDirtyEditorGuard.swift (in target 'NeuroForge' from project 'NeuroForge')

SwiftCompile normal arm64 /Users/takamimarsh/Developer/Projects/Zacro\ Tech/NeuroForge/Sources/DesignSystem/NFDirtyEditorGuard.swift (in target 'NeuroForge' from project 'NeuroForge')
    cd /Users/takamimarsh/Developer/Projects/Zacro\ Tech/NeuroForge
    

SwiftCompile normal arm64 Compiling\ EditorialBandEvidenceV1.swift /Users/takamimarsh/Developer/Projects/Zacro\ Tech/NeuroForge/Sources/Adaptive/EditorialBandEvidenceV1.swift (in target 'NeuroForge' from project 'NeuroForge')

SwiftCompile normal arm64 /Users/takamimarsh/Developer/Projects/Zacro\ Tech/NeuroForge/Sources/Adaptive/EditorialBandEvidenceV1.swift (in target 'NeuroForge' from project 'NeuroForge')
    cd /Users/takamimarsh/Developer/Projects/Zacro\ Tech/NeuroForge
    

SwiftCompile normal arm64 Compiling\ SpatialDiagramView.swift /Users/takamimarsh/Developer/Projects/Zacro\ Tech/NeuroForge/Sources/Features/Training/SpatialDiagramView.swift (in target 'NeuroForge' from project 'NeuroForge')

SwiftCompile normal arm64 /Users/takamimarsh/Developer/Projects/Zacro\ Tech/NeuroForge/Sources/Features/Training/SpatialDiagramView.swift (in target 'NeuroForge' from project 'NeuroForge')
    cd /Users/takamimarsh/Developer/Projects/Zacro\ Tech/NeuroForge
    

SwiftCompile normal arm64 Compiling\ NFPrivateStudyMetadata.swift /Users/takamimarsh/Developer/Projects/Zacro\ Tech/NeuroForge/Sources/Features/Library/NFPrivateStudyMetadata.swift (in target 'NeuroForge' from project 'NeuroForge')

SwiftCompile normal arm64 /Users/takamimarsh/Developer/Projects/Zacro\ Tech/NeuroForge/Sources/Features/Library/NFPrivateStudyMetadata.swift (in target 'NeuroForge' from project 'NeuroForge')
    cd /Users/takamimarsh/Developer/Projects/Zacro\ Tech/NeuroForge
    

SwiftCompile normal arm64 Compiling\ NFModelAuthoringValidator.swift /Users/takamimarsh/Developer/Projects/Zacro\ Tech/NeuroForge/Sources/AI/NFModelAuthoringValidator.swift (in target 'NeuroForge' from project 'NeuroForge')

SwiftCompile normal arm64 /Users/takamimarsh/Developer/Projects/Zacro\ Tech/NeuroForge/Sources/AI/NFModelAuthoringValidator.swift (in target 'NeuroForge' from project 'NeuroForge')
    cd /Users/takamimarsh/Developer/Projects/Zacro\ Tech/NeuroForge
    

SwiftCompile normal arm64 Compiling\ NFMentalMathProgressAdapter.swift /Users/takamimarsh/Developer/Projects/Zacro\ Tech/NeuroForge/Sources/Adaptive/NFMentalMathProgressAdapter.swift (in target 'NeuroForge' from project 'NeuroForge')

SwiftCompile normal arm64 /Users/takamimarsh/Developer/Projects/Zacro\ Tech/NeuroForge/Sources/Adaptive/NFMentalMathProgressAdapter.swift (in target 'NeuroForge' from project 'NeuroForge')
    cd /Users/takamimarsh/Developer/Projects/Zacro\ Tech/NeuroForge
    

SwiftDriverJobDiscovery normal arm64 Compiling NFFallbackExerciseGenerator.swift (in target 'NeuroForge' from project 'NeuroForge')

SwiftCompile normal arm64 Compiling\ NFRestoreRuntimeController.swift /Users/takamimarsh/Developer/Projects/Zacro\ Tech/NeuroForge/Sources/Privacy/NFRestoreRuntimeController.swift (in target 'NeuroForge' from project 'NeuroForge')

SwiftCompile normal arm64 /Users/takamimarsh/Developer/Projects/Zacro\ Tech/NeuroForge/Sources/Privacy/NFRestoreRuntimeController.swift (in target 'NeuroForge' from project 'NeuroForge')
    cd /Users/takamimarsh/Developer/Projects/Zacro\ Tech/NeuroForge
    

SwiftDriverJobDiscovery normal arm64 Compiling NFReviewQueueView.swift (in target 'NeuroForge' from project 'NeuroForge')

SwiftCompile normal arm64 Compiling\ NFRestoreColdCoordinator.swift /Users/takamimarsh/Developer/Projects/Zacro\ Tech/NeuroForge/Sources/Privacy/NFRestoreColdCoordinator.swift (in target 'NeuroForge' from project 'NeuroForge')

SwiftCompile normal arm64 /Users/takamimarsh/Developer/Projects/Zacro\ Tech/NeuroForge/Sources/Privacy/NFRestoreColdCoordinator.swift (in target 'NeuroForge' from project 'NeuroForge')
    cd /Users/takamimarsh/Developer/Projects/Zacro\ Tech/NeuroForge
    

SwiftDriverJobDiscovery normal arm64 Compiling NFModelAuthoringValidator.swift (in target 'NeuroForge' from project 'NeuroForge')

SwiftCompile normal arm64 Compiling\ NFNextDayPlanPreparationService.swift /Users/takamimarsh/Developer/Projects/Zacro\ Tech/NeuroForge/Sources/AI/NFNextDayPlanPreparationService.swift (in target 'NeuroForge' from project 'NeuroForge')

SwiftCompile normal arm64 /Users/takamimarsh/Developer/Projects/Zacro\ Tech/NeuroForge/Sources/AI/NFNextDayPlanPreparationService.swift (in target 'NeuroForge' from project 'NeuroForge')
    cd /Users/takamimarsh/Developer/Projects/Zacro\ Tech/NeuroForge
    

SwiftDriverJobDiscovery normal arm64 Compiling EditorialBandEvidenceV1.swift (in target 'NeuroForge' from project 'NeuroForge')

SwiftCompile normal arm64 Compiling\ NFRetentionTransferScheduler.swift /Users/takamimarsh/Developer/Projects/Zacro\ Tech/NeuroForge/Sources/Assessment/NFRetentionTransferScheduler.swift (in target 'NeuroForge' from project 'NeuroForge')

SwiftCompile normal arm64 /Users/takamimarsh/Developer/Projects/Zacro\ Tech/NeuroForge/Sources/Assessment/NFRetentionTransferScheduler.swift (in target 'NeuroForge' from project 'NeuroForge')
    cd /Users/takamimarsh/Developer/Projects/Zacro\ Tech/NeuroForge
    

SwiftDriverJobDiscovery normal arm64 Compiling NFRestoreColdCoordinator.swift (in target 'NeuroForge' from project 'NeuroForge')

SwiftCompile normal arm64 Compiling\ NeuroForgeApp.swift /Users/takamimarsh/Developer/Projects/Zacro\ Tech/NeuroForge/Sources/App/NeuroForgeApp.swift (in target 'NeuroForge' from project 'NeuroForge')

SwiftCompile normal arm64 /Users/takamimarsh/Developer/Projects/Zacro\ Tech/NeuroForge/Sources/App/NeuroForgeApp.swift (in target 'NeuroForge' from project 'NeuroForge')
    cd /Users/takamimarsh/Developer/Projects/Zacro\ Tech/NeuroForge
    

SwiftDriverJobDiscovery normal arm64 Compiling NFDirtyEditorGuard.swift (in target 'NeuroForge' from project 'NeuroForge')

SwiftCompile normal arm64 Compiling\ NFContentCorrectionPolicy.swift /Users/takamimarsh/Developer/Projects/Zacro\ Tech/NeuroForge/Sources/TrainingEngine/NFContentCorrectionPolicy.swift (in target 'NeuroForge' from project 'NeuroForge')

SwiftCompile normal arm64 /Users/takamimarsh/Developer/Projects/Zacro\ Tech/NeuroForge/Sources/TrainingEngine/NFContentCorrectionPolicy.swift (in target 'NeuroForge' from project 'NeuroForge')
    cd /Users/takamimarsh/Developer/Projects/Zacro\ Tech/NeuroForge
    

SwiftDriverJobDiscovery normal arm64 Compiling NFMentalMathProgressAdapter.swift (in target 'NeuroForge' from project 'NeuroForge')

SwiftCompile normal arm64 Compiling\ NFAttemptAnnotationView.swift /Users/takamimarsh/Developer/Projects/Zacro\ Tech/NeuroForge/Sources/Features/Progress/NFAttemptAnnotationView.swift (in target 'NeuroForge' from project 'NeuroForge')

SwiftCompile normal arm64 /Users/takamimarsh/Developer/Projects/Zacro\ Tech/NeuroForge/Sources/Features/Progress/NFAttemptAnnotationView.swift (in target 'NeuroForge' from project 'NeuroForge')
    cd /Users/takamimarsh/Developer/Projects/Zacro\ Tech/NeuroForge
    

SwiftDriverJobDiscovery normal arm64 Compiling NFPrivateStudyMetadata.swift (in target 'NeuroForge' from project 'NeuroForge')

SwiftCompile normal arm64 Compiling\ AIStudioView.swift /Users/takamimarsh/Developer/Projects/Zacro\ Tech/NeuroForge/Sources/Features/AI/AIStudioView.swift (in target 'NeuroForge' from project 'NeuroForge')
SwiftCompile normal arm64 /Users/takamimarsh/Developer/Projects/Zacro\ Tech/NeuroForge/Sources/Features/AI/AIStudioView.swift (in target 'NeuroForge' from project 'NeuroForge')
    cd /Users/takamimarsh/Developer/Projects/Zacro\ Tech/NeuroForge
    

SwiftDriverJobDiscovery normal arm64 Compiling NFRetentionTransferScheduler.swift (in target 'NeuroForge' from project 'NeuroForge')

SwiftCompile normal arm64 Compiling\ NFContinueSessionsCard.swift /Users/takamimarsh/Developer/Projects/Zacro\ Tech/NeuroForge/Sources/Features/Today/NFContinueSessionsCard.swift (in target 'NeuroForge' from project 'NeuroForge')

SwiftCompile normal arm64 /Users/takamimarsh/Developer/Projects/Zacro\ Tech/NeuroForge/Sources/Features/Today/NFContinueSessionsCard.swift (in target 'NeuroForge' from project 'NeuroForge')
    cd /Users/takamimarsh/Developer/Projects/Zacro\ Tech/NeuroForge
    

SwiftDriverJobDiscovery normal arm64 Compiling NFContentCorrectionPolicy.swift (in target 'NeuroForge' from project 'NeuroForge')

SwiftCompile normal arm64 Compiling\ NotificationSettingsControls.swift /Users/takamimarsh/Developer/Projects/Zacro\ Tech/NeuroForge/Sources/Features/Settings/NotificationSettingsControls.swift (in target 'NeuroForge' from project 'NeuroForge')

SwiftCompile normal arm64 /Users/takamimarsh/Developer/Projects/Zacro\ Tech/NeuroForge/Sources/Features/Settings/NotificationSettingsControls.swift (in target 'NeuroForge' from project 'NeuroForge')
    cd /Users/takamimarsh/Developer/Projects/Zacro\ Tech/NeuroForge
    

SwiftDriverJobDiscovery normal arm64 Compiling SpatialDiagramView.swift (in target 'NeuroForge' from project 'NeuroForge')

SwiftCompile normal arm64 Compiling\ NFShortcutAuthoringBridge.swift /Users/takamimarsh/Developer/Projects/Zacro\ Tech/NeuroForge/Sources/Integrations/NFShortcutAuthoringBridge.swift (in target 'NeuroForge' from project 'NeuroForge')

SwiftCompile normal arm64 /Users/takamimarsh/Developer/Projects/Zacro\ Tech/NeuroForge/Sources/Integrations/NFShortcutAuthoringBridge.swift (in target 'NeuroForge' from project 'NeuroForge')
    cd /Users/takamimarsh/Developer/Projects/Zacro\ Tech/NeuroForge
    

SwiftDriverJobDiscovery normal arm64 Compiling NFRestoreRuntimeController.swift (in target 'NeuroForge' from project 'NeuroForge')

SwiftCompile normal arm64 Compiling\ NFWidgetSnapshotPublishing.swift /Users/takamimarsh/Developer/Projects/Zacro\ Tech/NeuroForge/Sources/Integrations/NFWidgetSnapshotPublishing.swift (in target 'NeuroForge' from project 'NeuroForge')

SwiftCompile normal arm64 /Users/takamimarsh/Developer/Projects/Zacro\ Tech/NeuroForge/Sources/Integrations/NFWidgetSnapshotPublishing.swift (in target 'NeuroForge' from project 'NeuroForge')
    cd /Users/takamimarsh/Developer/Projects/Zacro\ Tech/NeuroForge
    

SwiftDriverJobDiscovery normal arm64 Compiling NFNextDayPlanPreparationService.swift (in target 'NeuroForge' from project 'NeuroForge')

SwiftCompile normal arm64 Compiling\ NFDataInspectionView.swift /Users/takamimarsh/Developer/Projects/Zacro\ Tech/NeuroForge/Sources/Features/Training/NFDataInspectionView.swift (in target 'NeuroForge' from project 'NeuroForge')

SwiftCompile normal arm64 /Users/takamimarsh/Developer/Projects/Zacro\ Tech/NeuroForge/Sources/Features/Training/NFDataInspectionView.swift (in target 'NeuroForge' from project 'NeuroForge')
    cd /Users/takamimarsh/Developer/Projects/Zacro\ Tech/NeuroForge
    

SwiftDriverJobDiscovery normal arm64 Compiling NFDataExportService.swift (in target 'NeuroForge' from project 'NeuroForge')

SwiftCompile normal arm64 Compiling\ SpotlightSettingsControls.swift /Users/takamimarsh/Developer/Projects/Zacro\ Tech/NeuroForge/Sources/Features/Settings/SpotlightSettingsControls.swift (in target 'NeuroForge' from project 'NeuroForge')

SwiftCompile normal arm64 /Users/takamimarsh/Developer/Projects/Zacro\ Tech/NeuroForge/Sources/Features/Settings/SpotlightSettingsControls.swift (in target 'NeuroForge' from project 'NeuroForge')
    cd /Users/takamimarsh/Developer/Projects/Zacro\ Tech/NeuroForge
    

SwiftDriverJobDiscovery normal arm64 Compiling NFShortcutAuthoringBridge.swift (in target 'NeuroForge' from project 'NeuroForge')

SwiftCompile normal arm64 Compiling\ NFLocalReservationBridge.swift /Users/takamimarsh/Developer/Projects/Zacro\ Tech/NeuroForge/Sources/Adaptive/NFLocalReservationBridge.swift (in target 'NeuroForge' from project 'NeuroForge')

SwiftCompile normal arm64 /Users/takamimarsh/Developer/Projects/Zacro\ Tech/NeuroForge/Sources/Adaptive/NFLocalReservationBridge.swift (in target 'NeuroForge' from project 'NeuroForge')
    cd /Users/takamimarsh/Developer/Projects/Zacro\ Tech/NeuroForge
    

SwiftDriverJobDiscovery normal arm64 Compiling NFAttemptAnnotationView.swift (in target 'NeuroForge' from project 'NeuroForge')

SwiftCompile normal arm64 Compiling\ NFAuthoredExerciseAuthority.swift /Users/takamimarsh/Developer/Projects/Zacro\ Tech/NeuroForge/Sources/AI/NFAuthoredExerciseAuthority.swift (in target 'NeuroForge' from project 'NeuroForge')

SwiftCompile normal arm64 /Users/takamimarsh/Developer/Projects/Zacro\ Tech/NeuroForge/Sources/AI/NFAuthoredExerciseAuthority.swift (in target 'NeuroForge' from project 'NeuroForge')
    cd /Users/takamimarsh/Developer/Projects/Zacro\ Tech/NeuroForge
    

SwiftDriverJobDiscovery normal arm64 Compiling NFWidgetSnapshotPublishing.swift (in target 'NeuroForge' from project 'NeuroForge')

SwiftCompile normal arm64 Compiling\ NFStudyResourcesView.swift /Users/takamimarsh/Developer/Projects/Zacro\ Tech/NeuroForge/Sources/Features/Library/NFStudyResourcesView.swift (in target 'NeuroForge' from project 'NeuroForge')

SwiftCompile normal arm64 /Users/takamimarsh/Developer/Projects/Zacro\ Tech/NeuroForge/Sources/Features/Library/NFStudyResourcesView.swift (in target 'NeuroForge' from project 'NeuroForge')
    cd /Users/takamimarsh/Developer/Projects/Zacro\ Tech/NeuroForge
    

SwiftDriverJobDiscovery normal arm64 Compiling NotificationSettingsControls.swift (in target 'NeuroForge' from project 'NeuroForge')

SwiftCompile normal arm64 Compiling\ NFSystemIntegrationCoordinator.swift /Users/takamimarsh/Developer/Projects/Zacro\ Tech/NeuroForge/Sources/Integrations/System/NFSystemIntegrationCoordinator.swift (in target 'NeuroForge' from project 'NeuroForge')

SwiftCompile normal arm64 /Users/takamimarsh/Developer/Projects/Zacro\ Tech/NeuroForge/Sources/Integrations/System/NFSystemIntegrationCoordinator.swift (in target 'NeuroForge' from project 'NeuroForge')
    cd /Users/takamimarsh/Developer/Projects/Zacro\ Tech/NeuroForge
    

SwiftDriverJobDiscovery normal arm64 Compiling NFContinueSessionsCard.swift (in target 'NeuroForge' from project 'NeuroForge')

SwiftCompile normal arm64 Compiling\ InputCalibrationSettingsView.swift /Users/takamimarsh/Developer/Projects/Zacro\ Tech/NeuroForge/Sources/Features/Settings/InputCalibrationSettingsView.swift (in target 'NeuroForge' from project 'NeuroForge')

SwiftCompile normal arm64 /Users/takamimarsh/Developer/Projects/Zacro\ Tech/NeuroForge/Sources/Features/Settings/InputCalibrationSettingsView.swift (in target 'NeuroForge' from project 'NeuroForge')
    cd /Users/takamimarsh/Developer/Projects/Zacro\ Tech/NeuroForge
    

SwiftDriverJobDiscovery normal arm64 Compiling NFLocalReservationBridge.swift (in target 'NeuroForge' from project 'NeuroForge')

SwiftCompile normal arm64 Compiling\ LibraryView.swift /Users/takamimarsh/Developer/Projects/Zacro\ Tech/NeuroForge/Sources/Features/Library/LibraryView.swift (in target 'NeuroForge' from project 'NeuroForge')

SwiftCompile normal arm64 /Users/takamimarsh/Developer/Projects/Zacro\ Tech/NeuroForge/Sources/Features/Library/LibraryView.swift (in target 'NeuroForge' from project 'NeuroForge')
    cd /Users/takamimarsh/Developer/Projects/Zacro\ Tech/NeuroForge
    

SwiftDriverJobDiscovery normal arm64 Compiling NFAuthoredExerciseAuthority.swift (in target 'NeuroForge' from project 'NeuroForge')

SwiftCompile normal arm64 Compiling\ TodayView.swift /Users/takamimarsh/Developer/Projects/Zacro\ Tech/NeuroForge/Sources/Features/Today/TodayView.swift (in target 'NeuroForge' from project 'NeuroForge')

SwiftCompile normal arm64 /Users/takamimarsh/Developer/Projects/Zacro\ Tech/NeuroForge/Sources/Features/Today/TodayView.swift (in target 'NeuroForge' from project 'NeuroForge')
    cd /Users/takamimarsh/Developer/Projects/Zacro\ Tech/NeuroForge
    

SwiftDriverJobDiscovery normal arm64 Compiling NFDataInspectionView.swift (in target 'NeuroForge' from project 'NeuroForge')

SwiftCompile normal arm64 Compiling\ NFClaimEvidenceEditor.swift /Users/takamimarsh/Developer/Projects/Zacro\ Tech/NeuroForge/Sources/Features/Training/NFClaimEvidenceEditor.swift (in target 'NeuroForge' from project 'NeuroForge')

SwiftCompile normal arm64 /Users/takamimarsh/Developer/Projects/Zacro\ Tech/NeuroForge/Sources/Features/Training/NFClaimEvidenceEditor.swift (in target 'NeuroForge' from project 'NeuroForge')
    cd /Users/takamimarsh/Developer/Projects/Zacro\ Tech/NeuroForge
    

SwiftDriverJobDiscovery normal arm64 Compiling SpotlightSettingsControls.swift (in target 'NeuroForge' from project 'NeuroForge')

SwiftCompile normal arm64 Compiling\ NFTransferTaxonomy.swift /Users/takamimarsh/Developer/Projects/Zacro\ Tech/NeuroForge/Sources/Adaptive/NFTransferTaxonomy.swift (in target 'NeuroForge' from project 'NeuroForge')

SwiftCompile normal arm64 /Users/takamimarsh/Developer/Projects/Zacro\ Tech/NeuroForge/Sources/Adaptive/NFTransferTaxonomy.swift (in target 'NeuroForge' from project 'NeuroForge')
    cd /Users/takamimarsh/Developer/Projects/Zacro\ Tech/NeuroForge
    

SwiftDriverJobDiscovery normal arm64 Compiling NFDataArchiveRestoreService.swift (in target 'NeuroForge' from project 'NeuroForge')

SwiftCompile normal arm64 Compiling\ NFCodeTraceContract.swift /Users/takamimarsh/Developer/Projects/Zacro\ Tech/NeuroForge/Sources/TrainingEngine/NFCodeTraceContract.swift (in target 'NeuroForge' from project 'NeuroForge')

SwiftCompile normal arm64 /Users/takamimarsh/Developer/Projects/Zacro\ Tech/NeuroForge/Sources/TrainingEngine/NFCodeTraceContract.swift (in target 'NeuroForge' from project 'NeuroForge')
    cd /Users/takamimarsh/Developer/Projects/Zacro\ Tech/NeuroForge
    

SwiftDriverJobDiscovery normal arm64 Compiling NeuroForgeApp.swift (in target 'NeuroForge' from project 'NeuroForge')

SwiftCompile normal arm64 Compiling\ ScratchpadView.swift /Users/takamimarsh/Developer/Projects/Zacro\ Tech/NeuroForge/Sources/Features/Training/ScratchpadView.swift (in target 'NeuroForge' from project 'NeuroForge')

SwiftCompile normal arm64 /Users/takamimarsh/Developer/Projects/Zacro\ Tech/NeuroForge/Sources/Features/Training/ScratchpadView.swift (in target 'NeuroForge' from project 'NeuroForge')
    cd /Users/takamimarsh/Developer/Projects/Zacro\ Tech/NeuroForge
    

SwiftDriverJobDiscovery normal arm64 Compiling NFTransferTaxonomy.swift (in target 'NeuroForge' from project 'NeuroForge')

SwiftCompile normal arm64 Compiling\ NFGeneratedPracticeDraft.swift /Users/takamimarsh/Developer/Projects/Zacro\ Tech/NeuroForge/Sources/Features/AI/NFGeneratedPracticeDraft.swift (in target 'NeuroForge' from project 'NeuroForge')

SwiftCompile normal arm64 /Users/takamimarsh/Developer/Projects/Zacro\ Tech/NeuroForge/Sources/Features/AI/NFGeneratedPracticeDraft.swift (in target 'NeuroForge' from project 'NeuroForge')
    cd /Users/takamimarsh/Developer/Projects/Zacro\ Tech/NeuroForge
    

SwiftDriverJobDiscovery normal arm64 Compiling NFCodeTraceContract.swift (in target 'NeuroForge' from project 'NeuroForge')

SwiftCompile normal arm64 Compiling\ NFOfflineQuestionBank.swift /Users/takamimarsh/Developer/Projects/Zacro\ Tech/NeuroForge/Sources/TrainingEngine/NFOfflineQuestionBank.swift (in target 'NeuroForge' from project 'NeuroForge')

SwiftCompile normal arm64 /Users/takamimarsh/Developer/Projects/Zacro\ Tech/NeuroForge/Sources/TrainingEngine/NFOfflineQuestionBank.swift (in target 'NeuroForge' from project 'NeuroForge')
    cd /Users/takamimarsh/Developer/Projects/Zacro\ Tech/NeuroForge
    

SwiftDriverJobDiscovery normal arm64 Compiling NFClaimEvidenceEditor.swift (in target 'NeuroForge' from project 'NeuroForge')

SwiftCompile normal arm64 Compiling\ NFContentInventoryAudit.swift /Users/takamimarsh/Developer/Projects/Zacro\ Tech/NeuroForge/Sources/TrainingEngine/NFContentInventoryAudit.swift (in target 'NeuroForge' from project 'NeuroForge')

SwiftCompile normal arm64 /Users/takamimarsh/Developer/Projects/Zacro\ Tech/NeuroForge/Sources/TrainingEngine/NFContentInventoryAudit.swift (in target 'NeuroForge' from project 'NeuroForge')
    cd /Users/takamimarsh/Developer/Projects/Zacro\ Tech/NeuroForge
    

SwiftDriverJobDiscovery normal arm64 Compiling NFOfflineQuestionBank.swift (in target 'NeuroForge' from project 'NeuroForge')

SwiftCompile normal arm64 Compiling\ NFUserFacingContentLinter.swift /Users/takamimarsh/Developer/Projects/Zacro\ Tech/NeuroForge/Sources/TrainingEngine/NFUserFacingContentLinter.swift (in target 'NeuroForge' from project 'NeuroForge')

SwiftCompile normal arm64 /Users/takamimarsh/Developer/Projects/Zacro\ Tech/NeuroForge/Sources/TrainingEngine/NFUserFacingContentLinter.swift (in target 'NeuroForge' from project 'NeuroForge')
    cd /Users/takamimarsh/Developer/Projects/Zacro\ Tech/NeuroForge
    

SwiftDriverJobDiscovery normal arm64 Compiling InputCalibrationSettingsView.swift (in target 'NeuroForge' from project 'NeuroForge')

SwiftCompile normal arm64 Compiling\ NFPlanReplacementPersistence.swift /Users/takamimarsh/Developer/Projects/Zacro\ Tech/NeuroForge/Sources/Persistence/NFPlanReplacementPersistence.swift (in target 'NeuroForge' from project 'NeuroForge')

SwiftCompile normal arm64 /Users/takamimarsh/Developer/Projects/Zacro\ Tech/NeuroForge/Sources/Persistence/NFPlanReplacementPersistence.swift (in target 'NeuroForge' from project 'NeuroForge')
    cd /Users/takamimarsh/Developer/Projects/Zacro\ Tech/NeuroForge
    

SwiftDriverJobDiscovery normal arm64 Compiling NFContentInventoryAudit.swift (in target 'NeuroForge' from project 'NeuroForge')

SwiftCompile normal arm64 Compiling\ SettingsView.swift /Users/takamimarsh/Developer/Projects/Zacro\ Tech/NeuroForge/Sources/Features/Settings/SettingsView.swift (in target 'NeuroForge' from project 'NeuroForge')

SwiftCompile normal arm64 /Users/takamimarsh/Developer/Projects/Zacro\ Tech/NeuroForge/Sources/Features/Settings/SettingsView.swift (in target 'NeuroForge' from project 'NeuroForge')
    cd /Users/takamimarsh/Developer/Projects/Zacro\ Tech/NeuroForge
    

SwiftDriverJobDiscovery normal arm64 Compiling NFUserFacingContentLinter.swift (in target 'NeuroForge' from project 'NeuroForge')

SwiftCompile normal arm64 Compiling\ NFRetrievalResponseAuthority.swift /Users/takamimarsh/Developer/Projects/Zacro\ Tech/NeuroForge/Sources/TrainingEngine/NFRetrievalResponseAuthority.swift (in target 'NeuroForge' from project 'NeuroForge')

SwiftCompile normal arm64 /Users/takamimarsh/Developer/Projects/Zacro\ Tech/NeuroForge/Sources/TrainingEngine/NFRetrievalResponseAuthority.swift (in target 'NeuroForge' from project 'NeuroForge')
    cd /Users/takamimarsh/Developer/Projects/Zacro\ Tech/NeuroForge
    

SwiftDriverJobDiscovery normal arm64 Emitting module for NeuroForge (in target 'NeuroForge' from project 'NeuroForge')

SwiftDriver\ Compilation\ Requirements NeuroForge normal arm64 com.apple.xcode.tools.swift.compiler (in target 'NeuroForge' from project 'NeuroForge')
    cd /Users/takamimarsh/Developer/Projects/Zacro\ Tech/NeuroForge
    builtin-Swift-Compilation-Requirements -- /Applications/Xcode.app/Contents/Developer/Toolchains/XcodeDefault.xctoolchain/usr/bin/swiftc -module-name NeuroForge -Onone @/tmp/NeuroForge-improvement-build/Build/Intermediates.noindex/NeuroForge.build/Debug/NeuroForge.build/Objects-normal/arm64/NeuroForge.SwiftFileList -DDEBUG -enable-experimental-feature DebugDescriptionMacro -sdk /Applications/Xcode.app/Contents/Developer/Platforms/MacOSX.platform/Developer/SDKs/MacOSX26.5.sdk -target arm64-apple-macos26.4 -g -module-cache-path /tmp/NeuroForge-improvement-build/ModuleCache.noindex -Xfrontend -serialize-debugging-options -enable-testing -warnings-as-errors -index-store-path /tmp/NeuroForge-improvement-build/Index.noindex/DataStore -Xcc -D_LIBCPP_HARDENING_MODE\=_LIBCPP_HARDENING_MODE_DEBUG -swift-version 6 -I /tmp/NeuroForge-improvement-build/Build/Products/Debug -F /tmp/NeuroForge-improvement-build/Build/Products/Debug/PackageFrameworks -F /tmp/NeuroForge-improvement-build/Build/Products/Debug -emit-localized-strings -emit-localized-strings-path /tmp/NeuroForge-improvement-build/Build/Intermediates.noindex/NeuroForge.build/Debug/NeuroForge.build/Objects-normal/arm64 -c -j12 -disable-batch-mode -incremental -Xcc -ivfsstatcache -Xcc /tmp/NeuroForge-improvement-build/SDKStatCaches.noindex/macosx26.5-25F70-e082c4a02f00227109f4ed75e425c832.sdkstatcache -output-file-map /tmp/NeuroForge-improvement-build/Build/Intermediates.noindex/NeuroForge.build/Debug/NeuroForge.build/Objects-normal/arm64/NeuroForge-OutputFileMap.json -use-frontend-parseable-output -save-temps -no-color-diagnostics -explicit-module-build -module-cache-path /tmp/NeuroForge-improvement-build/Build/Intermediates.noindex/SwiftExplicitPrecompiledModules -clang-scanner-module-cache-path /tmp/NeuroForge-improvement-build/ModuleCache.noindex -sdk-module-cache-path /tmp/NeuroForge-improvement-build/ModuleCache.noindex -serialize-diagnostics -emit-dependencies -emit-module -emit-module-path /tmp/NeuroForge-improvement-build/Build/Intermediates.noindex/NeuroForge.build/Debug/NeuroForge.build/Objects-normal/arm64/NeuroForge.swiftmodule -validate-clang-modules-once -clang-build-session-file /tmp/NeuroForge-improvement-build/ModuleCache.noindex/Session.modulevalidation -Xcc -I/tmp/NeuroForge-improvement-build/Build/Intermediates.noindex/NeuroForge.build/Debug/NeuroForge.build/swift-overrides.hmap -emit-const-values -Xfrontend -const-gather-protocols-file -Xfrontend /tmp/NeuroForge-improvement-build/Build/Intermediates.noindex/NeuroForge.build/Debug/NeuroForge.build/Objects-normal/arm64/NeuroForge_const_extract_protocols.json -Xcc -iquote -Xcc /tmp/NeuroForge-improvement-build/Build/Intermediates.noindex/NeuroForge.build/Debug/NeuroForge.build/NeuroForge-generated-files.hmap -Xcc -I/tmp/NeuroForge-improvement-build/Build/Intermediates.noindex/NeuroForge.build/Debug/NeuroForge.build/NeuroForge-own-target-headers.hmap -Xcc -I/tmp/NeuroForge-improvement-build/Build/Intermediates.noindex/NeuroForge.build/Debug/NeuroForge.build/NeuroForge-all-non-framework-target-headers.hmap -Xcc -ivfsoverlay -Xcc /tmp/NeuroForge-improvement-build/Build/Intermediates.noindex/NeuroForge.build/Debug/NeuroForge-1f477e43189f7d9a813ad7fc7bf5f2ec-VFS/all-product-headers.yaml -Xcc -iquote -Xcc /tmp/NeuroForge-improvement-build/Build/Intermediates.noindex/NeuroForge.build/Debug/NeuroForge.build/NeuroForge-project-headers.hmap -Xcc -I/tmp/NeuroForge-improvement-build/Build/Products/Debug/include -Xcc -I/tmp/NeuroForge-improvement-build/Build/Intermediates.noindex/NeuroForge.build/Debug/NeuroForge.build/DerivedSources-normal/arm64 -Xcc -I/tmp/NeuroForge-improvement-build/Build/Intermediates.noindex/NeuroForge.build/Debug/NeuroForge.build/DerivedSources/arm64 -Xcc -I/tmp/NeuroForge-improvement-build/Build/Intermediates.noindex/NeuroForge.build/Debug/NeuroForge.build/DerivedSources -Xcc -DDEBUG\=1 -emit-objc-header -emit-objc-header-path /tmp/NeuroForge-improvement-build/Build/Intermediates.noindex/NeuroForge.build/Debug/NeuroForge.build/Objects-normal/arm64/NeuroForge-Swift.h -working-directory /Users/takamimarsh/Developer/Projects/Zacro\ Tech/NeuroForge -experimental-emit-module-separately -disable-cmo

SwiftDriverJobDiscovery normal arm64 Compiling NFStudyResourcesView.swift (in target 'NeuroForge' from project 'NeuroForge')

SwiftCompile normal arm64 Compiling\ ProgressAnnotationsView.swift /Users/takamimarsh/Developer/Projects/Zacro\ Tech/NeuroForge/Sources/Features/Progress/ProgressAnnotationsView.swift (in target 'NeuroForge' from project 'NeuroForge')

SwiftCompile normal arm64 /Users/takamimarsh/Developer/Projects/Zacro\ Tech/NeuroForge/Sources/Features/Progress/ProgressAnnotationsView.swift (in target 'NeuroForge' from project 'NeuroForge')
    cd /Users/takamimarsh/Developer/Projects/Zacro\ Tech/NeuroForge
    

Copy /tmp/NeuroForge-improvement-build/Build/Products/Debug/NeuroForge.swiftmodule/arm64-apple-macos.swiftmodule /tmp/NeuroForge-improvement-build/Build/Intermediates.noindex/NeuroForge.build/Debug/NeuroForge.build/Objects-normal/arm64/NeuroForge.swiftmodule (in target 'NeuroForge' from project 'NeuroForge')
    cd /Users/takamimarsh/Developer/Projects/Zacro\ Tech/NeuroForge
    builtin-copy -exclude .DS_Store -exclude CVS -exclude .svn -exclude .git -exclude .hg -resolve-src-symlinks -rename /tmp/NeuroForge-improvement-build/Build/Intermediates.noindex/NeuroForge.build/Debug/NeuroForge.build/Objects-normal/arm64/NeuroForge.swiftmodule /tmp/NeuroForge-improvement-build/Build/Products/Debug/NeuroForge.swiftmodule/arm64-apple-macos.swiftmodule

SwiftDriverJobDiscovery normal arm64 Compiling PersistenceModels.swift (in target 'NeuroForge' from project 'NeuroForge')

Copy /tmp/NeuroForge-improvement-build/Build/Products/Debug/NeuroForge.swiftmodule/arm64-apple-macos.swiftdoc /tmp/NeuroForge-improvement-build/Build/Intermediates.noindex/NeuroForge.build/Debug/NeuroForge.build/Objects-normal/arm64/NeuroForge.swiftdoc (in target 'NeuroForge' from project 'NeuroForge')
    cd /Users/takamimarsh/Developer/Projects/Zacro\ Tech/NeuroForge
    builtin-copy -exclude .DS_Store -exclude CVS -exclude .svn -exclude .git -exclude .hg -resolve-src-symlinks -rename /tmp/NeuroForge-improvement-build/Build/Intermediates.noindex/NeuroForge.build/Debug/NeuroForge.build/Objects-normal/arm64/NeuroForge.swiftdoc /tmp/NeuroForge-improvement-build/Build/Products/Debug/NeuroForge.swiftmodule/arm64-apple-macos.swiftdoc

Copy /tmp/NeuroForge-improvement-build/Build/Products/Debug/NeuroForge.swiftmodule/arm64-apple-macos.abi.json /tmp/NeuroForge-improvement-build/Build/Intermediates.noindex/NeuroForge.build/Debug/NeuroForge.build/Objects-normal/arm64/NeuroForge.abi.json (in target 'NeuroForge' from project 'NeuroForge')
    cd /Users/takamimarsh/Developer/Projects/Zacro\ Tech/NeuroForge
    builtin-copy -exclude .DS_Store -exclude CVS -exclude .svn -exclude .git -exclude .hg -resolve-src-symlinks -rename /tmp/NeuroForge-improvement-build/Build/Intermediates.noindex/NeuroForge.build/Debug/NeuroForge.build/Objects-normal/arm64/NeuroForge.abi.json /tmp/NeuroForge-improvement-build/Build/Products/Debug/NeuroForge.swiftmodule/arm64-apple-macos.abi.json

Copy /tmp/NeuroForge-improvement-build/Build/Products/Debug/NeuroForge.swiftmodule/Project/arm64-apple-macos.swiftsourceinfo /tmp/NeuroForge-improvement-build/Build/Intermediates.noindex/NeuroForge.build/Debug/NeuroForge.build/Objects-normal/arm64/NeuroForge.swiftsourceinfo (in target 'NeuroForge' from project 'NeuroForge')
    cd /Users/takamimarsh/Developer/Projects/Zacro\ Tech/NeuroForge
    builtin-copy -exclude .DS_Store -exclude CVS -exclude .svn -exclude .git -exclude .hg -resolve-src-symlinks -rename /tmp/NeuroForge-improvement-build/Build/Intermediates.noindex/NeuroForge.build/Debug/NeuroForge.build/Objects-normal/arm64/NeuroForge.swiftsourceinfo /tmp/NeuroForge-improvement-build/Build/Products/Debug/NeuroForge.swiftmodule/Project/arm64-apple-macos.swiftsourceinfo

SwiftCompile normal arm64 Compiling\ NFTodaySessionSequence.swift /Users/takamimarsh/Developer/Projects/Zacro\ Tech/NeuroForge/Sources/Features/Training/NFTodaySessionSequence.swift (in target 'NeuroForge' from project 'NeuroForge')

SwiftCompile normal arm64 /Users/takamimarsh/Developer/Projects/Zacro\ Tech/NeuroForge/Sources/Features/Training/NFTodaySessionSequence.swift (in target 'NeuroForge' from project 'NeuroForge')
    cd /Users/takamimarsh/Developer/Projects/Zacro\ Tech/NeuroForge
    

SwiftCompile normal arm64 Compiling\ NFAuthoringEngine.swift /Users/takamimarsh/Developer/Projects/Zacro\ Tech/NeuroForge/Sources/AI/NFAuthoringEngine.swift (in target 'NeuroForge' from project 'NeuroForge')

SwiftCompile normal arm64 /Users/takamimarsh/Developer/Projects/Zacro\ Tech/NeuroForge/Sources/AI/NFAuthoringEngine.swift (in target 'NeuroForge' from project 'NeuroForge')
    cd /Users/takamimarsh/Developer/Projects/Zacro\ Tech/NeuroForge
    

SwiftDriverJobDiscovery normal arm64 Compiling ScratchpadView.swift (in target 'NeuroForge' from project 'NeuroForge')

SwiftDriver NeuroForgeTests normal arm64 com.apple.xcode.tools.swift.compiler (in target 'NeuroForgeTests' from project 'NeuroForge')
    cd /Users/takamimarsh/Developer/Projects/Zacro\ Tech/NeuroForge
    builtin-SwiftDriver -- /Applications/Xcode.app/Contents/Developer/Toolchains/XcodeDefault.xctoolchain/usr/bin/swiftc -module-name NeuroForgeTests -Onone @/tmp/NeuroForge-improvement-build/Build/Intermediates.noindex/NeuroForge.build/Debug/NeuroForgeTests.build/Objects-normal/arm64/NeuroForgeTests.SwiftFileList -DDEBUG -plugin-path /Applications/Xcode.app/Contents/Developer/Toolchains/XcodeDefault.xctoolchain/usr/lib/swift/host/plugins/testing -enable-experimental-feature DebugDescriptionMacro -sdk /Applications/Xcode.app/Contents/Developer/Platforms/MacOSX.platform/Developer/SDKs/MacOSX26.5.sdk -target arm64-apple-macos26.4 -g -module-cache-path /tmp/NeuroForge-improvement-build/ModuleCache.noindex -Xfrontend -serialize-debugging-options -enable-testing -warnings-as-errors -index-store-path /tmp/NeuroForge-improvement-build/Index.noindex/DataStore -Xcc -D_LIBCPP_HARDENING_MODE\=_LIBCPP_HARDENING_MODE_DEBUG -swift-version 6 -I /tmp/NeuroForge-improvement-build/Build/Products/Debug -Isystem /Applications/Xcode.app/Contents/Developer/Platforms/MacOSX.platform/Developer/usr/lib -F /tmp/NeuroForge-improvement-build/Build/Products/Debug/PackageFrameworks -F /tmp/NeuroForge-improvement-build/Build/Products/Debug -F /Applications/Xcode.app/Contents/Developer/Platforms/MacOSX.platform/Developer/Library/Frameworks -emit-localized-strings -emit-localized-strings-path /tmp/NeuroForge-improvement-build/Build/Intermediates.noindex/NeuroForge.build/Debug/NeuroForgeTests.build/Objects-normal/arm64 -c -j12 -disable-batch-mode -incremental -Xcc -ivfsstatcache -Xcc /tmp/NeuroForge-improvement-build/SDKStatCaches.noindex/macosx26.5-25F70-e082c4a02f00227109f4ed75e425c832.sdkstatcache -output-file-map /tmp/NeuroForge-improvement-build/Build/Intermediates.noindex/NeuroForge.build/Debug/NeuroForgeTests.build/Objects-normal/arm64/NeuroForgeTests-OutputFileMap.json -use-frontend-parseable-output -save-temps -no-color-diagnostics -explicit-module-build -module-cache-path /tmp/NeuroForge-improvement-build/Build/Intermediates.noindex/SwiftExplicitPrecompiledModules -clang-scanner-module-cache-path /tmp/NeuroForge-improvement-build/ModuleCache.noindex -sdk-module-cache-path /tmp/NeuroForge-improvement-build/ModuleCache.noindex -serialize-diagnostics -emit-dependencies -emit-module -emit-module-path /tmp/NeuroForge-improvement-build/Build/Intermediates.noindex/NeuroForge.build/Debug/NeuroForgeTests.build/Objects-normal/arm64/NeuroForgeTests.swiftmodule -validate-clang-modules-once -clang-build-session-file /tmp/NeuroForge-improvement-build/ModuleCache.noindex/Session.modulevalidation -Xcc -I/tmp/NeuroForge-improvement-build/Build/Intermediates.noindex/NeuroForge.build/Debug/NeuroForgeTests.build/swift-overrides.hmap -emit-const-values -Xfrontend -const-gather-protocols-file -Xfrontend /tmp/NeuroForge-improvement-build/Build/Intermediates.noindex/NeuroForge.build/Debug/NeuroForgeTests.build/Objects-normal/arm64/NeuroForgeTests_const_extract_protocols.json -Xcc -iquote -Xcc /tmp/NeuroForge-improvement-build/Build/Intermediates.noindex/NeuroForge.build/Debug/NeuroForgeTests.build/NeuroForgeTests-generated-files.hmap -Xcc -I/tmp/NeuroForge-improvement-build/Build/Intermediates.noindex/NeuroForge.build/Debug/NeuroForgeTests.build/NeuroForgeTests-own-target-headers.hmap -Xcc -I/tmp/NeuroForge-improvement-build/Build/Intermediates.noindex/NeuroForge.build/Debug/NeuroForgeTests.build/NeuroForgeTests-all-non-framework-target-headers.hmap -Xcc -ivfsoverlay -Xcc /tmp/NeuroForge-improvement-build/Build/Intermediates.noindex/NeuroForge.build/Debug/NeuroForge-1f477e43189f7d9a813ad7fc7bf5f2ec-VFS/all-product-headers.yaml -Xcc -iquote -Xcc /tmp/NeuroForge-improvement-build/Build/Intermediates.noindex/NeuroForge.build/Debug/NeuroForgeTests.build/NeuroForgeTests-project-headers.hmap -Xcc -I/tmp/NeuroForge-improvement-build/Build/Products/Debug/include -Xcc -I/tmp/NeuroForge-improvement-build/Build/Intermediates.noindex/NeuroForge.build/Debug/NeuroForgeTests.build/DerivedSources-normal/arm64 -Xcc -I/tmp/NeuroForge-improvement-build/Build/Intermediates.noindex/NeuroForge.build/Debug/NeuroForgeTests.build/DerivedSources/arm64 -Xcc -I/tmp/NeuroForge-improvement-build/Build/Intermediates.noindex/NeuroForge.build/Debug/NeuroForgeTests.build/DerivedSources -Xcc -DDEBUG\=1 -emit-objc-header -emit-objc-header-path /tmp/NeuroForge-improvement-build/Build/Intermediates.noindex/NeuroForge.build/Debug/NeuroForgeTests.build/Objects-normal/arm64/NeuroForgeTests-Swift.h -working-directory /Users/takamimarsh/Developer/Projects/Zacro\ Tech/NeuroForge -experimental-emit-module-separately -disable-cmo

SwiftDriverJobDiscovery normal arm64 Compiling NFRetrievalResponseAuthority.swift (in target 'NeuroForge' from project 'NeuroForge')

SwiftCompile normal arm64 Compiling\ OnboardingView.swift /Users/takamimarsh/Developer/Projects/Zacro\ Tech/NeuroForge/Sources/Features/Onboarding/OnboardingView.swift (in target 'NeuroForge' from project 'NeuroForge')

SwiftCompile normal arm64 /Users/takamimarsh/Developer/Projects/Zacro\ Tech/NeuroForge/Sources/Features/Onboarding/OnboardingView.swift (in target 'NeuroForge' from project 'NeuroForge')
    cd /Users/takamimarsh/Developer/Projects/Zacro\ Tech/NeuroForge
    

SwiftDriverJobDiscovery normal arm64 Compiling NFSystemIntegrationCoordinator.swift (in target 'NeuroForge' from project 'NeuroForge')

SwiftCompile normal arm64 Compiling\ NFLocalSessionRepository.swift /Users/takamimarsh/Developer/Projects/Zacro\ Tech/NeuroForge/Sources/Persistence/NFLocalSessionRepository.swift (in target 'NeuroForge' from project 'NeuroForge')
SwiftCompile normal arm64 /Users/takamimarsh/Developer/Projects/Zacro\ Tech/NeuroForge/Sources/Persistence/NFLocalSessionRepository.swift (in target 'NeuroForge' from project 'NeuroForge')
    cd /Users/takamimarsh/Developer/Projects/Zacro\ Tech/NeuroForge
    

SwiftDriverJobDiscovery normal arm64 Compiling NFGeneratedPracticeDraft.swift (in target 'NeuroForge' from project 'NeuroForge')

SwiftCompile normal arm64 Compiling\ NFNextDayEnhancementCache.swift /Users/takamimarsh/Developer/Projects/Zacro\ Tech/NeuroForge/Sources/AI/NFNextDayEnhancementCache.swift (in target 'NeuroForge' from project 'NeuroForge')

SwiftCompile normal arm64 /Users/takamimarsh/Developer/Projects/Zacro\ Tech/NeuroForge/Sources/AI/NFNextDayEnhancementCache.swift (in target 'NeuroForge' from project 'NeuroForge')
    cd /Users/takamimarsh/Developer/Projects/Zacro\ Tech/NeuroForge
    

SwiftEmitModule normal arm64 Emitting\ module\ for\ NeuroForgeTests (in target 'NeuroForgeTests' from project 'NeuroForge')

EmitSwiftModule normal arm64 (in target 'NeuroForgeTests' from project 'NeuroForge')
    cd /Users/takamimarsh/Developer/Projects/Zacro\ Tech/NeuroForge
    

SwiftDriverJobDiscovery normal arm64 Compiling NFPlanReplacementPersistence.swift (in target 'NeuroForge' from project 'NeuroForge')

SwiftCompile normal arm64 Compiling\ FocusedQuizRotationIntegrationTests.swift /Users/takamimarsh/Developer/Projects/Zacro\ Tech/NeuroForge/Tests/FocusedQuizRotationIntegrationTests.swift (in target 'NeuroForgeTests' from project 'NeuroForge')

SwiftCompile normal arm64 /Users/takamimarsh/Developer/Projects/Zacro\ Tech/NeuroForge/Tests/FocusedQuizRotationIntegrationTests.swift (in target 'NeuroForgeTests' from project 'NeuroForge')
    cd /Users/takamimarsh/Developer/Projects/Zacro\ Tech/NeuroForge
    

SwiftDriverJobDiscovery normal arm64 Compiling NFTodaySessionSequence.swift (in target 'NeuroForge' from project 'NeuroForge')

SwiftCompile normal arm64 Compiling\ LocalLearningLifecycleTests.swift /Users/takamimarsh/Developer/Projects/Zacro\ Tech/NeuroForge/Tests/LocalLearningLifecycleTests.swift (in target 'NeuroForgeTests' from project 'NeuroForge')

SwiftCompile normal arm64 /Users/takamimarsh/Developer/Projects/Zacro\ Tech/NeuroForge/Tests/LocalLearningLifecycleTests.swift (in target 'NeuroForgeTests' from project 'NeuroForge')
    cd /Users/takamimarsh/Developer/Projects/Zacro\ Tech/NeuroForge
    

SwiftDriverJobDiscovery normal arm64 Compiling ProgressAnnotationsView.swift (in target 'NeuroForge' from project 'NeuroForge')

SwiftCompile normal arm64 Compiling\ ProfileProgressContractsTests.swift /Users/takamimarsh/Developer/Projects/Zacro\ Tech/NeuroForge/Tests/ProfileProgressContractsTests.swift (in target 'NeuroForgeTests' from project 'NeuroForge')

SwiftCompile normal arm64 /Users/takamimarsh/Developer/Projects/Zacro\ Tech/NeuroForge/Tests/ProfileProgressContractsTests.swift (in target 'NeuroForgeTests' from project 'NeuroForge')
    cd /Users/takamimarsh/Developer/Projects/Zacro\ Tech/NeuroForge
    

SwiftDriverJobDiscovery normal arm64 Compiling NFNextDayEnhancementCache.swift (in target 'NeuroForge' from project 'NeuroForge')

SwiftCompile normal arm64 Compiling\ SessionIntegrityReviewTests.swift /Users/takamimarsh/Developer/Projects/Zacro\ Tech/NeuroForge/Tests/SessionIntegrityReviewTests.swift (in target 'NeuroForgeTests' from project 'NeuroForge')

SwiftCompile normal arm64 /Users/takamimarsh/Developer/Projects/Zacro\ Tech/NeuroForge/Tests/SessionIntegrityReviewTests.swift (in target 'NeuroForgeTests' from project 'NeuroForge')
    cd /Users/takamimarsh/Developer/Projects/Zacro\ Tech/NeuroForge
    

SwiftDriverJobDiscovery normal arm64 Compiling NFAuthoringEngine.swift (in target 'NeuroForge' from project 'NeuroForge')

SwiftCompile normal arm64 Compiling\ AdaptiveEngineTests.swift /Users/takamimarsh/Developer/Projects/Zacro\ Tech/NeuroForge/Tests/AdaptiveEngineTests.swift (in target 'NeuroForgeTests' from project 'NeuroForge')

SwiftCompile normal arm64 /Users/takamimarsh/Developer/Projects/Zacro\ Tech/NeuroForge/Tests/AdaptiveEngineTests.swift (in target 'NeuroForgeTests' from project 'NeuroForge')
    cd /Users/takamimarsh/Developer/Projects/Zacro\ Tech/NeuroForge
    

SwiftDriverJobDiscovery normal arm64 Compiling ProfileProgressContractsTests.swift (in target 'NeuroForgeTests' from project 'NeuroForge')

SwiftCompile normal arm64 Compiling\ AdaptivePlanHistoryTests.swift /Users/takamimarsh/Developer/Projects/Zacro\ Tech/NeuroForge/Tests/AdaptivePlanHistoryTests.swift (in target 'NeuroForgeTests' from project 'NeuroForge')

SwiftCompile normal arm64 /Users/takamimarsh/Developer/Projects/Zacro\ Tech/NeuroForge/Tests/AdaptivePlanHistoryTests.swift (in target 'NeuroForgeTests' from project 'NeuroForge')
    cd /Users/takamimarsh/Developer/Projects/Zacro\ Tech/NeuroForge
    

SwiftDriverJobDiscovery normal arm64 Compiling OnboardingView.swift (in target 'NeuroForge' from project 'NeuroForge')

SwiftCompile normal arm64 Compiling\ AttemptReflectionContractTests.swift /Users/takamimarsh/Developer/Projects/Zacro\ Tech/NeuroForge/Tests/AttemptReflectionContractTests.swift (in target 'NeuroForgeTests' from project 'NeuroForge')

SwiftCompile normal arm64 /Users/takamimarsh/Developer/Projects/Zacro\ Tech/NeuroForge/Tests/AttemptReflectionContractTests.swift (in target 'NeuroForgeTests' from project 'NeuroForge')
    cd /Users/takamimarsh/Developer/Projects/Zacro\ Tech/NeuroForge
    

SwiftDriverJobDiscovery normal arm64 Emitting module for NeuroForgeTests (in target 'NeuroForgeTests' from project 'NeuroForge')

SwiftDriver\ Compilation\ Requirements NeuroForgeTests normal arm64 com.apple.xcode.tools.swift.compiler (in target 'NeuroForgeTests' from project 'NeuroForge')
    cd /Users/takamimarsh/Developer/Projects/Zacro\ Tech/NeuroForge
    builtin-Swift-Compilation-Requirements -- /Applications/Xcode.app/Contents/Developer/Toolchains/XcodeDefault.xctoolchain/usr/bin/swiftc -module-name NeuroForgeTests -Onone @/tmp/NeuroForge-improvement-build/Build/Intermediates.noindex/NeuroForge.build/Debug/NeuroForgeTests.build/Objects-normal/arm64/NeuroForgeTests.SwiftFileList -DDEBUG -plugin-path /Applications/Xcode.app/Contents/Developer/Toolchains/XcodeDefault.xctoolchain/usr/lib/swift/host/plugins/testing -enable-experimental-feature DebugDescriptionMacro -sdk /Applications/Xcode.app/Contents/Developer/Platforms/MacOSX.platform/Developer/SDKs/MacOSX26.5.sdk -target arm64-apple-macos26.4 -g -module-cache-path /tmp/NeuroForge-improvement-build/ModuleCache.noindex -Xfrontend -serialize-debugging-options -enable-testing -warnings-as-errors -index-store-path /tmp/NeuroForge-improvement-build/Index.noindex/DataStore -Xcc -D_LIBCPP_HARDENING_MODE\=_LIBCPP_HARDENING_MODE_DEBUG -swift-version 6 -I /tmp/NeuroForge-improvement-build/Build/Products/Debug -Isystem /Applications/Xcode.app/Contents/Developer/Platforms/MacOSX.platform/Developer/usr/lib -F /tmp/NeuroForge-improvement-build/Build/Products/Debug/PackageFrameworks -F /tmp/NeuroForge-improvement-build/Build/Products/Debug -F /Applications/Xcode.app/Contents/Developer/Platforms/MacOSX.platform/Developer/Library/Frameworks -emit-localized-strings -emit-localized-strings-path /tmp/NeuroForge-improvement-build/Build/Intermediates.noindex/NeuroForge.build/Debug/NeuroForgeTests.build/Objects-normal/arm64 -c -j12 -disable-batch-mode -incremental -Xcc -ivfsstatcache -Xcc /tmp/NeuroForge-improvement-build/SDKStatCaches.noindex/macosx26.5-25F70-e082c4a02f00227109f4ed75e425c832.sdkstatcache -output-file-map /tmp/NeuroForge-improvement-build/Build/Intermediates.noindex/NeuroForge.build/Debug/NeuroForgeTests.build/Objects-normal/arm64/NeuroForgeTests-OutputFileMap.json -use-frontend-parseable-output -save-temps -no-color-diagnostics -explicit-module-build -module-cache-path /tmp/NeuroForge-improvement-build/Build/Intermediates.noindex/SwiftExplicitPrecompiledModules -clang-scanner-module-cache-path /tmp/NeuroForge-improvement-build/ModuleCache.noindex -sdk-module-cache-path /tmp/NeuroForge-improvement-build/ModuleCache.noindex -serialize-diagnostics -emit-dependencies -emit-module -emit-module-path /tmp/NeuroForge-improvement-build/Build/Intermediates.noindex/NeuroForge.build/Debug/NeuroForgeTests.build/Objects-normal/arm64/NeuroForgeTests.swiftmodule -validate-clang-modules-once -clang-build-session-file /tmp/NeuroForge-improvement-build/ModuleCache.noindex/Session.modulevalidation -Xcc -I/tmp/NeuroForge-improvement-build/Build/Intermediates.noindex/NeuroForge.build/Debug/NeuroForgeTests.build/swift-overrides.hmap -emit-const-values -Xfrontend -const-gather-protocols-file -Xfrontend /tmp/NeuroForge-improvement-build/Build/Intermediates.noindex/NeuroForge.build/Debug/NeuroForgeTests.build/Objects-normal/arm64/NeuroForgeTests_const_extract_protocols.json -Xcc -iquote -Xcc /tmp/NeuroForge-improvement-build/Build/Intermediates.noindex/NeuroForge.build/Debug/NeuroForgeTests.build/NeuroForgeTests-generated-files.hmap -Xcc -I/tmp/NeuroForge-improvement-build/Build/Intermediates.noindex/NeuroForge.build/Debug/NeuroForgeTests.build/NeuroForgeTests-own-target-headers.hmap -Xcc -I/tmp/NeuroForge-improvement-build/Build/Intermediates.noindex/NeuroForge.build/Debug/NeuroForgeTests.build/NeuroForgeTests-all-non-framework-target-headers.hmap -Xcc -ivfsoverlay -Xcc /tmp/NeuroForge-improvement-build/Build/Intermediates.noindex/NeuroForge.build/Debug/NeuroForge-1f477e43189f7d9a813ad7fc7bf5f2ec-VFS/all-product-headers.yaml -Xcc -iquote -Xcc /tmp/NeuroForge-improvement-build/Build/Intermediates.noindex/NeuroForge.build/Debug/NeuroForgeTests.build/NeuroForgeTests-project-headers.hmap -Xcc -I/tmp/NeuroForge-improvement-build/Build/Products/Debug/include -Xcc -I/tmp/NeuroForge-improvement-build/Build/Intermediates.noindex/NeuroForge.build/Debug/NeuroForgeTests.build/DerivedSources-normal/arm64 -Xcc -I/tmp/NeuroForge-improvement-build/Build/Intermediates.noindex/NeuroForge.build/Debug/NeuroForgeTests.build/DerivedSources/arm64 -Xcc -I/tmp/NeuroForge-improvement-build/Build/Intermediates.noindex/NeuroForge.build/Debug/NeuroForgeTests.build/DerivedSources -Xcc -DDEBUG\=1 -emit-objc-header -emit-objc-header-path /tmp/NeuroForge-improvement-build/Build/Intermediates.noindex/NeuroForge.build/Debug/NeuroForgeTests.build/Objects-normal/arm64/NeuroForgeTests-Swift.h -working-directory /Users/takamimarsh/Developer/Projects/Zacro\ Tech/NeuroForge -experimental-emit-module-separately -disable-cmo

SwiftDriverJobDiscovery normal arm64 Compiling SessionIntegrityReviewTests.swift (in target 'NeuroForgeTests' from project 'NeuroForge')

SwiftCompile normal arm64 Compiling\ HistoricalContentCorrectionPolicyTests.swift /Users/takamimarsh/Developer/Projects/Zacro\ Tech/NeuroForge/Tests/HistoricalContentCorrectionPolicyTests.swift (in target 'NeuroForgeTests' from project 'NeuroForge')

SwiftCompile normal arm64 /Users/takamimarsh/Developer/Projects/Zacro\ Tech/NeuroForge/Tests/HistoricalContentCorrectionPolicyTests.swift (in target 'NeuroForgeTests' from project 'NeuroForge')
    cd /Users/takamimarsh/Developer/Projects/Zacro\ Tech/NeuroForge
    

Copy /tmp/NeuroForge-improvement-build/Build/Products/Debug/NeuroForgeTests.swiftmodule/arm64-apple-macos.swiftmodule /tmp/NeuroForge-improvement-build/Build/Intermediates.noindex/NeuroForge.build/Debug/NeuroForgeTests.build/Objects-normal/arm64/NeuroForgeTests.swiftmodule (in target 'NeuroForgeTests' from project 'NeuroForge')
    cd /Users/takamimarsh/Developer/Projects/Zacro\ Tech/NeuroForge
    builtin-copy -exclude .DS_Store -exclude CVS -exclude .svn -exclude .git -exclude .hg -resolve-src-symlinks -rename /tmp/NeuroForge-improvement-build/Build/Intermediates.noindex/NeuroForge.build/Debug/NeuroForgeTests.build/Objects-normal/arm64/NeuroForgeTests.swiftmodule /tmp/NeuroForge-improvement-build/Build/Products/Debug/NeuroForgeTests.swiftmodule/arm64-apple-macos.swiftmodule

SwiftDriverJobDiscovery normal arm64 Compiling TodayView.swift (in target 'NeuroForge' from project 'NeuroForge')

Copy /tmp/NeuroForge-improvement-build/Build/Products/Debug/NeuroForgeTests.swiftmodule/arm64-apple-macos.abi.json /tmp/NeuroForge-improvement-build/Build/Intermediates.noindex/NeuroForge.build/Debug/NeuroForgeTests.build/Objects-normal/arm64/NeuroForgeTests.abi.json (in target 'NeuroForgeTests' from project 'NeuroForge')
    cd /Users/takamimarsh/Developer/Projects/Zacro\ Tech/NeuroForge
    builtin-copy -exclude .DS_Store -exclude CVS -exclude .svn -exclude .git -exclude .hg -resolve-src-symlinks -rename /tmp/NeuroForge-improvement-build/Build/Intermediates.noindex/NeuroForge.build/Debug/NeuroForgeTests.build/Objects-normal/arm64/NeuroForgeTests.abi.json /tmp/NeuroForge-improvement-build/Build/Products/Debug/NeuroForgeTests.swiftmodule/arm64-apple-macos.abi.json

Copy /tmp/NeuroForge-improvement-build/Build/Products/Debug/NeuroForgeTests.swiftmodule/Project/arm64-apple-macos.swiftsourceinfo /tmp/NeuroForge-improvement-build/Build/Intermediates.noindex/NeuroForge.build/Debug/NeuroForgeTests.build/Objects-normal/arm64/NeuroForgeTests.swiftsourceinfo (in target 'NeuroForgeTests' from project 'NeuroForge')
    cd /Users/takamimarsh/Developer/Projects/Zacro\ Tech/NeuroForge
    builtin-copy -exclude .DS_Store -exclude CVS -exclude .svn -exclude .git -exclude .hg -resolve-src-symlinks -rename /tmp/NeuroForge-improvement-build/Build/Intermediates.noindex/NeuroForge.build/Debug/NeuroForgeTests.build/Objects-normal/arm64/NeuroForgeTests.swiftsourceinfo /tmp/NeuroForge-improvement-build/Build/Products/Debug/NeuroForgeTests.swiftmodule/Project/arm64-apple-macos.swiftsourceinfo

SwiftCompile normal arm64 Compiling\ LocalReservationBridgeTests.swift /Users/takamimarsh/Developer/Projects/Zacro\ Tech/NeuroForge/Tests/LocalReservationBridgeTests.swift (in target 'NeuroForgeTests' from project 'NeuroForge')

SwiftCompile normal arm64 /Users/takamimarsh/Developer/Projects/Zacro\ Tech/NeuroForge/Tests/LocalReservationBridgeTests.swift (in target 'NeuroForgeTests' from project 'NeuroForge')
    cd /Users/takamimarsh/Developer/Projects/Zacro\ Tech/NeuroForge
    

SwiftCompile normal arm64 Compiling\ UserFacingContentLintTests.swift /Users/takamimarsh/Developer/Projects/Zacro\ Tech/NeuroForge/Tests/UserFacingContentLintTests.swift (in target 'NeuroForgeTests' from project 'NeuroForge')

SwiftCompile normal arm64 /Users/takamimarsh/Developer/Projects/Zacro\ Tech/NeuroForge/Tests/UserFacingContentLintTests.swift (in target 'NeuroForgeTests' from project 'NeuroForge')
    cd /Users/takamimarsh/Developer/Projects/Zacro\ Tech/NeuroForge
    

SwiftDriverJobDiscovery normal arm64 Compiling AdaptiveEngineTests.swift (in target 'NeuroForgeTests' from project 'NeuroForge')

SwiftCompile normal arm64 Compiling\ StarterQuestionSetCatalogTests.swift /Users/takamimarsh/Developer/Projects/Zacro\ Tech/NeuroForge/Tests/StarterQuestionSetCatalogTests.swift (in target 'NeuroForgeTests' from project 'NeuroForge')

SwiftCompile normal arm64 /Users/takamimarsh/Developer/Projects/Zacro\ Tech/NeuroForge/Tests/StarterQuestionSetCatalogTests.swift (in target 'NeuroForgeTests' from project 'NeuroForge')
    cd /Users/takamimarsh/Developer/Projects/Zacro\ Tech/NeuroForge
    

SwiftDriverJobDiscovery normal arm64 Compiling AdaptivePlanHistoryTests.swift (in target 'NeuroForgeTests' from project 'NeuroForge')

SwiftCompile normal arm64 Compiling\ MathContentContractTests.swift /Users/takamimarsh/Developer/Projects/Zacro\ Tech/NeuroForge/Tests/MathContentContractTests.swift (in target 'NeuroForgeTests' from project 'NeuroForge')

SwiftCompile normal arm64 /Users/takamimarsh/Developer/Projects/Zacro\ Tech/NeuroForge/Tests/MathContentContractTests.swift (in target 'NeuroForgeTests' from project 'NeuroForge')
    cd /Users/takamimarsh/Developer/Projects/Zacro\ Tech/NeuroForge
    

SwiftDriverJobDiscovery normal arm64 Compiling AttemptReflectionContractTests.swift (in target 'NeuroForgeTests' from project 'NeuroForge')

SwiftCompile normal arm64 Compiling\ PrivacyLifecycleTests.swift /Users/takamimarsh/Developer/Projects/Zacro\ Tech/NeuroForge/Tests/PrivacyLifecycleTests.swift (in target 'NeuroForgeTests' from project 'NeuroForge')

SwiftCompile normal arm64 /Users/takamimarsh/Developer/Projects/Zacro\ Tech/NeuroForge/Tests/PrivacyLifecycleTests.swift (in target 'NeuroForgeTests' from project 'NeuroForge')
    cd /Users/takamimarsh/Developer/Projects/Zacro\ Tech/NeuroForge
    

SwiftDriverJobDiscovery normal arm64 Compiling FocusedQuizRotationIntegrationTests.swift (in target 'NeuroForgeTests' from project 'NeuroForge')

SwiftCompile normal arm64 Compiling\ ContentImprovementRegressionTests.swift /Users/takamimarsh/Developer/Projects/Zacro\ Tech/NeuroForge/Tests/ContentImprovementRegressionTests.swift (in target 'NeuroForgeTests' from project 'NeuroForge')

SwiftCompile normal arm64 /Users/takamimarsh/Developer/Projects/Zacro\ Tech/NeuroForge/Tests/ContentImprovementRegressionTests.swift (in target 'NeuroForgeTests' from project 'NeuroForge')
    cd /Users/takamimarsh/Developer/Projects/Zacro\ Tech/NeuroForge
    

SwiftDriverJobDiscovery normal arm64 Compiling HistoricalContentCorrectionPolicyTests.swift (in target 'NeuroForgeTests' from project 'NeuroForge')

SwiftCompile normal arm64 Compiling\ DataExportRoundTripTests.swift /Users/takamimarsh/Developer/Projects/Zacro\ Tech/NeuroForge/Tests/DataExportRoundTripTests.swift (in target 'NeuroForgeTests' from project 'NeuroForge')

SwiftCompile normal arm64 /Users/takamimarsh/Developer/Projects/Zacro\ Tech/NeuroForge/Tests/DataExportRoundTripTests.swift (in target 'NeuroForgeTests' from project 'NeuroForge')
    cd /Users/takamimarsh/Developer/Projects/Zacro\ Tech/NeuroForge
    

SwiftDriverJobDiscovery normal arm64 Compiling UserFacingContentLintTests.swift (in target 'NeuroForgeTests' from project 'NeuroForge')

SwiftCompile normal arm64 Compiling\ AssessmentSchedulerTests.swift /Users/takamimarsh/Developer/Projects/Zacro\ Tech/NeuroForge/Tests/AssessmentSchedulerTests.swift (in target 'NeuroForgeTests' from project 'NeuroForge')

SwiftCompile normal arm64 /Users/takamimarsh/Developer/Projects/Zacro\ Tech/NeuroForge/Tests/AssessmentSchedulerTests.swift (in target 'NeuroForgeTests' from project 'NeuroForge')
    cd /Users/takamimarsh/Developer/Projects/Zacro\ Tech/NeuroForge
    

SwiftDriverJobDiscovery normal arm64 Compiling LocalReservationBridgeTests.swift (in target 'NeuroForgeTests' from project 'NeuroForge')

SwiftCompile normal arm64 Compiling\ SessionWorkloadBudgetTests.swift /Users/takamimarsh/Developer/Projects/Zacro\ Tech/NeuroForge/Tests/SessionWorkloadBudgetTests.swift (in target 'NeuroForgeTests' from project 'NeuroForge')

SwiftCompile normal arm64 /Users/takamimarsh/Developer/Projects/Zacro\ Tech/NeuroForge/Tests/SessionWorkloadBudgetTests.swift (in target 'NeuroForgeTests' from project 'NeuroForge')
    cd /Users/takamimarsh/Developer/Projects/Zacro\ Tech/NeuroForge
    

SwiftDriverJobDiscovery normal arm64 Compiling PrivacyLifecycleTests.swift (in target 'NeuroForgeTests' from project 'NeuroForge')

SwiftCompile normal arm64 Compiling\ LocalizationCatalogTests.swift /Users/takamimarsh/Developer/Projects/Zacro\ Tech/NeuroForge/Tests/LocalizationCatalogTests.swift (in target 'NeuroForgeTests' from project 'NeuroForge')

SwiftCompile normal arm64 /Users/takamimarsh/Developer/Projects/Zacro\ Tech/NeuroForge/Tests/LocalizationCatalogTests.swift (in target 'NeuroForgeTests' from project 'NeuroForge')
    cd /Users/takamimarsh/Developer/Projects/Zacro\ Tech/NeuroForge
    

SwiftDriverJobDiscovery normal arm64 Compiling LibraryView.swift (in target 'NeuroForge' from project 'NeuroForge')

SwiftCompile normal arm64 Compiling\ DefaultContentCatalogTests.swift /Users/takamimarsh/Developer/Projects/Zacro\ Tech/NeuroForge/Tests/DefaultContentCatalogTests.swift (in target 'NeuroForgeTests' from project 'NeuroForge')

SwiftCompile normal arm64 /Users/takamimarsh/Developer/Projects/Zacro\ Tech/NeuroForge/Tests/DefaultContentCatalogTests.swift (in target 'NeuroForgeTests' from project 'NeuroForge')
    cd /Users/takamimarsh/Developer/Projects/Zacro\ Tech/NeuroForge
    

SwiftDriverJobDiscovery normal arm64 Compiling MathContentContractTests.swift (in target 'NeuroForgeTests' from project 'NeuroForge')

SwiftCompile normal arm64 Compiling\ TransferTaxonomyTests.swift /Users/takamimarsh/Developer/Projects/Zacro\ Tech/NeuroForge/Tests/TransferTaxonomyTests.swift (in target 'NeuroForgeTests' from project 'NeuroForge')

SwiftCompile normal arm64 /Users/takamimarsh/Developer/Projects/Zacro\ Tech/NeuroForge/Tests/TransferTaxonomyTests.swift (in target 'NeuroForgeTests' from project 'NeuroForge')
    cd /Users/takamimarsh/Developer/Projects/Zacro\ Tech/NeuroForge
    

SwiftDriverJobDiscovery normal arm64 Compiling StarterQuestionSetCatalogTests.swift (in target 'NeuroForgeTests' from project 'NeuroForge')

SwiftCompile normal arm64 Compiling\ CodeTraceInteractionTests.swift /Users/takamimarsh/Developer/Projects/Zacro\ Tech/NeuroForge/Tests/CodeTraceInteractionTests.swift (in target 'NeuroForgeTests' from project 'NeuroForge')

SwiftCompile normal arm64 /Users/takamimarsh/Developer/Projects/Zacro\ Tech/NeuroForge/Tests/CodeTraceInteractionTests.swift (in target 'NeuroForgeTests' from project 'NeuroForge')
    cd /Users/takamimarsh/Developer/Projects/Zacro\ Tech/NeuroForge
    

SwiftDriverJobDiscovery normal arm64 Compiling SessionWorkloadBudgetTests.swift (in target 'NeuroForgeTests' from project 'NeuroForge')

SwiftCompile normal arm64 Compiling\ RetrievalRuntimeScoringTests.swift /Users/takamimarsh/Developer/Projects/Zacro\ Tech/NeuroForge/Tests/RetrievalRuntimeScoringTests.swift (in target 'NeuroForgeTests' from project 'NeuroForge')

SwiftCompile normal arm64 /Users/takamimarsh/Developer/Projects/Zacro\ Tech/NeuroForge/Tests/RetrievalRuntimeScoringTests.swift (in target 'NeuroForgeTests' from project 'NeuroForge')
    cd /Users/takamimarsh/Developer/Projects/Zacro\ Tech/NeuroForge
    

SwiftDriverJobDiscovery normal arm64 Compiling TransferTaxonomyTests.swift (in target 'NeuroForgeTests' from project 'NeuroForge')

SwiftCompile normal arm64 Compiling\ ReleaseContentIntegrityTests.swift /Users/takamimarsh/Developer/Projects/Zacro\ Tech/NeuroForge/Tests/ReleaseContentIntegrityTests.swift (in target 'NeuroForgeTests' from project 'NeuroForge')

SwiftCompile normal arm64 /Users/takamimarsh/Developer/Projects/Zacro\ Tech/NeuroForge/Tests/ReleaseContentIntegrityTests.swift (in target 'NeuroForgeTests' from project 'NeuroForge')
    cd /Users/takamimarsh/Developer/Projects/Zacro\ Tech/NeuroForge
    

SwiftCompile normal arm64 Compiling\ GeneralExerciseEngineTests.swift /Users/takamimarsh/Developer/Projects/Zacro\ Tech/NeuroForge/Tests/GeneralExerciseEngineTests.swift (in target 'NeuroForgeTests' from project 'NeuroForge')

SwiftCompile normal arm64 /Users/takamimarsh/Developer/Projects/Zacro\ Tech/NeuroForge/Tests/GeneralExerciseEngineTests.swift (in target 'NeuroForgeTests' from project 'NeuroForge')
    cd /Users/takamimarsh/Developer/Projects/Zacro\ Tech/NeuroForge
    

SwiftDriverJobDiscovery normal arm64 Compiling RetrievalRuntimeScoringTests.swift (in target 'NeuroForgeTests' from project 'NeuroForge')

SwiftCompile normal arm64 Compiling\ ProtectedPortableArchiveTests.swift /Users/takamimarsh/Developer/Projects/Zacro\ Tech/NeuroForge/Tests/ProtectedPortableArchiveTests.swift (in target 'NeuroForgeTests' from project 'NeuroForge')

SwiftCompile normal arm64 /Users/takamimarsh/Developer/Projects/Zacro\ Tech/NeuroForge/Tests/ProtectedPortableArchiveTests.swift (in target 'NeuroForgeTests' from project 'NeuroForge')
    cd /Users/takamimarsh/Developer/Projects/Zacro\ Tech/NeuroForge
    

SwiftDriverJobDiscovery normal arm64 Compiling LocalizationCatalogTests.swift (in target 'NeuroForgeTests' from project 'NeuroForge')

SwiftDriverJobDiscovery normal arm64 Compiling AssessmentSchedulerTests.swift (in target 'NeuroForgeTests' from project 'NeuroForge')

SwiftCompile normal arm64 Compiling\ PersistenceRuntimeTests.swift /Users/takamimarsh/Developer/Projects/Zacro\ Tech/NeuroForge/Tests/PersistenceRuntimeTests.swift (in target 'NeuroForgeTests' from project 'NeuroForge')

SwiftCompile normal arm64 /Users/takamimarsh/Developer/Projects/Zacro\ Tech/NeuroForge/Tests/PersistenceRuntimeTests.swift (in target 'NeuroForgeTests' from project 'NeuroForge')
    cd /Users/takamimarsh/Developer/Projects/Zacro\ Tech/NeuroForge
    

SwiftDriverJobDiscovery normal arm64 Compiling CodeTraceInteractionTests.swift (in target 'NeuroForgeTests' from project 'NeuroForge')

SwiftCompile normal arm64 Compiling\ DataExportTests.swift /Users/takamimarsh/Developer/Projects/Zacro\ Tech/NeuroForge/Tests/DataExportTests.swift (in target 'NeuroForgeTests' from project 'NeuroForge')

SwiftCompile normal arm64 /Users/takamimarsh/Developer/Projects/Zacro\ Tech/NeuroForge/Tests/DataExportTests.swift (in target 'NeuroForgeTests' from project 'NeuroForge')
    cd /Users/takamimarsh/Developer/Projects/Zacro\ Tech/NeuroForge
    

SwiftDriverJobDiscovery normal arm64 Compiling SettingsView.swift (in target 'NeuroForge' from project 'NeuroForge')

SwiftCompile normal arm64 Compiling\ RetrievalMechanicsContractTests.swift /Users/takamimarsh/Developer/Projects/Zacro\ Tech/NeuroForge/Tests/RetrievalMechanicsContractTests.swift (in target 'NeuroForgeTests' from project 'NeuroForge')

SwiftCompile normal arm64 /Users/takamimarsh/Developer/Projects/Zacro\ Tech/NeuroForge/Tests/RetrievalMechanicsContractTests.swift (in target 'NeuroForgeTests' from project 'NeuroForge')
    cd /Users/takamimarsh/Developer/Projects/Zacro\ Tech/NeuroForge
    

SwiftDriverJobDiscovery normal arm64 Compiling ReleaseContentIntegrityTests.swift (in target 'NeuroForgeTests' from project 'NeuroForge')

SwiftCompile normal arm64 Compiling\ PrivateCloudTransportTests.swift /Users/takamimarsh/Developer/Projects/Zacro\ Tech/NeuroForge/Tests/PrivateCloudTransportTests.swift (in target 'NeuroForgeTests' from project 'NeuroForge')

SwiftCompile normal arm64 /Users/takamimarsh/Developer/Projects/Zacro\ Tech/NeuroForge/Tests/PrivateCloudTransportTests.swift (in target 'NeuroForgeTests' from project 'NeuroForge')
    cd /Users/takamimarsh/Developer/Projects/Zacro\ Tech/NeuroForge
    

SwiftDriverJobDiscovery normal arm64 Compiling DefaultContentCatalogTests.swift (in target 'NeuroForgeTests' from project 'NeuroForge')

SwiftCompile normal arm64 Compiling\ ExactSessionContinuityTests.swift /Users/takamimarsh/Developer/Projects/Zacro\ Tech/NeuroForge/Tests/ExactSessionContinuityTests.swift (in target 'NeuroForgeTests' from project 'NeuroForge')

SwiftCompile normal arm64 /Users/takamimarsh/Developer/Projects/Zacro\ Tech/NeuroForge/Tests/ExactSessionContinuityTests.swift (in target 'NeuroForgeTests' from project 'NeuroForge')
    cd /Users/takamimarsh/Developer/Projects/Zacro\ Tech/NeuroForge
    

SwiftDriverJobDiscovery normal arm64 Compiling RetrievalMechanicsContractTests.swift (in target 'NeuroForgeTests' from project 'NeuroForge')

SwiftCompile normal arm64 Compiling\ DocumentImportLifecycleTests.swift /Users/takamimarsh/Developer/Projects/Zacro\ Tech/NeuroForge/Tests/DocumentImportLifecycleTests.swift (in target 'NeuroForgeTests' from project 'NeuroForge')

SwiftCompile normal arm64 /Users/takamimarsh/Developer/Projects/Zacro\ Tech/NeuroForge/Tests/DocumentImportLifecycleTests.swift (in target 'NeuroForgeTests' from project 'NeuroForge')
    cd /Users/takamimarsh/Developer/Projects/Zacro\ Tech/NeuroForge
    

SwiftDriverJobDiscovery normal arm64 Compiling GeneralExerciseEngineTests.swift (in target 'NeuroForgeTests' from project 'NeuroForge')

SwiftCompile normal arm64 Compiling\ ProgressEvidenceTests.swift /Users/takamimarsh/Developer/Projects/Zacro\ Tech/NeuroForge/Tests/ProgressEvidenceTests.swift (in target 'NeuroForgeTests' from project 'NeuroForge')

SwiftCompile normal arm64 /Users/takamimarsh/Developer/Projects/Zacro\ Tech/NeuroForge/Tests/ProgressEvidenceTests.swift (in target 'NeuroForgeTests' from project 'NeuroForge')
    cd /Users/takamimarsh/Developer/Projects/Zacro\ Tech/NeuroForge
    

SwiftDriverJobDiscovery normal arm64 Compiling DataExportTests.swift (in target 'NeuroForgeTests' from project 'NeuroForge')

SwiftCompile normal arm64 Compiling\ AIAndSourceTests.swift /Users/takamimarsh/Developer/Projects/Zacro\ Tech/NeuroForge/Tests/AIAndSourceTests.swift (in target 'NeuroForgeTests' from project 'NeuroForge')

SwiftCompile normal arm64 /Users/takamimarsh/Developer/Projects/Zacro\ Tech/NeuroForge/Tests/AIAndSourceTests.swift (in target 'NeuroForgeTests' from project 'NeuroForge')
    cd /Users/takamimarsh/Developer/Projects/Zacro\ Tech/NeuroForge
    

SwiftDriverJobDiscovery normal arm64 Compiling ProtectedPortableArchiveTests.swift (in target 'NeuroForgeTests' from project 'NeuroForge')

SwiftCompile normal arm64 Compiling\ SystemIntegrationTests.swift /Users/takamimarsh/Developer/Projects/Zacro\ Tech/NeuroForge/Tests/SystemIntegrationTests.swift (in target 'NeuroForgeTests' from project 'NeuroForge')

SwiftCompile normal arm64 /Users/takamimarsh/Developer/Projects/Zacro\ Tech/NeuroForge/Tests/SystemIntegrationTests.swift (in target 'NeuroForgeTests' from project 'NeuroForge')
    cd /Users/takamimarsh/Developer/Projects/Zacro\ Tech/NeuroForge
    

SwiftDriverJobDiscovery normal arm64 Compiling DocumentImportLifecycleTests.swift (in target 'NeuroForgeTests' from project 'NeuroForge')

SwiftCompile normal arm64 Compiling\ ExperienceImprovementTests.swift /Users/takamimarsh/Developer/Projects/Zacro\ Tech/NeuroForge/Tests/ExperienceImprovementTests.swift (in target 'NeuroForgeTests' from project 'NeuroForge')

SwiftCompile normal arm64 /Users/takamimarsh/Developer/Projects/Zacro\ Tech/NeuroForge/Tests/ExperienceImprovementTests.swift (in target 'NeuroForgeTests' from project 'NeuroForge')
    cd /Users/takamimarsh/Developer/Projects/Zacro\ Tech/NeuroForge
    

SwiftDriverJobDiscovery normal arm64 Compiling ProgressEvidenceTests.swift (in target 'NeuroForgeTests' from project 'NeuroForge')

SwiftCompile normal arm64 Compiling\ NextDayEnhancementCacheTests.swift /Users/takamimarsh/Developer/Projects/Zacro\ Tech/NeuroForge/Tests/NextDayEnhancementCacheTests.swift (in target 'NeuroForgeTests' from project 'NeuroForge')

SwiftCompile normal arm64 /Users/takamimarsh/Developer/Projects/Zacro\ Tech/NeuroForge/Tests/NextDayEnhancementCacheTests.swift (in target 'NeuroForgeTests' from project 'NeuroForge')
    cd /Users/takamimarsh/Developer/Projects/Zacro\ Tech/NeuroForge
    

SwiftDriverJobDiscovery normal arm64 Compiling DataExportRoundTripTests.swift (in target 'NeuroForgeTests' from project 'NeuroForge')

SwiftCompile normal arm64 Compiling\ OfflineQuestionBankTests.swift /Users/takamimarsh/Developer/Projects/Zacro\ Tech/NeuroForge/Tests/OfflineQuestionBankTests.swift (in target 'NeuroForgeTests' from project 'NeuroForge')

SwiftCompile normal arm64 /Users/takamimarsh/Developer/Projects/Zacro\ Tech/NeuroForge/Tests/OfflineQuestionBankTests.swift (in target 'NeuroForgeTests' from project 'NeuroForge')
    cd /Users/takamimarsh/Developer/Projects/Zacro\ Tech/NeuroForge
    

SwiftDriverJobDiscovery normal arm64 Compiling PrivateCloudTransportTests.swift (in target 'NeuroForgeTests' from project 'NeuroForge')

SwiftCompile normal arm64 Compiling\ SessionFlowContractTests.swift /Users/takamimarsh/Developer/Projects/Zacro\ Tech/NeuroForge/Tests/SessionFlowContractTests.swift (in target 'NeuroForgeTests' from project 'NeuroForge')

SwiftCompile normal arm64 /Users/takamimarsh/Developer/Projects/Zacro\ Tech/NeuroForge/Tests/SessionFlowContractTests.swift (in target 'NeuroForgeTests' from project 'NeuroForge')
    cd /Users/takamimarsh/Developer/Projects/Zacro\ Tech/NeuroForge
    

SwiftDriverJobDiscovery normal arm64 Compiling LocalLearningLifecycleTests.swift (in target 'NeuroForgeTests' from project 'NeuroForge')

SwiftCompile normal arm64 Compiling\ TrainCatalogView.swift /Users/takamimarsh/Developer/Projects/Zacro\ Tech/NeuroForge/Sources/Features/Train/TrainCatalogView.swift (in target 'NeuroForge' from project 'NeuroForge')

SwiftCompile normal arm64 /Users/takamimarsh/Developer/Projects/Zacro\ Tech/NeuroForge/Sources/Features/Train/TrainCatalogView.swift (in target 'NeuroForge' from project 'NeuroForge')
    cd /Users/takamimarsh/Developer/Projects/Zacro\ Tech/NeuroForge
    

SwiftDriverJobDiscovery normal arm64 Compiling SystemIntegrationTests.swift (in target 'NeuroForgeTests' from project 'NeuroForge')

SwiftCompile normal arm64 Compiling\ NFExerciseScoringEngine.swift /Users/takamimarsh/Developer/Projects/Zacro\ Tech/NeuroForge/Sources/TrainingEngine/NFExerciseScoringEngine.swift (in target 'NeuroForge' from project 'NeuroForge')

SwiftCompile normal arm64 /Users/takamimarsh/Developer/Projects/Zacro\ Tech/NeuroForge/Sources/TrainingEngine/NFExerciseScoringEngine.swift (in target 'NeuroForge' from project 'NeuroForge')
    cd /Users/takamimarsh/Developer/Projects/Zacro\ Tech/NeuroForge
    

SwiftDriverJobDiscovery normal arm64 Compiling OfflineQuestionBankTests.swift (in target 'NeuroForgeTests' from project 'NeuroForge')

SwiftCompile normal arm64 Compiling\ BaselineOverviewView.swift /Users/takamimarsh/Developer/Projects/Zacro\ Tech/NeuroForge/Sources/Features/Assessment/BaselineOverviewView.swift (in target 'NeuroForge' from project 'NeuroForge')

SwiftCompile normal arm64 /Users/takamimarsh/Developer/Projects/Zacro\ Tech/NeuroForge/Sources/Features/Assessment/BaselineOverviewView.swift (in target 'NeuroForge' from project 'NeuroForge')
    cd /Users/takamimarsh/Developer/Projects/Zacro\ Tech/NeuroForge
    

SwiftDriverJobDiscovery normal arm64 Compiling ExactSessionContinuityTests.swift (in target 'NeuroForgeTests' from project 'NeuroForge')

SwiftCompile normal arm64 Compiling\ ProgressDashboardView.swift /Users/takamimarsh/Developer/Projects/Zacro\ Tech/NeuroForge/Sources/Features/Progress/ProgressDashboardView.swift (in target 'NeuroForge' from project 'NeuroForge')
SwiftCompile normal arm64 /Users/takamimarsh/Developer/Projects/Zacro\ Tech/NeuroForge/Sources/Features/Progress/ProgressDashboardView.swift (in target 'NeuroForge' from project 'NeuroForge')
    cd /Users/takamimarsh/Developer/Projects/Zacro\ Tech/NeuroForge
    

SwiftDriverJobDiscovery normal arm64 Compiling NextDayEnhancementCacheTests.swift (in target 'NeuroForgeTests' from project 'NeuroForge')

SwiftCompile normal arm64 Compiling\ AppRootView.swift /Users/takamimarsh/Developer/Projects/Zacro\ Tech/NeuroForge/Sources/App/AppRootView.swift (in target 'NeuroForge' from project 'NeuroForge')

SwiftCompile normal arm64 /Users/takamimarsh/Developer/Projects/Zacro\ Tech/NeuroForge/Sources/App/AppRootView.swift (in target 'NeuroForge' from project 'NeuroForge')
    cd /Users/takamimarsh/Developer/Projects/Zacro\ Tech/NeuroForge
    

SwiftDriverJobDiscovery normal arm64 Compiling PersistenceRuntimeTests.swift (in target 'NeuroForgeTests' from project 'NeuroForge')

SwiftCompile normal arm64 Compiling\ NFEditorialPracticePolicy.swift /Users/takamimarsh/Developer/Projects/Zacro\ Tech/NeuroForge/Sources/Adaptive/NFEditorialPracticePolicy.swift (in target 'NeuroForge' from project 'NeuroForge')

SwiftCompile normal arm64 /Users/takamimarsh/Developer/Projects/Zacro\ Tech/NeuroForge/Sources/Adaptive/NFEditorialPracticePolicy.swift (in target 'NeuroForge' from project 'NeuroForge')
    cd /Users/takamimarsh/Developer/Projects/Zacro\ Tech/NeuroForge
    

SwiftDriverJobDiscovery normal arm64 Compiling ExperienceImprovementTests.swift (in target 'NeuroForgeTests' from project 'NeuroForge')

SwiftCompile normal arm64 Compiling\ AIModels.swift /Users/takamimarsh/Developer/Projects/Zacro\ Tech/NeuroForge/Sources/AI/AIModels.swift (in target 'NeuroForge' from project 'NeuroForge')

SwiftCompile normal arm64 /Users/takamimarsh/Developer/Projects/Zacro\ Tech/NeuroForge/Sources/AI/AIModels.swift (in target 'NeuroForge' from project 'NeuroForge')
    cd /Users/takamimarsh/Developer/Projects/Zacro\ Tech/NeuroForge
    

SwiftDriverJobDiscovery normal arm64 Compiling UniversalSessionView.swift (in target 'NeuroForge' from project 'NeuroForge')

SwiftCompile normal arm64 Compiling\ NFEstimateExactContract.swift /Users/takamimarsh/Developer/Projects/Zacro\ Tech/NeuroForge/Sources/TrainingEngine/NFEstimateExactContract.swift (in target 'NeuroForge' from project 'NeuroForge')

SwiftCompile normal arm64 /Users/takamimarsh/Developer/Projects/Zacro\ Tech/NeuroForge/Sources/TrainingEngine/NFEstimateExactContract.swift (in target 'NeuroForge' from project 'NeuroForge')
    cd /Users/takamimarsh/Developer/Projects/Zacro\ Tech/NeuroForge
    

SwiftDriverJobDiscovery normal arm64 Compiling SessionFlowContractTests.swift (in target 'NeuroForgeTests' from project 'NeuroForge')

SwiftCompile normal arm64 Compiling\ NFResponsePresentation.swift /Users/takamimarsh/Developer/Projects/Zacro\ Tech/NeuroForge/Sources/Features/Progress/NFResponsePresentation.swift (in target 'NeuroForge' from project 'NeuroForge')

SwiftCompile normal arm64 /Users/takamimarsh/Developer/Projects/Zacro\ Tech/NeuroForge/Sources/Features/Progress/NFResponsePresentation.swift (in target 'NeuroForge' from project 'NeuroForge')
    cd /Users/takamimarsh/Developer/Projects/Zacro\ Tech/NeuroForge
    

SwiftDriverJobDiscovery normal arm64 Compiling AIModels.swift (in target 'NeuroForge' from project 'NeuroForge')

SwiftCompile normal arm64 Compiling\ NFExerciseModels.swift /Users/takamimarsh/Developer/Projects/Zacro\ Tech/NeuroForge/Sources/TrainingEngine/NFExerciseModels.swift (in target 'NeuroForge' from project 'NeuroForge')

SwiftCompile normal arm64 /Users/takamimarsh/Developer/Projects/Zacro\ Tech/NeuroForge/Sources/TrainingEngine/NFExerciseModels.swift (in target 'NeuroForge' from project 'NeuroForge')
    cd /Users/takamimarsh/Developer/Projects/Zacro\ Tech/NeuroForge
    

SwiftDriverJobDiscovery normal arm64 Compiling NFEstimateExactContract.swift (in target 'NeuroForge' from project 'NeuroForge')

SwiftCompile normal arm64 Compiling\ NFSchemaMigration.swift /Users/takamimarsh/Developer/Projects/Zacro\ Tech/NeuroForge/Sources/Persistence/NFSchemaMigration.swift (in target 'NeuroForge' from project 'NeuroForge')

SwiftCompile normal arm64 /Users/takamimarsh/Developer/Projects/Zacro\ Tech/NeuroForge/Sources/Persistence/NFSchemaMigration.swift (in target 'NeuroForge' from project 'NeuroForge')
    cd /Users/takamimarsh/Developer/Projects/Zacro\ Tech/NeuroForge
    

SwiftDriverJobDiscovery normal arm64 Compiling NFResponsePresentation.swift (in target 'NeuroForge' from project 'NeuroForge')

SwiftDriverJobDiscovery normal arm64 Compiling BaselineOverviewView.swift (in target 'NeuroForge' from project 'NeuroForge')

SwiftDriverJobDiscovery normal arm64 Compiling NFExerciseScoringEngine.swift (in target 'NeuroForge' from project 'NeuroForge')

SwiftDriverJobDiscovery normal arm64 Compiling NFExerciseModels.swift (in target 'NeuroForge' from project 'NeuroForge')

SwiftDriverJobDiscovery normal arm64 Compiling NFEditorialPracticePolicy.swift (in target 'NeuroForge' from project 'NeuroForge')

SwiftDriverJobDiscovery normal arm64 Compiling AIAndSourceTests.swift (in target 'NeuroForgeTests' from project 'NeuroForge')

SwiftDriverJobDiscovery normal arm64 Compiling AIStudioView.swift (in target 'NeuroForge' from project 'NeuroForge')

SwiftDriverJobDiscovery normal arm64 Compiling NFSchemaMigration.swift (in target 'NeuroForge' from project 'NeuroForge')

SwiftDriverJobDiscovery normal arm64 Compiling ContentImprovementRegressionTests.swift (in target 'NeuroForgeTests' from project 'NeuroForge')

SwiftDriver\ Compilation NeuroForgeTests normal arm64 com.apple.xcode.tools.swift.compiler (in target 'NeuroForgeTests' from project 'NeuroForge')
    cd /Users/takamimarsh/Developer/Projects/Zacro\ Tech/NeuroForge
    builtin-Swift-Compilation -- /Applications/Xcode.app/Contents/Developer/Toolchains/XcodeDefault.xctoolchain/usr/bin/swiftc -module-name NeuroForgeTests -Onone @/tmp/NeuroForge-improvement-build/Build/Intermediates.noindex/NeuroForge.build/Debug/NeuroForgeTests.build/Objects-normal/arm64/NeuroForgeTests.SwiftFileList -DDEBUG -plugin-path /Applications/Xcode.app/Contents/Developer/Toolchains/XcodeDefault.xctoolchain/usr/lib/swift/host/plugins/testing -enable-experimental-feature DebugDescriptionMacro -sdk /Applications/Xcode.app/Contents/Developer/Platforms/MacOSX.platform/Developer/SDKs/MacOSX26.5.sdk -target arm64-apple-macos26.4 -g -module-cache-path /tmp/NeuroForge-improvement-build/ModuleCache.noindex -Xfrontend -serialize-debugging-options -enable-testing -warnings-as-errors -index-store-path /tmp/NeuroForge-improvement-build/Index.noindex/DataStore -Xcc -D_LIBCPP_HARDENING_MODE\=_LIBCPP_HARDENING_MODE_DEBUG -swift-version 6 -I /tmp/NeuroForge-improvement-build/Build/Products/Debug -Isystem /Applications/Xcode.app/Contents/Developer/Platforms/MacOSX.platform/Developer/usr/lib -F /tmp/NeuroForge-improvement-build/Build/Products/Debug/PackageFrameworks -F /tmp/NeuroForge-improvement-build/Build/Products/Debug -F /Applications/Xcode.app/Contents/Developer/Platforms/MacOSX.platform/Developer/Library/Frameworks -emit-localized-strings -emit-localized-strings-path /tmp/NeuroForge-improvement-build/Build/Intermediates.noindex/NeuroForge.build/Debug/NeuroForgeTests.build/Objects-normal/arm64 -c -j12 -disable-batch-mode -incremental -Xcc -ivfsstatcache -Xcc /tmp/NeuroForge-improvement-build/SDKStatCaches.noindex/macosx26.5-25F70-e082c4a02f00227109f4ed75e425c832.sdkstatcache -output-file-map /tmp/NeuroForge-improvement-build/Build/Intermediates.noindex/NeuroForge.build/Debug/NeuroForgeTests.build/Objects-normal/arm64/NeuroForgeTests-OutputFileMap.json -use-frontend-parseable-output -save-temps -no-color-diagnostics -explicit-module-build -module-cache-path /tmp/NeuroForge-improvement-build/Build/Intermediates.noindex/SwiftExplicitPrecompiledModules -clang-scanner-module-cache-path /tmp/NeuroForge-improvement-build/ModuleCache.noindex -sdk-module-cache-path /tmp/NeuroForge-improvement-build/ModuleCache.noindex -serialize-diagnostics -emit-dependencies -emit-module -emit-module-path /tmp/NeuroForge-improvement-build/Build/Intermediates.noindex/NeuroForge.build/Debug/NeuroForgeTests.build/Objects-normal/arm64/NeuroForgeTests.swiftmodule -validate-clang-modules-once -clang-build-session-file /tmp/NeuroForge-improvement-build/ModuleCache.noindex/Session.modulevalidation -Xcc -I/tmp/NeuroForge-improvement-build/Build/Intermediates.noindex/NeuroForge.build/Debug/NeuroForgeTests.build/swift-overrides.hmap -emit-const-values -Xfrontend -const-gather-protocols-file -Xfrontend /tmp/NeuroForge-improvement-build/Build/Intermediates.noindex/NeuroForge.build/Debug/NeuroForgeTests.build/Objects-normal/arm64/NeuroForgeTests_const_extract_protocols.json -Xcc -iquote -Xcc /tmp/NeuroForge-improvement-build/Build/Intermediates.noindex/NeuroForge.build/Debug/NeuroForgeTests.build/NeuroForgeTests-generated-files.hmap -Xcc -I/tmp/NeuroForge-improvement-build/Build/Intermediates.noindex/NeuroForge.build/Debug/NeuroForgeTests.build/NeuroForgeTests-own-target-headers.hmap -Xcc -I/tmp/NeuroForge-improvement-build/Build/Intermediates.noindex/NeuroForge.build/Debug/NeuroForgeTests.build/NeuroForgeTests-all-non-framework-target-headers.hmap -Xcc -ivfsoverlay -Xcc /tmp/NeuroForge-improvement-build/Build/Intermediates.noindex/NeuroForge.build/Debug/NeuroForge-1f477e43189f7d9a813ad7fc7bf5f2ec-VFS/all-product-headers.yaml -Xcc -iquote -Xcc /tmp/NeuroForge-improvement-build/Build/Intermediates.noindex/NeuroForge.build/Debug/NeuroForgeTests.build/NeuroForgeTests-project-headers.hmap -Xcc -I/tmp/NeuroForge-improvement-build/Build/Products/Debug/include -Xcc -I/tmp/NeuroForge-improvement-build/Build/Intermediates.noindex/NeuroForge.build/Debug/NeuroForgeTests.build/DerivedSources-normal/arm64 -Xcc -I/tmp/NeuroForge-improvement-build/Build/Intermediates.noindex/NeuroForge.build/Debug/NeuroForgeTests.build/DerivedSources/arm64 -Xcc -I/tmp/NeuroForge-improvement-build/Build/Intermediates.noindex/NeuroForge.build/Debug/NeuroForgeTests.build/DerivedSources -Xcc -DDEBUG\=1 -emit-objc-header -emit-objc-header-path /tmp/NeuroForge-improvement-build/Build/Intermediates.noindex/NeuroForge.build/Debug/NeuroForgeTests.build/Objects-normal/arm64/NeuroForgeTests-Swift.h -working-directory /Users/takamimarsh/Developer/Projects/Zacro\ Tech/NeuroForge -experimental-emit-module-separately -disable-cmo

SwiftDriverJobDiscovery normal arm64 Compiling AppRootView.swift (in target 'NeuroForge' from project 'NeuroForge')

SwiftDriverJobDiscovery normal arm64 Compiling TrainCatalogView.swift (in target 'NeuroForge' from project 'NeuroForge')

SwiftDriverJobDiscovery normal arm64 Compiling NFLocalSessionRepository.swift (in target 'NeuroForge' from project 'NeuroForge')

SwiftDriverJobDiscovery normal arm64 Compiling ProgressDashboardView.swift (in target 'NeuroForge' from project 'NeuroForge')

SwiftDriver\ Compilation NeuroForge normal arm64 com.apple.xcode.tools.swift.compiler (in target 'NeuroForge' from project 'NeuroForge')
    cd /Users/takamimarsh/Developer/Projects/Zacro\ Tech/NeuroForge
    builtin-Swift-Compilation -- /Applications/Xcode.app/Contents/Developer/Toolchains/XcodeDefault.xctoolchain/usr/bin/swiftc -module-name NeuroForge -Onone @/tmp/NeuroForge-improvement-build/Build/Intermediates.noindex/NeuroForge.build/Debug/NeuroForge.build/Objects-normal/arm64/NeuroForge.SwiftFileList -DDEBUG -enable-experimental-feature DebugDescriptionMacro -sdk /Applications/Xcode.app/Contents/Developer/Platforms/MacOSX.platform/Developer/SDKs/MacOSX26.5.sdk -target arm64-apple-macos26.4 -g -module-cache-path /tmp/NeuroForge-improvement-build/ModuleCache.noindex -Xfrontend -serialize-debugging-options -enable-testing -warnings-as-errors -index-store-path /tmp/NeuroForge-improvement-build/Index.noindex/DataStore -Xcc -D_LIBCPP_HARDENING_MODE\=_LIBCPP_HARDENING_MODE_DEBUG -swift-version 6 -I /tmp/NeuroForge-improvement-build/Build/Products/Debug -F /tmp/NeuroForge-improvement-build/Build/Products/Debug/PackageFrameworks -F /tmp/NeuroForge-improvement-build/Build/Products/Debug -emit-localized-strings -emit-localized-strings-path /tmp/NeuroForge-improvement-build/Build/Intermediates.noindex/NeuroForge.build/Debug/NeuroForge.build/Objects-normal/arm64 -c -j12 -disable-batch-mode -incremental -Xcc -ivfsstatcache -Xcc /tmp/NeuroForge-improvement-build/SDKStatCaches.noindex/macosx26.5-25F70-e082c4a02f00227109f4ed75e425c832.sdkstatcache -output-file-map /tmp/NeuroForge-improvement-build/Build/Intermediates.noindex/NeuroForge.build/Debug/NeuroForge.build/Objects-normal/arm64/NeuroForge-OutputFileMap.json -use-frontend-parseable-output -save-temps -no-color-diagnostics -explicit-module-build -module-cache-path /tmp/NeuroForge-improvement-build/Build/Intermediates.noindex/SwiftExplicitPrecompiledModules -clang-scanner-module-cache-path /tmp/NeuroForge-improvement-build/ModuleCache.noindex -sdk-module-cache-path /tmp/NeuroForge-improvement-build/ModuleCache.noindex -serialize-diagnostics -emit-dependencies -emit-module -emit-module-path /tmp/NeuroForge-improvement-build/Build/Intermediates.noindex/NeuroForge.build/Debug/NeuroForge.build/Objects-normal/arm64/NeuroForge.swiftmodule -validate-clang-modules-once -clang-build-session-file /tmp/NeuroForge-improvement-build/ModuleCache.noindex/Session.modulevalidation -Xcc -I/tmp/NeuroForge-improvement-build/Build/Intermediates.noindex/NeuroForge.build/Debug/NeuroForge.build/swift-overrides.hmap -emit-const-values -Xfrontend -const-gather-protocols-file -Xfrontend /tmp/NeuroForge-improvement-build/Build/Intermediates.noindex/NeuroForge.build/Debug/NeuroForge.build/Objects-normal/arm64/NeuroForge_const_extract_protocols.json -Xcc -iquote -Xcc /tmp/NeuroForge-improvement-build/Build/Intermediates.noindex/NeuroForge.build/Debug/NeuroForge.build/NeuroForge-generated-files.hmap -Xcc -I/tmp/NeuroForge-improvement-build/Build/Intermediates.noindex/NeuroForge.build/Debug/NeuroForge.build/NeuroForge-own-target-headers.hmap -Xcc -I/tmp/NeuroForge-improvement-build/Build/Intermediates.noindex/NeuroForge.build/Debug/NeuroForge.build/NeuroForge-all-non-framework-target-headers.hmap -Xcc -ivfsoverlay -Xcc /tmp/NeuroForge-improvement-build/Build/Intermediates.noindex/NeuroForge.build/Debug/NeuroForge-1f477e43189f7d9a813ad7fc7bf5f2ec-VFS/all-product-headers.yaml -Xcc -iquote -Xcc /tmp/NeuroForge-improvement-build/Build/Intermediates.noindex/NeuroForge.build/Debug/NeuroForge.build/NeuroForge-project-headers.hmap -Xcc -I/tmp/NeuroForge-improvement-build/Build/Products/Debug/include -Xcc -I/tmp/NeuroForge-improvement-build/Build/Intermediates.noindex/NeuroForge.build/Debug/NeuroForge.build/DerivedSources-normal/arm64 -Xcc -I/tmp/NeuroForge-improvement-build/Build/Intermediates.noindex/NeuroForge.build/Debug/NeuroForge.build/DerivedSources/arm64 -Xcc -I/tmp/NeuroForge-improvement-build/Build/Intermediates.noindex/NeuroForge.build/Debug/NeuroForge.build/DerivedSources -Xcc -DDEBUG\=1 -emit-objc-header -emit-objc-header-path /tmp/NeuroForge-improvement-build/Build/Intermediates.noindex/NeuroForge.build/Debug/NeuroForge.build/Objects-normal/arm64/NeuroForge-Swift.h -working-directory /Users/takamimarsh/Developer/Projects/Zacro\ Tech/NeuroForge -experimental-emit-module-separately -disable-cmo

Ld /tmp/NeuroForge-improvement-build/Build/Products/Debug/NeuroForge.app/Contents/MacOS/NeuroForge.debug.dylib normal (in target 'NeuroForge' from project 'NeuroForge')
    cd /Users/takamimarsh/Developer/Projects/Zacro\ Tech/NeuroForge
    /Applications/Xcode.app/Contents/Developer/Toolchains/XcodeDefault.xctoolchain/usr/bin/clang -Xlinker -reproducible -target arm64-apple-macos26.4 -dynamiclib -isysroot /Applications/Xcode.app/Contents/Developer/Platforms/MacOSX.platform/Developer/SDKs/MacOSX26.5.sdk -O0 -L/tmp/NeuroForge-improvement-build/Build/Intermediates.noindex/EagerLinkingTBDs/Debug -L/tmp/NeuroForge-improvement-build/Build/Products/Debug -F/tmp/NeuroForge-improvement-build/Build/Intermediates.noindex/EagerLinkingTBDs/Debug -F/tmp/NeuroForge-improvement-build/Build/Products/Debug/PackageFrameworks -F/tmp/NeuroForge-improvement-build/Build/Products/Debug -filelist /tmp/NeuroForge-improvement-build/Build/Intermediates.noindex/NeuroForge.build/Debug/NeuroForge.build/Objects-normal/arm64/NeuroForge.LinkFileList -install_name @rpath/NeuroForge.debug.dylib -Xlinker -rpath -Xlinker /tmp/NeuroForge-improvement-build/Build/Products/Debug/PackageFrameworks -Xlinker -rpath -Xlinker @executable_path/Frameworks -Xlinker -object_path_lto -Xlinker /tmp/NeuroForge-improvement-build/Build/Intermediates.noindex/NeuroForge.build/Debug/NeuroForge.build/Objects-normal/arm64/NeuroForge_lto.o -rdynamic -Xlinker -no_deduplicate -Xlinker -dependency_info -Xlinker /tmp/NeuroForge-improvement-build/Build/Intermediates.noindex/NeuroForge.build/Debug/NeuroForge.build/Objects-normal/arm64/NeuroForge_dependency_info.dat -fobjc-link-runtime -L/Applications/Xcode.app/Contents/Developer/Toolchains/XcodeDefault.xctoolchain/usr/lib/swift/macosx -L/usr/lib/swift -Xlinker -add_ast_path -Xlinker /tmp/NeuroForge-improvement-build/Build/Intermediates.noindex/NeuroForge.build/Debug/NeuroForge.build/Objects-normal/arm64/NeuroForge.swiftmodule @/tmp/NeuroForge-improvement-build/Build/Intermediates.noindex/NeuroForge.build/Debug/NeuroForge.build/Objects-normal/arm64/NeuroForge-linker-args.resp -Wl,-no_warn_duplicate_libraries -Xlinker -alias -Xlinker _main -Xlinker ___debug_main_executable_dylib_entry_point -o /tmp/NeuroForge-improvement-build/Build/Products/Debug/NeuroForge.app/Contents/MacOS/NeuroForge.debug.dylib -Xlinker -add_ast_path -Xlinker /tmp/NeuroForge-improvement-build/Build/Intermediates.noindex/SwiftMath.build/Debug/SwiftMath.build/Objects-normal/arm64/SwiftMath.swiftmodule @/tmp/NeuroForge-improvement-build/Build/Intermediates.noindex/SwiftMath.build/Debug/SwiftMath.build/Objects-normal/arm64/SwiftMath-linker-args.resp

ConstructStubExecutorLinkFileList /tmp/NeuroForge-improvement-build/Build/Intermediates.noindex/NeuroForge.build/Debug/NeuroForge.build/NeuroForge-ExecutorLinkFileList-normal-arm64.txt (in target 'NeuroForge' from project 'NeuroForge')
    cd /Users/takamimarsh/Developer/Projects/Zacro\ Tech/NeuroForge
    construct-stub-executor-link-file-list /tmp/NeuroForge-improvement-build/Build/Products/Debug/NeuroForge.app/Contents/MacOS/NeuroForge.debug.dylib /Applications/Xcode.app/Contents/Developer/Platforms/MacOSX.platform/Developer/usr/lib/libPreviewsJITStubExecutor_no_swift_entry_point.a /Applications/Xcode.app/Contents/Developer/Platforms/MacOSX.platform/Developer/usr/lib/libPreviewsJITStubExecutor.a --output /tmp/NeuroForge-improvement-build/Build/Intermediates.noindex/NeuroForge.build/Debug/NeuroForge.build/NeuroForge-ExecutorLinkFileList-normal-arm64.txt
note: Using stub executor library with Swift entry point. (in target 'NeuroForge' from project 'NeuroForge')

Ld /tmp/NeuroForge-improvement-build/Build/Products/Debug/NeuroForge.app/Contents/MacOS/NeuroForge normal (in target 'NeuroForge' from project 'NeuroForge')
    cd /Users/takamimarsh/Developer/Projects/Zacro\ Tech/NeuroForge
    /Applications/Xcode.app/Contents/Developer/Toolchains/XcodeDefault.xctoolchain/usr/bin/clang -Xlinker -reproducible -target arm64-apple-macos26.4 -isysroot /Applications/Xcode.app/Contents/Developer/Platforms/MacOSX.platform/Developer/SDKs/MacOSX26.5.sdk -O0 -L/tmp/NeuroForge-improvement-build/Build/Products/Debug -F/tmp/NeuroForge-improvement-build/Build/Products/Debug/PackageFrameworks -F/tmp/NeuroForge-improvement-build/Build/Products/Debug -Xlinker -rpath -Xlinker @executable_path -Xlinker -rpath -Xlinker /tmp/NeuroForge-improvement-build/Build/Products/Debug/PackageFrameworks -Xlinker -rpath -Xlinker @executable_path/Frameworks -rdynamic -Xlinker -no_deduplicate -e ___debug_blank_executor_main -Xlinker -sectcreate -Xlinker __TEXT -Xlinker __debug_dylib -Xlinker /tmp/NeuroForge-improvement-build/Build/Intermediates.noindex/NeuroForge.build/Debug/NeuroForge.build/NeuroForge-DebugDylibPath-normal-arm64.txt -Xlinker -sectcreate -Xlinker __TEXT -Xlinker __debug_instlnm -Xlinker /tmp/NeuroForge-improvement-build/Build/Intermediates.noindex/NeuroForge.build/Debug/NeuroForge.build/NeuroForge-DebugDylibInstallName-normal-arm64.txt -Xlinker -filelist -Xlinker /tmp/NeuroForge-improvement-build/Build/Intermediates.noindex/NeuroForge.build/Debug/NeuroForge.build/NeuroForge-ExecutorLinkFileList-normal-arm64.txt /tmp/NeuroForge-improvement-build/Build/Products/Debug/NeuroForge.app/Contents/MacOS/NeuroForge.debug.dylib -o /tmp/NeuroForge-improvement-build/Build/Products/Debug/NeuroForge.app/Contents/MacOS/NeuroForge

CopySwiftLibs /tmp/NeuroForge-improvement-build/Build/Products/Debug/NeuroForge.app (in target 'NeuroForge' from project 'NeuroForge')
    cd /Users/takamimarsh/Developer/Projects/Zacro\ Tech/NeuroForge
    builtin-swiftStdLibTool --copy --verbose --scan-executable /tmp/NeuroForge-improvement-build/Build/Products/Debug/NeuroForge.app/Contents/MacOS/NeuroForge.debug.dylib --scan-folder /tmp/NeuroForge-improvement-build/Build/Products/Debug/NeuroForge.app/Contents/Frameworks --scan-folder /tmp/NeuroForge-improvement-build/Build/Products/Debug/NeuroForge.app/Contents/PlugIns --scan-folder /tmp/NeuroForge-improvement-build/Build/Products/Debug/NeuroForge.app/Contents/Library/SystemExtensions --scan-folder /tmp/NeuroForge-improvement-build/Build/Products/Debug/NeuroForge.app/Contents/Extensions --platform macosx --toolchain /Applications/Xcode.app/Contents/Developer/Toolchains/XcodeDefault.xctoolchain --destination /tmp/NeuroForge-improvement-build/Build/Products/Debug/NeuroForge.app/Contents/Frameworks --strip-bitcode --strip-bitcode-tool /Applications/Xcode.app/Contents/Developer/Toolchains/XcodeDefault.xctoolchain/usr/bin/bitcode_strip --emit-dependency-info /tmp/NeuroForge-improvement-build/Build/Intermediates.noindex/NeuroForge.build/Debug/NeuroForge.build/SwiftStdLibToolInputDependencies.dep --filter-for-swift-os
Ignoring --strip-bitcode because --sign was not passed

ExtractAppIntentsMetadata (in target 'NeuroForge' from project 'NeuroForge')
    cd /Users/takamimarsh/Developer/Projects/Zacro\ Tech/NeuroForge
    /Applications/Xcode.app/Contents/Developer/Toolchains/XcodeDefault.xctoolchain/usr/bin/appintentsmetadataprocessor --toolchain-dir /Applications/Xcode.app/Contents/Developer/Toolchains/XcodeDefault.xctoolchain --module-name NeuroForge --sdk-root /Applications/Xcode.app/Contents/Developer/Platforms/MacOSX.platform/Developer/SDKs/MacOSX26.5.sdk --xcode-version 17F113 --platform-family macOS --deployment-target 26.4 --bundle-identifier com.zacrotech.NeuroForge --output /tmp/NeuroForge-improvement-build/Build/Products/Debug/NeuroForge.app/Contents/Resources --target-triple arm64-apple-macos26.4 --binary-file /tmp/NeuroForge-improvement-build/Build/Products/Debug/NeuroForge.app/Contents/MacOS/NeuroForge --dependency-file /tmp/NeuroForge-improvement-build/Build/Intermediates.noindex/NeuroForge.build/Debug/NeuroForge.build/Objects-normal/arm64/NeuroForge_dependency_info.dat --stringsdata-file /tmp/NeuroForge-improvement-build/Build/Intermediates.noindex/NeuroForge.build/Debug/NeuroForge.build/Objects-normal/arm64/ExtractedAppShortcutsMetadata.stringsdata --source-file-list /tmp/NeuroForge-improvement-build/Build/Intermediates.noindex/NeuroForge.build/Debug/NeuroForge.build/Objects-normal/arm64/NeuroForge.SwiftFileList --metadata-file-list /tmp/NeuroForge-improvement-build/Build/Intermediates.noindex/NeuroForge.build/Debug/NeuroForge.build/NeuroForge.DependencyMetadataFileList --static-metadata-file-list /tmp/NeuroForge-improvement-build/Build/Intermediates.noindex/NeuroForge.build/Debug/NeuroForge.build/NeuroForge.DependencyStaticMetadataFileList --swift-const-vals-list /tmp/NeuroForge-improvement-build/Build/Intermediates.noindex/NeuroForge.build/Debug/NeuroForge.build/Objects-normal/arm64/NeuroForge.SwiftConstValuesFileList --compile-time-extraction --deployment-aware-processing --validate-assistant-intents
2026-09-05 16:34:36.610 appintentsmetadataprocessor[52907:5894785] Starting appintentsmetadataprocessor export
2026-09-05 16:34:36.690 appintentsmetadataprocessor[52907:5894785] Writing Metadata.appintents
2026-09-05 16:34:36.690 appintentsmetadataprocessor[52907:5894785] Metadata root: /tmp/NeuroForge-improvement-build/Build/Products/Debug/NeuroForge.app/Contents/Resources/Metadata.appintents

Ld /tmp/NeuroForge-improvement-build/Build/Products/Debug/NeuroForge.app/Contents/PlugIns/NeuroForgeTests.xctest/Contents/MacOS/NeuroForgeTests normal (in target 'NeuroForgeTests' from project 'NeuroForge')
    cd /Users/takamimarsh/Developer/Projects/Zacro\ Tech/NeuroForge
    /Applications/Xcode.app/Contents/Developer/Toolchains/XcodeDefault.xctoolchain/usr/bin/clang -Xlinker -reproducible -target arm64-apple-macos26.4 -bundle -isysroot /Applications/Xcode.app/Contents/Developer/Platforms/MacOSX.platform/Developer/SDKs/MacOSX26.5.sdk -O0 -L/tmp/NeuroForge-improvement-build/Build/Intermediates.noindex/EagerLinkingTBDs/Debug -L/tmp/NeuroForge-improvement-build/Build/Products/Debug -L/Applications/Xcode.app/Contents/Developer/Platforms/MacOSX.platform/Developer/usr/lib -F/tmp/NeuroForge-improvement-build/Build/Intermediates.noindex/EagerLinkingTBDs/Debug -F/tmp/NeuroForge-improvement-build/Build/Products/Debug/PackageFrameworks -F/tmp/NeuroForge-improvement-build/Build/Products/Debug -iframework /Applications/Xcode.app/Contents/Developer/Platforms/MacOSX.platform/Developer/Library/Frameworks -filelist /tmp/NeuroForge-improvement-build/Build/Intermediates.noindex/NeuroForge.build/Debug/NeuroForgeTests.build/Objects-normal/arm64/NeuroForgeTests.LinkFileList -Xlinker -rpath -Xlinker /tmp/NeuroForge-improvement-build/Build/Products/Debug/PackageFrameworks -Xlinker -rpath -Xlinker @loader_path/../Frameworks -Xlinker -rpath -Xlinker @executable_path/../Frameworks -bundle_loader /tmp/NeuroForge-improvement-build/Build/Products/Debug/NeuroForge.app/Contents/MacOS/NeuroForge -Xlinker -object_path_lto -Xlinker /tmp/NeuroForge-improvement-build/Build/Intermediates.noindex/NeuroForge.build/Debug/NeuroForgeTests.build/Objects-normal/arm64/NeuroForgeTests_lto.o -rdynamic -Xlinker -no_deduplicate -Xlinker -dependency_info -Xlinker /tmp/NeuroForge-improvement-build/Build/Intermediates.noindex/NeuroForge.build/Debug/NeuroForgeTests.build/Objects-normal/arm64/NeuroForgeTests_dependency_info.dat -fobjc-link-runtime -L/Applications/Xcode.app/Contents/Developer/Toolchains/XcodeDefault.xctoolchain/usr/lib/swift/macosx -L/usr/lib/swift -Xlinker -add_ast_path -Xlinker /tmp/NeuroForge-improvement-build/Build/Intermediates.noindex/NeuroForge.build/Debug/NeuroForgeTests.build/Objects-normal/arm64/NeuroForgeTests.swiftmodule @/tmp/NeuroForge-improvement-build/Build/Intermediates.noindex/NeuroForge.build/Debug/NeuroForgeTests.build/Objects-normal/arm64/NeuroForgeTests-linker-args.resp -Wl,-no_warn_duplicate_libraries -Xlinker -needed_framework -Xlinker XCTest -framework XCTest -Xlinker -needed-lXCTestSwiftSupport -lXCTestSwiftSupport /tmp/NeuroForge-improvement-build/Build/Products/Debug/NeuroForge.app/Contents/MacOS/NeuroForge.debug.dylib -o /tmp/NeuroForge-improvement-build/Build/Products/Debug/NeuroForge.app/Contents/PlugIns/NeuroForgeTests.xctest/Contents/MacOS/NeuroForgeTests

CopySwiftLibs /tmp/NeuroForge-improvement-build/Build/Products/Debug/NeuroForge.app/Contents/PlugIns/NeuroForgeTests.xctest (in target 'NeuroForgeTests' from project 'NeuroForge')
    cd /Users/takamimarsh/Developer/Projects/Zacro\ Tech/NeuroForge
    builtin-swiftStdLibTool --copy --verbose --scan-executable /tmp/NeuroForge-improvement-build/Build/Products/Debug/NeuroForge.app/Contents/PlugIns/NeuroForgeTests.xctest/Contents/MacOS/NeuroForgeTests --scan-folder /tmp/NeuroForge-improvement-build/Build/Products/Debug/NeuroForge.app/Contents/PlugIns/NeuroForgeTests.xctest/Contents/Frameworks --scan-folder /tmp/NeuroForge-improvement-build/Build/Products/Debug/NeuroForge.app/Contents/PlugIns/NeuroForgeTests.xctest/Contents/PlugIns --scan-folder /tmp/NeuroForge-improvement-build/Build/Products/Debug/NeuroForge.app/Contents/PlugIns/NeuroForgeTests.xctest/Contents/Library/SystemExtensions --scan-folder /tmp/NeuroForge-improvement-build/Build/Products/Debug/NeuroForge.app/Contents/PlugIns/NeuroForgeTests.xctest/Contents/Extensions --platform macosx --toolchain /Applications/Xcode.app/Contents/Developer/Toolchains/XcodeDefault.xctoolchain --destination /tmp/NeuroForge-improvement-build/Build/Products/Debug/NeuroForge.app/Contents/PlugIns/NeuroForgeTests.xctest/Contents/Frameworks --strip-bitcode --scan-executable /Applications/Xcode.app/Contents/Developer/Platforms/MacOSX.platform/Developer/usr/lib/libXCTestSwiftSupport.dylib --strip-bitcode-tool /Applications/Xcode.app/Contents/Developer/Toolchains/XcodeDefault.xctoolchain/usr/bin/bitcode_strip --emit-dependency-info /tmp/NeuroForge-improvement-build/Build/Intermediates.noindex/NeuroForge.build/Debug/NeuroForgeTests.build/SwiftStdLibToolInputDependencies.dep --filter-for-swift-os
Ignoring --strip-bitcode because --sign was not passed

ExtractAppIntentsMetadata (in target 'NeuroForgeTests' from project 'NeuroForge')
    cd /Users/takamimarsh/Developer/Projects/Zacro\ Tech/NeuroForge
    /Applications/Xcode.app/Contents/Developer/Toolchains/XcodeDefault.xctoolchain/usr/bin/appintentsmetadataprocessor --toolchain-dir /Applications/Xcode.app/Contents/Developer/Toolchains/XcodeDefault.xctoolchain --module-name NeuroForgeTests --sdk-root /Applications/Xcode.app/Contents/Developer/Platforms/MacOSX.platform/Developer/SDKs/MacOSX26.5.sdk --xcode-version 17F113 --platform-family macOS --deployment-target 26.4 --bundle-identifier com.zacrotech.NeuroForgeTests --output /tmp/NeuroForge-improvement-build/Build/Products/Debug/NeuroForge.app/Contents/PlugIns/NeuroForgeTests.xctest/Contents/Resources --target-triple arm64-apple-macos26.4 --binary-file /tmp/NeuroForge-improvement-build/Build/Products/Debug/NeuroForge.app/Contents/PlugIns/NeuroForgeTests.xctest/Contents/MacOS/NeuroForgeTests --dependency-file /tmp/NeuroForge-improvement-build/Build/Intermediates.noindex/NeuroForge.build/Debug/NeuroForgeTests.build/Objects-normal/arm64/NeuroForgeTests_dependency_info.dat --stringsdata-file /tmp/NeuroForge-improvement-build/Build/Intermediates.noindex/NeuroForge.build/Debug/NeuroForgeTests.build/Objects-normal/arm64/ExtractedAppShortcutsMetadata.stringsdata --source-file-list /tmp/NeuroForge-improvement-build/Build/Intermediates.noindex/NeuroForge.build/Debug/NeuroForgeTests.build/Objects-normal/arm64/NeuroForgeTests.SwiftFileList --metadata-file-list /tmp/NeuroForge-improvement-build/Build/Intermediates.noindex/NeuroForge.build/Debug/NeuroForgeTests.build/NeuroForgeTests.DependencyMetadataFileList --static-metadata-file-list /tmp/NeuroForge-improvement-build/Build/Intermediates.noindex/NeuroForge.build/Debug/NeuroForgeTests.build/NeuroForgeTests.DependencyStaticMetadataFileList --swift-const-vals-list /tmp/NeuroForge-improvement-build/Build/Intermediates.noindex/NeuroForge.build/Debug/NeuroForgeTests.build/Objects-normal/arm64/NeuroForgeTests.SwiftConstValuesFileList --compile-time-extraction --deployment-aware-processing --validate-assistant-intents --no-app-shortcuts-localization
2026-09-05 16:34:37.106 appintentsmetadataprocessor[52913:5894811] Starting appintentsmetadataprocessor export
2026-09-05 16:34:37.123 appintentsmetadataprocessor[52913:5894811] Extracted no relevant App Intents symbols, skipping writing output

Validate /tmp/NeuroForge-improvement-build/Build/Products/Debug/NeuroForge.app (in target 'NeuroForge' from project 'NeuroForge')
    cd /Users/takamimarsh/Developer/Projects/Zacro\ Tech/NeuroForge
    builtin-validationUtility /tmp/NeuroForge-improvement-build/Build/Products/Debug/NeuroForge.app -no-validate-extension -infoplist-subpath Contents/Info.plist

RegisterWithLaunchServices /tmp/NeuroForge-improvement-build/Build/Products/Debug/NeuroForge.app (in target 'NeuroForge' from project 'NeuroForge')
    cd /Users/takamimarsh/Developer/Projects/Zacro\ Tech/NeuroForge
    /System/Library/Frameworks/CoreServices.framework/Versions/Current/Frameworks/LaunchServices.framework/Versions/Current/Support/lsregister -f -R -trusted /tmp/NeuroForge-improvement-build/Build/Products/Debug/NeuroForge.app

2026-09-05 16:34:40.175686-0400 NeuroForge[52934:5895045] [Connection] Unable to get synchronousRemoteObjectProxy, error: Error Domain=NSCocoaErrorDomain Code=4097 "connection to service named com.apple.linkd.autoShortcut" UserInfo={NSDebugDescription=connection to service named com.apple.linkd.autoShortcut}
2026-09-05 16:34:40.176181-0400 NeuroForge[52934:5895045] [Application] Error registering app with intents framework: Error Domain=NSCocoaErrorDomain Code=4097 "connection to service named com.apple.linkd.autoShortcut" UserInfo={NSDebugDescription=connection to service named com.apple.linkd.autoShortcut}
2026-09-05 16:34:40.176533-0400 NeuroForge[52934:5895046] [Connection] Unable to get synchronousRemoteObjectProxy, error: Error Domain=NSCocoaErrorDomain Code=4097 "connection to service named com.apple.linkd.autoShortcut" UserInfo={NSDebugDescription=connection to service named com.apple.linkd.autoShortcut}
2026-09-05 16:34:40.176547-0400 NeuroForge[52934:5895046] [Connection] Unable to re-register with Process Instance Registry, error: Error Domain=NSCocoaErrorDomain Code=4097 "connection to service named com.apple.linkd.autoShortcut" UserInfo={NSDebugDescription=connection to service named com.apple.linkd.autoShortcut}
2026-09-05 16:34:40.177315-0400 NeuroForge[52934:5895054] [Connection] Unable to get synchronousRemoteObjectProxy, error: Error Domain=NSCocoaErrorDomain Code=4097 "connection to service named com.apple.linkd.autoShortcut" UserInfo={NSDebugDescription=connection to service named com.apple.linkd.autoShortcut}
2026-09-05 16:34:40.178023-0400 NeuroForge[52934:5895045] [Connection] Unable to get synchronousRemoteObjectProxy, error: Error Domain=NSCocoaErrorDomain Code=4097 "connection to service named com.apple.linkd.autoShortcut" UserInfo={NSDebugDescription=connection to service named com.apple.linkd.autoShortcut}
2026-09-05 16:34:40.178671-0400 NeuroForge[52934:5895054] [Connection] Unable to re-register with Process Instance Registry, error: Error Domain=NSCocoaErrorDomain Code=4097 "connection to service named com.apple.linkd.autoShortcut" UserInfo={NSDebugDescription=connection to service named com.apple.linkd.autoShortcut}
2026-09-05 16:34:40.178683-0400 NeuroForge[52934:5895045] [Connection] Unable to re-register with Process Instance Registry, error: Error Domain=NSCocoaErrorDomain Code=4097 "connection to service named com.apple.linkd.autoShortcut" UserInfo={NSDebugDescription=connection to service named com.apple.linkd.autoShortcut}
2026-09-05 16:34:40.178692-0400 NeuroForge[52934:5895054] [Connection] Will NOT re-try to establish the connection
2026-09-05 16:34:40.179119-0400 NeuroForge[52934:5895068] [Connection] Unable to get synchronousRemoteObjectProxy, error: Error Domain=NSCocoaErrorDomain Code=4097 "connection to service named com.apple.linkd.autoShortcut" UserInfo={NSDebugDescription=connection to service named com.apple.linkd.autoShortcut}
2026-09-05 16:34:40.179133-0400 NeuroForge[52934:5895068] [Connection] Unable to re-register with Process Instance Registry, error: Error Domain=NSCocoaErrorDomain Code=4097 "connection to service named com.apple.linkd.autoShortcut" UserInfo={NSDebugDescription=connection to service named com.apple.linkd.autoShortcut}
2026-09-05 16:34:40.460683-0400 NeuroForge[52934:5895008] ApplePersistenceIgnoreState: Existing state will not be touched. New state will be written to /var/folders/9s/lwj2ss7d679bl8hv9dx2qf6h0000gn/T/com.zacrotech.NeuroForge.savedState
Test Suite 'Selected tests' started at 2026-09-05 16:34:41.362.
Test Suite 'NeuroForgeTests.xctest' started at 2026-09-05 16:34:41.363.
Test Suite 'AuthoringReadyRecoveryTests' started at 2026-09-05 16:34:41.363.
Test Case '-[NeuroForgeTests.AuthoringReadyRecoveryTests testFreshOfflineReasoningSetIsImmediatelyRecoverableAndCanStartItsFirstRun]' started.
Test Case '-[NeuroForgeTests.AuthoringReadyRecoveryTests testFreshOfflineReasoningSetIsImmediatelyRecoverableAndCanStartItsFirstRun]' passed (0.119 seconds).
Test Case '-[NeuroForgeTests.AuthoringReadyRecoveryTests testInvalidAuthoredContentCannotBeReturnedCachedOrPublishedAsAReadySet]' started.
Test Case '-[NeuroForgeTests.AuthoringReadyRecoveryTests testInvalidAuthoredContentCannotBeReturnedCachedOrPublishedAsAReadySet]' passed (0.020 seconds).
Test Case '-[NeuroForgeTests.AuthoringReadyRecoveryTests testRetainedAuthoredVersionsDoNotBecomeFallbackRetrievalRecipes]' started.
Test Case '-[NeuroForgeTests.AuthoringReadyRecoveryTests testRetainedAuthoredVersionsDoNotBecomeFallbackRetrievalRecipes]' passed (0.088 seconds).
Test Suite 'AuthoringReadyRecoveryTests' passed at 2026-09-05 16:34:41.591.
	 Executed 3 tests, with 0 failures (0 unexpected) in 0.227 (0.228) seconds
Test Suite 'CoordinateTransformContractTests' started at 2026-09-05 16:34:41.591.
Test Case '-[NeuroForgeTests.CoordinateTransformContractTests testActualColdCoordinatesCommitHistoryAndNextPreserveExactTypedPoint]' started.
Test Case '-[NeuroForgeTests.CoordinateTransformContractTests testActualColdCoordinatesCommitHistoryAndNextPreserveExactTypedPoint]' passed (0.056 seconds).
Test Case '-[NeuroForgeTests.CoordinateTransformContractTests testAllBoundedCoordinateContractsMatchIndependentAffineOracleAndTypedCredit]' started.
Test Case '-[NeuroForgeTests.CoordinateTransformContractTests testAllBoundedCoordinateContractsMatchIndependentAffineOracleAndTypedCredit]' passed (0.989 seconds).
Test Case '-[NeuroForgeTests.CoordinateTransformContractTests testAllQuadrantsCentersLineFixedPointsDistancesAndOrderedCompositions]' started.
Test Case '-[NeuroForgeTests.CoordinateTransformContractTests testAllQuadrantsCentersLineFixedPointsDistancesAndOrderedCompositions]' passed (0.133 seconds).
Test Case '-[NeuroForgeTests.CoordinateTransformContractTests testCoordinatePartialRubricOwnsBothFieldCreditsAndRejectsRetainedContradiction]' started.
Test Case '-[NeuroForgeTests.CoordinateTransformContractTests testCoordinatePartialRubricOwnsBothFieldCreditsAndRejectsRetainedContradiction]' passed (0.006 seconds).
Test Case '-[NeuroForgeTests.CoordinateTransformContractTests testFutureProtectedMalformedAndMissingRequestPolicyRefuseWithoutOverwritingOriginal]' started.
Test Case '-[NeuroForgeTests.CoordinateTransformContractTests testFutureProtectedMalformedAndMissingRequestPolicyRefuseWithoutOverwritingOriginal]' passed (0.102 seconds).
Test Case '-[NeuroForgeTests.CoordinateTransformContractTests testGeneratedSavedPointUsesExactContractAndSameNumericAuthority]' started.
Test Case '-[NeuroForgeTests.CoordinateTransformContractTests testGeneratedSavedPointUsesExactContractAndSameNumericAuthority]' passed (0.048 seconds).
Test Case '-[NeuroForgeTests.CoordinateTransformContractTests testOriginalDiagramAndCopyKeepIndependentPointAndBothRecordedLocales]' started.
Test Case '-[NeuroForgeTests.CoordinateTransformContractTests testOriginalDiagramAndCopyKeepIndependentPointAndBothRecordedLocales]' passed (0.005 seconds).
Test Case '-[NeuroForgeTests.CoordinateTransformContractTests testRecipeVersionsAreScopedToFallbackAndPreserveCurrentAndLegacyAuthoredAuthority]' started.
Test Case '-[NeuroForgeTests.CoordinateTransformContractTests testRecipeVersionsAreScopedToFallbackAndPreserveCurrentAndLegacyAuthoredAuthority]' passed (0.001 seconds).
Test Case '-[NeuroForgeTests.CoordinateTransformContractTests testSemanticIdentityCollapsesSignScaleAndFixedPointAliasesWithoutLosingTaskOrder]' started.
Test Case '-[NeuroForgeTests.CoordinateTransformContractTests testSemanticIdentityCollapsesSignScaleAndFixedPointAliasesWithoutLosingTaskOrder]' passed (0.013 seconds).
Test Suite 'CoordinateTransformContractTests' passed at 2026-09-05 16:34:42.948.
	 Executed 9 tests, with 0 failures (0 unexpected) in 1.354 (1.356) seconds
Test Suite 'DefaultContentCatalogTests' started at 2026-09-05 16:34:42.948.
Test Case '-[NeuroForgeTests.DefaultContentCatalogTests testAutomaticCatalogStartKeepsColdAndRecentReasonsDistinctFromExplicitPreference]' started.
Test Case '-[NeuroForgeTests.DefaultContentCatalogTests testAutomaticCatalogStartKeepsColdAndRecentReasonsDistinctFromExplicitPreference]' passed (7.150 seconds).
Test Case '-[NeuroForgeTests.DefaultContentCatalogTests testCatalogCallerForwardsElapsedOnlyWithoutUnlockingLegacyFluency]' started.
Test Case '-[NeuroForgeTests.DefaultContentCatalogTests testCatalogCallerForwardsElapsedOnlyWithoutUnlockingLegacyFluency]' passed (0.018 seconds).
Test Case '-[NeuroForgeTests.DefaultContentCatalogTests testCatalogExposesEveryDeterministicFamilyExactlyOnce]' started.
Test Case '-[NeuroForgeTests.DefaultContentCatalogTests testCatalogExposesEveryDeterministicFamilyExactlyOnce]' passed (0.002 seconds).
Test Case '-[NeuroForgeTests.DefaultContentCatalogTests testCatalogLaunchCarriesFieldPracticeEvidenceAndExposureSeed]' started.
Test Case '-[NeuroForgeTests.DefaultContentCatalogTests testCatalogLaunchCarriesFieldPracticeEvidenceAndExposureSeed]' passed (0.048 seconds).
Test Case '-[NeuroForgeTests.DefaultContentCatalogTests testCatalogReviewedChoiceForwardsBandAndScopeAndNextCannotSelectAdmittedOtherMechanic]' started.
Test Case '-[NeuroForgeTests.DefaultContentCatalogTests testCatalogReviewedChoiceForwardsBandAndScopeAndNextCannotSelectAdmittedOtherMechanic]' passed (0.468 seconds).
Test Case '-[NeuroForgeTests.DefaultContentCatalogTests testCatalogReviewedReplaceAndColdResumeRetainOriginalActivityFieldAndDraft]' started.
Test Case '-[NeuroForgeTests.DefaultContentCatalogTests testCatalogReviewedReplaceAndColdResumeRetainOriginalActivityFieldAndDraft]' passed (0.421 seconds).
Test Case '-[NeuroForgeTests.DefaultContentCatalogTests testCatalogTitlesAndResearchBoundariesAreLocalized]' started.
Test Case '-[NeuroForgeTests.DefaultContentCatalogTests testCatalogTitlesAndResearchBoundariesAreLocalized]' passed (0.003 seconds).
Test Case '-[NeuroForgeTests.DefaultContentCatalogTests testEnumeratedLegacySubvariantsKeepActivityScopeWithoutPrefixWidening]' started.
Test Case '-[NeuroForgeTests.DefaultContentCatalogTests testEnumeratedLegacySubvariantsKeepActivityScopeWithoutPrefixWidening]' passed (18.836 seconds).
Test Case '-[NeuroForgeTests.DefaultContentCatalogTests testEveryCatalogEntrySelectsARealDeterministicScorableFamily]' started.
Test Case '-[NeuroForgeTests.DefaultContentCatalogTests testEveryCatalogEntrySelectsARealDeterministicScorableFamily]' passed (2.745 seconds).
Test Case '-[NeuroForgeTests.DefaultContentCatalogTests testFutureCatalogScopePreservesCheckpointButRefusesWritableColdContinuation]' started.
Test Case '-[NeuroForgeTests.DefaultContentCatalogTests testFutureCatalogScopePreservesCheckpointButRefusesWritableColdContinuation]' passed (0.266 seconds).
Test Case '-[NeuroForgeTests.DefaultContentCatalogTests testPrelaunchFieldMismatchAndMissingPrerequisitesCannotOfferOrLaunchHigherBand]' started.
Test Case '-[NeuroForgeTests.DefaultContentCatalogTests testPrelaunchFieldMismatchAndMissingPrerequisitesCannotOfferOrLaunchHigherBand]' passed (0.831 seconds).
Test Case '-[NeuroForgeTests.DefaultContentCatalogTests testPuzzleCatalogStaysBoundedToNamedMechanics]' started.
Test Case '-[NeuroForgeTests.DefaultContentCatalogTests testPuzzleCatalogStaysBoundedToNamedMechanics]' passed (0.003 seconds).
Test Case '-[NeuroForgeTests.DefaultContentCatalogTests testReleasedRegistryOffersNoReviewedBandAndPreservesLegacyCatalogLaunch]' started.
Test Case '-[NeuroForgeTests.DefaultContentCatalogTests testReleasedRegistryOffersNoReviewedBandAndPreservesLegacyCatalogLaunch]' passed (0.116 seconds).
Test Case '-[NeuroForgeTests.DefaultContentCatalogTests testReviewedLaunchRechecksQuarantineAfterReadOnlyInventoryPreview]' started.
Test Case '-[NeuroForgeTests.DefaultContentCatalogTests testReviewedLaunchRechecksQuarantineAfterReadOnlyInventoryPreview]' passed (0.194 seconds).
Test Case '-[NeuroForgeTests.DefaultContentCatalogTests testReviewedPrelaunchShortageRequiresExplicitSmallerCountAndRechecksAtAcceptance]' started.
Test Case '-[NeuroForgeTests.DefaultContentCatalogTests testReviewedPrelaunchShortageRequiresExplicitSmallerCountAndRechecksAtAcceptance]' passed (0.137 seconds).
Test Case '-[NeuroForgeTests.DefaultContentCatalogTests testReviewedPreviewReadsAllBandsAndActualDemandsWithoutCreatingPlansOrReservations]' started.
Test Case '-[NeuroForgeTests.DefaultContentCatalogTests testReviewedPreviewReadsAllBandsAndActualDemandsWithoutCreatingPlansOrReservations]' passed (0.220 seconds).
Test Case '-[NeuroForgeTests.DefaultContentCatalogTests testReviewedPreviewUsesCurrentQuarantineAndUntimedElapsedDoNotChangeDemand]' started.
2026-09-05 16:35:21.286385-0400 NeuroForge[53158:5897040] [Connection] Unable to get synchronousRemoteObjectProxy, error: Error Domain=NSCocoaErrorDomain Code=4097 "connection to service named com.apple.linkd.autoShortcut" UserInfo={NSDebugDescription=connection to service named com.apple.linkd.autoShortcut}
2026-09-05 16:35:21.287002-0400 NeuroForge[53158:5897040] [Application] Error registering app with intents framework: Error Domain=NSCocoaErrorDomain Code=4097 "connection to service named com.apple.linkd.autoShortcut" UserInfo={NSDebugDescription=connection to service named com.apple.linkd.autoShortcut}
2026-09-05 16:35:21.287369-0400 NeuroForge[53158:5897057] [Connection] Unable to get synchronousRemoteObjectProxy, error: Error Domain=NSCocoaErrorDomain Code=4097 "connection to service named com.apple.linkd.autoShortcut" UserInfo={NSDebugDescription=connection to service named com.apple.linkd.autoShortcut}
2026-09-05 16:35:21.287391-0400 NeuroForge[53158:5897057] [Connection] Unable to re-register with Process Instance Registry, error: Error Domain=NSCocoaErrorDomain Code=4097 "connection to service named com.apple.linkd.autoShortcut" UserInfo={NSDebugDescription=connection to service named com.apple.linkd.autoShortcut}
2026-09-05 16:35:21.288238-0400 NeuroForge[53158:5897041] [Connection] Unable to get synchronousRemoteObjectProxy, error: Error Domain=NSCocoaErrorDomain Code=4097 "connection to service named com.apple.linkd.autoShortcut" UserInfo={NSDebugDescription=connection to service named com.apple.linkd.autoShortcut}
2026-09-05 16:35:21.288259-0400 NeuroForge[53158:5897041] [Connection] Unable to re-register with Process Instance Registry, error: Error Domain=NSCocoaErrorDomain Code=4097 "connection to service named com.apple.linkd.autoShortcut" UserInfo={NSDebugDescription=connection to service named com.apple.linkd.autoShortcut}
2026-09-05 16:35:21.289045-0400 NeuroForge[53158:5897041] [Connection] Will NOT re-try to establish the connection
2026-09-05 16:35:21.289077-0400 NeuroForge[53158:5897040] [Connection] Unable to get synchronousRemoteObjectProxy, error: Error Domain=NSCocoaErrorDomain Code=4097 "connection to service named com.apple.linkd.autoShortcut" UserInfo={NSDebugDescription=connection to service named com.apple.linkd.autoShortcut}
2026-09-05 16:35:21.289093-0400 NeuroForge[53158:5897040] [Connection] Unable to re-register with Process Instance Registry, error: Error Domain=NSCocoaErrorDomain Code=4097 "connection to service named com.apple.linkd.autoShortcut" UserInfo={NSDebugDescription=connection to service named com.apple.linkd.autoShortcut}
2026-09-05 16:35:21.455556-0400 NeuroForge[53158:5896980] ApplePersistenceIgnoreState: Existing state will not be touched. New state will be written to /var/folders/9s/lwj2ss7d679bl8hv9dx2qf6h0000gn/T/com.zacrotech.NeuroForge.savedState

Restarting after unexpected exit, crash, or test timeout; summary will include totals from previous launches.

Test Suite 'Selected tests' started at 2026-09-05 16:35:22.355.
Test Suite 'NeuroForgeTests.xctest' started at 2026-09-05 16:35:22.355.
Test Suite 'DefaultContentCatalogTests' started at 2026-09-05 16:35:22.355.
Test Case '-[NeuroForgeTests.DefaultContentCatalogTests testSearchSupportsTaxonomyEnglishAndJapanese]' started.
Test Case '-[NeuroForgeTests.DefaultContentCatalogTests testSearchSupportsTaxonomyEnglishAndJapanese]' passed (0.047 seconds).
Test Case '-[NeuroForgeTests.DefaultContentCatalogTests testTypedRetrievalAssetPreviewAndNextRemainInEquationActivity]' started.
Test Case '-[NeuroForgeTests.DefaultContentCatalogTests testTypedRetrievalAssetPreviewAndNextRemainInEquationActivity]' passed (7.858 seconds).
Test Case '-[NeuroForgeTests.DefaultContentCatalogTests testTypedSpatialActivityPreviewAndNextUseValidatedRenamedContract]' started.
Test Case '-[NeuroForgeTests.DefaultContentCatalogTests testTypedSpatialActivityPreviewAndNextUseValidatedRenamedContract]' passed (4.116 seconds).
Test Suite 'DefaultContentCatalogTests' passed at 2026-09-05 16:35:34.383.
	 Executed 3 tests, with 0 failures (0 unexpected) in 12.021 (12.027) seconds
Test Suite 'EditorialLiveControllerPersistenceTests' started at 2026-09-05 16:35:34.384.
Test Case '-[NeuroForgeTests.EditorialLiveControllerPersistenceTests testActualExternalAdmissionsUnlockTimedFluencyAfterTwoSessionsAndSurviveNextAndColdResume]' started.
Test Case '-[NeuroForgeTests.EditorialLiveControllerPersistenceTests testActualExternalAdmissionsUnlockTimedFluencyAfterTwoSessionsAndSurviveNextAndColdResume]' passed (8.019 seconds).
Test Case '-[NeuroForgeTests.EditorialLiveControllerPersistenceTests testActualManualControlsPreserveAutomaticAllowanceAndKeepMeansDeliveredBand]' started.
Test Case '-[NeuroForgeTests.EditorialLiveControllerPersistenceTests testActualManualControlsPreserveAutomaticAllowanceAndKeepMeansDeliveredBand]' passed (0.860 seconds).
Test Case '-[NeuroForgeTests.EditorialLiveControllerPersistenceTests testActualMixedTenBalancesFourFamiliesAndRetainsOneSlotPerAcceptance]' started.
Test Case '-[NeuroForgeTests.EditorialLiveControllerPersistenceTests testActualMixedTenBalancesFourFamiliesAndRetainsOneSlotPerAcceptance]' passed (2.850 seconds).
Test Case '-[NeuroForgeTests.EditorialLiveControllerPersistenceTests testActualReplacementOverrideRetainsOriginalDraftAndPublishesOneNewSlotIdempotently]' started.
Test Case '-[NeuroForgeTests.EditorialLiveControllerPersistenceTests testActualReplacementOverrideRetainsOriginalDraftAndPublishesOneNewSlotIdempotently]' passed (0.208 seconds).
Test Case '-[NeuroForgeTests.EditorialLiveControllerPersistenceTests testActualReviewedLaunchCommitsFourObservationsThenRanksAndPublishesAdjacentDemand]' started.
Test Case '-[NeuroForgeTests.EditorialLiveControllerPersistenceTests testActualReviewedLaunchCommitsFourObservationsThenRanksAndPublishesAdjacentDemand]' passed (0.508 seconds).
Test Case '-[NeuroForgeTests.EditorialLiveControllerPersistenceTests testChangedPendingCommandInvalidatesPreparedNextWithoutChangingItsPredecessor]' started.
Test Case '-[NeuroForgeTests.EditorialLiveControllerPersistenceTests testChangedPendingCommandInvalidatesPreparedNextWithoutChangingItsPredecessor]' passed (0.288 seconds).
Test Case '-[NeuroForgeTests.EditorialLiveControllerPersistenceTests testControllerAndChosenSnapshotSurviveDiskReopenWithoutResettingAllowance]' started.
Test Case '-[NeuroForgeTests.EditorialLiveControllerPersistenceTests testControllerAndChosenSnapshotSurviveDiskReopenWithoutResettingAllowance]' passed (0.686 seconds).
Test Case '-[NeuroForgeTests.EditorialLiveControllerPersistenceTests testControllerReceiptsDoNotDuplicateRawAnswersAndLinkedDeletionRetiresTheirRun]' started.
Test Case '-[NeuroForgeTests.EditorialLiveControllerPersistenceTests testControllerReceiptsDoNotDuplicateRawAnswersAndLinkedDeletionRetiresTheirRun]' passed (0.216 seconds).
Test Case '-[NeuroForgeTests.EditorialLiveControllerPersistenceTests testControllerSeesConflictingPhysicalRowsBeforeUIWinnerProjection]' started.
Test Case '-[NeuroForgeTests.EditorialLiveControllerPersistenceTests testControllerSeesConflictingPhysicalRowsBeforeUIWinnerProjection]' passed (0.537 seconds).
Test Case '-[NeuroForgeTests.EditorialLiveControllerPersistenceTests testCorrectionBetweenPrepareAndAcceptRejectsStaleChoiceThenRebuildsOnlyFutureControl]' started.
Test Case '-[NeuroForgeTests.EditorialLiveControllerPersistenceTests testCorrectionBetweenPrepareAndAcceptRejectsStaleChoiceThenRebuildsOnlyFutureControl]' passed (0.489 seconds).
Test Case '-[NeuroForgeTests.EditorialLiveControllerPersistenceTests testCurrentItemReportExcludesHistoricalCreditAndInvalidatesPreparedPromotion]' started.
Test Case '-[NeuroForgeTests.EditorialLiveControllerPersistenceTests testCurrentItemReportExcludesHistoricalCreditAndInvalidatesPreparedPromotion]' passed (0.500 seconds).
Test Case '-[NeuroForgeTests.EditorialLiveControllerPersistenceTests testEmptyAdmissionAndFutureOverrideCannotWriteOrReinterpretLegacyWork]' started.
Test Case '-[NeuroForgeTests.EditorialLiveControllerPersistenceTests testEmptyAdmissionAndFutureOverrideCannotWriteOrReinterpretLegacyWork]' passed (0.029 seconds).
Test Case '-[NeuroForgeTests.EditorialLiveControllerPersistenceTests testExplicitInitialBandAndSeparateFixedSessionNeverRewriteFrozenWork]' started.
Test Case '-[NeuroForgeTests.EditorialLiveControllerPersistenceTests testExplicitInitialBandAndSeparateFixedSessionNeverRewriteFrozenWork]' passed (0.143 seconds).
Test Case '-[NeuroForgeTests.EditorialLiveControllerPersistenceTests testFailedPreferencePublicationKeepsOriginalThenSameCommandRetriesExactlyOnce]' started.
Test Case '-[NeuroForgeTests.EditorialLiveControllerPersistenceTests testFailedPreferencePublicationKeepsOriginalThenSameCommandRetriesExactlyOnce]' passed (0.160 seconds).
Test Case '-[NeuroForgeTests.EditorialLiveControllerPersistenceTests testFailedPublicationLeavesNoControlOrConsumptionAndExactRetryReturnsAcceptedState]' started.
Test Case '-[NeuroForgeTests.EditorialLiveControllerPersistenceTests testFailedPublicationLeavesNoControlOrConsumptionAndExactRetryReturnsAcceptedState]' passed (0.144 seconds).
Test Case '-[NeuroForgeTests.EditorialLiveControllerPersistenceTests testFluencyActivityGateUsesExactContractWhenLegacyMechanicLabelIsAbsent]' started.
Test Case '-[NeuroForgeTests.EditorialLiveControllerPersistenceTests testFluencyActivityGateUsesExactContractWhenLegacyMechanicLabelIsAbsent]' passed (1.045 seconds).
Test Case '-[NeuroForgeTests.EditorialLiveControllerPersistenceTests testFluencyReadinessRejectsWrongFamilyBandProfileAndMutatedOriginalCommit]' started.
Test Case '-[NeuroForgeTests.EditorialLiveControllerPersistenceTests testFluencyReadinessRejectsWrongFamilyBandProfileAndMutatedOriginalCommit]' passed (0.933 seconds).
Test Case '-[NeuroForgeTests.EditorialLiveControllerPersistenceTests testFluencyReadinessUsesCapturedGregorianDayWithNonGregorianDisplayCalendar]' started.
Test Case '-[NeuroForgeTests.EditorialLiveControllerPersistenceTests testFluencyReadinessUsesCapturedGregorianDayWithNonGregorianDisplayCalendar]' passed (0.920 seconds).
Test Case '-[NeuroForgeTests.EditorialLiveControllerPersistenceTests testFuturePendingOverrideAndForeignOwnerRemainReadOnlyAndRetainOriginalBytes]' started.
Test Case '-[NeuroForgeTests.EditorialLiveControllerPersistenceTests testFuturePendingOverrideAndForeignOwnerRemainReadOnlyAndRetainOriginalBytes]' passed (0.166 seconds).
Test Case '-[NeuroForgeTests.EditorialLiveControllerPersistenceTests testKnownHelpAndConfidenceDoNotBecomeIndependentSuccessOrAutomaticChange]' started.
Test Case '-[NeuroForgeTests.EditorialLiveControllerPersistenceTests testKnownHelpAndConfidenceDoNotBecomeIndependentSuccessOrAutomaticChange]' passed (0.482 seconds).
Test Case '-[NeuroForgeTests.EditorialLiveControllerPersistenceTests testMarkerProtectedCurrentRunCannotExposeOrApplyReviewedDifficultyControls]' started.
Test Case '-[NeuroForgeTests.EditorialLiveControllerPersistenceTests testMarkerProtectedCurrentRunCannotExposeOrApplyReviewedDifficultyControls]' passed (0.128 seconds).
Test Case '-[NeuroForgeTests.EditorialLiveControllerPersistenceTests testMixedColdReplayRetainsDeferredOwnFamilyResponseAndControlLineage]' started.
Test Case '-[NeuroForgeTests.EditorialLiveControllerPersistenceTests testMixedColdReplayRetainsDeferredOwnFamilyResponseAndControlLineage]' passed (1.305 seconds).
Test Case '-[NeuroForgeTests.EditorialLiveControllerPersistenceTests testMixedCorrectionBetweenPrepareAndAcceptRejectsWholeChoiceAndRetainsPriorSlot]' started.
Test Case '-[NeuroForgeTests.EditorialLiveControllerPersistenceTests testMixedCorrectionBetweenPrepareAndAcceptRejectsWholeChoiceAndRetainsPriorSlot]' passed (0.737 seconds).
Test Case '-[NeuroForgeTests.EditorialLiveControllerPersistenceTests testMixedDeferredResponseCannotBeReattachedToAnotherFamilyOnColdLoad]' started.
Test Case '-[NeuroForgeTests.EditorialLiveControllerPersistenceTests testMixedDeferredResponseCannotBeReattachedToAnotherFamilyOnColdLoad]' passed (0.535 seconds).
Test Case '-[NeuroForgeTests.EditorialLiveControllerPersistenceTests testMixedFailurePublishesNeitherFamilyStateNorCursorAndSameLaunchRetries]' started.
Test Case '-[NeuroForgeTests.EditorialLiveControllerPersistenceTests testMixedFailurePublishesNeitherFamilyStateNorCursorAndSameLaunchRetries]' passed (0.322 seconds).
Test Case '-[NeuroForgeTests.EditorialLiveControllerPersistenceTests testMixedFamilySelectionIsUnaffectedByPoolOrderOrOneLargeParameterFamily]' started.
Test Case '-[NeuroForgeTests.EditorialLiveControllerPersistenceTests testMixedFamilySelectionIsUnaffectedByPoolOrderOrOneLargeParameterFamily]' passed (4.359 seconds).
Test Case '-[NeuroForgeTests.EditorialLiveControllerPersistenceTests testMixedManualHarderAppliesNextWithinCurrentFamilyWithoutRaisingOthers]' started.
Test Case '-[NeuroForgeTests.EditorialLiveControllerPersistenceTests testMixedManualHarderAppliesNextWithinCurrentFamilyWithoutRaisingOthers]' passed (0.888 seconds).
Test Case '-[NeuroForgeTests.EditorialLiveControllerPersistenceTests testMixedPortableHistoryCannotImportFamilyControlAuthorityAndDeletionRemovesItsReferences]' started.
Test Case '-[NeuroForgeTests.EditorialLiveControllerPersistenceTests testMixedPortableHistoryCannotImportFamilyControlAuthorityAndDeletionRemovesItsReferences]' passed (1.064 seconds).
Test Case '-[NeuroForgeTests.EditorialLiveControllerPersistenceTests testMixedQuotaRankingUsesActualFamilyShareAndReportsExplicitInfeasibility]' started.
Test Case '-[NeuroForgeTests.EditorialLiveControllerPersistenceTests testMixedQuotaRankingUsesActualFamilyShareAndReportsExplicitInfeasibility]' passed (0.326 seconds).
Test Case '-[NeuroForgeTests.EditorialLiveControllerPersistenceTests testMixedReplaceKeepsFamilyAndRetiredDraftWhileNextResumesVariety]' started.
Test Case '-[NeuroForgeTests.EditorialLiveControllerPersistenceTests testMixedReplaceKeepsFamilyAndRetiredDraftWhileNextResumesVariety]' passed (0.540 seconds).
Test Case '-[NeuroForgeTests.EditorialLiveControllerPersistenceTests testMixedSkipAndRevealAdvanceGlobalSupportWithoutAcademicEvidence]' started.
Test Case '-[NeuroForgeTests.EditorialLiveControllerPersistenceTests testMixedSkipAndRevealAdvanceGlobalSupportWithoutAcademicEvidence]' passed (1.813 seconds).
Test Case '-[NeuroForgeTests.EditorialLiveControllerPersistenceTests testMixedSparseCatalogReportsReducedScopeWithoutInventingFamilies]' started.
Test Case '-[NeuroForgeTests.EditorialLiveControllerPersistenceTests testMixedSparseCatalogReportsReducedScopeWithoutInventingFamilies]' passed (0.487 seconds).
Test Case '-[NeuroForgeTests.EditorialLiveControllerPersistenceTests testOnlyTheMixedFamilyWithFourIndependentSuccessesUsesItsAutomaticAllowance]' started.
Test Case '-[NeuroForgeTests.EditorialLiveControllerPersistenceTests testOnlyTheMixedFamilyWithFourIndependentSuccessesUsesItsAutomaticAllowance]' passed (6.216 seconds).
Test Case '-[NeuroForgeTests.EditorialLiveControllerPersistenceTests testOverrideCommandsAreLocalAuthorityAndLinkedDeletionRemovesAllCommands]' started.
Test Case '-[NeuroForgeTests.EditorialLiveControllerPersistenceTests testOverrideCommandsAreLocalAuthorityAndLinkedDeletionRemovesAllCommands]' passed (0.195 seconds).
Test Case '-[NeuroForgeTests.EditorialLiveControllerPersistenceTests testPendingPreferenceAndSelectedFixedBandSurviveActualCoreAndLocalDiskReopen]' started.
Test Case '-[NeuroForgeTests.EditorialLiveControllerPersistenceTests testPendingPreferenceAndSelectedFixedBandSurviveActualCoreAndLocalDiskReopen]' passed (0.290 seconds).
Test Case '-[NeuroForgeTests.EditorialLiveControllerPersistenceTests testPortableImportKeepsCapturedHistoryButCannotAcquireLocalEditorialAuthority]' started.
Test Case '-[NeuroForgeTests.EditorialLiveControllerPersistenceTests testPortableImportKeepsCapturedHistoryButCannotAcquireLocalEditorialAuthority]' passed (0.141 seconds).
Test Case '-[NeuroForgeTests.EditorialLiveControllerPersistenceTests testPreferenceCommandRequiresActualWriterCapabilityEvenForAnExactExposedCheckpoint]' started.
Test Case '-[NeuroForgeTests.EditorialLiveControllerPersistenceTests testPreferenceCommandRequiresActualWriterCapabilityEvenForAnExactExposedCheckpoint]' passed (0.163 seconds).
Test Case '-[NeuroForgeTests.EditorialLiveControllerPersistenceTests testPreparedReplacementCannotCommitAfterTakeoverEvenWithUnchangedArchiveRevision]' started.
Test Case '-[NeuroForgeTests.EditorialLiveControllerPersistenceTests testPreparedReplacementCannotCommitAfterTakeoverEvenWithUnchangedArchiveRevision]' passed (0.233 seconds).
Test Case '-[NeuroForgeTests.EditorialLiveControllerPersistenceTests testReleasedEmptyRegistryKeepsActualBankLegacyAndCannotTrustSerializedPin]' started.
Test Case '-[NeuroForgeTests.EditorialLiveControllerPersistenceTests testReleasedEmptyRegistryKeepsActualBankLegacyAndCannotTrustSerializedPin]' passed (0.042 seconds).
Test Case '-[NeuroForgeTests.EditorialLiveControllerPersistenceTests testRepositoryReopenCannotReuseLiveAuthorityFromThePriorRepositoryInstance]' started.
Test Case '-[NeuroForgeTests.EditorialLiveControllerPersistenceTests testRepositoryReopenCannotReuseLiveAuthorityFromThePriorRepositoryInstance]' passed (0.166 seconds).
Test Case '-[NeuroForgeTests.EditorialLiveControllerPersistenceTests testReviewedChoiceCannotApplyAfterAnotherWindowTakesOwnership]' started.
Test Case '-[NeuroForgeTests.EditorialLiveControllerPersistenceTests testReviewedChoiceCannotApplyAfterAnotherWindowTakesOwnership]' passed (0.137 seconds).
Test Case '-[NeuroForgeTests.EditorialLiveControllerPersistenceTests testReviewedChoiceRetryRetainsCommandIdentityAndNeverAcceptsBeforeDraftSave]' started.
Test Case '-[NeuroForgeTests.EditorialLiveControllerPersistenceTests testReviewedChoiceRetryRetainsCommandIdentityAndNeverAcceptsBeforeDraftSave]' passed (0.165 seconds).
Test Case '-[NeuroForgeTests.EditorialLiveControllerPersistenceTests testReviewedFeedbackAllowsOnlyNextChoiceAndPauseBlocksAllChoiceCommands]' started.
Test Case '-[NeuroForgeTests.EditorialLiveControllerPersistenceTests testReviewedFeedbackAllowsOnlyNextChoiceAndPauseBlocksAllChoiceCommands]' passed (0.172 seconds).
Test Case '-[NeuroForgeTests.EditorialLiveControllerPersistenceTests testReviewedNextPreferenceRetainsCurrentDraftReceiptTimerAndConsumesOnlyAtNext]' started.
Test Case '-[NeuroForgeTests.EditorialLiveControllerPersistenceTests testReviewedNextPreferenceRetainsCurrentDraftReceiptTimerAndConsumesOnlyAtNext]' passed (0.248 seconds).
Test Case '-[NeuroForgeTests.EditorialLiveControllerPersistenceTests testReviewedReplaceRetainsOriginalAndRejectsDelayedMenuFromPriorSlot]' started.
Test Case '-[NeuroForgeTests.EditorialLiveControllerPersistenceTests testReviewedReplaceRetainsOriginalAndRejectsDelayedMenuFromPriorSlot]' passed (0.201 seconds).
Test Case '-[NeuroForgeTests.EditorialLiveControllerPersistenceTests testReviewedUIHidesControlsForReleasedUnreviewedPractice]' started.
Test Case '-[NeuroForgeTests.EditorialLiveControllerPersistenceTests testReviewedUIHidesControlsForReleasedUnreviewedPractice]' passed (0.023 seconds).
Test Case '-[NeuroForgeTests.EditorialLiveControllerPersistenceTests testSameWriterUUIDCannotReviveACommandFromItsEarlierOwnershipGeneration]' started.
Test Case '-[NeuroForgeTests.EditorialLiveControllerPersistenceTests testSameWriterUUIDCannotReviveACommandFromItsEarlierOwnershipGeneration]' passed (0.162 seconds).
Test Case '-[NeuroForgeTests.EditorialLiveControllerPersistenceTests testSeparateReviewedUIReleasesOnlyOldWriterAndKeepsItsExactFixedDraft]' started.
Test Case '-[NeuroForgeTests.EditorialLiveControllerPersistenceTests testSeparateReviewedUIReleasesOnlyOldWriterAndKeepsItsExactFixedDraft]' passed (0.162 seconds).
Test Case '-[NeuroForgeTests.EditorialLiveControllerPersistenceTests testTakeoverRejectsOldAcceptedPreferenceRetryBeforeAnyCommandMutation]' started.
Test Case '-[NeuroForgeTests.EditorialLiveControllerPersistenceTests testTakeoverRejectsOldAcceptedPreferenceRetryBeforeAnyCommandMutation]' passed (0.196 seconds).
Test Case '-[NeuroForgeTests.EditorialLiveControllerPersistenceTests testTimedLaunchRejectsWrongScopeAndColdManifestDriftWithoutPublishingDraftOrClock]' started.
Test Case '-[NeuroForgeTests.EditorialLiveControllerPersistenceTests testTimedLaunchRejectsWrongScopeAndColdManifestDriftWithoutPublishingDraftOrClock]' passed (1.153 seconds).
Test Case '-[NeuroForgeTests.EditorialLiveControllerPersistenceTests testTimingMatcherRequiresExternalExactAdmissionAndNeverTrustsEmbeddedDemand]' started.
Test Case '-[NeuroForgeTests.EditorialLiveControllerPersistenceTests testTimingMatcherRequiresExternalExactAdmissionAndNeverTrustsEmbeddedDemand]' passed (0.053 seconds).
Test Case '-[NeuroForgeTests.EditorialLiveControllerPersistenceTests testUnavailableAdjacentBandNeverSilentlyJumpsAndFailureRetainsTheCompleteArchive]' started.
Test Case '-[NeuroForgeTests.EditorialLiveControllerPersistenceTests testUnavailableAdjacentBandNeverSilentlyJumpsAndFailureRetainsTheCompleteArchive]' passed (0.123 seconds).
Test Case '-[NeuroForgeTests.EditorialLiveControllerPersistenceTests testUnknownControllerVersionAndChangedManifestCannotReinterpretSavedDecision]' started.
Test Case '-[NeuroForgeTests.EditorialLiveControllerPersistenceTests testUnknownControllerVersionAndChangedManifestCannotReinterpretSavedDecision]' passed (0.139 seconds).
Test Case '-[NeuroForgeTests.EditorialLiveControllerPersistenceTests testUnknownMixedPolicyIsRetainedReadOnlyAndCannotBecomeSingleFamilyAuthority]' started.
Test Case '-[NeuroForgeTests.EditorialLiveControllerPersistenceTests testUnknownMixedPolicyIsRetainedReadOnlyAndCannotBecomeSingleFamilyAuthority]' passed (0.347 seconds).
Test Case '-[NeuroForgeTests.EditorialLiveControllerPersistenceTests testUnpresentedNextSlotRefusesPreferenceUntilActualVisibleAcknowledgement]' started.
Test Case '-[NeuroForgeTests.EditorialLiveControllerPersistenceTests testUnpresentedNextSlotRefusesPreferenceUntilActualVisibleAcknowledgement]' passed (0.252 seconds).
Test Case '-[NeuroForgeTests.EditorialLiveControllerPersistenceTests testUnscoredPresentationsAdvanceSupportWindowWithoutCreatingAcademicObservations]' started.
Test Case '-[NeuroForgeTests.EditorialLiveControllerPersistenceTests testUnscoredPresentationsAdvanceSupportWindowWithoutCreatingAcademicObservations]' passed (0.697 seconds).
Test Case '-[NeuroForgeTests.EditorialLiveControllerPersistenceTests testVisibleReviewedChoiceWaitsForPresentationAndQueuesWithoutChangingTheQuestion]' started.
Test Case '-[NeuroForgeTests.EditorialLiveControllerPersistenceTests testVisibleReviewedChoiceWaitsForPresentationAndQueuesWithoutChangingTheQuestion]' passed (0.253 seconds).
Test Suite 'EditorialLiveControllerPersistenceTests' passed at 2026-09-05 16:36:18.012.
	 Executed 57 tests, with 0 failures (0 unexpected) in 43.613 (43.628) seconds
Test Suite 'FocusedQuizRotationIntegrationTests' started at 2026-09-05 16:36:18.012.
Test Case '-[NeuroForgeTests.FocusedQuizRotationIntegrationTests testAbandoningMixedQuizReservesDisjointQuestionsForRelaunch]' started.
Test Case '-[NeuroForgeTests.FocusedQuizRotationIntegrationTests testAbandoningMixedQuizReservesDisjointQuestionsForRelaunch]' passed (0.056 seconds).
Test Case '-[NeuroForgeTests.FocusedQuizRotationIntegrationTests testAbandoningSelectedActivityChangesLaunchSeed]' started.
Test Case '-[NeuroForgeTests.FocusedQuizRotationIntegrationTests testAbandoningSelectedActivityChangesLaunchSeed]' passed (0.017 seconds).
Test Case '-[NeuroForgeTests.FocusedQuizRotationIntegrationTests testAcceptedCountAlternativeUsesCanonicalFiveQuestionPlanAndRetainsLaunchContract]' started.
Test Case '-[NeuroForgeTests.FocusedQuizRotationIntegrationTests testAcceptedCountAlternativeUsesCanonicalFiveQuestionPlanAndRetainsLaunchContract]' passed (0.025 seconds).
Test Case '-[NeuroForgeTests.FocusedQuizRotationIntegrationTests testAdaptiveAcceptanceAuthenticatesContractAndRejectsExtraConsumedPositions]' started.
Test Case '-[NeuroForgeTests.FocusedQuizRotationIntegrationTests testAdaptiveAcceptanceAuthenticatesContractAndRejectsExtraConsumedPositions]' passed (0.012 seconds).
Test Case '-[NeuroForgeTests.FocusedQuizRotationIntegrationTests testAdaptiveDurationChoiceDoesNotConsumeUntilExactCountAlternativeIsAccepted]' started.
Test Case '-[NeuroForgeTests.FocusedQuizRotationIntegrationTests testAdaptiveDurationChoiceDoesNotConsumeUntilExactCountAlternativeIsAccepted]' passed (0.017 seconds).
Test Case '-[NeuroForgeTests.FocusedQuizRotationIntegrationTests testAdaptiveExclusionLeavesHoleAndAbandonmentDoesNotReturnAcceptedPosition]' started.
Test Case '-[NeuroForgeTests.FocusedQuizRotationIntegrationTests testAdaptiveExclusionLeavesHoleAndAbandonmentDoesNotReturnAcceptedPosition]' passed (0.018 seconds).
Test Case '-[NeuroForgeTests.FocusedQuizRotationIntegrationTests testAdaptiveFailedPublicationAndChangedEligibilityRetainUnconsumedPredecessor]' started.
Test Case '-[NeuroForgeTests.FocusedQuizRotationIntegrationTests testAdaptiveFailedPublicationAndChangedEligibilityRetainUnconsumedPredecessor]' passed (0.010 seconds).
Test Case '-[NeuroForgeTests.FocusedQuizRotationIntegrationTests testAdaptiveNextAndReplacementRefuseExhaustedRevisionUnderValidWriterWithoutConsumption]' started.
Test Case '-[NeuroForgeTests.FocusedQuizRotationIntegrationTests testAdaptiveNextAndReplacementRefuseExhaustedRevisionUnderValidWriterWithoutConsumption]' passed (0.065 seconds).
Test Case '-[NeuroForgeTests.FocusedQuizRotationIntegrationTests testAdaptivePortableRecoveryCannotMintAuthorityAndDeletionRetainsConsumption]' started.
Test Case '-[NeuroForgeTests.FocusedQuizRotationIntegrationTests testAdaptivePortableRecoveryCannotMintAuthorityAndDeletionRetainsConsumption]' passed (0.012 seconds).
Test Case '-[NeuroForgeTests.FocusedQuizRotationIntegrationTests testAdaptiveRepeatedReplaceThenNextKeepsQuestionCountAndColdExactPath]' started.
Test Case '-[NeuroForgeTests.FocusedQuizRotationIntegrationTests testAdaptiveRepeatedReplaceThenNextKeepsQuestionCountAndColdExactPath]' passed (0.093 seconds).
Test Case '-[NeuroForgeTests.FocusedQuizRotationIntegrationTests testAdaptiveReplaceBusyPublicationAndEligibilityChangePreserveOriginalAndSameRetry]' started.
Test Case '-[NeuroForgeTests.FocusedQuizRotationIntegrationTests testAdaptiveReplaceBusyPublicationAndEligibilityChangePreserveOriginalAndSameRetry]' passed (0.022 seconds).
Test Case '-[NeuroForgeTests.FocusedQuizRotationIntegrationTests testAdaptiveReplaceFiniteTailShortageRetainsDraftAndDoesNotRerollEpoch]' started.
Test Case '-[NeuroForgeTests.FocusedQuizRotationIntegrationTests testAdaptiveReplaceFiniteTailShortageRetainsDraftAndDoesNotRerollEpoch]' passed (0.074 seconds).
Test Case '-[NeuroForgeTests.FocusedQuizRotationIntegrationTests testAdaptiveReplaceRetainsUnsubmittedDraftAssistanceAndKnownTimeWithoutScoring]' started.
Test Case '-[NeuroForgeTests.FocusedQuizRotationIntegrationTests testAdaptiveReplaceRetainsUnsubmittedDraftAssistanceAndKnownTimeWithoutScoring]' passed (0.054 seconds).
Test Case '-[NeuroForgeTests.FocusedQuizRotationIntegrationTests testAdaptiveReplaceRetryIsIdempotentAndCannotRewriteRetiredOrCurrentDraft]' started.
Test Case '-[NeuroForgeTests.FocusedQuizRotationIntegrationTests testAdaptiveReplaceRetryIsIdempotentAndCannotRewriteRetiredOrCurrentDraft]' passed (0.020 seconds).
Test Case '-[NeuroForgeTests.FocusedQuizRotationIntegrationTests testAdaptiveRetiredDraftPortableRecoveryAndDeletionTraverseWholePath]' started.
Test Case '-[NeuroForgeTests.FocusedQuizRotationIntegrationTests testAdaptiveRetiredDraftPortableRecoveryAndDeletionTraverseWholePath]' passed (0.023 seconds).
Test Case '-[NeuroForgeTests.FocusedQuizRotationIntegrationTests testAdaptiveRuntimeNextRetainsPriorSlotAndColdResumesExactNextQuestion]' started.
Test Case '-[NeuroForgeTests.FocusedQuizRotationIntegrationTests testAdaptiveRuntimeNextRetainsPriorSlotAndColdResumesExactNextQuestion]' passed (0.053 seconds).
Test Case '-[NeuroForgeTests.FocusedQuizRotationIntegrationTests testAdaptiveSchemaOneReceiptCanReplaceWhileFutureOperationRemainsRecoveryOnly]' started.
Test Case '-[NeuroForgeTests.FocusedQuizRotationIntegrationTests testAdaptiveSchemaOneReceiptCanReplaceWhileFutureOperationRemainsRecoveryOnly]' passed (0.032 seconds).
Test Case '-[NeuroForgeTests.FocusedQuizRotationIntegrationTests testAdaptiveSkipAndSolutionRevealRecordDistinctOutcomesBeforeNextAcceptance]' started.
Test Case '-[NeuroForgeTests.FocusedQuizRotationIntegrationTests testAdaptiveSkipAndSolutionRevealRecordDistinctOutcomesBeforeNextAcceptance]' passed (0.090 seconds).
Test Case '-[NeuroForgeTests.FocusedQuizRotationIntegrationTests testAdaptiveSpeculationCASAndRepreparationPreserveExactBankPermutation]' started.
Test Case '-[NeuroForgeTests.FocusedQuizRotationIntegrationTests testAdaptiveSpeculationCASAndRepreparationPreserveExactBankPermutation]' passed (0.016 seconds).
Test Case '-[NeuroForgeTests.FocusedQuizRotationIntegrationTests testArchiveRefreshRejectsDuplicateRunsAndBoundsFilesThatGrowAfterInitialization]' started.
Test Case '-[NeuroForgeTests.FocusedQuizRotationIntegrationTests testArchiveRefreshRejectsDuplicateRunsAndBoundsFilesThatGrowAfterInitialization]' passed (0.017 seconds).
Test Case '-[NeuroForgeTests.FocusedQuizRotationIntegrationTests testCancellingMinuteOnlyChoiceDoesNotConsumeMixedOrActivityRotation]' started.
Test Case '-[NeuroForgeTests.FocusedQuizRotationIntegrationTests testCancellingMinuteOnlyChoiceDoesNotConsumeMixedOrActivityRotation]' passed (0.027 seconds).
Test Case '-[NeuroForgeTests.FocusedQuizRotationIntegrationTests testCompetingFileLockFailsBeforePublicationAndSameCommandRetriesAfterRelease]' started.
Test Case '-[NeuroForgeTests.FocusedQuizRotationIntegrationTests testCompetingFileLockFailsBeforePublicationAndSameCommandRetriesAfterRelease]' passed (0.021 seconds).
Test Case '-[NeuroForgeTests.FocusedQuizRotationIntegrationTests testCountAlternativeBootstrapFailureKeepsOriginalChoiceAndRetriesOnce]' started.
Test Case '-[NeuroForgeTests.FocusedQuizRotationIntegrationTests testCountAlternativeBootstrapFailureKeepsOriginalChoiceAndRetriesOnce]' passed (0.021 seconds).
Test Case '-[NeuroForgeTests.FocusedQuizRotationIntegrationTests testDefaultMixedLaunchAcceptsOnlyOnePositionAndReplaysWithoutNewExposure]' started.
Test Case '-[NeuroForgeTests.FocusedQuizRotationIntegrationTests testDefaultMixedLaunchAcceptsOnlyOnePositionAndReplaysWithoutNewExposure]' passed (0.015 seconds).
Test Case '-[NeuroForgeTests.FocusedQuizRotationIntegrationTests testExcludedFirstFixedDescriptorLeavesUnconsumedHoleAndReinstatementKeepsItsIdentity]' started.
Test Case '-[NeuroForgeTests.FocusedQuizRotationIntegrationTests testExcludedFirstFixedDescriptorLeavesUnconsumedHoleAndReinstatementKeepsItsIdentity]' passed (0.025 seconds).
Test Case '-[NeuroForgeTests.FocusedQuizRotationIntegrationTests testExcludedLaterFixedPlanSlotDoesNotSubstituteAnotherSeedOrReplaceFeedback]' started.
Test Case '-[NeuroForgeTests.FocusedQuizRotationIntegrationTests testExcludedLaterFixedPlanSlotDoesNotSubstituteAnotherSeedOrReplaceFeedback]' passed (0.072 seconds).
Test Case '-[NeuroForgeTests.FocusedQuizRotationIntegrationTests testFailedAtomicPublicationConsumesNothingAndSameProposalCanRetry]' started.
Test Case '-[NeuroForgeTests.FocusedQuizRotationIntegrationTests testFailedAtomicPublicationConsumesNothingAndSameProposalCanRetry]' passed (0.013 seconds).
Test Case '-[NeuroForgeTests.FocusedQuizRotationIntegrationTests testFiveQuestionAlternativeReportsFiniteFamilyExhaustionWithoutFakeCompletion]' started.
Test Case '-[NeuroForgeTests.FocusedQuizRotationIntegrationTests testFiveQuestionAlternativeReportsFiniteFamilyExhaustionWithoutFakeCompletion]' passed (0.057 seconds).
Test Case '-[NeuroForgeTests.FocusedQuizRotationIntegrationTests testFixedBlockShortageAtAnIneligibleEpochTailPublishesNoPartialLaunch]' started.
Test Case '-[NeuroForgeTests.FocusedQuizRotationIntegrationTests testFixedBlockShortageAtAnIneligibleEpochTailPublishesNoPartialLaunch]' passed (0.062 seconds).
Test Case '-[NeuroForgeTests.FocusedQuizRotationIntegrationTests testFixedLaunchAtomicallyPublishesExactRunAndLeavesLegacyStoreReadOnly]' started.
Test Case '-[NeuroForgeTests.FocusedQuizRotationIntegrationTests testFixedLaunchAtomicallyPublishesExactRunAndLeavesLegacyStoreReadOnly]' passed (0.018 seconds).
Test Case '-[NeuroForgeTests.FocusedQuizRotationIntegrationTests testFixedLaunchCommandReplayKeepsOriginalRunAndRejectsChangedConfiguration]' started.
Test Case '-[NeuroForgeTests.FocusedQuizRotationIntegrationTests testFixedLaunchCommandReplayKeepsOriginalRunAndRejectsChangedConfiguration]' passed (0.019 seconds).
Test Case '-[NeuroForgeTests.FocusedQuizRotationIntegrationTests testFutureOrdinaryDeliveryPinRemainsRetainedAndUnavailableAfterColdLoad]' started.
Test Case '-[NeuroForgeTests.FocusedQuizRotationIntegrationTests testFutureOrdinaryDeliveryPinRemainsRetainedAndUnavailableAfterColdLoad]' passed (0.009 seconds).
Test Case '-[NeuroForgeTests.FocusedQuizRotationIntegrationTests testLaunchAuthorityIsNotPortableAndDeletionTombstonePreventsResurrection]' started.
Test Case '-[NeuroForgeTests.FocusedQuizRotationIntegrationTests testLaunchAuthorityIsNotPortableAndDeletionTombstonePreventsResurrection]' passed (0.012 seconds).
Test Case '-[NeuroForgeTests.FocusedQuizRotationIntegrationTests testLegacyMigrationPreservesEpochBoundaryAndNeverConsultsLegacyAfterBootstrap]' started.
Test Case '-[NeuroForgeTests.FocusedQuizRotationIntegrationTests testLegacyMigrationPreservesEpochBoundaryAndNeverConsultsLegacyAfterBootstrap]' passed (0.103 seconds).
Test Case '-[NeuroForgeTests.FocusedQuizRotationIntegrationTests testLegacySourceChangedDuringPreparationRejectsAtomicBootstrap]' started.
Test Case '-[NeuroForgeTests.FocusedQuizRotationIntegrationTests testLegacySourceChangedDuringPreparationRejectsAtomicBootstrap]' passed (0.017 seconds).
Test Case '-[NeuroForgeTests.FocusedQuizRotationIntegrationTests testLoadRejectsBrokenLaunchReceiptReferenceWithoutOverwritingRecoveryFile]' started.
Test Case '-[NeuroForgeTests.FocusedQuizRotationIntegrationTests testLoadRejectsBrokenLaunchReceiptReferenceWithoutOverwritingRecoveryFile]' passed (0.019 seconds).
Test Case '-[NeuroForgeTests.FocusedQuizRotationIntegrationTests testMixedTenAndTwentyQuestionRunsGenerateUniqueQuestionFingerprints]' started.
Test Case '-[NeuroForgeTests.FocusedQuizRotationIntegrationTests testMixedTenAndTwentyQuestionRunsGenerateUniqueQuestionFingerprints]' passed (10.988 seconds).
Test Case '-[NeuroForgeTests.FocusedQuizRotationIntegrationTests testOneHundredTenQuestionLaunchesCoverFullLabBankBeforeAnyRepeat]' started.
Test Case '-[NeuroForgeTests.FocusedQuizRotationIntegrationTests testOneHundredTenQuestionLaunchesCoverFullLabBankBeforeAnyRepeat]' passed (17.787 seconds).
Test Case '-[NeuroForgeTests.FocusedQuizRotationIntegrationTests testSameDeviceRestoredRunWithoutLaunchReceiptCannotBeAcceptedAsDuplicate]' started.
Test Case '-[NeuroForgeTests.FocusedQuizRotationIntegrationTests testSameDeviceRestoredRunWithoutLaunchReceiptCannotBeAcceptedAsDuplicate]' passed (0.034 seconds).
Test Case '-[NeuroForgeTests.FocusedQuizRotationIntegrationTests testSelectedActivitiesStayInTheirFamilyAndStopBeforeRepeatingWhenFinitePoolExhausts]' started.
Test Case '-[NeuroForgeTests.FocusedQuizRotationIntegrationTests testSelectedActivitiesStayInTheirFamilyAndStopBeforeRepeatingWhenFinitePoolExhausts]' passed (5.840 seconds).
Test Case '-[NeuroForgeTests.FocusedQuizRotationIntegrationTests testSparseFixedBlockPersistsExactEligibilityAndReplaysBothProvisionalAndCanonicalRequests]' started.
Test Case '-[NeuroForgeTests.FocusedQuizRotationIntegrationTests testSparseFixedBlockPersistsExactEligibilityAndReplaysBothProvisionalAndCanonicalRequests]' passed (0.027 seconds).
Test Case '-[NeuroForgeTests.FocusedQuizRotationIntegrationTests testStaleIndependentRepositoryCannotPublishDuplicateFixedPositions]' started.
Test Case '-[NeuroForgeTests.FocusedQuizRotationIntegrationTests testStaleIndependentRepositoryCannotPublishDuplicateFixedPositions]' passed (0.023 seconds).
Test Suite 'FocusedQuizRotationIntegrationTests' passed at 2026-09-05 16:36:53.967.
	 Executed 42 tests, with 0 failures (0 unexpected) in 35.935 (35.955) seconds
Test Suite 'GeneratedLifecycleParityTests' started at 2026-09-05 16:36:53.968.
Test Case '-[NeuroForgeTests.GeneratedLifecycleParityTests testColdGeneratedMaximumRevisionDoesNotWrapOrEraseSavedPayload]' started.
Test Case '-[NeuroForgeTests.GeneratedLifecycleParityTests testColdGeneratedMaximumRevisionDoesNotWrapOrEraseSavedPayload]' passed (0.021 seconds).
Test Case '-[NeuroForgeTests.GeneratedLifecycleParityTests testCompletedInventoryKeepsEveryAttemptAndOriginalCompletionScope]' started.
Test Case '-[NeuroForgeTests.GeneratedLifecycleParityTests testCompletedInventoryKeepsEveryAttemptAndOriginalCompletionScope]' passed (0.056 seconds).
Test Case '-[NeuroForgeTests.GeneratedLifecycleParityTests testEarlyEndFailurePreservesEditorUntilDurableTerminalAcknowledgement]' started.
Test Case '-[NeuroForgeTests.GeneratedLifecycleParityTests testEarlyEndFailurePreservesEditorUntilDurableTerminalAcknowledgement]' passed (0.045 seconds).
Test Case '-[NeuroForgeTests.GeneratedLifecycleParityTests testExactLegacyPendingCommitKeepsOriginalRunAndAttemptProtocol]' started.
Test Case '-[NeuroForgeTests.GeneratedLifecycleParityTests testExactLegacyPendingCommitKeepsOriginalRunAndAttemptProtocol]' passed (0.019 seconds).
Test Case '-[NeuroForgeTests.GeneratedLifecycleParityTests testExpiredTemporaryInventoryStillPinsSuspendedRunUntilExplicitEnd]' started.
Test Case '-[NeuroForgeTests.GeneratedLifecycleParityTests testExpiredTemporaryInventoryStillPinsSuspendedRunUntilExplicitEnd]' passed (0.063 seconds).
Test Case '-[NeuroForgeTests.GeneratedLifecycleParityTests testGeneratedCheckpointRetainsCapturedGenerationAcrossRealPrewriteFailureHook]' started.
Test Case '-[NeuroForgeTests.GeneratedLifecycleParityTests testGeneratedCheckpointRetainsCapturedGenerationAcrossRealPrewriteFailureHook]' passed (0.010 seconds).
Test Case '-[NeuroForgeTests.GeneratedLifecycleParityTests testGeneratedReceiptThenWriterLossKeepsPreparedDraftAndColdReconcilesExactlyOnce]' started.
Test Case '-[NeuroForgeTests.GeneratedLifecycleParityTests testGeneratedReceiptThenWriterLossKeepsPreparedDraftAndColdReconcilesExactlyOnce]' passed (0.020 seconds).
Test Case '-[NeuroForgeTests.GeneratedLifecycleParityTests testHintFailureRevealsNoStageAndCapturedSkipCannotSkipTheFollowingItem]' started.
Test Case '-[NeuroForgeTests.GeneratedLifecycleParityTests testHintFailureRevealsNoStageAndCapturedSkipCannotSkipTheFollowingItem]' passed (0.025 seconds).
Test Case '-[NeuroForgeTests.GeneratedLifecycleParityTests testInitialFailedAcknowledgementCannotEditSubmitHintOrStartAnswerClock]' started.
Test Case '-[NeuroForgeTests.GeneratedLifecycleParityTests testInitialFailedAcknowledgementCannotEditSubmitHintOrStartAnswerClock]' passed (0.012 seconds).
Test Case '-[NeuroForgeTests.GeneratedLifecycleParityTests testInitialReferenceAndSelfRatingAreLockedWhilePausedAndCountAsActivity]' started.
Test Case '-[NeuroForgeTests.GeneratedLifecycleParityTests testInitialReferenceAndSelfRatingAreLockedWhilePausedAndCountAsActivity]' passed (0.021 seconds).
Test Case '-[NeuroForgeTests.GeneratedLifecycleParityTests testLegacyGeneratedCommandRejectsABAAndExactPayloadConflictWithoutInventingSlots]' started.
Test Case '-[NeuroForgeTests.GeneratedLifecycleParityTests testLegacyGeneratedCommandRejectsABAAndExactPayloadConflictWithoutInventingSlots]' passed (0.008 seconds).
Test Case '-[NeuroForgeTests.GeneratedLifecycleParityTests testNoDraftStartDoesNotInferRunFromSetHistoryAndRetainedTerminalCannotReopen]' started.
Test Case '-[NeuroForgeTests.GeneratedLifecycleParityTests testNoDraftStartDoesNotInferRunFromSetHistoryAndRetainedTerminalCannotReopen]' passed (0.019 seconds).
Test Case '-[NeuroForgeTests.GeneratedLifecycleParityTests testPreparedResponseCannotBeRewrittenByAValidLookingSameSlotCheckpoint]' started.
Test Case '-[NeuroForgeTests.GeneratedLifecycleParityTests testPreparedResponseCannotBeRewrittenByAValidLookingSameSlotCheckpoint]' passed (0.016 seconds).
Test Case '-[NeuroForgeTests.GeneratedLifecycleParityTests testRawModernDraftCASRefusesExhaustedRevisionWithoutArithmeticOverflow]' started.
Test Case '-[NeuroForgeTests.GeneratedLifecycleParityTests testRawModernDraftCASRefusesExhaustedRevisionWithoutArithmeticOverflow]' passed (0.010 seconds).
Test Case '-[NeuroForgeTests.GeneratedLifecycleParityTests testRealUnwritableFileRetainsInitialIdentityAndCannotPublishOrAdvance]' started.
Test Case '-[NeuroForgeTests.GeneratedLifecycleParityTests testRealUnwritableFileRetainsInitialIdentityAndCannotPublishOrAdvance]' passed (0.031 seconds).
Test Case '-[NeuroForgeTests.GeneratedLifecycleParityTests testSkipFailedNextRetainsOneUnscoredReceiptAndExactDraftThenColdAdvances]' started.
Test Case '-[NeuroForgeTests.GeneratedLifecycleParityTests testSkipFailedNextRetainsOneUnscoredReceiptAndExactDraftThenColdAdvances]' passed (0.038 seconds).
Test Case '-[NeuroForgeTests.GeneratedLifecycleParityTests testTerminalCollectionFailedFileWritePreservesAllOriginalPayloadsForRetry]' started.
Test Case '-[NeuroForgeTests.GeneratedLifecycleParityTests testTerminalCollectionFailedFileWritePreservesAllOriginalPayloadsForRetry]' passed (0.030 seconds).
Test Case '-[NeuroForgeTests.GeneratedLifecycleParityTests testTerminalCollectionSkipsActiveOwnedAndAmbiguousLegacyPayloads]' started.
Test Case '-[NeuroForgeTests.GeneratedLifecycleParityTests testTerminalCollectionSkipsActiveOwnedAndAmbiguousLegacyPayloads]' passed (0.022 seconds).
Test Case '-[NeuroForgeTests.GeneratedLifecycleParityTests testTerminalInventoryCASRejectsTamperedCountsQuestionAndSourceClosure]' started.
Test Case '-[NeuroForgeTests.GeneratedLifecycleParityTests testTerminalInventoryCASRejectsTamperedCountsQuestionAndSourceClosure]' passed (0.037 seconds).
Test Case '-[NeuroForgeTests.GeneratedLifecycleParityTests testTerminalInventoryFailedWriteRetainsFullRunUntilAtomicRetry]' started.
Test Case '-[NeuroForgeTests.GeneratedLifecycleParityTests testTerminalInventoryFailedWriteRetainsFullRunUntilAtomicRetry]' passed (0.030 seconds).
Test Case '-[NeuroForgeTests.GeneratedLifecycleParityTests testTerminalInventoryReleasesFutureQuestionsAndRetainsExactUnfinishedSlotOnColdOpen]' started.
Test Case '-[NeuroForgeTests.GeneratedLifecycleParityTests testTerminalInventoryReleasesFutureQuestionsAndRetainsExactUnfinishedSlotOnColdOpen]' passed (0.056 seconds).
Test Case '-[NeuroForgeTests.GeneratedLifecycleParityTests testTerminalSourceClosureDropsOnlyUnusedChunksAndPreservesReusableCollection]' started.
Test Case '-[NeuroForgeTests.GeneratedLifecycleParityTests testTerminalSourceClosureDropsOnlyUnusedChunksAndPreservesReusableCollection]' passed (0.031 seconds).
Test Case '-[NeuroForgeTests.GeneratedLifecycleParityTests testTerminalSourceClosureRetainsLowercaseDocumentAndUnresolvedLegacyReferences]' started.
Test Case '-[NeuroForgeTests.GeneratedLifecycleParityTests testTerminalSourceClosureRetainsLowercaseDocumentAndUnresolvedLegacyReferences]' passed (0.049 seconds).
Test Case '-[NeuroForgeTests.GeneratedLifecycleParityTests testTwoRunsOfOneSetHaveSeparateAttemptSessionsAndStableNextSlots]' started.
Test Case '-[NeuroForgeTests.GeneratedLifecycleParityTests testTwoRunsOfOneSetHaveSeparateAttemptSessionsAndStableNextSlots]' passed (0.043 seconds).
Test Case '-[NeuroForgeTests.GeneratedLifecycleParityTests testWorkedSolutionWaitsForReceiptAndFeedbackFailureReplaysWithoutGrading]' started.
Test Case '-[NeuroForgeTests.GeneratedLifecycleParityTests testWorkedSolutionWaitsForReceiptAndFeedbackFailureReplaysWithoutGrading]' passed (0.025 seconds).
Test Suite 'GeneratedLifecycleParityTests' passed at 2026-09-05 16:36:54.710.
	 Executed 25 tests, with 0 failures (0 unexpected) in 0.735 (0.742) seconds
Test Suite 'LocalizationCatalogTests' started at 2026-09-05 16:36:54.710.
Test Case '-[NeuroForgeTests.LocalizationCatalogTests testAppIntentMetadataDoesNotNameApple]' started.
Test Case '-[NeuroForgeTests.LocalizationCatalogTests testAppIntentMetadataDoesNotNameApple]' passed (0.003 seconds).
Test Case '-[NeuroForgeTests.LocalizationCatalogTests testCentralizedCountAndDurationCopyHandlesSingularPluralRangesAndLocales]' started.
Test Case '-[NeuroForgeTests.LocalizationCatalogTests testCentralizedCountAndDurationCopyHandlesSingularPluralRangesAndLocales]' passed (0.003 seconds).
Test Case '-[NeuroForgeTests.LocalizationCatalogTests testCompositeResponseLabelsLocalizeWithoutChangingCanonicalKeys]' started.
Test Case '-[NeuroForgeTests.LocalizationCatalogTests testCompositeResponseLabelsLocalizeWithoutChangingCanonicalKeys]' passed (0.001 seconds).
Test Case '-[NeuroForgeTests.LocalizationCatalogTests testCurrentComputedQuestionWriterAndSettingsKeysAreManuallyInventoriedAndCataloged]' started.
Test Case '-[NeuroForgeTests.LocalizationCatalogTests testCurrentComputedQuestionWriterAndSettingsKeysAreManuallyInventoriedAndCataloged]' passed (0.162 seconds).
Test Case '-[NeuroForgeTests.LocalizationCatalogTests testDeterministicExercisesHonorRequestedJapaneseLocaleAcrossEveryLab]' started.
Test Case '-[NeuroForgeTests.LocalizationCatalogTests testDeterministicExercisesHonorRequestedJapaneseLocaleAcrossEveryLab]' passed (0.021 seconds).
Test Case '-[NeuroForgeTests.LocalizationCatalogTests testDynamicTitlesHonorExplicitAppLocale]' started.
Test Case '-[NeuroForgeTests.LocalizationCatalogTests testDynamicTitlesHonorExplicitAppLocale]' passed (0.001 seconds).
Test Case '-[NeuroForgeTests.LocalizationCatalogTests testEveryExtractedProductionKeyIsCataloged]' started.
Test Case '-[NeuroForgeTests.LocalizationCatalogTests testEveryExtractedProductionKeyIsCataloged]' passed (0.615 seconds).
Test Case '-[NeuroForgeTests.LocalizationCatalogTests testEveryTranslatableCatalogEntryHasJapaneseAndMatchingPlaceholders]' started.
Test Case '-[NeuroForgeTests.LocalizationCatalogTests testEveryTranslatableCatalogEntryHasJapaneseAndMatchingPlaceholders]' passed (0.225 seconds).
Test Case '-[NeuroForgeTests.LocalizationCatalogTests testJapaneseLocalizationDoesNotChangeDeterministicAuthorityTopology]' started.
Test Case '-[NeuroForgeTests.LocalizationCatalogTests testJapaneseLocalizationDoesNotChangeDeterministicAuthorityTopology]' passed (0.037 seconds).
Test Case '-[NeuroForgeTests.LocalizationCatalogTests testJapaneseMentalMathDomainPacksLocalizeVisibleCopyAndPreserveStableIDs]' started.
Test Case '-[NeuroForgeTests.LocalizationCatalogTests testJapaneseMentalMathDomainPacksLocalizeVisibleCopyAndPreserveStableIDs]' passed (0.022 seconds).
Test Case '-[NeuroForgeTests.LocalizationCatalogTests testLocaleAwareDateFormattingDiffersAcrossSupportedLanguages]' started.
Test Case '-[NeuroForgeTests.LocalizationCatalogTests testLocaleAwareDateFormattingDiffersAcrossSupportedLanguages]' passed (0.003 seconds).
Test Case '-[NeuroForgeTests.LocalizationCatalogTests testNewFirstRunAndQuestionWriterJourneysHaveRealJapaneseCopy]' started.
Test Case '-[NeuroForgeTests.LocalizationCatalogTests testNewFirstRunAndQuestionWriterJourneysHaveRealJapaneseCopy]' passed (0.022 seconds).
Test Case '-[NeuroForgeTests.LocalizationCatalogTests testPersistedDailyPlanPresentationReprojectsForSelectedLocaleWithoutChangingAuthority]' started.
Test Case '-[NeuroForgeTests.LocalizationCatalogTests testPersistedDailyPlanPresentationReprojectsForSelectedLocaleWithoutChangingAuthority]' passed (0.002 seconds).
Test Case '-[NeuroForgeTests.LocalizationCatalogTests testProductionAvoidsProcessLocaleDateConvenienceFormatting]' started.
Test Case '-[NeuroForgeTests.LocalizationCatalogTests testProductionAvoidsProcessLocaleDateConvenienceFormatting]' passed (0.033 seconds).
Test Case '-[NeuroForgeTests.LocalizationCatalogTests testRemovedNativeAndObsoleteConsentCopyIsAbsentFromShippingCatalog]' started.
Test Case '-[NeuroForgeTests.LocalizationCatalogTests testRemovedNativeAndObsoleteConsentCopyIsAbsentFromShippingCatalog]' passed (0.065 seconds).
Test Case '-[NeuroForgeTests.LocalizationCatalogTests testRuntimeComputedLocalizationAlwaysUsesTheExplicitAppBundleResolver]' started.
Test Case '-[NeuroForgeTests.LocalizationCatalogTests testRuntimeComputedLocalizationAlwaysUsesTheExplicitAppBundleResolver]' passed (0.030 seconds).
Test Case '-[NeuroForgeTests.LocalizationCatalogTests testShortcutPhraseMetadataIsCataloged]' started.
Test Case '-[NeuroForgeTests.LocalizationCatalogTests testShortcutPhraseMetadataIsCataloged]' passed (0.001 seconds).
Test Suite 'LocalizationCatalogTests' passed at 2026-09-05 16:36:55.959.
	 Executed 17 tests, with 0 failures (0 unexpected) in 1.245 (1.249) seconds
Test Suite 'LocalizationResidualTests' started at 2026-09-05 16:36:55.959.
Test Case '-[NeuroForgeTests.LocalizationResidualTests testReportHistorySearchIncludesLocaleFormattedCreatedDate]' started.
Test Case '-[NeuroForgeTests.LocalizationResidualTests testReportHistorySearchIncludesLocaleFormattedCreatedDate]' passed (0.006 seconds).
Test Case '-[NeuroForgeTests.LocalizationResidualTests testReportStatusesLocalizeInBothSupportedLanguages]' started.
Test Case '-[NeuroForgeTests.LocalizationResidualTests testReportStatusesLocalizeInBothSupportedLanguages]' passed (0.001 seconds).
Test Case '-[NeuroForgeTests.LocalizationResidualTests testUnknownScoringCodeNeverReachesLearnerFacingCopy]' started.
Test Case '-[NeuroForgeTests.LocalizationResidualTests testUnknownScoringCodeNeverReachesLearnerFacingCopy]' passed (0.001 seconds).
Test Suite 'LocalizationResidualTests' passed at 2026-09-05 16:36:55.968.
	 Executed 3 tests, with 0 failures (0 unexpected) in 0.008 (0.009) seconds
Test Suite 'RetrievalAssetContractTests' started at 2026-09-05 16:36:55.968.
Test Case '-[NeuroForgeTests.RetrievalAssetContractTests testActualFocusedFigureLaunchAndColdResponseKeepExactGraphHistory]' started.
Test Case '-[NeuroForgeTests.RetrievalAssetContractTests testActualFocusedFigureLaunchAndColdResponseKeepExactGraphHistory]' passed (0.041 seconds).
Test Case '-[NeuroForgeTests.RetrievalAssetContractTests testAllFiniteAssetsMaterializeThroughActualGeneratorAndNumericScorer]' started.
Test Case '-[NeuroForgeTests.RetrievalAssetContractTests testAllFiniteAssetsMaterializeThroughActualGeneratorAndNumericScorer]' passed (0.096 seconds).
Test Case '-[NeuroForgeTests.RetrievalAssetContractTests testCapacityCountsDistinctTargetsAndFormsWithoutInventingBandsOrCrossProducts]' started.
Test Case '-[NeuroForgeTests.RetrievalAssetContractTests testCapacityCountsDistinctTargetsAndFormsWithoutInventingBandsOrCrossProducts]' passed (0.004 seconds).
Test Case '-[NeuroForgeTests.RetrievalAssetContractTests testClozeAndEquationHaveRealOmissionsAndLanguageEquivalentAnswers]' started.
Test Case '-[NeuroForgeTests.RetrievalAssetContractTests testClozeAndEquationHaveRealOmissionsAndLanguageEquivalentAnswers]' passed (0.022 seconds).
Test Case '-[NeuroForgeTests.RetrievalAssetContractTests testExplicitUnsupportedFieldAndUnknownPolicyDoNotPublishGenericAssetPlaceholders]' started.
Test Case '-[NeuroForgeTests.RetrievalAssetContractTests testExplicitUnsupportedFieldAndUnknownPolicyDoNotPublishGenericAssetPlaceholders]' passed (0.045 seconds).
Test Case '-[NeuroForgeTests.RetrievalAssetContractTests testFiguresRetainActualGeometryOrObservationsAndTheSameAccessibleData]' started.
Test Case '-[NeuroForgeTests.RetrievalAssetContractTests testFiguresRetainActualGeometryOrObservationsAndTheSameAccessibleData]' passed (0.003 seconds).
Test Case '-[NeuroForgeTests.RetrievalAssetContractTests testFutureMissingAlteredAndProtectedAssetContractsFailClosedWithoutMutation]' started.
Test Case '-[NeuroForgeTests.RetrievalAssetContractTests testFutureMissingAlteredAndProtectedAssetContractsFailClosedWithoutMutation]' passed (0.005 seconds).
Test Case '-[NeuroForgeTests.RetrievalAssetContractTests testGeneratedAdapterRestoresTheSameRetainedFigureAndTypedResponse]' started.
Test Case '-[NeuroForgeTests.RetrievalAssetContractTests testGeneratedAdapterRestoresTheSameRetainedFigureAndTypedResponse]' passed (0.029 seconds).
Test Suite 'RetrievalAssetContractTests' passed at 2026-09-05 16:36:56.215.
	 Executed 8 tests, with 0 failures (0 unexpected) in 0.245 (0.247) seconds
Test Suite 'RetrievalWorkerStackTests' started at 2026-09-05 16:36:56.215.
Test Case '-[NeuroForgeTests.RetrievalWorkerStackTests testActualDetachedPrelaunchValidatesEveryRetrievalAssetFormWithoutChangingAuthorityOrStore]' started.
Test Case '-[NeuroForgeTests.RetrievalWorkerStackTests testActualDetachedPrelaunchValidatesEveryRetrievalAssetFormWithoutChangingAuthorityOrStore]' passed (1.292 seconds).
Test Case '-[NeuroForgeTests.RetrievalWorkerStackTests testDetachedGenerationStillRejectsInvalidRequestsThroughMandatoryValidation]' started.
Test Case '-[NeuroForgeTests.RetrievalWorkerStackTests testDetachedGenerationStillRejectsInvalidRequestsThroughMandatoryValidation]' passed (0.001 seconds).
Test Suite 'RetrievalWorkerStackTests' passed at 2026-09-05 16:36:57.509.
	 Executed 2 tests, with 0 failures (0 unexpected) in 1.293 (1.294) seconds
Test Suite 'ReviewedCoordinateProtocolTests' started at 2026-09-05 16:36:57.509.
Test Case '-[NeuroForgeTests.ReviewedCoordinateProtocolTests testActualCoordinateCommitCapturesFamilyBandAndNextUsesEligibleTypedObservation]' started.
Test Case '-[NeuroForgeTests.ReviewedCoordinateProtocolTests testActualCoordinateCommitCapturesFamilyBandAndNextUsesEligibleTypedObservation]' passed (0.353 seconds).
Test Case '-[NeuroForgeTests.ReviewedCoordinateProtocolTests testActualDetachedCoordinatePreviewAndMaterializationStayWithinWorkerStackAndReadOnly]' started.
Test Case '-[NeuroForgeTests.ReviewedCoordinateProtocolTests testActualDetachedCoordinatePreviewAndMaterializationStayWithinWorkerStackAndReadOnly]' passed (0.195 seconds).
Test Case '-[NeuroForgeTests.ReviewedCoordinateProtocolTests testHalfCreditIsNotFullSuccessAndHelpIsExcludedWithoutChangingOriginalPoint]' started.
Test Case '-[NeuroForgeTests.ReviewedCoordinateProtocolTests testHalfCreditIsNotFullSuccessAndHelpIsExcludedWithoutChangingOriginalPoint]' passed (0.828 seconds).
Test Case '-[NeuroForgeTests.ReviewedCoordinateProtocolTests testHarderPreferenceAndColdFileResumeRetainActualBandWithoutInventingDemonstration]' started.
Test Case '-[NeuroForgeTests.ReviewedCoordinateProtocolTests testHarderPreferenceAndColdFileResumeRetainActualBandWithoutInventingDemonstration]' passed (0.526 seconds).
Test Case '-[NeuroForgeTests.ReviewedCoordinateProtocolTests testInvalidTypedInputAndCurrentExclusionCannotContributeEligibleCoordinateEvidence]' started.
Test Case '-[NeuroForgeTests.ReviewedCoordinateProtocolTests testInvalidTypedInputAndCurrentExclusionCannotContributeEligibleCoordinateEvidence]' passed (0.350 seconds).
Test Case '-[NeuroForgeTests.ReviewedCoordinateProtocolTests testOnlyCompleteOrdinaryCoordinateContractExtendsStructuredResponseProtocol]' started.
Test Case '-[NeuroForgeTests.ReviewedCoordinateProtocolTests testOnlyCompleteOrdinaryCoordinateContractExtendsStructuredResponseProtocol]' passed (0.238 seconds).
Test Case '-[NeuroForgeTests.ReviewedCoordinateProtocolTests testReleasedEmptyRegistryKeepsCoordinatePracticeAvailableWithoutReviewedAuthority]' started.
Test Case '-[NeuroForgeTests.ReviewedCoordinateProtocolTests testReleasedEmptyRegistryKeepsCoordinatePracticeAvailableWithoutReviewedAuthority]' passed (0.181 seconds).
Test Suite 'ReviewedCoordinateProtocolTests' passed at 2026-09-05 16:37:00.181.
	 Executed 7 tests, with 0 failures (0 unexpected) in 2.671 (2.672) seconds
Test Suite 'SpatialStructureContractTests' started at 2026-09-05 16:37:00.181.
Test Case '-[NeuroForgeTests.SpatialStructureContractTests testActualLaunchColdChoiceQuarantineAndHistoryKeepTheExactNewStructure]' started.
Test Case '-[NeuroForgeTests.SpatialStructureContractTests testActualLaunchColdChoiceQuarantineAndHistoryKeepTheExactNewStructure]' passed (0.046 seconds).
Test Case '-[NeuroForgeTests.SpatialStructureContractTests testAllOccupiedFootprintsMatchIndependentProjectionAndNativeCellPositions]' started.
2026-09-05 16:37:00.507785-0400 NeuroForge[53158:5896980] [Assets] asset string 'engine:throttleGhosted.rematerial' parse failed: Invalid asset path: Unknown asset type suffix 'engine:throttleGhosted.rematerial'
Test Case '-[NeuroForgeTests.SpatialStructureContractTests testAllOccupiedFootprintsMatchIndependentProjectionAndNativeCellPositions]' passed (0.588 seconds).
Test Case '-[NeuroForgeTests.SpatialStructureContractTests testEveryFaceContractHasOnePhysicalKeyAndAllTwentyFourProperOrientations]' started.
Test Case '-[NeuroForgeTests.SpatialStructureContractTests testEveryFaceContractHasOnePhysicalKeyAndAllTwentyFourProperOrientations]' passed (0.572 seconds).
Test Case '-[NeuroForgeTests.SpatialStructureContractTests testGeneratedRetainedAssemblyUsesSameTypedChoiceAndSavedHistory]' started.
Test Case '-[NeuroForgeTests.SpatialStructureContractTests testGeneratedRetainedAssemblyUsesSameTypedChoiceAndSavedHistory]' passed (0.052 seconds).
Test Case '-[NeuroForgeTests.SpatialStructureContractTests testMalformedUnsupportedAndProtectedGeometryFailsBeforeScoringOrRendering]' started.
Test Case '-[NeuroForgeTests.SpatialStructureContractTests testMalformedUnsupportedAndProtectedGeometryFailsBeforeScoringOrRendering]' passed (0.007 seconds).
Test Case '-[NeuroForgeTests.SpatialStructureContractTests testSemanticAliasesAndMissingPinnedPolicyCannotMintOrOverwriteAQuestion]' started.
Test Case '-[NeuroForgeTests.SpatialStructureContractTests testSemanticAliasesAndMissingPinnedPolicyCannotMintOrOverwriteAQuestion]' passed (0.017 seconds).
Test Case '-[NeuroForgeTests.SpatialStructureContractTests testTwoViewQuestionsAcceptEveryValidProposalAndRejectEveryIncompleteOrExtraSet]' started.
Test Case '-[NeuroForgeTests.SpatialStructureContractTests testTwoViewQuestionsAcceptEveryValidProposalAndRejectEveryIncompleteOrExtraSet]' passed (0.159 seconds).
Test Case '-[NeuroForgeTests.SpatialStructureContractTests testWorkedEXC102UsesActualLabeledNativeFacesAndNeverReplaysBeforeCommit]' started.
Test Case '-[NeuroForgeTests.SpatialStructureContractTests testWorkedEXC102UsesActualLabeledNativeFacesAndNeverReplaysBeforeCommit]' passed (0.057 seconds).
Test Suite 'SpatialStructureContractTests' passed at 2026-09-05 16:37:01.682.
	 Executed 8 tests, with 0 failures (0 unexpected) in 1.498 (1.500) seconds
Test Suite 'NeuroForgeTests.xctest' passed at 2026-09-05 16:37:01.682.
	 Executed 172 tests, with 0 failures (0 unexpected) in 99.264 (99.327) seconds
Test Suite 'Selected tests' passed at 2026-09-05 16:37:01.682.
	 Executed 172 tests, with 0 failures (0 unexpected) in 99.264 (99.327) seconds
2026-09-05 16:37:11.839 xcodebuild[52481:5892169] [MT] IDETestOperationsObserverDebug: 154.173 elapsed -- Testing started completed.
2026-09-05 16:37:11.839 xcodebuild[52481:5892169] [MT] IDETestOperationsObserverDebug: 0.000 sec, +0.000 sec -- start
2026-09-05 16:37:11.839 xcodebuild[52481:5892169] [MT] IDETestOperationsObserverDebug: 154.173 sec, +154.173 sec -- end

Test session results, code coverage, and logs:
	/tmp/NeuroForge-improvement-build/Logs/Test/Test-NeuroForge-2026.09.05_16-33-52--0400.xcresult

Failing tests:
	DefaultContentCatalogTests.testReviewedPreviewUsesCurrentQuarantineAndUntimedElapsedDoNotChangeDemand()

** TEST FAILED **

Testing started
