Command line invocation:
    /Applications/Xcode.app/Contents/Developer/usr/bin/xcodebuild -project NeuroForge.xcodeproj -scheme NeuroForge -destination platform=macOS -derivedDataPath /tmp/NeuroForge-improvement-build CODE_SIGNING_ALLOWED=NO "-only-testing:NeuroForgeTests/CoordinateTransformContractTests" "-only-testing:NeuroForgeTests/ReviewedCoordinateProtocolTests" "-only-testing:NeuroForgeTests/SpatialStructureContractTests" "-only-testing:NeuroForgeTests/EditorialLiveControllerPersistenceTests" "-only-testing:NeuroForgeTests/GeneratedLifecycleParityTests" "-only-testing:NeuroForgeTests/AuthoringReadyRecoveryTests" "-only-testing:NeuroForgeTests/FocusedQuizRotationIntegrationTests" "-only-testing:NeuroForgeTests/DefaultContentCatalogTests" "-only-testing:NeuroForgeTests/LocalizationCatalogTests" "-only-testing:NeuroForgeTests/LocalizationResidualTests" test

Build settings from command line:
    CODE_SIGNING_ALLOWED = NO

Resolve Package Graph


Resolved source packages:
  SwiftMath: https://github.com/mgriebling/SwiftMath.git @ 1d2c908

--- xcodebuild: WARNING: Using the first of multiple matching destinations:
{ platform:macOS, arch:arm64, id:00006020-000228AE0287401E, name:My Mac }
{ platform:macOS, arch:x86_64, id:00006020-000228AE0287401E, name:My Mac }
ComputePackagePrebuildTargetDependencyGraph

Prepare packages

CreateBuildRequest

SendProjectDescription

CreateBuildOperation

ComputeTargetDependencyGraph
note: Building targets in dependency order
note: Target dependency graph (5 targets)
    Target 'NeuroForgeTests' in project 'NeuroForge'
        ➜ Explicit dependency on target 'NeuroForge' in project 'NeuroForge'
    Target 'NeuroForge' in project 'NeuroForge'
        ➜ Explicit dependency on target 'SwiftMath' in project 'SwiftMath'
    Target 'SwiftMath' in project 'SwiftMath'
        ➜ Explicit dependency on target 'SwiftMath' in project 'SwiftMath'
        ➜ Explicit dependency on target 'SwiftMath_SwiftMath' in project 'SwiftMath'
    Target 'SwiftMath' in project 'SwiftMath'
        ➜ Explicit dependency on target 'SwiftMath_SwiftMath' in project 'SwiftMath'
    Target 'SwiftMath_SwiftMath' in project 'SwiftMath' (no dependencies)

GatherProvisioningInputs

CreateBuildDescription

ClangStatCache /Applications/Xcode.app/Contents/Developer/Toolchains/XcodeDefault.xctoolchain/usr/bin/clang-stat-cache /Applications/Xcode.app/Contents/Developer/Platforms/MacOSX.platform/Developer/SDKs/MacOSX26.5.sdk /tmp/NeuroForge-improvement-build/SDKStatCaches.noindex/macosx26.5-25F70-e082c4a02f00227109f4ed75e425c832.sdkstatcache
    cd /Users/takamimarsh/Developer/Projects/Zacro\ Tech/NeuroForge/NeuroForge.xcodeproj
    /Applications/Xcode.app/Contents/Developer/Toolchains/XcodeDefault.xctoolchain/usr/bin/clang-stat-cache /Applications/Xcode.app/Contents/Developer/Platforms/MacOSX.platform/Developer/SDKs/MacOSX26.5.sdk -o /tmp/NeuroForge-improvement-build/SDKStatCaches.noindex/macosx26.5-25F70-e082c4a02f00227109f4ed75e425c832.sdkstatcache

SwiftDriver NeuroForge normal arm64 com.apple.xcode.tools.swift.compiler (in target 'NeuroForge' from project 'NeuroForge')
    cd /Users/takamimarsh/Developer/Projects/Zacro\ Tech/NeuroForge
    builtin-SwiftDriver -- /Applications/Xcode.app/Contents/Developer/Toolchains/XcodeDefault.xctoolchain/usr/bin/swiftc -module-name NeuroForge -Onone @/tmp/NeuroForge-improvement-build/Build/Intermediates.noindex/NeuroForge.build/Debug/NeuroForge.build/Objects-normal/arm64/NeuroForge.SwiftFileList -DDEBUG -enable-experimental-feature DebugDescriptionMacro -sdk /Applications/Xcode.app/Contents/Developer/Platforms/MacOSX.platform/Developer/SDKs/MacOSX26.5.sdk -target arm64-apple-macos26.4 -g -module-cache-path /tmp/NeuroForge-improvement-build/ModuleCache.noindex -Xfrontend -serialize-debugging-options -enable-testing -warnings-as-errors -index-store-path /tmp/NeuroForge-improvement-build/Index.noindex/DataStore -Xcc -D_LIBCPP_HARDENING_MODE\=_LIBCPP_HARDENING_MODE_DEBUG -swift-version 6 -I /tmp/NeuroForge-improvement-build/Build/Products/Debug -F /tmp/NeuroForge-improvement-build/Build/Products/Debug/PackageFrameworks -F /tmp/NeuroForge-improvement-build/Build/Products/Debug -emit-localized-strings -emit-localized-strings-path /tmp/NeuroForge-improvement-build/Build/Intermediates.noindex/NeuroForge.build/Debug/NeuroForge.build/Objects-normal/arm64 -c -j12 -disable-batch-mode -incremental -Xcc -ivfsstatcache -Xcc /tmp/NeuroForge-improvement-build/SDKStatCaches.noindex/macosx26.5-25F70-e082c4a02f00227109f4ed75e425c832.sdkstatcache -output-file-map /tmp/NeuroForge-improvement-build/Build/Intermediates.noindex/NeuroForge.build/Debug/NeuroForge.build/Objects-normal/arm64/NeuroForge-OutputFileMap.json -use-frontend-parseable-output -save-temps -no-color-diagnostics -explicit-module-build -module-cache-path /tmp/NeuroForge-improvement-build/Build/Intermediates.noindex/SwiftExplicitPrecompiledModules -clang-scanner-module-cache-path /tmp/NeuroForge-improvement-build/ModuleCache.noindex -sdk-module-cache-path /tmp/NeuroForge-improvement-build/ModuleCache.noindex -serialize-diagnostics -emit-dependencies -emit-module -emit-module-path /tmp/NeuroForge-improvement-build/Build/Intermediates.noindex/NeuroForge.build/Debug/NeuroForge.build/Objects-normal/arm64/NeuroForge.swiftmodule -validate-clang-modules-once -clang-build-session-file /tmp/NeuroForge-improvement-build/ModuleCache.noindex/Session.modulevalidation -Xcc -I/tmp/NeuroForge-improvement-build/Build/Intermediates.noindex/NeuroForge.build/Debug/NeuroForge.build/swift-overrides.hmap -emit-const-values -Xfrontend -const-gather-protocols-file -Xfrontend /tmp/NeuroForge-improvement-build/Build/Intermediates.noindex/NeuroForge.build/Debug/NeuroForge.build/Objects-normal/arm64/NeuroForge_const_extract_protocols.json -Xcc -iquote -Xcc /tmp/NeuroForge-improvement-build/Build/Intermediates.noindex/NeuroForge.build/Debug/NeuroForge.build/NeuroForge-generated-files.hmap -Xcc -I/tmp/NeuroForge-improvement-build/Build/Intermediates.noindex/NeuroForge.build/Debug/NeuroForge.build/NeuroForge-own-target-headers.hmap -Xcc -I/tmp/NeuroForge-improvement-build/Build/Intermediates.noindex/NeuroForge.build/Debug/NeuroForge.build/NeuroForge-all-non-framework-target-headers.hmap -Xcc -ivfsoverlay -Xcc /tmp/NeuroForge-improvement-build/Build/Intermediates.noindex/NeuroForge.build/Debug/NeuroForge-1f477e43189f7d9a813ad7fc7bf5f2ec-VFS/all-product-headers.yaml -Xcc -iquote -Xcc /tmp/NeuroForge-improvement-build/Build/Intermediates.noindex/NeuroForge.build/Debug/NeuroForge.build/NeuroForge-project-headers.hmap -Xcc -I/tmp/NeuroForge-improvement-build/Build/Products/Debug/include -Xcc -I/tmp/NeuroForge-improvement-build/Build/Intermediates.noindex/NeuroForge.build/Debug/NeuroForge.build/DerivedSources-normal/arm64 -Xcc -I/tmp/NeuroForge-improvement-build/Build/Intermediates.noindex/NeuroForge.build/Debug/NeuroForge.build/DerivedSources/arm64 -Xcc -I/tmp/NeuroForge-improvement-build/Build/Intermediates.noindex/NeuroForge.build/Debug/NeuroForge.build/DerivedSources -Xcc -DDEBUG\=1 -emit-objc-header -emit-objc-header-path /tmp/NeuroForge-improvement-build/Build/Intermediates.noindex/NeuroForge.build/Debug/NeuroForge.build/Objects-normal/arm64/NeuroForge-Swift.h -working-directory /Users/takamimarsh/Developer/Projects/Zacro\ Tech/NeuroForge -experimental-emit-module-separately -disable-cmo

SwiftDriver NeuroForgeTests normal arm64 com.apple.xcode.tools.swift.compiler (in target 'NeuroForgeTests' from project 'NeuroForge')
    cd /Users/takamimarsh/Developer/Projects/Zacro\ Tech/NeuroForge
    builtin-SwiftDriver -- /Applications/Xcode.app/Contents/Developer/Toolchains/XcodeDefault.xctoolchain/usr/bin/swiftc -module-name NeuroForgeTests -Onone @/tmp/NeuroForge-improvement-build/Build/Intermediates.noindex/NeuroForge.build/Debug/NeuroForgeTests.build/Objects-normal/arm64/NeuroForgeTests.SwiftFileList -DDEBUG -plugin-path /Applications/Xcode.app/Contents/Developer/Toolchains/XcodeDefault.xctoolchain/usr/lib/swift/host/plugins/testing -enable-experimental-feature DebugDescriptionMacro -sdk /Applications/Xcode.app/Contents/Developer/Platforms/MacOSX.platform/Developer/SDKs/MacOSX26.5.sdk -target arm64-apple-macos26.4 -g -module-cache-path /tmp/NeuroForge-improvement-build/ModuleCache.noindex -Xfrontend -serialize-debugging-options -enable-testing -warnings-as-errors -index-store-path /tmp/NeuroForge-improvement-build/Index.noindex/DataStore -Xcc -D_LIBCPP_HARDENING_MODE\=_LIBCPP_HARDENING_MODE_DEBUG -swift-version 6 -I /tmp/NeuroForge-improvement-build/Build/Products/Debug -Isystem /Applications/Xcode.app/Contents/Developer/Platforms/MacOSX.platform/Developer/usr/lib -F /tmp/NeuroForge-improvement-build/Build/Products/Debug/PackageFrameworks -F /tmp/NeuroForge-improvement-build/Build/Products/Debug -F /Applications/Xcode.app/Contents/Developer/Platforms/MacOSX.platform/Developer/Library/Frameworks -emit-localized-strings -emit-localized-strings-path /tmp/NeuroForge-improvement-build/Build/Intermediates.noindex/NeuroForge.build/Debug/NeuroForgeTests.build/Objects-normal/arm64 -c -j12 -disable-batch-mode -incremental -Xcc -ivfsstatcache -Xcc /tmp/NeuroForge-improvement-build/SDKStatCaches.noindex/macosx26.5-25F70-e082c4a02f00227109f4ed75e425c832.sdkstatcache -output-file-map /tmp/NeuroForge-improvement-build/Build/Intermediates.noindex/NeuroForge.build/Debug/NeuroForgeTests.build/Objects-normal/arm64/NeuroForgeTests-OutputFileMap.json -use-frontend-parseable-output -save-temps -no-color-diagnostics -explicit-module-build -module-cache-path /tmp/NeuroForge-improvement-build/Build/Intermediates.noindex/SwiftExplicitPrecompiledModules -clang-scanner-module-cache-path /tmp/NeuroForge-improvement-build/ModuleCache.noindex -sdk-module-cache-path /tmp/NeuroForge-improvement-build/ModuleCache.noindex -serialize-diagnostics -emit-dependencies -emit-module -emit-module-path /tmp/NeuroForge-improvement-build/Build/Intermediates.noindex/NeuroForge.build/Debug/NeuroForgeTests.build/Objects-normal/arm64/NeuroForgeTests.swiftmodule -validate-clang-modules-once -clang-build-session-file /tmp/NeuroForge-improvement-build/ModuleCache.noindex/Session.modulevalidation -Xcc -I/tmp/NeuroForge-improvement-build/Build/Intermediates.noindex/NeuroForge.build/Debug/NeuroForgeTests.build/swift-overrides.hmap -emit-const-values -Xfrontend -const-gather-protocols-file -Xfrontend /tmp/NeuroForge-improvement-build/Build/Intermediates.noindex/NeuroForge.build/Debug/NeuroForgeTests.build/Objects-normal/arm64/NeuroForgeTests_const_extract_protocols.json -Xcc -iquote -Xcc /tmp/NeuroForge-improvement-build/Build/Intermediates.noindex/NeuroForge.build/Debug/NeuroForgeTests.build/NeuroForgeTests-generated-files.hmap -Xcc -I/tmp/NeuroForge-improvement-build/Build/Intermediates.noindex/NeuroForge.build/Debug/NeuroForgeTests.build/NeuroForgeTests-own-target-headers.hmap -Xcc -I/tmp/NeuroForge-improvement-build/Build/Intermediates.noindex/NeuroForge.build/Debug/NeuroForgeTests.build/NeuroForgeTests-all-non-framework-target-headers.hmap -Xcc -ivfsoverlay -Xcc /tmp/NeuroForge-improvement-build/Build/Intermediates.noindex/NeuroForge.build/Debug/NeuroForge-1f477e43189f7d9a813ad7fc7bf5f2ec-VFS/all-product-headers.yaml -Xcc -iquote -Xcc /tmp/NeuroForge-improvement-build/Build/Intermediates.noindex/NeuroForge.build/Debug/NeuroForgeTests.build/NeuroForgeTests-project-headers.hmap -Xcc -I/tmp/NeuroForge-improvement-build/Build/Products/Debug/include -Xcc -I/tmp/NeuroForge-improvement-build/Build/Intermediates.noindex/NeuroForge.build/Debug/NeuroForgeTests.build/DerivedSources-normal/arm64 -Xcc -I/tmp/NeuroForge-improvement-build/Build/Intermediates.noindex/NeuroForge.build/Debug/NeuroForgeTests.build/DerivedSources/arm64 -Xcc -I/tmp/NeuroForge-improvement-build/Build/Intermediates.noindex/NeuroForge.build/Debug/NeuroForgeTests.build/DerivedSources -Xcc -DDEBUG\=1 -emit-objc-header -emit-objc-header-path /tmp/NeuroForge-improvement-build/Build/Intermediates.noindex/NeuroForge.build/Debug/NeuroForgeTests.build/Objects-normal/arm64/NeuroForgeTests-Swift.h -working-directory /Users/takamimarsh/Developer/Projects/Zacro\ Tech/NeuroForge -experimental-emit-module-separately -disable-cmo

SwiftCompile normal arm64 Compiling\ UserFacingContentLintTests.swift /Users/takamimarsh/Developer/Projects/Zacro\ Tech/NeuroForge/Tests/UserFacingContentLintTests.swift (in target 'NeuroForgeTests' from project 'NeuroForge')

SwiftCompile normal arm64 /Users/takamimarsh/Developer/Projects/Zacro\ Tech/NeuroForge/Tests/UserFacingContentLintTests.swift (in target 'NeuroForgeTests' from project 'NeuroForge')
    cd /Users/takamimarsh/Developer/Projects/Zacro\ Tech/NeuroForge
    

SwiftEmitModule normal arm64 Emitting\ module\ for\ NeuroForgeTests (in target 'NeuroForgeTests' from project 'NeuroForge')
EmitSwiftModule normal arm64 (in target 'NeuroForgeTests' from project 'NeuroForge')
    cd /Users/takamimarsh/Developer/Projects/Zacro\ Tech/NeuroForge
    

SwiftCompile normal arm64 Compiling\ PersistenceRuntimeTests.swift /Users/takamimarsh/Developer/Projects/Zacro\ Tech/NeuroForge/Tests/PersistenceRuntimeTests.swift (in target 'NeuroForgeTests' from project 'NeuroForge')
SwiftCompile normal arm64 /Users/takamimarsh/Developer/Projects/Zacro\ Tech/NeuroForge/Tests/PersistenceRuntimeTests.swift (in target 'NeuroForgeTests' from project 'NeuroForge')
    cd /Users/takamimarsh/Developer/Projects/Zacro\ Tech/NeuroForge
    

SwiftCompile normal arm64 Compiling\ AssessmentSchedulerTests.swift /Users/takamimarsh/Developer/Projects/Zacro\ Tech/NeuroForge/Tests/AssessmentSchedulerTests.swift (in target 'NeuroForgeTests' from project 'NeuroForge')

SwiftCompile normal arm64 /Users/takamimarsh/Developer/Projects/Zacro\ Tech/NeuroForge/Tests/AssessmentSchedulerTests.swift (in target 'NeuroForgeTests' from project 'NeuroForge')
    cd /Users/takamimarsh/Developer/Projects/Zacro\ Tech/NeuroForge
    

SwiftCompile normal arm64 Compiling\ SessionWorkloadBudgetTests.swift /Users/takamimarsh/Developer/Projects/Zacro\ Tech/NeuroForge/Tests/SessionWorkloadBudgetTests.swift (in target 'NeuroForgeTests' from project 'NeuroForge')

SwiftCompile normal arm64 /Users/takamimarsh/Developer/Projects/Zacro\ Tech/NeuroForge/Tests/SessionWorkloadBudgetTests.swift (in target 'NeuroForgeTests' from project 'NeuroForge')
    cd /Users/takamimarsh/Developer/Projects/Zacro\ Tech/NeuroForge
    

SwiftCompile normal arm64 Compiling\ MathContentContractTests.swift /Users/takamimarsh/Developer/Projects/Zacro\ Tech/NeuroForge/Tests/MathContentContractTests.swift (in target 'NeuroForgeTests' from project 'NeuroForge')

SwiftCompile normal arm64 /Users/takamimarsh/Developer/Projects/Zacro\ Tech/NeuroForge/Tests/MathContentContractTests.swift (in target 'NeuroForgeTests' from project 'NeuroForge')
    cd /Users/takamimarsh/Developer/Projects/Zacro\ Tech/NeuroForge
    

SwiftCompile normal arm64 Compiling\ DataExportTests.swift /Users/takamimarsh/Developer/Projects/Zacro\ Tech/NeuroForge/Tests/DataExportTests.swift (in target 'NeuroForgeTests' from project 'NeuroForge')

SwiftCompile normal arm64 /Users/takamimarsh/Developer/Projects/Zacro\ Tech/NeuroForge/Tests/DataExportTests.swift (in target 'NeuroForgeTests' from project 'NeuroForge')
    cd /Users/takamimarsh/Developer/Projects/Zacro\ Tech/NeuroForge
    

SwiftCompile normal arm64 Compiling\ PrivateCloudTransportTests.swift /Users/takamimarsh/Developer/Projects/Zacro\ Tech/NeuroForge/Tests/PrivateCloudTransportTests.swift (in target 'NeuroForgeTests' from project 'NeuroForge')

SwiftCompile normal arm64 /Users/takamimarsh/Developer/Projects/Zacro\ Tech/NeuroForge/Tests/PrivateCloudTransportTests.swift (in target 'NeuroForgeTests' from project 'NeuroForge')
    cd /Users/takamimarsh/Developer/Projects/Zacro\ Tech/NeuroForge
    

SwiftCompile normal arm64 Compiling\ ProgressEvidenceTests.swift /Users/takamimarsh/Developer/Projects/Zacro\ Tech/NeuroForge/Tests/ProgressEvidenceTests.swift (in target 'NeuroForgeTests' from project 'NeuroForge')

SwiftCompile normal arm64 /Users/takamimarsh/Developer/Projects/Zacro\ Tech/NeuroForge/Tests/ProgressEvidenceTests.swift (in target 'NeuroForgeTests' from project 'NeuroForge')
    cd /Users/takamimarsh/Developer/Projects/Zacro\ Tech/NeuroForge
    

SwiftCompile normal arm64 Compiling\ StarterQuestionSetCatalogTests.swift /Users/takamimarsh/Developer/Projects/Zacro\ Tech/NeuroForge/Tests/StarterQuestionSetCatalogTests.swift (in target 'NeuroForgeTests' from project 'NeuroForge')

SwiftCompile normal arm64 /Users/takamimarsh/Developer/Projects/Zacro\ Tech/NeuroForge/Tests/StarterQuestionSetCatalogTests.swift (in target 'NeuroForgeTests' from project 'NeuroForge')
    cd /Users/takamimarsh/Developer/Projects/Zacro\ Tech/NeuroForge
    

SwiftCompile normal arm64 Compiling\ LocalizationCatalogTests.swift /Users/takamimarsh/Developer/Projects/Zacro\ Tech/NeuroForge/Tests/LocalizationCatalogTests.swift (in target 'NeuroForgeTests' from project 'NeuroForge')

SwiftCompile normal arm64 /Users/takamimarsh/Developer/Projects/Zacro\ Tech/NeuroForge/Tests/LocalizationCatalogTests.swift (in target 'NeuroForgeTests' from project 'NeuroForge')
    cd /Users/takamimarsh/Developer/Projects/Zacro\ Tech/NeuroForge
    

SwiftCompile normal arm64 Compiling\ OfflineQuestionBankTests.swift /Users/takamimarsh/Developer/Projects/Zacro\ Tech/NeuroForge/Tests/OfflineQuestionBankTests.swift (in target 'NeuroForgeTests' from project 'NeuroForge')

SwiftCompile normal arm64 /Users/takamimarsh/Developer/Projects/Zacro\ Tech/NeuroForge/Tests/OfflineQuestionBankTests.swift (in target 'NeuroForgeTests' from project 'NeuroForge')
    cd /Users/takamimarsh/Developer/Projects/Zacro\ Tech/NeuroForge
    

SwiftCompile normal arm64 Compiling\ AdaptiveEngineTests.swift /Users/takamimarsh/Developer/Projects/Zacro\ Tech/NeuroForge/Tests/AdaptiveEngineTests.swift (in target 'NeuroForgeTests' from project 'NeuroForge')

SwiftCompile normal arm64 /Users/takamimarsh/Developer/Projects/Zacro\ Tech/NeuroForge/Tests/AdaptiveEngineTests.swift (in target 'NeuroForgeTests' from project 'NeuroForge')
    cd /Users/takamimarsh/Developer/Projects/Zacro\ Tech/NeuroForge
    

SwiftEmitModule normal arm64 Emitting\ module\ for\ NeuroForge (in target 'NeuroForge' from project 'NeuroForge')
EmitSwiftModule normal arm64 (in target 'NeuroForge' from project 'NeuroForge')
    cd /Users/takamimarsh/Developer/Projects/Zacro\ Tech/NeuroForge
    

SwiftDriverJobDiscovery normal arm64 Compiling DataExportTests.swift (in target 'NeuroForgeTests' from project 'NeuroForge')

SwiftCompile normal arm64 Compiling\ HistoricalContentCorrectionPolicyTests.swift /Users/takamimarsh/Developer/Projects/Zacro\ Tech/NeuroForge/Tests/HistoricalContentCorrectionPolicyTests.swift (in target 'NeuroForgeTests' from project 'NeuroForge')

SwiftCompile normal arm64 /Users/takamimarsh/Developer/Projects/Zacro\ Tech/NeuroForge/Tests/HistoricalContentCorrectionPolicyTests.swift (in target 'NeuroForgeTests' from project 'NeuroForge')
    cd /Users/takamimarsh/Developer/Projects/Zacro\ Tech/NeuroForge
    

SwiftDriverJobDiscovery normal arm64 Compiling UserFacingContentLintTests.swift (in target 'NeuroForgeTests' from project 'NeuroForge')

SwiftDriverJobDiscovery normal arm64 Compiling OfflineQuestionBankTests.swift (in target 'NeuroForgeTests' from project 'NeuroForge')

SwiftCompile normal arm64 Compiling\ LocalizationResidualTests.swift /Users/takamimarsh/Developer/Projects/Zacro\ Tech/NeuroForge/Tests/LocalizationResidualTests.swift (in target 'NeuroForgeTests' from project 'NeuroForge')

SwiftCompile normal arm64 /Users/takamimarsh/Developer/Projects/Zacro\ Tech/NeuroForge/Tests/LocalizationResidualTests.swift (in target 'NeuroForgeTests' from project 'NeuroForge')
    cd /Users/takamimarsh/Developer/Projects/Zacro\ Tech/NeuroForge
    

SwiftDriverJobDiscovery normal arm64 Compiling ProgressEvidenceTests.swift (in target 'NeuroForgeTests' from project 'NeuroForge')

SwiftCompile normal arm64 Compiling\ FocusedQuizRotationIntegrationTests.swift /Users/takamimarsh/Developer/Projects/Zacro\ Tech/NeuroForge/Tests/FocusedQuizRotationIntegrationTests.swift (in target 'NeuroForgeTests' from project 'NeuroForge')

SwiftCompile normal arm64 /Users/takamimarsh/Developer/Projects/Zacro\ Tech/NeuroForge/Tests/FocusedQuizRotationIntegrationTests.swift (in target 'NeuroForgeTests' from project 'NeuroForge')
    cd /Users/takamimarsh/Developer/Projects/Zacro\ Tech/NeuroForge
    

SwiftDriverJobDiscovery normal arm64 Compiling SessionWorkloadBudgetTests.swift (in target 'NeuroForgeTests' from project 'NeuroForge')

SwiftCompile normal arm64 Compiling\ AdaptivePlanHistoryTests.swift /Users/takamimarsh/Developer/Projects/Zacro\ Tech/NeuroForge/Tests/AdaptivePlanHistoryTests.swift (in target 'NeuroForgeTests' from project 'NeuroForge')

SwiftCompile normal arm64 /Users/takamimarsh/Developer/Projects/Zacro\ Tech/NeuroForge/Tests/AdaptivePlanHistoryTests.swift (in target 'NeuroForgeTests' from project 'NeuroForge')
    cd /Users/takamimarsh/Developer/Projects/Zacro\ Tech/NeuroForge
    

SwiftDriverJobDiscovery normal arm64 Compiling LocalizationCatalogTests.swift (in target 'NeuroForgeTests' from project 'NeuroForge')

SwiftCompile normal arm64 Compiling\ RecoveryMigrationTests.swift /Users/takamimarsh/Developer/Projects/Zacro\ Tech/NeuroForge/Tests/RecoveryMigrationTests.swift (in target 'NeuroForgeTests' from project 'NeuroForge')

SwiftCompile normal arm64 /Users/takamimarsh/Developer/Projects/Zacro\ Tech/NeuroForge/Tests/RecoveryMigrationTests.swift (in target 'NeuroForgeTests' from project 'NeuroForge')
    cd /Users/takamimarsh/Developer/Projects/Zacro\ Tech/NeuroForge
    

SwiftDriverJobDiscovery normal arm64 Compiling LocalizationResidualTests.swift (in target 'NeuroForgeTests' from project 'NeuroForge')

SwiftCompile normal arm64 Compiling\ TransferTaxonomyTests.swift /Users/takamimarsh/Developer/Projects/Zacro\ Tech/NeuroForge/Tests/TransferTaxonomyTests.swift (in target 'NeuroForgeTests' from project 'NeuroForge')

SwiftCompile normal arm64 /Users/takamimarsh/Developer/Projects/Zacro\ Tech/NeuroForge/Tests/TransferTaxonomyTests.swift (in target 'NeuroForgeTests' from project 'NeuroForge')
    cd /Users/takamimarsh/Developer/Projects/Zacro\ Tech/NeuroForge
    

SwiftDriverJobDiscovery normal arm64 Emitting module for NeuroForgeTests (in target 'NeuroForgeTests' from project 'NeuroForge')

SwiftDriver\ Compilation\ Requirements NeuroForgeTests normal arm64 com.apple.xcode.tools.swift.compiler (in target 'NeuroForgeTests' from project 'NeuroForge')
    cd /Users/takamimarsh/Developer/Projects/Zacro\ Tech/NeuroForge
    builtin-Swift-Compilation-Requirements -- /Applications/Xcode.app/Contents/Developer/Toolchains/XcodeDefault.xctoolchain/usr/bin/swiftc -module-name NeuroForgeTests -Onone @/tmp/NeuroForge-improvement-build/Build/Intermediates.noindex/NeuroForge.build/Debug/NeuroForgeTests.build/Objects-normal/arm64/NeuroForgeTests.SwiftFileList -DDEBUG -plugin-path /Applications/Xcode.app/Contents/Developer/Toolchains/XcodeDefault.xctoolchain/usr/lib/swift/host/plugins/testing -enable-experimental-feature DebugDescriptionMacro -sdk /Applications/Xcode.app/Contents/Developer/Platforms/MacOSX.platform/Developer/SDKs/MacOSX26.5.sdk -target arm64-apple-macos26.4 -g -module-cache-path /tmp/NeuroForge-improvement-build/ModuleCache.noindex -Xfrontend -serialize-debugging-options -enable-testing -warnings-as-errors -index-store-path /tmp/NeuroForge-improvement-build/Index.noindex/DataStore -Xcc -D_LIBCPP_HARDENING_MODE\=_LIBCPP_HARDENING_MODE_DEBUG -swift-version 6 -I /tmp/NeuroForge-improvement-build/Build/Products/Debug -Isystem /Applications/Xcode.app/Contents/Developer/Platforms/MacOSX.platform/Developer/usr/lib -F /tmp/NeuroForge-improvement-build/Build/Products/Debug/PackageFrameworks -F /tmp/NeuroForge-improvement-build/Build/Products/Debug -F /Applications/Xcode.app/Contents/Developer/Platforms/MacOSX.platform/Developer/Library/Frameworks -emit-localized-strings -emit-localized-strings-path /tmp/NeuroForge-improvement-build/Build/Intermediates.noindex/NeuroForge.build/Debug/NeuroForgeTests.build/Objects-normal/arm64 -c -j12 -disable-batch-mode -incremental -Xcc -ivfsstatcache -Xcc /tmp/NeuroForge-improvement-build/SDKStatCaches.noindex/macosx26.5-25F70-e082c4a02f00227109f4ed75e425c832.sdkstatcache -output-file-map /tmp/NeuroForge-improvement-build/Build/Intermediates.noindex/NeuroForge.build/Debug/NeuroForgeTests.build/Objects-normal/arm64/NeuroForgeTests-OutputFileMap.json -use-frontend-parseable-output -save-temps -no-color-diagnostics -explicit-module-build -module-cache-path /tmp/NeuroForge-improvement-build/Build/Intermediates.noindex/SwiftExplicitPrecompiledModules -clang-scanner-module-cache-path /tmp/NeuroForge-improvement-build/ModuleCache.noindex -sdk-module-cache-path /tmp/NeuroForge-improvement-build/ModuleCache.noindex -serialize-diagnostics -emit-dependencies -emit-module -emit-module-path /tmp/NeuroForge-improvement-build/Build/Intermediates.noindex/NeuroForge.build/Debug/NeuroForgeTests.build/Objects-normal/arm64/NeuroForgeTests.swiftmodule -validate-clang-modules-once -clang-build-session-file /tmp/NeuroForge-improvement-build/ModuleCache.noindex/Session.modulevalidation -Xcc -I/tmp/NeuroForge-improvement-build/Build/Intermediates.noindex/NeuroForge.build/Debug/NeuroForgeTests.build/swift-overrides.hmap -emit-const-values -Xfrontend -const-gather-protocols-file -Xfrontend /tmp/NeuroForge-improvement-build/Build/Intermediates.noindex/NeuroForge.build/Debug/NeuroForgeTests.build/Objects-normal/arm64/NeuroForgeTests_const_extract_protocols.json -Xcc -iquote -Xcc /tmp/NeuroForge-improvement-build/Build/Intermediates.noindex/NeuroForge.build/Debug/NeuroForgeTests.build/NeuroForgeTests-generated-files.hmap -Xcc -I/tmp/NeuroForge-improvement-build/Build/Intermediates.noindex/NeuroForge.build/Debug/NeuroForgeTests.build/NeuroForgeTests-own-target-headers.hmap -Xcc -I/tmp/NeuroForge-improvement-build/Build/Intermediates.noindex/NeuroForge.build/Debug/NeuroForgeTests.build/NeuroForgeTests-all-non-framework-target-headers.hmap -Xcc -ivfsoverlay -Xcc /tmp/NeuroForge-improvement-build/Build/Intermediates.noindex/NeuroForge.build/Debug/NeuroForge-1f477e43189f7d9a813ad7fc7bf5f2ec-VFS/all-product-headers.yaml -Xcc -iquote -Xcc /tmp/NeuroForge-improvement-build/Build/Intermediates.noindex/NeuroForge.build/Debug/NeuroForgeTests.build/NeuroForgeTests-project-headers.hmap -Xcc -I/tmp/NeuroForge-improvement-build/Build/Products/Debug/include -Xcc -I/tmp/NeuroForge-improvement-build/Build/Intermediates.noindex/NeuroForge.build/Debug/NeuroForgeTests.build/DerivedSources-normal/arm64 -Xcc -I/tmp/NeuroForge-improvement-build/Build/Intermediates.noindex/NeuroForge.build/Debug/NeuroForgeTests.build/DerivedSources/arm64 -Xcc -I/tmp/NeuroForge-improvement-build/Build/Intermediates.noindex/NeuroForge.build/Debug/NeuroForgeTests.build/DerivedSources -Xcc -DDEBUG\=1 -emit-objc-header -emit-objc-header-path /tmp/NeuroForge-improvement-build/Build/Intermediates.noindex/NeuroForge.build/Debug/NeuroForgeTests.build/Objects-normal/arm64/NeuroForgeTests-Swift.h -working-directory /Users/takamimarsh/Developer/Projects/Zacro\ Tech/NeuroForge -experimental-emit-module-separately -disable-cmo

SwiftDriverJobDiscovery normal arm64 Compiling MathContentContractTests.swift (in target 'NeuroForgeTests' from project 'NeuroForge')

SwiftCompile normal arm64 Compiling\ OrderedResponseInteractionTests.swift /Users/takamimarsh/Developer/Projects/Zacro\ Tech/NeuroForge/Tests/OrderedResponseInteractionTests.swift (in target 'NeuroForgeTests' from project 'NeuroForge')

SwiftCompile normal arm64 /Users/takamimarsh/Developer/Projects/Zacro\ Tech/NeuroForge/Tests/OrderedResponseInteractionTests.swift (in target 'NeuroForgeTests' from project 'NeuroForge')
    cd /Users/takamimarsh/Developer/Projects/Zacro\ Tech/NeuroForge
    

Copy /tmp/NeuroForge-improvement-build/Build/Products/Debug/NeuroForgeTests.swiftmodule/arm64-apple-macos.abi.json /tmp/NeuroForge-improvement-build/Build/Intermediates.noindex/NeuroForge.build/Debug/NeuroForgeTests.build/Objects-normal/arm64/NeuroForgeTests.abi.json (in target 'NeuroForgeTests' from project 'NeuroForge')
    cd /Users/takamimarsh/Developer/Projects/Zacro\ Tech/NeuroForge
    builtin-copy -exclude .DS_Store -exclude CVS -exclude .svn -exclude .git -exclude .hg -resolve-src-symlinks -rename /tmp/NeuroForge-improvement-build/Build/Intermediates.noindex/NeuroForge.build/Debug/NeuroForgeTests.build/Objects-normal/arm64/NeuroForgeTests.abi.json /tmp/NeuroForge-improvement-build/Build/Products/Debug/NeuroForgeTests.swiftmodule/arm64-apple-macos.abi.json

SwiftDriverJobDiscovery normal arm64 Compiling AssessmentSchedulerTests.swift (in target 'NeuroForgeTests' from project 'NeuroForge')

Copy /tmp/NeuroForge-improvement-build/Build/Products/Debug/NeuroForgeTests.swiftmodule/Project/arm64-apple-macos.swiftsourceinfo /tmp/NeuroForge-improvement-build/Build/Intermediates.noindex/NeuroForge.build/Debug/NeuroForgeTests.build/Objects-normal/arm64/NeuroForgeTests.swiftsourceinfo (in target 'NeuroForgeTests' from project 'NeuroForge')
    cd /Users/takamimarsh/Developer/Projects/Zacro\ Tech/NeuroForge
    builtin-copy -exclude .DS_Store -exclude CVS -exclude .svn -exclude .git -exclude .hg -resolve-src-symlinks -rename /tmp/NeuroForge-improvement-build/Build/Intermediates.noindex/NeuroForge.build/Debug/NeuroForgeTests.build/Objects-normal/arm64/NeuroForgeTests.swiftsourceinfo /tmp/NeuroForge-improvement-build/Build/Products/Debug/NeuroForgeTests.swiftmodule/Project/arm64-apple-macos.swiftsourceinfo

SwiftCompile normal arm64 Compiling\ SemanticSourceImportTests.swift /Users/takamimarsh/Developer/Projects/Zacro\ Tech/NeuroForge/Tests/SemanticSourceImportTests.swift (in target 'NeuroForgeTests' from project 'NeuroForge')

SwiftCompile normal arm64 /Users/takamimarsh/Developer/Projects/Zacro\ Tech/NeuroForge/Tests/SemanticSourceImportTests.swift (in target 'NeuroForgeTests' from project 'NeuroForge')
    cd /Users/takamimarsh/Developer/Projects/Zacro\ Tech/NeuroForge
    

SwiftCompile normal arm64 Compiling\ ContentImprovementRegressionTests.swift /Users/takamimarsh/Developer/Projects/Zacro\ Tech/NeuroForge/Tests/ContentImprovementRegressionTests.swift (in target 'NeuroForgeTests' from project 'NeuroForge')

SwiftCompile normal arm64 /Users/takamimarsh/Developer/Projects/Zacro\ Tech/NeuroForge/Tests/ContentImprovementRegressionTests.swift (in target 'NeuroForgeTests' from project 'NeuroForge')
    cd /Users/takamimarsh/Developer/Projects/Zacro\ Tech/NeuroForge
    

SwiftDriverJobDiscovery normal arm64 Compiling StarterQuestionSetCatalogTests.swift (in target 'NeuroForgeTests' from project 'NeuroForge')

SwiftCompile normal arm64 Compiling\ EditorialBandEvidenceTests.swift /Users/takamimarsh/Developer/Projects/Zacro\ Tech/NeuroForge/Tests/EditorialBandEvidenceTests.swift (in target 'NeuroForgeTests' from project 'NeuroForge')

SwiftCompile normal arm64 /Users/takamimarsh/Developer/Projects/Zacro\ Tech/NeuroForge/Tests/EditorialBandEvidenceTests.swift (in target 'NeuroForgeTests' from project 'NeuroForge')
    cd /Users/takamimarsh/Developer/Projects/Zacro\ Tech/NeuroForge
    

SwiftDriverJobDiscovery normal arm64 Compiling AdaptiveEngineTests.swift (in target 'NeuroForgeTests' from project 'NeuroForge')

SwiftCompile normal arm64 Compiling\ DataExportRoundTripTests.swift /Users/takamimarsh/Developer/Projects/Zacro\ Tech/NeuroForge/Tests/DataExportRoundTripTests.swift (in target 'NeuroForgeTests' from project 'NeuroForge')

SwiftCompile normal arm64 /Users/takamimarsh/Developer/Projects/Zacro\ Tech/NeuroForge/Tests/DataExportRoundTripTests.swift (in target 'NeuroForgeTests' from project 'NeuroForge')
    cd /Users/takamimarsh/Developer/Projects/Zacro\ Tech/NeuroForge
    

SwiftDriverJobDiscovery normal arm64 Compiling RecoveryMigrationTests.swift (in target 'NeuroForgeTests' from project 'NeuroForge')

SwiftCompile normal arm64 Compiling\ NextDayEnhancementCacheTests.swift /Users/takamimarsh/Developer/Projects/Zacro\ Tech/NeuroForge/Tests/NextDayEnhancementCacheTests.swift (in target 'NeuroForgeTests' from project 'NeuroForge')

SwiftCompile normal arm64 /Users/takamimarsh/Developer/Projects/Zacro\ Tech/NeuroForge/Tests/NextDayEnhancementCacheTests.swift (in target 'NeuroForgeTests' from project 'NeuroForge')
    cd /Users/takamimarsh/Developer/Projects/Zacro\ Tech/NeuroForge
    

SwiftDriverJobDiscovery normal arm64 Compiling HistoricalContentCorrectionPolicyTests.swift (in target 'NeuroForgeTests' from project 'NeuroForge')

SwiftCompile normal arm64 Compiling\ RetrievalMechanicsContractTests.swift /Users/takamimarsh/Developer/Projects/Zacro\ Tech/NeuroForge/Tests/RetrievalMechanicsContractTests.swift (in target 'NeuroForgeTests' from project 'NeuroForge')

SwiftCompile normal arm64 /Users/takamimarsh/Developer/Projects/Zacro\ Tech/NeuroForge/Tests/RetrievalMechanicsContractTests.swift (in target 'NeuroForgeTests' from project 'NeuroForge')
    cd /Users/takamimarsh/Developer/Projects/Zacro\ Tech/NeuroForge
    

SwiftDriverJobDiscovery normal arm64 Compiling TransferTaxonomyTests.swift (in target 'NeuroForgeTests' from project 'NeuroForge')

SwiftCompile normal arm64 Compiling\ CodeTraceInteractionTests.swift /Users/takamimarsh/Developer/Projects/Zacro\ Tech/NeuroForge/Tests/CodeTraceInteractionTests.swift (in target 'NeuroForgeTests' from project 'NeuroForge')

SwiftCompile normal arm64 /Users/takamimarsh/Developer/Projects/Zacro\ Tech/NeuroForge/Tests/CodeTraceInteractionTests.swift (in target 'NeuroForgeTests' from project 'NeuroForge')
    cd /Users/takamimarsh/Developer/Projects/Zacro\ Tech/NeuroForge
    

SwiftDriverJobDiscovery normal arm64 Compiling AdaptivePlanHistoryTests.swift (in target 'NeuroForgeTests' from project 'NeuroForge')

SwiftCompile normal arm64 Compiling\ ProfileProgressContractsTests.swift /Users/takamimarsh/Developer/Projects/Zacro\ Tech/NeuroForge/Tests/ProfileProgressContractsTests.swift (in target 'NeuroForgeTests' from project 'NeuroForge')

SwiftCompile normal arm64 /Users/takamimarsh/Developer/Projects/Zacro\ Tech/NeuroForge/Tests/ProfileProgressContractsTests.swift (in target 'NeuroForgeTests' from project 'NeuroForge')
    cd /Users/takamimarsh/Developer/Projects/Zacro\ Tech/NeuroForge
    

SwiftDriverJobDiscovery normal arm64 Compiling OrderedResponseInteractionTests.swift (in target 'NeuroForgeTests' from project 'NeuroForge')

SwiftCompile normal arm64 Compiling\ LocalLearningLifecycleTests.swift /Users/takamimarsh/Developer/Projects/Zacro\ Tech/NeuroForge/Tests/LocalLearningLifecycleTests.swift (in target 'NeuroForgeTests' from project 'NeuroForge')

SwiftCompile normal arm64 /Users/takamimarsh/Developer/Projects/Zacro\ Tech/NeuroForge/Tests/LocalLearningLifecycleTests.swift (in target 'NeuroForgeTests' from project 'NeuroForge')
    cd /Users/takamimarsh/Developer/Projects/Zacro\ Tech/NeuroForge
    

SwiftDriverJobDiscovery normal arm64 Compiling SemanticSourceImportTests.swift (in target 'NeuroForgeTests' from project 'NeuroForge')

SwiftCompile normal arm64 Compiling\ ResidualIntegrationContractTests.swift /Users/takamimarsh/Developer/Projects/Zacro\ Tech/NeuroForge/Tests/ResidualIntegrationContractTests.swift (in target 'NeuroForgeTests' from project 'NeuroForge')

SwiftCompile normal arm64 /Users/takamimarsh/Developer/Projects/Zacro\ Tech/NeuroForge/Tests/ResidualIntegrationContractTests.swift (in target 'NeuroForgeTests' from project 'NeuroForge')
    cd /Users/takamimarsh/Developer/Projects/Zacro\ Tech/NeuroForge
    

SwiftDriverJobDiscovery normal arm64 Compiling RetrievalMechanicsContractTests.swift (in target 'NeuroForgeTests' from project 'NeuroForge')

SwiftCompile normal arm64 Compiling\ RetrievalRuntimeScoringTests.swift /Users/takamimarsh/Developer/Projects/Zacro\ Tech/NeuroForge/Tests/RetrievalRuntimeScoringTests.swift (in target 'NeuroForgeTests' from project 'NeuroForge')

SwiftCompile normal arm64 /Users/takamimarsh/Developer/Projects/Zacro\ Tech/NeuroForge/Tests/RetrievalRuntimeScoringTests.swift (in target 'NeuroForgeTests' from project 'NeuroForge')
    cd /Users/takamimarsh/Developer/Projects/Zacro\ Tech/NeuroForge
    

SwiftDriverJobDiscovery normal arm64 Compiling NextDayEnhancementCacheTests.swift (in target 'NeuroForgeTests' from project 'NeuroForge')

SwiftCompile normal arm64 Compiling\ RestoreRequestStoreTests.swift /Users/takamimarsh/Developer/Projects/Zacro\ Tech/NeuroForge/Tests/RestoreRequestStoreTests.swift (in target 'NeuroForgeTests' from project 'NeuroForge')

SwiftCompile normal arm64 /Users/takamimarsh/Developer/Projects/Zacro\ Tech/NeuroForge/Tests/RestoreRequestStoreTests.swift (in target 'NeuroForgeTests' from project 'NeuroForge')
    cd /Users/takamimarsh/Developer/Projects/Zacro\ Tech/NeuroForge
    

SwiftDriverJobDiscovery normal arm64 Compiling EditorialBandEvidenceTests.swift (in target 'NeuroForgeTests' from project 'NeuroForge')

SwiftCompile normal arm64 Compiling\ SessionIntegrityReviewTests.swift /Users/takamimarsh/Developer/Projects/Zacro\ Tech/NeuroForge/Tests/SessionIntegrityReviewTests.swift (in target 'NeuroForgeTests' from project 'NeuroForge')

SwiftCompile normal arm64 /Users/takamimarsh/Developer/Projects/Zacro\ Tech/NeuroForge/Tests/SessionIntegrityReviewTests.swift (in target 'NeuroForgeTests' from project 'NeuroForge')
    cd /Users/takamimarsh/Developer/Projects/Zacro\ Tech/NeuroForge
    

SwiftDriverJobDiscovery normal arm64 Compiling PrivateCloudTransportTests.swift (in target 'NeuroForgeTests' from project 'NeuroForge')

SwiftCompile normal arm64 Compiling\ AIAndSourceTests.swift /Users/takamimarsh/Developer/Projects/Zacro\ Tech/NeuroForge/Tests/AIAndSourceTests.swift (in target 'NeuroForgeTests' from project 'NeuroForge')

SwiftCompile normal arm64 /Users/takamimarsh/Developer/Projects/Zacro\ Tech/NeuroForge/Tests/AIAndSourceTests.swift (in target 'NeuroForgeTests' from project 'NeuroForge')
    cd /Users/takamimarsh/Developer/Projects/Zacro\ Tech/NeuroForge
    

SwiftDriverJobDiscovery normal arm64 Compiling ResidualIntegrationContractTests.swift (in target 'NeuroForgeTests' from project 'NeuroForge')

SwiftCompile normal arm64 Compiling\ ProtectedPortableArchiveTests.swift /Users/takamimarsh/Developer/Projects/Zacro\ Tech/NeuroForge/Tests/ProtectedPortableArchiveTests.swift (in target 'NeuroForgeTests' from project 'NeuroForge')

SwiftCompile normal arm64 /Users/takamimarsh/Developer/Projects/Zacro\ Tech/NeuroForge/Tests/ProtectedPortableArchiveTests.swift (in target 'NeuroForgeTests' from project 'NeuroForge')
    cd /Users/takamimarsh/Developer/Projects/Zacro\ Tech/NeuroForge
    

SwiftDriverJobDiscovery normal arm64 Compiling CodeTraceInteractionTests.swift (in target 'NeuroForgeTests' from project 'NeuroForge')

SwiftCompile normal arm64 Compiling\ AttemptReflectionContractTests.swift /Users/takamimarsh/Developer/Projects/Zacro\ Tech/NeuroForge/Tests/AttemptReflectionContractTests.swift (in target 'NeuroForgeTests' from project 'NeuroForge')

SwiftCompile normal arm64 /Users/takamimarsh/Developer/Projects/Zacro\ Tech/NeuroForge/Tests/AttemptReflectionContractTests.swift (in target 'NeuroForgeTests' from project 'NeuroForge')
    cd /Users/takamimarsh/Developer/Projects/Zacro\ Tech/NeuroForge
    

SwiftDriverJobDiscovery normal arm64 Compiling RetrievalRuntimeScoringTests.swift (in target 'NeuroForgeTests' from project 'NeuroForge')

SwiftCompile normal arm64 Compiling\ ExperienceImprovementTests.swift /Users/takamimarsh/Developer/Projects/Zacro\ Tech/NeuroForge/Tests/ExperienceImprovementTests.swift (in target 'NeuroForgeTests' from project 'NeuroForge')

SwiftCompile normal arm64 /Users/takamimarsh/Developer/Projects/Zacro\ Tech/NeuroForge/Tests/ExperienceImprovementTests.swift (in target 'NeuroForgeTests' from project 'NeuroForge')
    cd /Users/takamimarsh/Developer/Projects/Zacro\ Tech/NeuroForge
    

SwiftCompile normal arm64 Compiling\ ExactSessionContinuityTests.swift /Users/takamimarsh/Developer/Projects/Zacro\ Tech/NeuroForge/Tests/ExactSessionContinuityTests.swift (in target 'NeuroForgeTests' from project 'NeuroForge')

SwiftCompile normal arm64 /Users/takamimarsh/Developer/Projects/Zacro\ Tech/NeuroForge/Tests/ExactSessionContinuityTests.swift (in target 'NeuroForgeTests' from project 'NeuroForge')
    cd /Users/takamimarsh/Developer/Projects/Zacro\ Tech/NeuroForge
    

SwiftDriverJobDiscovery normal arm64 Compiling RestoreRequestStoreTests.swift (in target 'NeuroForgeTests' from project 'NeuroForge')

SwiftDriverJobDiscovery normal arm64 Compiling PersistenceRuntimeTests.swift (in target 'NeuroForgeTests' from project 'NeuroForge')

SwiftCompile normal arm64 Compiling\ BundledRetrievalCatalogTests.swift /Users/takamimarsh/Developer/Projects/Zacro\ Tech/NeuroForge/Tests/BundledRetrievalCatalogTests.swift (in target 'NeuroForgeTests' from project 'NeuroForge')

SwiftCompile normal arm64 /Users/takamimarsh/Developer/Projects/Zacro\ Tech/NeuroForge/Tests/BundledRetrievalCatalogTests.swift (in target 'NeuroForgeTests' from project 'NeuroForge')
    cd /Users/takamimarsh/Developer/Projects/Zacro\ Tech/NeuroForge
    

SwiftDriverJobDiscovery normal arm64 Compiling ProfileProgressContractsTests.swift (in target 'NeuroForgeTests' from project 'NeuroForge')

SwiftCompile normal arm64 Compiling\ OfflineQuestionRotationTests.swift /Users/takamimarsh/Developer/Projects/Zacro\ Tech/NeuroForge/Tests/OfflineQuestionRotationTests.swift (in target 'NeuroForgeTests' from project 'NeuroForge')

SwiftCompile normal arm64 /Users/takamimarsh/Developer/Projects/Zacro\ Tech/NeuroForge/Tests/OfflineQuestionRotationTests.swift (in target 'NeuroForgeTests' from project 'NeuroForge')
    cd /Users/takamimarsh/Developer/Projects/Zacro\ Tech/NeuroForge
    

SwiftDriverJobDiscovery normal arm64 Compiling FocusedQuizRotationIntegrationTests.swift (in target 'NeuroForgeTests' from project 'NeuroForge')

SwiftCompile normal arm64 Compiling\ LocalReservationBridgeTests.swift /Users/takamimarsh/Developer/Projects/Zacro\ Tech/NeuroForge/Tests/LocalReservationBridgeTests.swift (in target 'NeuroForgeTests' from project 'NeuroForge')

SwiftCompile normal arm64 /Users/takamimarsh/Developer/Projects/Zacro\ Tech/NeuroForge/Tests/LocalReservationBridgeTests.swift (in target 'NeuroForgeTests' from project 'NeuroForge')
    cd /Users/takamimarsh/Developer/Projects/Zacro\ Tech/NeuroForge
    

SwiftDriverJobDiscovery normal arm64 Compiling BundledRetrievalCatalogTests.swift (in target 'NeuroForgeTests' from project 'NeuroForge')

SwiftCompile normal arm64 Compiling\ NFNextDayPlanPreparationService.swift /Users/takamimarsh/Developer/Projects/Zacro\ Tech/NeuroForge/Sources/AI/NFNextDayPlanPreparationService.swift (in target 'NeuroForge' from project 'NeuroForge')

SwiftCompile normal arm64 /Users/takamimarsh/Developer/Projects/Zacro\ Tech/NeuroForge/Sources/AI/NFNextDayPlanPreparationService.swift (in target 'NeuroForge' from project 'NeuroForge')
    cd /Users/takamimarsh/Developer/Projects/Zacro\ Tech/NeuroForge
    

SwiftDriverJobDiscovery normal arm64 Compiling AttemptReflectionContractTests.swift (in target 'NeuroForgeTests' from project 'NeuroForge')

SwiftCompile normal arm64 Compiling\ PersistenceModels.swift /Users/takamimarsh/Developer/Projects/Zacro\ Tech/NeuroForge/Sources/Persistence/PersistenceModels.swift (in target 'NeuroForge' from project 'NeuroForge')
SwiftCompile normal arm64 /Users/takamimarsh/Developer/Projects/Zacro\ Tech/NeuroForge/Sources/Persistence/PersistenceModels.swift (in target 'NeuroForge' from project 'NeuroForge')
    cd /Users/takamimarsh/Developer/Projects/Zacro\ Tech/NeuroForge
    

SwiftDriverJobDiscovery normal arm64 Compiling ProtectedPortableArchiveTests.swift (in target 'NeuroForgeTests' from project 'NeuroForge')

SwiftCompile normal arm64 Compiling\ AIStudioView.swift /Users/takamimarsh/Developer/Projects/Zacro\ Tech/NeuroForge/Sources/Features/AI/AIStudioView.swift (in target 'NeuroForge' from project 'NeuroForge')
SwiftCompile normal arm64 /Users/takamimarsh/Developer/Projects/Zacro\ Tech/NeuroForge/Sources/Features/AI/AIStudioView.swift (in target 'NeuroForge' from project 'NeuroForge')
    cd /Users/takamimarsh/Developer/Projects/Zacro\ Tech/NeuroForge
    

SwiftDriverJobDiscovery normal arm64 Compiling SessionIntegrityReviewTests.swift (in target 'NeuroForgeTests' from project 'NeuroForge')

SwiftCompile normal arm64 Compiling\ NFQuestionFingerprint.swift /Users/takamimarsh/Developer/Projects/Zacro\ Tech/NeuroForge/Sources/TrainingEngine/NFQuestionFingerprint.swift (in target 'NeuroForge' from project 'NeuroForge')

SwiftCompile normal arm64 /Users/takamimarsh/Developer/Projects/Zacro\ Tech/NeuroForge/Sources/TrainingEngine/NFQuestionFingerprint.swift (in target 'NeuroForge' from project 'NeuroForge')
    cd /Users/takamimarsh/Developer/Projects/Zacro\ Tech/NeuroForge
    

SwiftDriverJobDiscovery normal arm64 Compiling OfflineQuestionRotationTests.swift (in target 'NeuroForgeTests' from project 'NeuroForge')

SwiftCompile normal arm64 Compiling\ NFFallbackExerciseGenerator.swift /Users/takamimarsh/Developer/Projects/Zacro\ Tech/NeuroForge/Sources/TrainingEngine/NFFallbackExerciseGenerator.swift (in target 'NeuroForge' from project 'NeuroForge')

SwiftCompile normal arm64 /Users/takamimarsh/Developer/Projects/Zacro\ Tech/NeuroForge/Sources/TrainingEngine/NFFallbackExerciseGenerator.swift (in target 'NeuroForge' from project 'NeuroForge')
    cd /Users/takamimarsh/Developer/Projects/Zacro\ Tech/NeuroForge
    

SwiftDriverJobDiscovery normal arm64 Compiling ExperienceImprovementTests.swift (in target 'NeuroForgeTests' from project 'NeuroForge')

SwiftCompile normal arm64 Compiling\ SpatialDiagramView.swift /Users/takamimarsh/Developer/Projects/Zacro\ Tech/NeuroForge/Sources/Features/Training/SpatialDiagramView.swift (in target 'NeuroForge' from project 'NeuroForge')

SwiftCompile normal arm64 /Users/takamimarsh/Developer/Projects/Zacro\ Tech/NeuroForge/Sources/Features/Training/SpatialDiagramView.swift (in target 'NeuroForge' from project 'NeuroForge')
    cd /Users/takamimarsh/Developer/Projects/Zacro\ Tech/NeuroForge
    

SwiftDriverJobDiscovery normal arm64 Compiling LocalReservationBridgeTests.swift (in target 'NeuroForgeTests' from project 'NeuroForge')

SwiftCompile normal arm64 Compiling\ NFCubeNetEngine.swift /Users/takamimarsh/Developer/Projects/Zacro\ Tech/NeuroForge/Sources/TrainingEngine/NFCubeNetEngine.swift (in target 'NeuroForge' from project 'NeuroForge')

SwiftCompile normal arm64 /Users/takamimarsh/Developer/Projects/Zacro\ Tech/NeuroForge/Sources/TrainingEngine/NFCubeNetEngine.swift (in target 'NeuroForge' from project 'NeuroForge')
    cd /Users/takamimarsh/Developer/Projects/Zacro\ Tech/NeuroForge
    

SwiftDriverJobDiscovery normal arm64 Compiling NFQuestionFingerprint.swift (in target 'NeuroForge' from project 'NeuroForge')

SwiftCompile normal arm64 Compiling\ NFOfflineQuestionBank.swift /Users/takamimarsh/Developer/Projects/Zacro\ Tech/NeuroForge/Sources/TrainingEngine/NFOfflineQuestionBank.swift (in target 'NeuroForge' from project 'NeuroForge')

SwiftCompile normal arm64 /Users/takamimarsh/Developer/Projects/Zacro\ Tech/NeuroForge/Sources/TrainingEngine/NFOfflineQuestionBank.swift (in target 'NeuroForge' from project 'NeuroForge')
    cd /Users/takamimarsh/Developer/Projects/Zacro\ Tech/NeuroForge
    

SwiftDriverJobDiscovery normal arm64 Compiling ExactSessionContinuityTests.swift (in target 'NeuroForgeTests' from project 'NeuroForge')

SwiftCompile normal arm64 Compiling\ NFLocalReservationBridge.swift /Users/takamimarsh/Developer/Projects/Zacro\ Tech/NeuroForge/Sources/Adaptive/NFLocalReservationBridge.swift (in target 'NeuroForge' from project 'NeuroForge')

SwiftCompile normal arm64 /Users/takamimarsh/Developer/Projects/Zacro\ Tech/NeuroForge/Sources/Adaptive/NFLocalReservationBridge.swift (in target 'NeuroForge' from project 'NeuroForge')
    cd /Users/takamimarsh/Developer/Projects/Zacro\ Tech/NeuroForge
    

SwiftDriverJobDiscovery normal arm64 Compiling NFOfflineQuestionBank.swift (in target 'NeuroForge' from project 'NeuroForge')

SwiftCompile normal arm64 Compiling\ NFPrivateStudyMetadata.swift /Users/takamimarsh/Developer/Projects/Zacro\ Tech/NeuroForge/Sources/Features/Library/NFPrivateStudyMetadata.swift (in target 'NeuroForge' from project 'NeuroForge')

SwiftCompile normal arm64 /Users/takamimarsh/Developer/Projects/Zacro\ Tech/NeuroForge/Sources/Features/Library/NFPrivateStudyMetadata.swift (in target 'NeuroForge' from project 'NeuroForge')
    cd /Users/takamimarsh/Developer/Projects/Zacro\ Tech/NeuroForge
    

SwiftDriverJobDiscovery normal arm64 Compiling NFNextDayPlanPreparationService.swift (in target 'NeuroForge' from project 'NeuroForge')

SwiftCompile normal arm64 Compiling\ SpotlightSettingsControls.swift /Users/takamimarsh/Developer/Projects/Zacro\ Tech/NeuroForge/Sources/Features/Settings/SpotlightSettingsControls.swift (in target 'NeuroForge' from project 'NeuroForge')

SwiftCompile normal arm64 /Users/takamimarsh/Developer/Projects/Zacro\ Tech/NeuroForge/Sources/Features/Settings/SpotlightSettingsControls.swift (in target 'NeuroForge' from project 'NeuroForge')
    cd /Users/takamimarsh/Developer/Projects/Zacro\ Tech/NeuroForge
    

SwiftDriverJobDiscovery normal arm64 Compiling NFCubeNetEngine.swift (in target 'NeuroForge' from project 'NeuroForge')

SwiftCompile normal arm64 Compiling\ NFRetrievalResponseAuthority.swift /Users/takamimarsh/Developer/Projects/Zacro\ Tech/NeuroForge/Sources/TrainingEngine/NFRetrievalResponseAuthority.swift (in target 'NeuroForge' from project 'NeuroForge')

SwiftCompile normal arm64 /Users/takamimarsh/Developer/Projects/Zacro\ Tech/NeuroForge/Sources/TrainingEngine/NFRetrievalResponseAuthority.swift (in target 'NeuroForge' from project 'NeuroForge')
    cd /Users/takamimarsh/Developer/Projects/Zacro\ Tech/NeuroForge
    

SwiftDriverJobDiscovery normal arm64 Compiling NFLocalReservationBridge.swift (in target 'NeuroForge' from project 'NeuroForge')

SwiftCompile normal arm64 Compiling\ NFBackgroundTaskIntegration.swift /Users/takamimarsh/Developer/Projects/Zacro\ Tech/NeuroForge/Sources/Integrations/System/NFBackgroundTaskIntegration.swift (in target 'NeuroForge' from project 'NeuroForge')

SwiftCompile normal arm64 /Users/takamimarsh/Developer/Projects/Zacro\ Tech/NeuroForge/Sources/Integrations/System/NFBackgroundTaskIntegration.swift (in target 'NeuroForge' from project 'NeuroForge')
    cd /Users/takamimarsh/Developer/Projects/Zacro\ Tech/NeuroForge
    

SwiftDriverJobDiscovery normal arm64 Compiling AIAndSourceTests.swift (in target 'NeuroForgeTests' from project 'NeuroForge')

SwiftCompile normal arm64 Compiling\ NFAuthoringEngine.swift /Users/takamimarsh/Developer/Projects/Zacro\ Tech/NeuroForge/Sources/AI/NFAuthoringEngine.swift (in target 'NeuroForge' from project 'NeuroForge')

SwiftCompile normal arm64 /Users/takamimarsh/Developer/Projects/Zacro\ Tech/NeuroForge/Sources/AI/NFAuthoringEngine.swift (in target 'NeuroForge' from project 'NeuroForge')
    cd /Users/takamimarsh/Developer/Projects/Zacro\ Tech/NeuroForge
    

SwiftDriverJobDiscovery normal arm64 Compiling NFFallbackExerciseGenerator.swift (in target 'NeuroForge' from project 'NeuroForge')

SwiftCompile normal arm64 Compiling\ NFExternalRoute.swift /Users/takamimarsh/Developer/Projects/Zacro\ Tech/NeuroForge/Sources/App/NFExternalRoute.swift (in target 'NeuroForge' from project 'NeuroForge')

SwiftCompile normal arm64 /Users/takamimarsh/Developer/Projects/Zacro\ Tech/NeuroForge/Sources/App/NFExternalRoute.swift (in target 'NeuroForge' from project 'NeuroForge')
    cd /Users/takamimarsh/Developer/Projects/Zacro\ Tech/NeuroForge
    

SwiftDriverJobDiscovery normal arm64 Compiling NFBackgroundTaskIntegration.swift (in target 'NeuroForge' from project 'NeuroForge')

SwiftCompile normal arm64 Compiling\ Theme.swift /Users/takamimarsh/Developer/Projects/Zacro\ Tech/NeuroForge/Sources/DesignSystem/Theme.swift (in target 'NeuroForge' from project 'NeuroForge')

SwiftCompile normal arm64 /Users/takamimarsh/Developer/Projects/Zacro\ Tech/NeuroForge/Sources/DesignSystem/Theme.swift (in target 'NeuroForge' from project 'NeuroForge')
    cd /Users/takamimarsh/Developer/Projects/Zacro\ Tech/NeuroForge
    

SwiftDriverJobDiscovery normal arm64 Compiling LocalLearningLifecycleTests.swift (in target 'NeuroForgeTests' from project 'NeuroForge')

SwiftCompile normal arm64 Compiling\ NFSpotlightIntegration.swift /Users/takamimarsh/Developer/Projects/Zacro\ Tech/NeuroForge/Sources/Integrations/System/NFSpotlightIntegration.swift (in target 'NeuroForge' from project 'NeuroForge')

SwiftCompile normal arm64 /Users/takamimarsh/Developer/Projects/Zacro\ Tech/NeuroForge/Sources/Integrations/System/NFSpotlightIntegration.swift (in target 'NeuroForge' from project 'NeuroForge')
    cd /Users/takamimarsh/Developer/Projects/Zacro\ Tech/NeuroForge
    

SwiftDriverJobDiscovery normal arm64 Compiling NFRetrievalResponseAuthority.swift (in target 'NeuroForge' from project 'NeuroForge')

SwiftCompile normal arm64 Compiling\ AppRootView.swift /Users/takamimarsh/Developer/Projects/Zacro\ Tech/NeuroForge/Sources/App/AppRootView.swift (in target 'NeuroForge' from project 'NeuroForge')

SwiftCompile normal arm64 /Users/takamimarsh/Developer/Projects/Zacro\ Tech/NeuroForge/Sources/App/AppRootView.swift (in target 'NeuroForge' from project 'NeuroForge')
    cd /Users/takamimarsh/Developer/Projects/Zacro\ Tech/NeuroForge
    

SwiftDriverJobDiscovery normal arm64 Compiling DataExportRoundTripTests.swift (in target 'NeuroForgeTests' from project 'NeuroForge')

SwiftCompile normal arm64 Compiling\ NFBundledRetrievalCatalog.swift /Users/takamimarsh/Developer/Projects/Zacro\ Tech/NeuroForge/Sources/TrainingEngine/NFBundledRetrievalCatalog.swift (in target 'NeuroForge' from project 'NeuroForge')

SwiftCompile normal arm64 /Users/takamimarsh/Developer/Projects/Zacro\ Tech/NeuroForge/Sources/TrainingEngine/NFBundledRetrievalCatalog.swift (in target 'NeuroForge' from project 'NeuroForge')
    cd /Users/takamimarsh/Developer/Projects/Zacro\ Tech/NeuroForge
    

SwiftDriverJobDiscovery normal arm64 Compiling NFSpotlightIntegration.swift (in target 'NeuroForge' from project 'NeuroForge')

SwiftCompile normal arm64 Compiling\ NFUserFacingContentLinter.swift /Users/takamimarsh/Developer/Projects/Zacro\ Tech/NeuroForge/Sources/TrainingEngine/NFUserFacingContentLinter.swift (in target 'NeuroForge' from project 'NeuroForge')

SwiftCompile normal arm64 /Users/takamimarsh/Developer/Projects/Zacro\ Tech/NeuroForge/Sources/TrainingEngine/NFUserFacingContentLinter.swift (in target 'NeuroForge' from project 'NeuroForge')
    cd /Users/takamimarsh/Developer/Projects/Zacro\ Tech/NeuroForge
    

SwiftDriverJobDiscovery normal arm64 Compiling ContentImprovementRegressionTests.swift (in target 'NeuroForgeTests' from project 'NeuroForge')

SwiftDriverJobDiscovery normal arm64 Compiling Theme.swift (in target 'NeuroForge' from project 'NeuroForge')

SwiftDriver\ Compilation NeuroForgeTests normal arm64 com.apple.xcode.tools.swift.compiler (in target 'NeuroForgeTests' from project 'NeuroForge')
    cd /Users/takamimarsh/Developer/Projects/Zacro\ Tech/NeuroForge
    builtin-Swift-Compilation -- /Applications/Xcode.app/Contents/Developer/Toolchains/XcodeDefault.xctoolchain/usr/bin/swiftc -module-name NeuroForgeTests -Onone @/tmp/NeuroForge-improvement-build/Build/Intermediates.noindex/NeuroForge.build/Debug/NeuroForgeTests.build/Objects-normal/arm64/NeuroForgeTests.SwiftFileList -DDEBUG -plugin-path /Applications/Xcode.app/Contents/Developer/Toolchains/XcodeDefault.xctoolchain/usr/lib/swift/host/plugins/testing -enable-experimental-feature DebugDescriptionMacro -sdk /Applications/Xcode.app/Contents/Developer/Platforms/MacOSX.platform/Developer/SDKs/MacOSX26.5.sdk -target arm64-apple-macos26.4 -g -module-cache-path /tmp/NeuroForge-improvement-build/ModuleCache.noindex -Xfrontend -serialize-debugging-options -enable-testing -warnings-as-errors -index-store-path /tmp/NeuroForge-improvement-build/Index.noindex/DataStore -Xcc -D_LIBCPP_HARDENING_MODE\=_LIBCPP_HARDENING_MODE_DEBUG -swift-version 6 -I /tmp/NeuroForge-improvement-build/Build/Products/Debug -Isystem /Applications/Xcode.app/Contents/Developer/Platforms/MacOSX.platform/Developer/usr/lib -F /tmp/NeuroForge-improvement-build/Build/Products/Debug/PackageFrameworks -F /tmp/NeuroForge-improvement-build/Build/Products/Debug -F /Applications/Xcode.app/Contents/Developer/Platforms/MacOSX.platform/Developer/Library/Frameworks -emit-localized-strings -emit-localized-strings-path /tmp/NeuroForge-improvement-build/Build/Intermediates.noindex/NeuroForge.build/Debug/NeuroForgeTests.build/Objects-normal/arm64 -c -j12 -disable-batch-mode -incremental -Xcc -ivfsstatcache -Xcc /tmp/NeuroForge-improvement-build/SDKStatCaches.noindex/macosx26.5-25F70-e082c4a02f00227109f4ed75e425c832.sdkstatcache -output-file-map /tmp/NeuroForge-improvement-build/Build/Intermediates.noindex/NeuroForge.build/Debug/NeuroForgeTests.build/Objects-normal/arm64/NeuroForgeTests-OutputFileMap.json -use-frontend-parseable-output -save-temps -no-color-diagnostics -explicit-module-build -module-cache-path /tmp/NeuroForge-improvement-build/Build/Intermediates.noindex/SwiftExplicitPrecompiledModules -clang-scanner-module-cache-path /tmp/NeuroForge-improvement-build/ModuleCache.noindex -sdk-module-cache-path /tmp/NeuroForge-improvement-build/ModuleCache.noindex -serialize-diagnostics -emit-dependencies -emit-module -emit-module-path /tmp/NeuroForge-improvement-build/Build/Intermediates.noindex/NeuroForge.build/Debug/NeuroForgeTests.build/Objects-normal/arm64/NeuroForgeTests.swiftmodule -validate-clang-modules-once -clang-build-session-file /tmp/NeuroForge-improvement-build/ModuleCache.noindex/Session.modulevalidation -Xcc -I/tmp/NeuroForge-improvement-build/Build/Intermediates.noindex/NeuroForge.build/Debug/NeuroForgeTests.build/swift-overrides.hmap -emit-const-values -Xfrontend -const-gather-protocols-file -Xfrontend /tmp/NeuroForge-improvement-build/Build/Intermediates.noindex/NeuroForge.build/Debug/NeuroForgeTests.build/Objects-normal/arm64/NeuroForgeTests_const_extract_protocols.json -Xcc -iquote -Xcc /tmp/NeuroForge-improvement-build/Build/Intermediates.noindex/NeuroForge.build/Debug/NeuroForgeTests.build/NeuroForgeTests-generated-files.hmap -Xcc -I/tmp/NeuroForge-improvement-build/Build/Intermediates.noindex/NeuroForge.build/Debug/NeuroForgeTests.build/NeuroForgeTests-own-target-headers.hmap -Xcc -I/tmp/NeuroForge-improvement-build/Build/Intermediates.noindex/NeuroForge.build/Debug/NeuroForgeTests.build/NeuroForgeTests-all-non-framework-target-headers.hmap -Xcc -ivfsoverlay -Xcc /tmp/NeuroForge-improvement-build/Build/Intermediates.noindex/NeuroForge.build/Debug/NeuroForge-1f477e43189f7d9a813ad7fc7bf5f2ec-VFS/all-product-headers.yaml -Xcc -iquote -Xcc /tmp/NeuroForge-improvement-build/Build/Intermediates.noindex/NeuroForge.build/Debug/NeuroForgeTests.build/NeuroForgeTests-project-headers.hmap -Xcc -I/tmp/NeuroForge-improvement-build/Build/Products/Debug/include -Xcc -I/tmp/NeuroForge-improvement-build/Build/Intermediates.noindex/NeuroForge.build/Debug/NeuroForgeTests.build/DerivedSources-normal/arm64 -Xcc -I/tmp/NeuroForge-improvement-build/Build/Intermediates.noindex/NeuroForge.build/Debug/NeuroForgeTests.build/DerivedSources/arm64 -Xcc -I/tmp/NeuroForge-improvement-build/Build/Intermediates.noindex/NeuroForge.build/Debug/NeuroForgeTests.build/DerivedSources -Xcc -DDEBUG\=1 -emit-objc-header -emit-objc-header-path /tmp/NeuroForge-improvement-build/Build/Intermediates.noindex/NeuroForge.build/Debug/NeuroForgeTests.build/Objects-normal/arm64/NeuroForgeTests-Swift.h -working-directory /Users/takamimarsh/Developer/Projects/Zacro\ Tech/NeuroForge -experimental-emit-module-separately -disable-cmo

SwiftCompile normal arm64 Compiling\ NFReleaseContentIntegrity.swift /Users/takamimarsh/Developer/Projects/Zacro\ Tech/NeuroForge/Sources/TrainingEngine/NFReleaseContentIntegrity.swift (in target 'NeuroForge' from project 'NeuroForge')

SwiftCompile normal arm64 /Users/takamimarsh/Developer/Projects/Zacro\ Tech/NeuroForge/Sources/TrainingEngine/NFReleaseContentIntegrity.swift (in target 'NeuroForge' from project 'NeuroForge')
    cd /Users/takamimarsh/Developer/Projects/Zacro\ Tech/NeuroForge
    

SwiftCompile normal arm64 Compiling\ NFRestrictedPseudocodeInterpreter.swift /Users/takamimarsh/Developer/Projects/Zacro\ Tech/NeuroForge/Sources/TrainingEngine/NFRestrictedPseudocodeInterpreter.swift (in target 'NeuroForge' from project 'NeuroForge')

SwiftCompile normal arm64 /Users/takamimarsh/Developer/Projects/Zacro\ Tech/NeuroForge/Sources/TrainingEngine/NFRestrictedPseudocodeInterpreter.swift (in target 'NeuroForge' from project 'NeuroForge')
    cd /Users/takamimarsh/Developer/Projects/Zacro\ Tech/NeuroForge
    

SwiftDriverJobDiscovery normal arm64 Compiling NFUserFacingContentLinter.swift (in target 'NeuroForge' from project 'NeuroForge')

SwiftCompile normal arm64 Compiling\ NFImprovementClaimEngine.swift /Users/takamimarsh/Developer/Projects/Zacro\ Tech/NeuroForge/Sources/Adaptive/NFImprovementClaimEngine.swift (in target 'NeuroForge' from project 'NeuroForge')

SwiftCompile normal arm64 /Users/takamimarsh/Developer/Projects/Zacro\ Tech/NeuroForge/Sources/Adaptive/NFImprovementClaimEngine.swift (in target 'NeuroForge' from project 'NeuroForge')
    cd /Users/takamimarsh/Developer/Projects/Zacro\ Tech/NeuroForge
    

SwiftDriverJobDiscovery normal arm64 Compiling SpatialDiagramView.swift (in target 'NeuroForge' from project 'NeuroForge')

SwiftCompile normal arm64 Compiling\ NFRestoreRequestStore.swift /Users/takamimarsh/Developer/Projects/Zacro\ Tech/NeuroForge/Sources/Privacy/NFRestoreRequestStore.swift (in target 'NeuroForge' from project 'NeuroForge')

SwiftCompile normal arm64 /Users/takamimarsh/Developer/Projects/Zacro\ Tech/NeuroForge/Sources/Privacy/NFRestoreRequestStore.swift (in target 'NeuroForge' from project 'NeuroForge')
    cd /Users/takamimarsh/Developer/Projects/Zacro\ Tech/NeuroForge
    

SwiftDriverJobDiscovery normal arm64 Compiling NFReleaseContentIntegrity.swift (in target 'NeuroForge' from project 'NeuroForge')

SwiftCompile normal arm64 Compiling\ NFGeneratedPracticeDraft.swift /Users/takamimarsh/Developer/Projects/Zacro\ Tech/NeuroForge/Sources/Features/AI/NFGeneratedPracticeDraft.swift (in target 'NeuroForge' from project 'NeuroForge')

SwiftCompile normal arm64 /Users/takamimarsh/Developer/Projects/Zacro\ Tech/NeuroForge/Sources/Features/AI/NFGeneratedPracticeDraft.swift (in target 'NeuroForge' from project 'NeuroForge')
    cd /Users/takamimarsh/Developer/Projects/Zacro\ Tech/NeuroForge
    

SwiftDriverJobDiscovery normal arm64 Compiling NFImprovementClaimEngine.swift (in target 'NeuroForge' from project 'NeuroForge')

SwiftCompile normal arm64 Compiling\ SystemControlsCard.swift /Users/takamimarsh/Developer/Projects/Zacro\ Tech/NeuroForge/Sources/Features/Settings/SystemControlsCard.swift (in target 'NeuroForge' from project 'NeuroForge')

SwiftCompile normal arm64 /Users/takamimarsh/Developer/Projects/Zacro\ Tech/NeuroForge/Sources/Features/Settings/SystemControlsCard.swift (in target 'NeuroForge' from project 'NeuroForge')
    cd /Users/takamimarsh/Developer/Projects/Zacro\ Tech/NeuroForge
    

SwiftDriverJobDiscovery normal arm64 Compiling SpotlightSettingsControls.swift (in target 'NeuroForge' from project 'NeuroForge')

SwiftCompile normal arm64 Compiling\ NFAdaptiveQuestionPopulationAppBridge.swift /Users/takamimarsh/Developer/Projects/Zacro\ Tech/NeuroForge/Sources/AI/NFAdaptiveQuestionPopulationAppBridge.swift (in target 'NeuroForge' from project 'NeuroForge')

SwiftCompile normal arm64 /Users/takamimarsh/Developer/Projects/Zacro\ Tech/NeuroForge/Sources/AI/NFAdaptiveQuestionPopulationAppBridge.swift (in target 'NeuroForge' from project 'NeuroForge')
    cd /Users/takamimarsh/Developer/Projects/Zacro\ Tech/NeuroForge
    

SwiftDriverJobDiscovery normal arm64 Compiling NFRestrictedPseudocodeInterpreter.swift (in target 'NeuroForge' from project 'NeuroForge')

SwiftCompile normal arm64 Compiling\ NFDocumentImportPipeline.swift /Users/takamimarsh/Developer/Projects/Zacro\ Tech/NeuroForge/Sources/AI/NFDocumentImportPipeline.swift (in target 'NeuroForge' from project 'NeuroForge')

SwiftCompile normal arm64 /Users/takamimarsh/Developer/Projects/Zacro\ Tech/NeuroForge/Sources/AI/NFDocumentImportPipeline.swift (in target 'NeuroForge' from project 'NeuroForge')
    cd /Users/takamimarsh/Developer/Projects/Zacro\ Tech/NeuroForge
    

SwiftDriverJobDiscovery normal arm64 Compiling NFExternalRoute.swift (in target 'NeuroForge' from project 'NeuroForge')

SwiftCompile normal arm64 Compiling\ NFSelectionReservationLedger.swift /Users/takamimarsh/Developer/Projects/Zacro\ Tech/NeuroForge/Sources/Adaptive/NFSelectionReservationLedger.swift (in target 'NeuroForge' from project 'NeuroForge')

SwiftCompile normal arm64 /Users/takamimarsh/Developer/Projects/Zacro\ Tech/NeuroForge/Sources/Adaptive/NFSelectionReservationLedger.swift (in target 'NeuroForge' from project 'NeuroForge')
    cd /Users/takamimarsh/Developer/Projects/Zacro\ Tech/NeuroForge
    

SwiftDriverJobDiscovery normal arm64 Compiling SystemControlsCard.swift (in target 'NeuroForge' from project 'NeuroForge')

SwiftCompile normal arm64 Compiling\ NFDailyScheduler.swift /Users/takamimarsh/Developer/Projects/Zacro\ Tech/NeuroForge/Sources/Assessment/NFDailyScheduler.swift (in target 'NeuroForge' from project 'NeuroForge')

SwiftCompile normal arm64 /Users/takamimarsh/Developer/Projects/Zacro\ Tech/NeuroForge/Sources/Assessment/NFDailyScheduler.swift (in target 'NeuroForge' from project 'NeuroForge')
    cd /Users/takamimarsh/Developer/Projects/Zacro\ Tech/NeuroForge
    

SwiftDriverJobDiscovery normal arm64 Compiling NFBundledRetrievalCatalog.swift (in target 'NeuroForge' from project 'NeuroForge')

SwiftCompile normal arm64 Compiling\ NFDefaultContentCatalog.swift /Users/takamimarsh/Developer/Projects/Zacro\ Tech/NeuroForge/Sources/TrainingEngine/NFDefaultContentCatalog.swift (in target 'NeuroForge' from project 'NeuroForge')

SwiftCompile normal arm64 /Users/takamimarsh/Developer/Projects/Zacro\ Tech/NeuroForge/Sources/TrainingEngine/NFDefaultContentCatalog.swift (in target 'NeuroForge' from project 'NeuroForge')
    cd /Users/takamimarsh/Developer/Projects/Zacro\ Tech/NeuroForge
    

SwiftDriverJobDiscovery normal arm64 Compiling NFAuthoringEngine.swift (in target 'NeuroForge' from project 'NeuroForge')

SwiftCompile normal arm64 Compiling\ NFShortcutAuthoringBridge.swift /Users/takamimarsh/Developer/Projects/Zacro\ Tech/NeuroForge/Sources/Integrations/NFShortcutAuthoringBridge.swift (in target 'NeuroForge' from project 'NeuroForge')

SwiftCompile normal arm64 /Users/takamimarsh/Developer/Projects/Zacro\ Tech/NeuroForge/Sources/Integrations/NFShortcutAuthoringBridge.swift (in target 'NeuroForge' from project 'NeuroForge')
    cd /Users/takamimarsh/Developer/Projects/Zacro\ Tech/NeuroForge
    

SwiftDriverJobDiscovery normal arm64 Compiling NFDocumentImportPipeline.swift (in target 'NeuroForge' from project 'NeuroForge')

SwiftCompile normal arm64 Compiling\ NFHistoricalPracticeProjection.swift /Users/takamimarsh/Developer/Projects/Zacro\ Tech/NeuroForge/Sources/Adaptive/NFHistoricalPracticeProjection.swift (in target 'NeuroForge' from project 'NeuroForge')

SwiftCompile normal arm64 /Users/takamimarsh/Developer/Projects/Zacro\ Tech/NeuroForge/Sources/Adaptive/NFHistoricalPracticeProjection.swift (in target 'NeuroForge' from project 'NeuroForge')
    cd /Users/takamimarsh/Developer/Projects/Zacro\ Tech/NeuroForge
    

SwiftDriverJobDiscovery normal arm64 Compiling NFPrivateStudyMetadata.swift (in target 'NeuroForge' from project 'NeuroForge')

SwiftCompile normal arm64 Compiling\ NFDataArchiveRestoreService.swift /Users/takamimarsh/Developer/Projects/Zacro\ Tech/NeuroForge/Sources/Privacy/NFDataArchiveRestoreService.swift (in target 'NeuroForge' from project 'NeuroForge')

SwiftCompile normal arm64 /Users/takamimarsh/Developer/Projects/Zacro\ Tech/NeuroForge/Sources/Privacy/NFDataArchiveRestoreService.swift (in target 'NeuroForge' from project 'NeuroForge')
    cd /Users/takamimarsh/Developer/Projects/Zacro\ Tech/NeuroForge
    

SwiftDriverJobDiscovery normal arm64 Compiling NFDefaultContentCatalog.swift (in target 'NeuroForge' from project 'NeuroForge')

SwiftCompile normal arm64 Compiling\ NFReassessmentScheduler.swift /Users/takamimarsh/Developer/Projects/Zacro\ Tech/NeuroForge/Sources/Assessment/NFReassessmentScheduler.swift (in target 'NeuroForge' from project 'NeuroForge')

SwiftCompile normal arm64 /Users/takamimarsh/Developer/Projects/Zacro\ Tech/NeuroForge/Sources/Assessment/NFReassessmentScheduler.swift (in target 'NeuroForge' from project 'NeuroForge')
    cd /Users/takamimarsh/Developer/Projects/Zacro\ Tech/NeuroForge
    

SwiftDriverJobDiscovery normal arm64 Compiling NFDailyScheduler.swift (in target 'NeuroForge' from project 'NeuroForge')

SwiftCompile normal arm64 Compiling\ AdaptiveEngine.swift /Users/takamimarsh/Developer/Projects/Zacro\ Tech/NeuroForge/Sources/Adaptive/AdaptiveEngine.swift (in target 'NeuroForge' from project 'NeuroForge')

SwiftCompile normal arm64 /Users/takamimarsh/Developer/Projects/Zacro\ Tech/NeuroForge/Sources/Adaptive/AdaptiveEngine.swift (in target 'NeuroForge' from project 'NeuroForge')
    cd /Users/takamimarsh/Developer/Projects/Zacro\ Tech/NeuroForge
    

SwiftDriverJobDiscovery normal arm64 Compiling NFHistoricalPracticeProjection.swift (in target 'NeuroForge' from project 'NeuroForge')

SwiftCompile normal arm64 Compiling\ NFSchemaMigration.swift /Users/takamimarsh/Developer/Projects/Zacro\ Tech/NeuroForge/Sources/Persistence/NFSchemaMigration.swift (in target 'NeuroForge' from project 'NeuroForge')

SwiftCompile normal arm64 /Users/takamimarsh/Developer/Projects/Zacro\ Tech/NeuroForge/Sources/Persistence/NFSchemaMigration.swift (in target 'NeuroForge' from project 'NeuroForge')
    cd /Users/takamimarsh/Developer/Projects/Zacro\ Tech/NeuroForge
    

SwiftDriverJobDiscovery normal arm64 Compiling NFSelectionReservationLedger.swift (in target 'NeuroForge' from project 'NeuroForge')

SwiftCompile normal arm64 Compiling\ NFOCRService.swift /Users/takamimarsh/Developer/Projects/Zacro\ Tech/NeuroForge/Sources/AI/NFOCRService.swift (in target 'NeuroForge' from project 'NeuroForge')

SwiftCompile normal arm64 /Users/takamimarsh/Developer/Projects/Zacro\ Tech/NeuroForge/Sources/AI/NFOCRService.swift (in target 'NeuroForge' from project 'NeuroForge')
    cd /Users/takamimarsh/Developer/Projects/Zacro\ Tech/NeuroForge
    

SwiftDriverJobDiscovery normal arm64 Compiling NFShortcutAuthoringBridge.swift (in target 'NeuroForge' from project 'NeuroForge')

SwiftCompile normal arm64 Compiling\ NFRestoreColdCoordinator.swift /Users/takamimarsh/Developer/Projects/Zacro\ Tech/NeuroForge/Sources/Privacy/NFRestoreColdCoordinator.swift (in target 'NeuroForge' from project 'NeuroForge')

SwiftCompile normal arm64 /Users/takamimarsh/Developer/Projects/Zacro\ Tech/NeuroForge/Sources/Privacy/NFRestoreColdCoordinator.swift (in target 'NeuroForge' from project 'NeuroForge')
    cd /Users/takamimarsh/Developer/Projects/Zacro\ Tech/NeuroForge
    

SwiftDriverJobDiscovery normal arm64 Compiling NFReassessmentScheduler.swift (in target 'NeuroForge' from project 'NeuroForge')

SwiftCompile normal arm64 Compiling\ NeuroForgeIntents.swift /Users/takamimarsh/Developer/Projects/Zacro\ Tech/NeuroForge/Sources/Integrations/NeuroForgeIntents.swift (in target 'NeuroForge' from project 'NeuroForge')

SwiftCompile normal arm64 /Users/takamimarsh/Developer/Projects/Zacro\ Tech/NeuroForge/Sources/Integrations/NeuroForgeIntents.swift (in target 'NeuroForge' from project 'NeuroForge')
    cd /Users/takamimarsh/Developer/Projects/Zacro\ Tech/NeuroForge
    

SwiftDriverJobDiscovery normal arm64 Compiling NFRestoreRequestStore.swift (in target 'NeuroForge' from project 'NeuroForge')

SwiftCompile normal arm64 Compiling\ NFAttemptAnnotationView.swift /Users/takamimarsh/Developer/Projects/Zacro\ Tech/NeuroForge/Sources/Features/Progress/NFAttemptAnnotationView.swift (in target 'NeuroForge' from project 'NeuroForge')

SwiftCompile normal arm64 /Users/takamimarsh/Developer/Projects/Zacro\ Tech/NeuroForge/Sources/Features/Progress/NFAttemptAnnotationView.swift (in target 'NeuroForge' from project 'NeuroForge')
    cd /Users/takamimarsh/Developer/Projects/Zacro\ Tech/NeuroForge
    

SwiftDriverJobDiscovery normal arm64 Compiling NFAdaptiveQuestionPopulationAppBridge.swift (in target 'NeuroForge' from project 'NeuroForge')

SwiftCompile normal arm64 Compiling\ NFLegacyRotationMigrationBridge.swift /Users/takamimarsh/Developer/Projects/Zacro\ Tech/NeuroForge/Sources/Adaptive/NFLegacyRotationMigrationBridge.swift (in target 'NeuroForge' from project 'NeuroForge')

SwiftCompile normal arm64 /Users/takamimarsh/Developer/Projects/Zacro\ Tech/NeuroForge/Sources/Adaptive/NFLegacyRotationMigrationBridge.swift (in target 'NeuroForge' from project 'NeuroForge')
    cd /Users/takamimarsh/Developer/Projects/Zacro\ Tech/NeuroForge
    

SwiftDriverJobDiscovery normal arm64 Compiling AdaptiveEngine.swift (in target 'NeuroForge' from project 'NeuroForge')

SwiftCompile normal arm64 Compiling\ MethodologyLibraryView.swift /Users/takamimarsh/Developer/Projects/Zacro\ Tech/NeuroForge/Sources/Features/Methodology/MethodologyLibraryView.swift (in target 'NeuroForge' from project 'NeuroForge')

SwiftCompile normal arm64 /Users/takamimarsh/Developer/Projects/Zacro\ Tech/NeuroForge/Sources/Features/Methodology/MethodologyLibraryView.swift (in target 'NeuroForge' from project 'NeuroForge')
    cd /Users/takamimarsh/Developer/Projects/Zacro\ Tech/NeuroForge
    

SwiftDriverJobDiscovery normal arm64 Compiling NFOCRService.swift (in target 'NeuroForge' from project 'NeuroForge')

SwiftCompile normal arm64 Compiling\ NFCalculationChainEngine.swift /Users/takamimarsh/Developer/Projects/Zacro\ Tech/NeuroForge/Sources/TrainingEngine/NFCalculationChainEngine.swift (in target 'NeuroForge' from project 'NeuroForge')

SwiftCompile normal arm64 /Users/takamimarsh/Developer/Projects/Zacro\ Tech/NeuroForge/Sources/TrainingEngine/NFCalculationChainEngine.swift (in target 'NeuroForge' from project 'NeuroForge')
    cd /Users/takamimarsh/Developer/Projects/Zacro\ Tech/NeuroForge
    

SwiftDriverJobDiscovery normal arm64 Compiling NFLegacyRotationMigrationBridge.swift (in target 'NeuroForge' from project 'NeuroForge')

SwiftCompile normal arm64 Compiling\ NFReleaseContentRuntimeBridge.swift /Users/takamimarsh/Developer/Projects/Zacro\ Tech/NeuroForge/Sources/TrainingEngine/NFReleaseContentRuntimeBridge.swift (in target 'NeuroForge' from project 'NeuroForge')

SwiftCompile normal arm64 /Users/takamimarsh/Developer/Projects/Zacro\ Tech/NeuroForge/Sources/TrainingEngine/NFReleaseContentRuntimeBridge.swift (in target 'NeuroForge' from project 'NeuroForge')
    cd /Users/takamimarsh/Developer/Projects/Zacro\ Tech/NeuroForge
    

SwiftDriverJobDiscovery normal arm64 Compiling NFRestoreColdCoordinator.swift (in target 'NeuroForge' from project 'NeuroForge')

SwiftCompile normal arm64 Compiling\ NFOnboardingSampleView.swift /Users/takamimarsh/Developer/Projects/Zacro\ Tech/NeuroForge/Sources/Features/Onboarding/NFOnboardingSampleView.swift (in target 'NeuroForge' from project 'NeuroForge')

SwiftCompile normal arm64 /Users/takamimarsh/Developer/Projects/Zacro\ Tech/NeuroForge/Sources/Features/Onboarding/NFOnboardingSampleView.swift (in target 'NeuroForge' from project 'NeuroForge')
    cd /Users/takamimarsh/Developer/Projects/Zacro\ Tech/NeuroForge
    

SwiftDriverJobDiscovery normal arm64 Compiling MethodologyLibraryView.swift (in target 'NeuroForge' from project 'NeuroForge')

SwiftCompile normal arm64 Compiling\ NFReleaseContentCatalog.swift /Users/takamimarsh/Developer/Projects/Zacro\ Tech/NeuroForge/Sources/TrainingEngine/NFReleaseContentCatalog.swift (in target 'NeuroForge' from project 'NeuroForge')

SwiftCompile normal arm64 /Users/takamimarsh/Developer/Projects/Zacro\ Tech/NeuroForge/Sources/TrainingEngine/NFReleaseContentCatalog.swift (in target 'NeuroForge' from project 'NeuroForge')
    cd /Users/takamimarsh/Developer/Projects/Zacro\ Tech/NeuroForge
    

SwiftDriverJobDiscovery normal arm64 Compiling NFCalculationChainEngine.swift (in target 'NeuroForge' from project 'NeuroForge')

SwiftCompile normal arm64 Compiling\ ProfileEditorView.swift /Users/takamimarsh/Developer/Projects/Zacro\ Tech/NeuroForge/Sources/Features/Settings/ProfileEditorView.swift (in target 'NeuroForge' from project 'NeuroForge')

SwiftCompile normal arm64 /Users/takamimarsh/Developer/Projects/Zacro\ Tech/NeuroForge/Sources/Features/Settings/ProfileEditorView.swift (in target 'NeuroForge' from project 'NeuroForge')
    cd /Users/takamimarsh/Developer/Projects/Zacro\ Tech/NeuroForge
    

SwiftDriverJobDiscovery normal arm64 Compiling NFGeneratedPracticeDraft.swift (in target 'NeuroForge' from project 'NeuroForge')

SwiftCompile normal arm64 Compiling\ SessionView.swift /Users/takamimarsh/Developer/Projects/Zacro\ Tech/NeuroForge/Sources/Features/Training/SessionView.swift (in target 'NeuroForge' from project 'NeuroForge')

SwiftCompile normal arm64 /Users/takamimarsh/Developer/Projects/Zacro\ Tech/NeuroForge/Sources/Features/Training/SessionView.swift (in target 'NeuroForge' from project 'NeuroForge')
    cd /Users/takamimarsh/Developer/Projects/Zacro\ Tech/NeuroForge
    

SwiftDriverJobDiscovery normal arm64 Compiling NFReleaseContentRuntimeBridge.swift (in target 'NeuroForge' from project 'NeuroForge')

SwiftCompile normal arm64 Compiling\ NFAuthoredExerciseAuthority.swift /Users/takamimarsh/Developer/Projects/Zacro\ Tech/NeuroForge/Sources/AI/NFAuthoredExerciseAuthority.swift (in target 'NeuroForge' from project 'NeuroForge')

SwiftCompile normal arm64 /Users/takamimarsh/Developer/Projects/Zacro\ Tech/NeuroForge/Sources/AI/NFAuthoredExerciseAuthority.swift (in target 'NeuroForge' from project 'NeuroForge')
    cd /Users/takamimarsh/Developer/Projects/Zacro\ Tech/NeuroForge
    

SwiftDriverJobDiscovery normal arm64 Compiling AppRootView.swift (in target 'NeuroForge' from project 'NeuroForge')

SwiftCompile normal arm64 Compiling\ NFStudyResourcesView.swift /Users/takamimarsh/Developer/Projects/Zacro\ Tech/NeuroForge/Sources/Features/Library/NFStudyResourcesView.swift (in target 'NeuroForge' from project 'NeuroForge')

SwiftCompile normal arm64 /Users/takamimarsh/Developer/Projects/Zacro\ Tech/NeuroForge/Sources/Features/Library/NFStudyResourcesView.swift (in target 'NeuroForge' from project 'NeuroForge')
    cd /Users/takamimarsh/Developer/Projects/Zacro\ Tech/NeuroForge
    

SwiftDriverJobDiscovery normal arm64 Compiling SessionView.swift (in target 'NeuroForge' from project 'NeuroForge')

SwiftCompile normal arm64 Compiling\ NFCodeTraceContract.swift /Users/takamimarsh/Developer/Projects/Zacro\ Tech/NeuroForge/Sources/TrainingEngine/NFCodeTraceContract.swift (in target 'NeuroForge' from project 'NeuroForge')

SwiftCompile normal arm64 /Users/takamimarsh/Developer/Projects/Zacro\ Tech/NeuroForge/Sources/TrainingEngine/NFCodeTraceContract.swift (in target 'NeuroForge' from project 'NeuroForge')
    cd /Users/takamimarsh/Developer/Projects/Zacro\ Tech/NeuroForge
    

SwiftDriverJobDiscovery normal arm64 Compiling NFSchemaMigration.swift (in target 'NeuroForge' from project 'NeuroForge')

SwiftCompile normal arm64 Compiling\ NFLaTeXEquationView.swift /Users/takamimarsh/Developer/Projects/Zacro\ Tech/NeuroForge/Sources/DesignSystem/NFLaTeXEquationView.swift (in target 'NeuroForge' from project 'NeuroForge')

SwiftCompile normal arm64 /Users/takamimarsh/Developer/Projects/Zacro\ Tech/NeuroForge/Sources/DesignSystem/NFLaTeXEquationView.swift (in target 'NeuroForge' from project 'NeuroForge')
    cd /Users/takamimarsh/Developer/Projects/Zacro\ Tech/NeuroForge
    

SwiftDriverJobDiscovery normal arm64 Compiling NFReleaseContentCatalog.swift (in target 'NeuroForge' from project 'NeuroForge')

SwiftCompile normal arm64 Compiling\ NFExactArithmetic.swift /Users/takamimarsh/Developer/Projects/Zacro\ Tech/NeuroForge/Sources/TrainingEngine/NFExactArithmetic.swift (in target 'NeuroForge' from project 'NeuroForge')

SwiftCompile normal arm64 /Users/takamimarsh/Developer/Projects/Zacro\ Tech/NeuroForge/Sources/TrainingEngine/NFExactArithmetic.swift (in target 'NeuroForge' from project 'NeuroForge')
    cd /Users/takamimarsh/Developer/Projects/Zacro\ Tech/NeuroForge
    

SwiftDriverJobDiscovery normal arm64 Compiling NFOnboardingSampleView.swift (in target 'NeuroForge' from project 'NeuroForge')

SwiftCompile normal arm64 Compiling\ EditorialBandEvidenceV1.swift /Users/takamimarsh/Developer/Projects/Zacro\ Tech/NeuroForge/Sources/Adaptive/EditorialBandEvidenceV1.swift (in target 'NeuroForge' from project 'NeuroForge')

SwiftCompile normal arm64 /Users/takamimarsh/Developer/Projects/Zacro\ Tech/NeuroForge/Sources/Adaptive/EditorialBandEvidenceV1.swift (in target 'NeuroForge' from project 'NeuroForge')
    cd /Users/takamimarsh/Developer/Projects/Zacro\ Tech/NeuroForge
    

SwiftDriverJobDiscovery normal arm64 Compiling NeuroForgeIntents.swift (in target 'NeuroForge' from project 'NeuroForge')

SwiftCompile normal arm64 Compiling\ NFMentalMathEvidence.swift /Users/takamimarsh/Developer/Projects/Zacro\ Tech/NeuroForge/Sources/TrainingEngine/NFMentalMathEvidence.swift (in target 'NeuroForge' from project 'NeuroForge')

SwiftCompile normal arm64 /Users/takamimarsh/Developer/Projects/Zacro\ Tech/NeuroForge/Sources/TrainingEngine/NFMentalMathEvidence.swift (in target 'NeuroForge' from project 'NeuroForge')
    cd /Users/takamimarsh/Developer/Projects/Zacro\ Tech/NeuroForge
    

SwiftDriverJobDiscovery normal arm64 Compiling NFAuthoredExerciseAuthority.swift (in target 'NeuroForge' from project 'NeuroForge')

SwiftCompile normal arm64 Compiling\ NFAssessmentEngine.swift /Users/takamimarsh/Developer/Projects/Zacro\ Tech/NeuroForge/Sources/Assessment/NFAssessmentEngine.swift (in target 'NeuroForge' from project 'NeuroForge')

SwiftCompile normal arm64 /Users/takamimarsh/Developer/Projects/Zacro\ Tech/NeuroForge/Sources/Assessment/NFAssessmentEngine.swift (in target 'NeuroForge' from project 'NeuroForge')
    cd /Users/takamimarsh/Developer/Projects/Zacro\ Tech/NeuroForge
    

SwiftDriverJobDiscovery normal arm64 Compiling NFLaTeXEquationView.swift (in target 'NeuroForge' from project 'NeuroForge')

SwiftCompile normal arm64 Compiling\ NFModelAuthoringValidator.swift /Users/takamimarsh/Developer/Projects/Zacro\ Tech/NeuroForge/Sources/AI/NFModelAuthoringValidator.swift (in target 'NeuroForge' from project 'NeuroForge')

SwiftCompile normal arm64 /Users/takamimarsh/Developer/Projects/Zacro\ Tech/NeuroForge/Sources/AI/NFModelAuthoringValidator.swift (in target 'NeuroForge' from project 'NeuroForge')
    cd /Users/takamimarsh/Developer/Projects/Zacro\ Tech/NeuroForge
    

SwiftDriverJobDiscovery normal arm64 Compiling NFAttemptAnnotationView.swift (in target 'NeuroForge' from project 'NeuroForge')

SwiftCompile normal arm64 Compiling\ SourceGrounding.swift /Users/takamimarsh/Developer/Projects/Zacro\ Tech/NeuroForge/Sources/AI/SourceGrounding.swift (in target 'NeuroForge' from project 'NeuroForge')

SwiftCompile normal arm64 /Users/takamimarsh/Developer/Projects/Zacro\ Tech/NeuroForge/Sources/AI/SourceGrounding.swift (in target 'NeuroForge' from project 'NeuroForge')
    cd /Users/takamimarsh/Developer/Projects/Zacro\ Tech/NeuroForge
    

SwiftDriverJobDiscovery normal arm64 Compiling ProfileEditorView.swift (in target 'NeuroForge' from project 'NeuroForge')

SwiftCompile normal arm64 Compiling\ NFStarterQuestionSetCatalog.swift /Users/takamimarsh/Developer/Projects/Zacro\ Tech/NeuroForge/Sources/TrainingEngine/NFStarterQuestionSetCatalog.swift (in target 'NeuroForge' from project 'NeuroForge')

SwiftCompile normal arm64 /Users/takamimarsh/Developer/Projects/Zacro\ Tech/NeuroForge/Sources/TrainingEngine/NFStarterQuestionSetCatalog.swift (in target 'NeuroForge' from project 'NeuroForge')
    cd /Users/takamimarsh/Developer/Projects/Zacro\ Tech/NeuroForge
    

SwiftDriverJobDiscovery normal arm64 Compiling NFCodeTraceContract.swift (in target 'NeuroForge' from project 'NeuroForge')

SwiftCompile normal arm64 Compiling\ ProgressDashboardView.swift /Users/takamimarsh/Developer/Projects/Zacro\ Tech/NeuroForge/Sources/Features/Progress/ProgressDashboardView.swift (in target 'NeuroForge' from project 'NeuroForge')

SwiftCompile normal arm64 /Users/takamimarsh/Developer/Projects/Zacro\ Tech/NeuroForge/Sources/Features/Progress/ProgressDashboardView.swift (in target 'NeuroForge' from project 'NeuroForge')
    cd /Users/takamimarsh/Developer/Projects/Zacro\ Tech/NeuroForge
    

SwiftDriverJobDiscovery normal arm64 Compiling NFExactArithmetic.swift (in target 'NeuroForge' from project 'NeuroForge')

SwiftCompile normal arm64 Compiling\ NFNotificationIntegration.swift /Users/takamimarsh/Developer/Projects/Zacro\ Tech/NeuroForge/Sources/Integrations/System/NFNotificationIntegration.swift (in target 'NeuroForge' from project 'NeuroForge')

SwiftCompile normal arm64 /Users/takamimarsh/Developer/Projects/Zacro\ Tech/NeuroForge/Sources/Integrations/System/NFNotificationIntegration.swift (in target 'NeuroForge' from project 'NeuroForge')
    cd /Users/takamimarsh/Developer/Projects/Zacro\ Tech/NeuroForge
    

SwiftDriverJobDiscovery normal arm64 Compiling NFMentalMathEvidence.swift (in target 'NeuroForge' from project 'NeuroForge')

SwiftCompile normal arm64 Compiling\ NFEditorialSchedulingPolicy.swift /Users/takamimarsh/Developer/Projects/Zacro\ Tech/NeuroForge/Sources/Assessment/NFEditorialSchedulingPolicy.swift (in target 'NeuroForge' from project 'NeuroForge')

SwiftCompile normal arm64 /Users/takamimarsh/Developer/Projects/Zacro\ Tech/NeuroForge/Sources/Assessment/NFEditorialSchedulingPolicy.swift (in target 'NeuroForge' from project 'NeuroForge')
    cd /Users/takamimarsh/Developer/Projects/Zacro\ Tech/NeuroForge
    

SwiftDriverJobDiscovery normal arm64 Compiling NFAssessmentEngine.swift (in target 'NeuroForge' from project 'NeuroForge')

SwiftCompile normal arm64 Compiling\ NFMentalMathDomainPacks.swift /Users/takamimarsh/Developer/Projects/Zacro\ Tech/NeuroForge/Sources/TrainingEngine/NFMentalMathDomainPacks.swift (in target 'NeuroForge' from project 'NeuroForge')

SwiftCompile normal arm64 /Users/takamimarsh/Developer/Projects/Zacro\ Tech/NeuroForge/Sources/TrainingEngine/NFMentalMathDomainPacks.swift (in target 'NeuroForge' from project 'NeuroForge')
    cd /Users/takamimarsh/Developer/Projects/Zacro\ Tech/NeuroForge
    

SwiftDriverJobDiscovery normal arm64 Compiling NFStarterQuestionSetCatalog.swift (in target 'NeuroForge' from project 'NeuroForge')

SwiftCompile normal arm64 Compiling\ NFAppLocalization.swift /Users/takamimarsh/Developer/Projects/Zacro\ Tech/NeuroForge/Sources/Resources/NFAppLocalization.swift (in target 'NeuroForge' from project 'NeuroForge')

SwiftCompile normal arm64 /Users/takamimarsh/Developer/Projects/Zacro\ Tech/NeuroForge/Sources/Resources/NFAppLocalization.swift (in target 'NeuroForge' from project 'NeuroForge')
    cd /Users/takamimarsh/Developer/Projects/Zacro\ Tech/NeuroForge
    

SwiftDriverJobDiscovery normal arm64 Compiling NFModelAuthoringValidator.swift (in target 'NeuroForge' from project 'NeuroForge')

SwiftCompile normal arm64 Compiling\ NFCodeTraceSampleView.swift /Users/takamimarsh/Developer/Projects/Zacro\ Tech/NeuroForge/Sources/Features/Training/NFCodeTraceSampleView.swift (in target 'NeuroForge' from project 'NeuroForge')

SwiftCompile normal arm64 /Users/takamimarsh/Developer/Projects/Zacro\ Tech/NeuroForge/Sources/Features/Training/NFCodeTraceSampleView.swift (in target 'NeuroForge' from project 'NeuroForge')
    cd /Users/takamimarsh/Developer/Projects/Zacro\ Tech/NeuroForge
    

SwiftDriverJobDiscovery normal arm64 Compiling NFNotificationIntegration.swift (in target 'NeuroForge' from project 'NeuroForge')

SwiftCompile normal arm64 Compiling\ AIModels.swift /Users/takamimarsh/Developer/Projects/Zacro\ Tech/NeuroForge/Sources/AI/AIModels.swift (in target 'NeuroForge' from project 'NeuroForge')

SwiftCompile normal arm64 /Users/takamimarsh/Developer/Projects/Zacro\ Tech/NeuroForge/Sources/AI/AIModels.swift (in target 'NeuroForge' from project 'NeuroForge')
    cd /Users/takamimarsh/Developer/Projects/Zacro\ Tech/NeuroForge
    

SwiftDriverJobDiscovery normal arm64 Compiling SourceGrounding.swift (in target 'NeuroForge' from project 'NeuroForge')

SwiftCompile normal arm64 Compiling\ NeuroForgeApp.swift /Users/takamimarsh/Developer/Projects/Zacro\ Tech/NeuroForge/Sources/App/NeuroForgeApp.swift (in target 'NeuroForge' from project 'NeuroForge')

SwiftCompile normal arm64 /Users/takamimarsh/Developer/Projects/Zacro\ Tech/NeuroForge/Sources/App/NeuroForgeApp.swift (in target 'NeuroForge' from project 'NeuroForge')
    cd /Users/takamimarsh/Developer/Projects/Zacro\ Tech/NeuroForge
    

SwiftCompile normal arm64 Compiling\ InputCalibrationSettingsView.swift /Users/takamimarsh/Developer/Projects/Zacro\ Tech/NeuroForge/Sources/Features/Settings/InputCalibrationSettingsView.swift (in target 'NeuroForge' from project 'NeuroForge')

SwiftCompile normal arm64 /Users/takamimarsh/Developer/Projects/Zacro\ Tech/NeuroForge/Sources/Features/Settings/InputCalibrationSettingsView.swift (in target 'NeuroForge' from project 'NeuroForge')
    cd /Users/takamimarsh/Developer/Projects/Zacro\ Tech/NeuroForge
    

SwiftDriverJobDiscovery normal arm64 Compiling PersistenceModels.swift (in target 'NeuroForge' from project 'NeuroForge')

SwiftCompile normal arm64 Compiling\ NFContentAdmission.swift /Users/takamimarsh/Developer/Projects/Zacro\ Tech/NeuroForge/Sources/TrainingEngine/NFContentAdmission.swift (in target 'NeuroForge' from project 'NeuroForge')

SwiftCompile normal arm64 /Users/takamimarsh/Developer/Projects/Zacro\ Tech/NeuroForge/Sources/TrainingEngine/NFContentAdmission.swift (in target 'NeuroForge' from project 'NeuroForge')
    cd /Users/takamimarsh/Developer/Projects/Zacro\ Tech/NeuroForge
    

SwiftDriverJobDiscovery normal arm64 Compiling NFMentalMathDomainPacks.swift (in target 'NeuroForge' from project 'NeuroForge')

SwiftCompile normal arm64 Compiling\ NFPrivateDocumentAssetQueue.swift /Users/takamimarsh/Developer/Projects/Zacro\ Tech/NeuroForge/Sources/Integrations/System/NFPrivateDocumentAssetQueue.swift (in target 'NeuroForge' from project 'NeuroForge')

SwiftCompile normal arm64 /Users/takamimarsh/Developer/Projects/Zacro\ Tech/NeuroForge/Sources/Integrations/System/NFPrivateDocumentAssetQueue.swift (in target 'NeuroForge' from project 'NeuroForge')
    cd /Users/takamimarsh/Developer/Projects/Zacro\ Tech/NeuroForge
    

SwiftDriverJobDiscovery normal arm64 Compiling NFAppLocalization.swift (in target 'NeuroForge' from project 'NeuroForge')

SwiftCompile normal arm64 Compiling\ NFTransferTaxonomy.swift /Users/takamimarsh/Developer/Projects/Zacro\ Tech/NeuroForge/Sources/Adaptive/NFTransferTaxonomy.swift (in target 'NeuroForge' from project 'NeuroForge')

SwiftCompile normal arm64 /Users/takamimarsh/Developer/Projects/Zacro\ Tech/NeuroForge/Sources/Adaptive/NFTransferTaxonomy.swift (in target 'NeuroForge' from project 'NeuroForge')
    cd /Users/takamimarsh/Developer/Projects/Zacro\ Tech/NeuroForge
    

SwiftDriverJobDiscovery normal arm64 Compiling EditorialBandEvidenceV1.swift (in target 'NeuroForge' from project 'NeuroForge')

SwiftCompile normal arm64 Compiling\ SettingsView.swift /Users/takamimarsh/Developer/Projects/Zacro\ Tech/NeuroForge/Sources/Features/Settings/SettingsView.swift (in target 'NeuroForge' from project 'NeuroForge')

SwiftCompile normal arm64 /Users/takamimarsh/Developer/Projects/Zacro\ Tech/NeuroForge/Sources/Features/Settings/SettingsView.swift (in target 'NeuroForge' from project 'NeuroForge')
    cd /Users/takamimarsh/Developer/Projects/Zacro\ Tech/NeuroForge
    

SwiftDriverJobDiscovery normal arm64 Compiling NFEditorialSchedulingPolicy.swift (in target 'NeuroForge' from project 'NeuroForge')

SwiftCompile normal arm64 Compiling\ NFWidgetSnapshotPublishing.swift /Users/takamimarsh/Developer/Projects/Zacro\ Tech/NeuroForge/Sources/Integrations/NFWidgetSnapshotPublishing.swift (in target 'NeuroForge' from project 'NeuroForge')

SwiftCompile normal arm64 /Users/takamimarsh/Developer/Projects/Zacro\ Tech/NeuroForge/Sources/Integrations/NFWidgetSnapshotPublishing.swift (in target 'NeuroForge' from project 'NeuroForge')
    cd /Users/takamimarsh/Developer/Projects/Zacro\ Tech/NeuroForge
    

SwiftDriverJobDiscovery normal arm64 Compiling AIModels.swift (in target 'NeuroForge' from project 'NeuroForge')

SwiftCompile normal arm64 Compiling\ NFRetentionTransferScheduler.swift /Users/takamimarsh/Developer/Projects/Zacro\ Tech/NeuroForge/Sources/Assessment/NFRetentionTransferScheduler.swift (in target 'NeuroForge' from project 'NeuroForge')

SwiftCompile normal arm64 /Users/takamimarsh/Developer/Projects/Zacro\ Tech/NeuroForge/Sources/Assessment/NFRetentionTransferScheduler.swift (in target 'NeuroForge' from project 'NeuroForge')
    cd /Users/takamimarsh/Developer/Projects/Zacro\ Tech/NeuroForge
    

SwiftDriverJobDiscovery normal arm64 Compiling NFContentAdmission.swift (in target 'NeuroForge' from project 'NeuroForge')

SwiftCompile normal arm64 Compiling\ NFPlanBoundaryPolicy.swift /Users/takamimarsh/Developer/Projects/Zacro\ Tech/NeuroForge/Sources/Assessment/NFPlanBoundaryPolicy.swift (in target 'NeuroForge' from project 'NeuroForge')

SwiftCompile normal arm64 /Users/takamimarsh/Developer/Projects/Zacro\ Tech/NeuroForge/Sources/Assessment/NFPlanBoundaryPolicy.swift (in target 'NeuroForge' from project 'NeuroForge')
    cd /Users/takamimarsh/Developer/Projects/Zacro\ Tech/NeuroForge
    

SwiftDriverJobDiscovery normal arm64 Compiling NFCodeTraceSampleView.swift (in target 'NeuroForge' from project 'NeuroForge')

SwiftCompile normal arm64 Compiling\ NFDataExportService.swift /Users/takamimarsh/Developer/Projects/Zacro\ Tech/NeuroForge/Sources/Privacy/NFDataExportService.swift (in target 'NeuroForge' from project 'NeuroForge')

SwiftCompile normal arm64 /Users/takamimarsh/Developer/Projects/Zacro\ Tech/NeuroForge/Sources/Privacy/NFDataExportService.swift (in target 'NeuroForge' from project 'NeuroForge')
    cd /Users/takamimarsh/Developer/Projects/Zacro\ Tech/NeuroForge
    

SwiftDriverJobDiscovery normal arm64 Compiling NFTransferTaxonomy.swift (in target 'NeuroForge' from project 'NeuroForge')

SwiftCompile normal arm64 Compiling\ NFMentalMathProgressAdapter.swift /Users/takamimarsh/Developer/Projects/Zacro\ Tech/NeuroForge/Sources/Adaptive/NFMentalMathProgressAdapter.swift (in target 'NeuroForge' from project 'NeuroForge')

SwiftCompile normal arm64 /Users/takamimarsh/Developer/Projects/Zacro\ Tech/NeuroForge/Sources/Adaptive/NFMentalMathProgressAdapter.swift (in target 'NeuroForge' from project 'NeuroForge')
    cd /Users/takamimarsh/Developer/Projects/Zacro\ Tech/NeuroForge
    

SwiftDriverJobDiscovery normal arm64 Compiling NFPlanBoundaryPolicy.swift (in target 'NeuroForge' from project 'NeuroForge')

SwiftCompile normal arm64 Compiling\ NFOfflineQuestionRotation.swift /Users/takamimarsh/Developer/Projects/Zacro\ Tech/NeuroForge/Sources/TrainingEngine/NFOfflineQuestionRotation.swift (in target 'NeuroForge' from project 'NeuroForge')

SwiftCompile normal arm64 /Users/takamimarsh/Developer/Projects/Zacro\ Tech/NeuroForge/Sources/TrainingEngine/NFOfflineQuestionRotation.swift (in target 'NeuroForge' from project 'NeuroForge')
    cd /Users/takamimarsh/Developer/Projects/Zacro\ Tech/NeuroForge
    

SwiftDriverJobDiscovery normal arm64 Compiling NFPrivateDocumentAssetQueue.swift (in target 'NeuroForge' from project 'NeuroForge')

SwiftCompile normal arm64 Compiling\ NFResponsePresentation.swift /Users/takamimarsh/Developer/Projects/Zacro\ Tech/NeuroForge/Sources/Features/Progress/NFResponsePresentation.swift (in target 'NeuroForge' from project 'NeuroForge')

SwiftCompile normal arm64 /Users/takamimarsh/Developer/Projects/Zacro\ Tech/NeuroForge/Sources/Features/Progress/NFResponsePresentation.swift (in target 'NeuroForge' from project 'NeuroForge')
    cd /Users/takamimarsh/Developer/Projects/Zacro\ Tech/NeuroForge
    

SwiftDriverJobDiscovery normal arm64 Compiling NFStudyResourcesView.swift (in target 'NeuroForge' from project 'NeuroForge')

SwiftCompile normal arm64 Compiling\ NFTodaySessionSequence.swift /Users/takamimarsh/Developer/Projects/Zacro\ Tech/NeuroForge/Sources/Features/Training/NFTodaySessionSequence.swift (in target 'NeuroForge' from project 'NeuroForge')

SwiftCompile normal arm64 /Users/takamimarsh/Developer/Projects/Zacro\ Tech/NeuroForge/Sources/Features/Training/NFTodaySessionSequence.swift (in target 'NeuroForge' from project 'NeuroForge')
    cd /Users/takamimarsh/Developer/Projects/Zacro\ Tech/NeuroForge
    

SwiftDriverJobDiscovery normal arm64 Compiling NFRetentionTransferScheduler.swift (in target 'NeuroForge' from project 'NeuroForge')

SwiftCompile normal arm64 Compiling\ ProgressAnnotationsView.swift /Users/takamimarsh/Developer/Projects/Zacro\ Tech/NeuroForge/Sources/Features/Progress/ProgressAnnotationsView.swift (in target 'NeuroForge' from project 'NeuroForge')

SwiftCompile normal arm64 /Users/takamimarsh/Developer/Projects/Zacro\ Tech/NeuroForge/Sources/Features/Progress/ProgressAnnotationsView.swift (in target 'NeuroForge' from project 'NeuroForge')
    cd /Users/takamimarsh/Developer/Projects/Zacro\ Tech/NeuroForge
    

SwiftDriverJobDiscovery normal arm64 Compiling NFOfflineQuestionRotation.swift (in target 'NeuroForge' from project 'NeuroForge')

SwiftCompile normal arm64 Compiling\ NFAdaptiveQuestionPopulationPolicy.swift /Users/takamimarsh/Developer/Projects/Zacro\ Tech/NeuroForge/Sources/AI/NFAdaptiveQuestionPopulationPolicy.swift (in target 'NeuroForge' from project 'NeuroForge')

SwiftCompile normal arm64 /Users/takamimarsh/Developer/Projects/Zacro\ Tech/NeuroForge/Sources/AI/NFAdaptiveQuestionPopulationPolicy.swift (in target 'NeuroForge' from project 'NeuroForge')
    cd /Users/takamimarsh/Developer/Projects/Zacro\ Tech/NeuroForge
    

SwiftDriverJobDiscovery normal arm64 Compiling NFResponsePresentation.swift (in target 'NeuroForge' from project 'NeuroForge')

SwiftCompile normal arm64 Compiling\ NFNextDayEnhancementCache.swift /Users/takamimarsh/Developer/Projects/Zacro\ Tech/NeuroForge/Sources/AI/NFNextDayEnhancementCache.swift (in target 'NeuroForge' from project 'NeuroForge')

SwiftCompile normal arm64 /Users/takamimarsh/Developer/Projects/Zacro\ Tech/NeuroForge/Sources/AI/NFNextDayEnhancementCache.swift (in target 'NeuroForge' from project 'NeuroForge')
    cd /Users/takamimarsh/Developer/Projects/Zacro\ Tech/NeuroForge
    

SwiftDriverJobDiscovery normal arm64 Compiling InputCalibrationSettingsView.swift (in target 'NeuroForge' from project 'NeuroForge')

SwiftCompile normal arm64 Compiling\ NFClaimEvidenceEditor.swift /Users/takamimarsh/Developer/Projects/Zacro\ Tech/NeuroForge/Sources/Features/Training/NFClaimEvidenceEditor.swift (in target 'NeuroForge' from project 'NeuroForge')

SwiftCompile normal arm64 /Users/takamimarsh/Developer/Projects/Zacro\ Tech/NeuroForge/Sources/Features/Training/NFClaimEvidenceEditor.swift (in target 'NeuroForge' from project 'NeuroForge')
    cd /Users/takamimarsh/Developer/Projects/Zacro\ Tech/NeuroForge
    

SwiftDriverJobDiscovery normal arm64 Compiling NFDataArchiveRestoreService.swift (in target 'NeuroForge' from project 'NeuroForge')

SwiftCompile normal arm64 Compiling\ NFPlanReplacementPersistence.swift /Users/takamimarsh/Developer/Projects/Zacro\ Tech/NeuroForge/Sources/Persistence/NFPlanReplacementPersistence.swift (in target 'NeuroForge' from project 'NeuroForge')

SwiftCompile normal arm64 /Users/takamimarsh/Developer/Projects/Zacro\ Tech/NeuroForge/Sources/Persistence/NFPlanReplacementPersistence.swift (in target 'NeuroForge' from project 'NeuroForge')
    cd /Users/takamimarsh/Developer/Projects/Zacro\ Tech/NeuroForge
    

SwiftDriverJobDiscovery normal arm64 Compiling NFAdaptiveQuestionPopulationPolicy.swift (in target 'NeuroForge' from project 'NeuroForge')

SwiftCompile normal arm64 Compiling\ NFRestrictedSymbolicAuthority.swift /Users/takamimarsh/Developer/Projects/Zacro\ Tech/NeuroForge/Sources/TrainingEngine/NFRestrictedSymbolicAuthority.swift (in target 'NeuroForge' from project 'NeuroForge')

SwiftCompile normal arm64 /Users/takamimarsh/Developer/Projects/Zacro\ Tech/NeuroForge/Sources/TrainingEngine/NFRestrictedSymbolicAuthority.swift (in target 'NeuroForge' from project 'NeuroForge')
    cd /Users/takamimarsh/Developer/Projects/Zacro\ Tech/NeuroForge
    

SwiftDriverJobDiscovery normal arm64 Compiling NFWidgetSnapshotPublishing.swift (in target 'NeuroForge' from project 'NeuroForge')

SwiftCompile normal arm64 Compiling\ BaselineOverviewView.swift /Users/takamimarsh/Developer/Projects/Zacro\ Tech/NeuroForge/Sources/Features/Assessment/BaselineOverviewView.swift (in target 'NeuroForge' from project 'NeuroForge')

SwiftCompile normal arm64 /Users/takamimarsh/Developer/Projects/Zacro\ Tech/NeuroForge/Sources/Features/Assessment/BaselineOverviewView.swift (in target 'NeuroForge' from project 'NeuroForge')
    cd /Users/takamimarsh/Developer/Projects/Zacro\ Tech/NeuroForge
    

SwiftDriverJobDiscovery normal arm64 Compiling NFNextDayEnhancementCache.swift (in target 'NeuroForge' from project 'NeuroForge')

SwiftCompile normal arm64 Compiling\ NFLocalSessionRepository.swift /Users/takamimarsh/Developer/Projects/Zacro\ Tech/NeuroForge/Sources/Persistence/NFLocalSessionRepository.swift (in target 'NeuroForge' from project 'NeuroForge')
SwiftCompile normal arm64 /Users/takamimarsh/Developer/Projects/Zacro\ Tech/NeuroForge/Sources/Persistence/NFLocalSessionRepository.swift (in target 'NeuroForge' from project 'NeuroForge')
    cd /Users/takamimarsh/Developer/Projects/Zacro\ Tech/NeuroForge
    

SwiftDriverJobDiscovery normal arm64 Compiling NFRestrictedSymbolicAuthority.swift (in target 'NeuroForge' from project 'NeuroForge')

SwiftCompile normal arm64 Compiling\ NFContentInventoryAudit.swift /Users/takamimarsh/Developer/Projects/Zacro\ Tech/NeuroForge/Sources/TrainingEngine/NFContentInventoryAudit.swift (in target 'NeuroForge' from project 'NeuroForge')

SwiftCompile normal arm64 /Users/takamimarsh/Developer/Projects/Zacro\ Tech/NeuroForge/Sources/TrainingEngine/NFContentInventoryAudit.swift (in target 'NeuroForge' from project 'NeuroForge')
    cd /Users/takamimarsh/Developer/Projects/Zacro\ Tech/NeuroForge
    

SwiftDriverJobDiscovery normal arm64 Compiling NFClaimEvidenceEditor.swift (in target 'NeuroForge' from project 'NeuroForge')

SwiftCompile normal arm64 Compiling\ ScratchpadView.swift /Users/takamimarsh/Developer/Projects/Zacro\ Tech/NeuroForge/Sources/Features/Training/ScratchpadView.swift (in target 'NeuroForge' from project 'NeuroForge')

SwiftCompile normal arm64 /Users/takamimarsh/Developer/Projects/Zacro\ Tech/NeuroForge/Sources/Features/Training/ScratchpadView.swift (in target 'NeuroForge' from project 'NeuroForge')
    cd /Users/takamimarsh/Developer/Projects/Zacro\ Tech/NeuroForge
    

SwiftDriverJobDiscovery normal arm64 Compiling NFMentalMathProgressAdapter.swift (in target 'NeuroForge' from project 'NeuroForge')

SwiftCompile normal arm64 Compiling\ TodayView.swift /Users/takamimarsh/Developer/Projects/Zacro\ Tech/NeuroForge/Sources/Features/Today/TodayView.swift (in target 'NeuroForge' from project 'NeuroForge')

SwiftCompile normal arm64 /Users/takamimarsh/Developer/Projects/Zacro\ Tech/NeuroForge/Sources/Features/Today/TodayView.swift (in target 'NeuroForge' from project 'NeuroForge')
    cd /Users/takamimarsh/Developer/Projects/Zacro\ Tech/NeuroForge
    

SwiftDriverJobDiscovery normal arm64 Compiling NFTodaySessionSequence.swift (in target 'NeuroForge' from project 'NeuroForge')

SwiftCompile normal arm64 Compiling\ NFCodeTraceView.swift /Users/takamimarsh/Developer/Projects/Zacro\ Tech/NeuroForge/Sources/Features/Training/NFCodeTraceView.swift (in target 'NeuroForge' from project 'NeuroForge')

SwiftCompile normal arm64 /Users/takamimarsh/Developer/Projects/Zacro\ Tech/NeuroForge/Sources/Features/Training/NFCodeTraceView.swift (in target 'NeuroForge' from project 'NeuroForge')
    cd /Users/takamimarsh/Developer/Projects/Zacro\ Tech/NeuroForge
    

SwiftDriverJobDiscovery normal arm64 Compiling NFContentInventoryAudit.swift (in target 'NeuroForge' from project 'NeuroForge')

SwiftCompile normal arm64 Compiling\ NFReviewQueueView.swift /Users/takamimarsh/Developer/Projects/Zacro\ Tech/NeuroForge/Sources/Features/Progress/NFReviewQueueView.swift (in target 'NeuroForge' from project 'NeuroForge')

SwiftCompile normal arm64 /Users/takamimarsh/Developer/Projects/Zacro\ Tech/NeuroForge/Sources/Features/Progress/NFReviewQueueView.swift (in target 'NeuroForge' from project 'NeuroForge')
    cd /Users/takamimarsh/Developer/Projects/Zacro\ Tech/NeuroForge
    

SwiftDriverJobDiscovery normal arm64 Compiling ProgressAnnotationsView.swift (in target 'NeuroForge' from project 'NeuroForge')

SwiftCompile normal arm64 Compiling\ LibraryView.swift /Users/takamimarsh/Developer/Projects/Zacro\ Tech/NeuroForge/Sources/Features/Library/LibraryView.swift (in target 'NeuroForge' from project 'NeuroForge')

SwiftCompile normal arm64 /Users/takamimarsh/Developer/Projects/Zacro\ Tech/NeuroForge/Sources/Features/Library/LibraryView.swift (in target 'NeuroForge' from project 'NeuroForge')
    cd /Users/takamimarsh/Developer/Projects/Zacro\ Tech/NeuroForge
    

SwiftDriverJobDiscovery normal arm64 Compiling NFCodeTraceView.swift (in target 'NeuroForge' from project 'NeuroForge')

SwiftCompile normal arm64 Compiling\ NFExerciseModels.swift /Users/takamimarsh/Developer/Projects/Zacro\ Tech/NeuroForge/Sources/TrainingEngine/NFExerciseModels.swift (in target 'NeuroForge' from project 'NeuroForge')

SwiftCompile normal arm64 /Users/takamimarsh/Developer/Projects/Zacro\ Tech/NeuroForge/Sources/TrainingEngine/NFExerciseModels.swift (in target 'NeuroForge' from project 'NeuroForge')
    cd /Users/takamimarsh/Developer/Projects/Zacro\ Tech/NeuroForge
    

SwiftDriverJobDiscovery normal arm64 Compiling NFPlanReplacementPersistence.swift (in target 'NeuroForge' from project 'NeuroForge')

SwiftCompile normal arm64 Compiling\ NotificationSettingsControls.swift /Users/takamimarsh/Developer/Projects/Zacro\ Tech/NeuroForge/Sources/Features/Settings/NotificationSettingsControls.swift (in target 'NeuroForge' from project 'NeuroForge')

SwiftCompile normal arm64 /Users/takamimarsh/Developer/Projects/Zacro\ Tech/NeuroForge/Sources/Features/Settings/NotificationSettingsControls.swift (in target 'NeuroForge' from project 'NeuroForge')
    cd /Users/takamimarsh/Developer/Projects/Zacro\ Tech/NeuroForge
    

SwiftDriverJobDiscovery normal arm64 Compiling ScratchpadView.swift (in target 'NeuroForge' from project 'NeuroForge')

SwiftCompile normal arm64 Compiling\ NFContinueSessionsCard.swift /Users/takamimarsh/Developer/Projects/Zacro\ Tech/NeuroForge/Sources/Features/Today/NFContinueSessionsCard.swift (in target 'NeuroForge' from project 'NeuroForge')

SwiftCompile normal arm64 /Users/takamimarsh/Developer/Projects/Zacro\ Tech/NeuroForge/Sources/Features/Today/NFContinueSessionsCard.swift (in target 'NeuroForge' from project 'NeuroForge')
    cd /Users/takamimarsh/Developer/Projects/Zacro\ Tech/NeuroForge
    

SwiftDriverJobDiscovery normal arm64 Compiling NeuroForgeApp.swift (in target 'NeuroForge' from project 'NeuroForge')

SwiftCompile normal arm64 Compiling\ NFEstimateExactContract.swift /Users/takamimarsh/Developer/Projects/Zacro\ Tech/NeuroForge/Sources/TrainingEngine/NFEstimateExactContract.swift (in target 'NeuroForge' from project 'NeuroForge')

SwiftCompile normal arm64 /Users/takamimarsh/Developer/Projects/Zacro\ Tech/NeuroForge/Sources/TrainingEngine/NFEstimateExactContract.swift (in target 'NeuroForge' from project 'NeuroForge')
    cd /Users/takamimarsh/Developer/Projects/Zacro\ Tech/NeuroForge
    

SwiftDriverJobDiscovery normal arm64 Compiling NFDataExportService.swift (in target 'NeuroForge' from project 'NeuroForge')

SwiftCompile normal arm64 Compiling\ NFSyncIntegration.swift /Users/takamimarsh/Developer/Projects/Zacro\ Tech/NeuroForge/Sources/Integrations/System/NFSyncIntegration.swift (in target 'NeuroForge' from project 'NeuroForge')

SwiftCompile normal arm64 /Users/takamimarsh/Developer/Projects/Zacro\ Tech/NeuroForge/Sources/Integrations/System/NFSyncIntegration.swift (in target 'NeuroForge' from project 'NeuroForge')
    cd /Users/takamimarsh/Developer/Projects/Zacro\ Tech/NeuroForge
    

SwiftDriverJobDiscovery normal arm64 Compiling BaselineOverviewView.swift (in target 'NeuroForge' from project 'NeuroForge')

SwiftCompile normal arm64 Compiling\ NFContentCorrectionPolicy.swift /Users/takamimarsh/Developer/Projects/Zacro\ Tech/NeuroForge/Sources/TrainingEngine/NFContentCorrectionPolicy.swift (in target 'NeuroForge' from project 'NeuroForge')

SwiftCompile normal arm64 /Users/takamimarsh/Developer/Projects/Zacro\ Tech/NeuroForge/Sources/TrainingEngine/NFContentCorrectionPolicy.swift (in target 'NeuroForge' from project 'NeuroForge')
    cd /Users/takamimarsh/Developer/Projects/Zacro\ Tech/NeuroForge
    

SwiftDriverJobDiscovery normal arm64 Compiling SettingsView.swift (in target 'NeuroForge' from project 'NeuroForge')

SwiftCompile normal arm64 Compiling\ NFDirtyEditorGuard.swift /Users/takamimarsh/Developer/Projects/Zacro\ Tech/NeuroForge/Sources/DesignSystem/NFDirtyEditorGuard.swift (in target 'NeuroForge' from project 'NeuroForge')

SwiftCompile normal arm64 /Users/takamimarsh/Developer/Projects/Zacro\ Tech/NeuroForge/Sources/DesignSystem/NFDirtyEditorGuard.swift (in target 'NeuroForge' from project 'NeuroForge')
    cd /Users/takamimarsh/Developer/Projects/Zacro\ Tech/NeuroForge
    

SwiftDriverJobDiscovery normal arm64 Compiling NFEstimateExactContract.swift (in target 'NeuroForge' from project 'NeuroForge')

SwiftCompile normal arm64 Compiling\ NFExerciseScoringEngine.swift /Users/takamimarsh/Developer/Projects/Zacro\ Tech/NeuroForge/Sources/TrainingEngine/NFExerciseScoringEngine.swift (in target 'NeuroForge' from project 'NeuroForge')

SwiftCompile normal arm64 /Users/takamimarsh/Developer/Projects/Zacro\ Tech/NeuroForge/Sources/TrainingEngine/NFExerciseScoringEngine.swift (in target 'NeuroForge' from project 'NeuroForge')
    cd /Users/takamimarsh/Developer/Projects/Zacro\ Tech/NeuroForge
    

SwiftDriverJobDiscovery normal arm64 Compiling NFContentCorrectionPolicy.swift (in target 'NeuroForge' from project 'NeuroForge')

SwiftCompile normal arm64 Compiling\ OnboardingView.swift /Users/takamimarsh/Developer/Projects/Zacro\ Tech/NeuroForge/Sources/Features/Onboarding/OnboardingView.swift (in target 'NeuroForge' from project 'NeuroForge')

SwiftCompile normal arm64 /Users/takamimarsh/Developer/Projects/Zacro\ Tech/NeuroForge/Sources/Features/Onboarding/OnboardingView.swift (in target 'NeuroForge' from project 'NeuroForge')
    cd /Users/takamimarsh/Developer/Projects/Zacro\ Tech/NeuroForge
    

SwiftDriverJobDiscovery normal arm64 Compiling NFSyncIntegration.swift (in target 'NeuroForge' from project 'NeuroForge')

SwiftCompile normal arm64 Compiling\ NFSpeedEvidenceEngine.swift /Users/takamimarsh/Developer/Projects/Zacro\ Tech/NeuroForge/Sources/Adaptive/NFSpeedEvidenceEngine.swift (in target 'NeuroForge' from project 'NeuroForge')

SwiftCompile normal arm64 /Users/takamimarsh/Developer/Projects/Zacro\ Tech/NeuroForge/Sources/Adaptive/NFSpeedEvidenceEngine.swift (in target 'NeuroForge' from project 'NeuroForge')
    cd /Users/takamimarsh/Developer/Projects/Zacro\ Tech/NeuroForge
    

SwiftDriverJobDiscovery normal arm64 Compiling ProgressDashboardView.swift (in target 'NeuroForge' from project 'NeuroForge')

SwiftCompile normal arm64 Compiling\ TrainCatalogView.swift /Users/takamimarsh/Developer/Projects/Zacro\ Tech/NeuroForge/Sources/Features/Train/TrainCatalogView.swift (in target 'NeuroForge' from project 'NeuroForge')

SwiftCompile normal arm64 /Users/takamimarsh/Developer/Projects/Zacro\ Tech/NeuroForge/Sources/Features/Train/TrainCatalogView.swift (in target 'NeuroForge' from project 'NeuroForge')
    cd /Users/takamimarsh/Developer/Projects/Zacro\ Tech/NeuroForge
    

SwiftDriverJobDiscovery normal arm64 Compiling NFSpeedEvidenceEngine.swift (in target 'NeuroForge' from project 'NeuroForge')

SwiftCompile normal arm64 Compiling\ NFProgressInsightEngine.swift /Users/takamimarsh/Developer/Projects/Zacro\ Tech/NeuroForge/Sources/Adaptive/NFProgressInsightEngine.swift (in target 'NeuroForge' from project 'NeuroForge')

SwiftCompile normal arm64 /Users/takamimarsh/Developer/Projects/Zacro\ Tech/NeuroForge/Sources/Adaptive/NFProgressInsightEngine.swift (in target 'NeuroForge' from project 'NeuroForge')
    cd /Users/takamimarsh/Developer/Projects/Zacro\ Tech/NeuroForge
    

SwiftDriverJobDiscovery normal arm64 Compiling NFExerciseModels.swift (in target 'NeuroForge' from project 'NeuroForge')

SwiftCompile normal arm64 Compiling\ NFDataInspectionView.swift /Users/takamimarsh/Developer/Projects/Zacro\ Tech/NeuroForge/Sources/Features/Training/NFDataInspectionView.swift (in target 'NeuroForge' from project 'NeuroForge')

SwiftCompile normal arm64 /Users/takamimarsh/Developer/Projects/Zacro\ Tech/NeuroForge/Sources/Features/Training/NFDataInspectionView.swift (in target 'NeuroForge' from project 'NeuroForge')
    cd /Users/takamimarsh/Developer/Projects/Zacro\ Tech/NeuroForge
    

SwiftDriverJobDiscovery normal arm64 Compiling NFReviewQueueView.swift (in target 'NeuroForge' from project 'NeuroForge')

SwiftCompile normal arm64 Compiling\ NFSystemIntegrationCoordinator.swift /Users/takamimarsh/Developer/Projects/Zacro\ Tech/NeuroForge/Sources/Integrations/System/NFSystemIntegrationCoordinator.swift (in target 'NeuroForge' from project 'NeuroForge')

SwiftCompile normal arm64 /Users/takamimarsh/Developer/Projects/Zacro\ Tech/NeuroForge/Sources/Integrations/System/NFSystemIntegrationCoordinator.swift (in target 'NeuroForge' from project 'NeuroForge')
    cd /Users/takamimarsh/Developer/Projects/Zacro\ Tech/NeuroForge
    

SwiftDriverJobDiscovery normal arm64 Compiling NotificationSettingsControls.swift (in target 'NeuroForge' from project 'NeuroForge')

SwiftCompile normal arm64 Compiling\ NFExerciseContractMetadata.swift /Users/takamimarsh/Developer/Projects/Zacro\ Tech/NeuroForge/Sources/TrainingEngine/NFExerciseContractMetadata.swift (in target 'NeuroForge' from project 'NeuroForge')

SwiftCompile normal arm64 /Users/takamimarsh/Developer/Projects/Zacro\ Tech/NeuroForge/Sources/TrainingEngine/NFExerciseContractMetadata.swift (in target 'NeuroForge' from project 'NeuroForge')
    cd /Users/takamimarsh/Developer/Projects/Zacro\ Tech/NeuroForge
    

SwiftDriverJobDiscovery normal arm64 Compiling NFDirtyEditorGuard.swift (in target 'NeuroForge' from project 'NeuroForge')

SwiftCompile normal arm64 Compiling\ NFOrderedResponseEditor.swift /Users/takamimarsh/Developer/Projects/Zacro\ Tech/NeuroForge/Sources/Features/Training/NFOrderedResponseEditor.swift (in target 'NeuroForge' from project 'NeuroForge')

SwiftCompile normal arm64 /Users/takamimarsh/Developer/Projects/Zacro\ Tech/NeuroForge/Sources/Features/Training/NFOrderedResponseEditor.swift (in target 'NeuroForge' from project 'NeuroForge')
    cd /Users/takamimarsh/Developer/Projects/Zacro\ Tech/NeuroForge
    

SwiftDriverJobDiscovery normal arm64 Compiling NFContinueSessionsCard.swift (in target 'NeuroForge' from project 'NeuroForge')

SwiftCompile normal arm64 Compiling\ NFEditorialPracticePolicy.swift /Users/takamimarsh/Developer/Projects/Zacro\ Tech/NeuroForge/Sources/Adaptive/NFEditorialPracticePolicy.swift (in target 'NeuroForge' from project 'NeuroForge')

SwiftCompile normal arm64 /Users/takamimarsh/Developer/Projects/Zacro\ Tech/NeuroForge/Sources/Adaptive/NFEditorialPracticePolicy.swift (in target 'NeuroForge' from project 'NeuroForge')
    cd /Users/takamimarsh/Developer/Projects/Zacro\ Tech/NeuroForge
    

SwiftDriverJobDiscovery normal arm64 Compiling AIStudioView.swift (in target 'NeuroForge' from project 'NeuroForge')

SwiftCompile normal arm64 Compiling\ UniversalSessionView.swift /Users/takamimarsh/Developer/Projects/Zacro\ Tech/NeuroForge/Sources/Features/Training/UniversalSessionView.swift (in target 'NeuroForge' from project 'NeuroForge')
SwiftCompile normal arm64 /Users/takamimarsh/Developer/Projects/Zacro\ Tech/NeuroForge/Sources/Features/Training/UniversalSessionView.swift (in target 'NeuroForge' from project 'NeuroForge')
    cd /Users/takamimarsh/Developer/Projects/Zacro\ Tech/NeuroForge
    

SwiftDriverJobDiscovery normal arm64 Compiling OnboardingView.swift (in target 'NeuroForge' from project 'NeuroForge')

SwiftCompile normal arm64 Compiling\ NFRestoreRuntimeController.swift /Users/takamimarsh/Developer/Projects/Zacro\ Tech/NeuroForge/Sources/Privacy/NFRestoreRuntimeController.swift (in target 'NeuroForge' from project 'NeuroForge')

SwiftCompile normal arm64 /Users/takamimarsh/Developer/Projects/Zacro\ Tech/NeuroForge/Sources/Privacy/NFRestoreRuntimeController.swift (in target 'NeuroForge' from project 'NeuroForge')
    cd /Users/takamimarsh/Developer/Projects/Zacro\ Tech/NeuroForge
    

SwiftDriverJobDiscovery normal arm64 Compiling TodayView.swift (in target 'NeuroForge' from project 'NeuroForge')

SwiftDriverJobDiscovery normal arm64 Compiling NFDataInspectionView.swift (in target 'NeuroForge' from project 'NeuroForge')

SwiftDriverJobDiscovery normal arm64 Compiling NFExerciseScoringEngine.swift (in target 'NeuroForge' from project 'NeuroForge')

SwiftDriverJobDiscovery normal arm64 Compiling NFExerciseContractMetadata.swift (in target 'NeuroForge' from project 'NeuroForge')

SwiftDriverJobDiscovery normal arm64 Compiling NFOrderedResponseEditor.swift (in target 'NeuroForge' from project 'NeuroForge')

SwiftDriverJobDiscovery normal arm64 Compiling NFProgressInsightEngine.swift (in target 'NeuroForge' from project 'NeuroForge')

SwiftDriverJobDiscovery normal arm64 Compiling NFSystemIntegrationCoordinator.swift (in target 'NeuroForge' from project 'NeuroForge')

SwiftDriverJobDiscovery normal arm64 Compiling NFEditorialPracticePolicy.swift (in target 'NeuroForge' from project 'NeuroForge')

SwiftDriverJobDiscovery normal arm64 Compiling NFRestoreRuntimeController.swift (in target 'NeuroForge' from project 'NeuroForge')

SwiftDriverJobDiscovery normal arm64 Compiling TrainCatalogView.swift (in target 'NeuroForge' from project 'NeuroForge')

SwiftDriverJobDiscovery normal arm64 Compiling LibraryView.swift (in target 'NeuroForge' from project 'NeuroForge')

SwiftDriverJobDiscovery normal arm64 Compiling NFLocalSessionRepository.swift (in target 'NeuroForge' from project 'NeuroForge')

SwiftDriverJobDiscovery normal arm64 Compiling UniversalSessionView.swift (in target 'NeuroForge' from project 'NeuroForge')

SwiftDriver\ Compilation NeuroForge normal arm64 com.apple.xcode.tools.swift.compiler (in target 'NeuroForge' from project 'NeuroForge')
    cd /Users/takamimarsh/Developer/Projects/Zacro\ Tech/NeuroForge
    builtin-Swift-Compilation -- /Applications/Xcode.app/Contents/Developer/Toolchains/XcodeDefault.xctoolchain/usr/bin/swiftc -module-name NeuroForge -Onone @/tmp/NeuroForge-improvement-build/Build/Intermediates.noindex/NeuroForge.build/Debug/NeuroForge.build/Objects-normal/arm64/NeuroForge.SwiftFileList -DDEBUG -enable-experimental-feature DebugDescriptionMacro -sdk /Applications/Xcode.app/Contents/Developer/Platforms/MacOSX.platform/Developer/SDKs/MacOSX26.5.sdk -target arm64-apple-macos26.4 -g -module-cache-path /tmp/NeuroForge-improvement-build/ModuleCache.noindex -Xfrontend -serialize-debugging-options -enable-testing -warnings-as-errors -index-store-path /tmp/NeuroForge-improvement-build/Index.noindex/DataStore -Xcc -D_LIBCPP_HARDENING_MODE\=_LIBCPP_HARDENING_MODE_DEBUG -swift-version 6 -I /tmp/NeuroForge-improvement-build/Build/Products/Debug -F /tmp/NeuroForge-improvement-build/Build/Products/Debug/PackageFrameworks -F /tmp/NeuroForge-improvement-build/Build/Products/Debug -emit-localized-strings -emit-localized-strings-path /tmp/NeuroForge-improvement-build/Build/Intermediates.noindex/NeuroForge.build/Debug/NeuroForge.build/Objects-normal/arm64 -c -j12 -disable-batch-mode -incremental -Xcc -ivfsstatcache -Xcc /tmp/NeuroForge-improvement-build/SDKStatCaches.noindex/macosx26.5-25F70-e082c4a02f00227109f4ed75e425c832.sdkstatcache -output-file-map /tmp/NeuroForge-improvement-build/Build/Intermediates.noindex/NeuroForge.build/Debug/NeuroForge.build/Objects-normal/arm64/NeuroForge-OutputFileMap.json -use-frontend-parseable-output -save-temps -no-color-diagnostics -explicit-module-build -module-cache-path /tmp/NeuroForge-improvement-build/Build/Intermediates.noindex/SwiftExplicitPrecompiledModules -clang-scanner-module-cache-path /tmp/NeuroForge-improvement-build/ModuleCache.noindex -sdk-module-cache-path /tmp/NeuroForge-improvement-build/ModuleCache.noindex -serialize-diagnostics -emit-dependencies -emit-module -emit-module-path /tmp/NeuroForge-improvement-build/Build/Intermediates.noindex/NeuroForge.build/Debug/NeuroForge.build/Objects-normal/arm64/NeuroForge.swiftmodule -validate-clang-modules-once -clang-build-session-file /tmp/NeuroForge-improvement-build/ModuleCache.noindex/Session.modulevalidation -Xcc -I/tmp/NeuroForge-improvement-build/Build/Intermediates.noindex/NeuroForge.build/Debug/NeuroForge.build/swift-overrides.hmap -emit-const-values -Xfrontend -const-gather-protocols-file -Xfrontend /tmp/NeuroForge-improvement-build/Build/Intermediates.noindex/NeuroForge.build/Debug/NeuroForge.build/Objects-normal/arm64/NeuroForge_const_extract_protocols.json -Xcc -iquote -Xcc /tmp/NeuroForge-improvement-build/Build/Intermediates.noindex/NeuroForge.build/Debug/NeuroForge.build/NeuroForge-generated-files.hmap -Xcc -I/tmp/NeuroForge-improvement-build/Build/Intermediates.noindex/NeuroForge.build/Debug/NeuroForge.build/NeuroForge-own-target-headers.hmap -Xcc -I/tmp/NeuroForge-improvement-build/Build/Intermediates.noindex/NeuroForge.build/Debug/NeuroForge.build/NeuroForge-all-non-framework-target-headers.hmap -Xcc -ivfsoverlay -Xcc /tmp/NeuroForge-improvement-build/Build/Intermediates.noindex/NeuroForge.build/Debug/NeuroForge-1f477e43189f7d9a813ad7fc7bf5f2ec-VFS/all-product-headers.yaml -Xcc -iquote -Xcc /tmp/NeuroForge-improvement-build/Build/Intermediates.noindex/NeuroForge.build/Debug/NeuroForge.build/NeuroForge-project-headers.hmap -Xcc -I/tmp/NeuroForge-improvement-build/Build/Products/Debug/include -Xcc -I/tmp/NeuroForge-improvement-build/Build/Intermediates.noindex/NeuroForge.build/Debug/NeuroForge.build/DerivedSources-normal/arm64 -Xcc -I/tmp/NeuroForge-improvement-build/Build/Intermediates.noindex/NeuroForge.build/Debug/NeuroForge.build/DerivedSources/arm64 -Xcc -I/tmp/NeuroForge-improvement-build/Build/Intermediates.noindex/NeuroForge.build/Debug/NeuroForge.build/DerivedSources -Xcc -DDEBUG\=1 -emit-objc-header -emit-objc-header-path /tmp/NeuroForge-improvement-build/Build/Intermediates.noindex/NeuroForge.build/Debug/NeuroForge.build/Objects-normal/arm64/NeuroForge-Swift.h -working-directory /Users/takamimarsh/Developer/Projects/Zacro\ Tech/NeuroForge -experimental-emit-module-separately -disable-cmo

Ld /tmp/NeuroForge-improvement-build/Build/Products/Debug/NeuroForge.app/Contents/MacOS/NeuroForge.debug.dylib normal (in target 'NeuroForge' from project 'NeuroForge')
    cd /Users/takamimarsh/Developer/Projects/Zacro\ Tech/NeuroForge
    /Applications/Xcode.app/Contents/Developer/Toolchains/XcodeDefault.xctoolchain/usr/bin/clang -Xlinker -reproducible -target arm64-apple-macos26.4 -dynamiclib -isysroot /Applications/Xcode.app/Contents/Developer/Platforms/MacOSX.platform/Developer/SDKs/MacOSX26.5.sdk -O0 -L/tmp/NeuroForge-improvement-build/Build/Intermediates.noindex/EagerLinkingTBDs/Debug -L/tmp/NeuroForge-improvement-build/Build/Products/Debug -F/tmp/NeuroForge-improvement-build/Build/Intermediates.noindex/EagerLinkingTBDs/Debug -F/tmp/NeuroForge-improvement-build/Build/Products/Debug/PackageFrameworks -F/tmp/NeuroForge-improvement-build/Build/Products/Debug -filelist /tmp/NeuroForge-improvement-build/Build/Intermediates.noindex/NeuroForge.build/Debug/NeuroForge.build/Objects-normal/arm64/NeuroForge.LinkFileList -install_name @rpath/NeuroForge.debug.dylib -Xlinker -rpath -Xlinker /tmp/NeuroForge-improvement-build/Build/Products/Debug/PackageFrameworks -Xlinker -rpath -Xlinker @executable_path/Frameworks -Xlinker -object_path_lto -Xlinker /tmp/NeuroForge-improvement-build/Build/Intermediates.noindex/NeuroForge.build/Debug/NeuroForge.build/Objects-normal/arm64/NeuroForge_lto.o -rdynamic -Xlinker -no_deduplicate -Xlinker -dependency_info -Xlinker /tmp/NeuroForge-improvement-build/Build/Intermediates.noindex/NeuroForge.build/Debug/NeuroForge.build/Objects-normal/arm64/NeuroForge_dependency_info.dat -fobjc-link-runtime -L/Applications/Xcode.app/Contents/Developer/Toolchains/XcodeDefault.xctoolchain/usr/lib/swift/macosx -L/usr/lib/swift -Xlinker -add_ast_path -Xlinker /tmp/NeuroForge-improvement-build/Build/Intermediates.noindex/NeuroForge.build/Debug/NeuroForge.build/Objects-normal/arm64/NeuroForge.swiftmodule @/tmp/NeuroForge-improvement-build/Build/Intermediates.noindex/NeuroForge.build/Debug/NeuroForge.build/Objects-normal/arm64/NeuroForge-linker-args.resp -Wl,-no_warn_duplicate_libraries -Xlinker -alias -Xlinker _main -Xlinker ___debug_main_executable_dylib_entry_point -o /tmp/NeuroForge-improvement-build/Build/Products/Debug/NeuroForge.app/Contents/MacOS/NeuroForge.debug.dylib -Xlinker -add_ast_path -Xlinker /tmp/NeuroForge-improvement-build/Build/Intermediates.noindex/SwiftMath.build/Debug/SwiftMath.build/Objects-normal/arm64/SwiftMath.swiftmodule @/tmp/NeuroForge-improvement-build/Build/Intermediates.noindex/SwiftMath.build/Debug/SwiftMath.build/Objects-normal/arm64/SwiftMath-linker-args.resp

ConstructStubExecutorLinkFileList /tmp/NeuroForge-improvement-build/Build/Intermediates.noindex/NeuroForge.build/Debug/NeuroForge.build/NeuroForge-ExecutorLinkFileList-normal-arm64.txt (in target 'NeuroForge' from project 'NeuroForge')
    cd /Users/takamimarsh/Developer/Projects/Zacro\ Tech/NeuroForge
    construct-stub-executor-link-file-list /tmp/NeuroForge-improvement-build/Build/Products/Debug/NeuroForge.app/Contents/MacOS/NeuroForge.debug.dylib /Applications/Xcode.app/Contents/Developer/Platforms/MacOSX.platform/Developer/usr/lib/libPreviewsJITStubExecutor_no_swift_entry_point.a /Applications/Xcode.app/Contents/Developer/Platforms/MacOSX.platform/Developer/usr/lib/libPreviewsJITStubExecutor.a --output /tmp/NeuroForge-improvement-build/Build/Intermediates.noindex/NeuroForge.build/Debug/NeuroForge.build/NeuroForge-ExecutorLinkFileList-normal-arm64.txt
note: Using stub executor library with Swift entry point. (in target 'NeuroForge' from project 'NeuroForge')

Ld /tmp/NeuroForge-improvement-build/Build/Products/Debug/NeuroForge.app/Contents/MacOS/NeuroForge normal (in target 'NeuroForge' from project 'NeuroForge')
    cd /Users/takamimarsh/Developer/Projects/Zacro\ Tech/NeuroForge
    /Applications/Xcode.app/Contents/Developer/Toolchains/XcodeDefault.xctoolchain/usr/bin/clang -Xlinker -reproducible -target arm64-apple-macos26.4 -isysroot /Applications/Xcode.app/Contents/Developer/Platforms/MacOSX.platform/Developer/SDKs/MacOSX26.5.sdk -O0 -L/tmp/NeuroForge-improvement-build/Build/Products/Debug -F/tmp/NeuroForge-improvement-build/Build/Products/Debug/PackageFrameworks -F/tmp/NeuroForge-improvement-build/Build/Products/Debug -Xlinker -rpath -Xlinker @executable_path -Xlinker -rpath -Xlinker /tmp/NeuroForge-improvement-build/Build/Products/Debug/PackageFrameworks -Xlinker -rpath -Xlinker @executable_path/Frameworks -rdynamic -Xlinker -no_deduplicate -e ___debug_blank_executor_main -Xlinker -sectcreate -Xlinker __TEXT -Xlinker __debug_dylib -Xlinker /tmp/NeuroForge-improvement-build/Build/Intermediates.noindex/NeuroForge.build/Debug/NeuroForge.build/NeuroForge-DebugDylibPath-normal-arm64.txt -Xlinker -sectcreate -Xlinker __TEXT -Xlinker __debug_instlnm -Xlinker /tmp/NeuroForge-improvement-build/Build/Intermediates.noindex/NeuroForge.build/Debug/NeuroForge.build/NeuroForge-DebugDylibInstallName-normal-arm64.txt -Xlinker -filelist -Xlinker /tmp/NeuroForge-improvement-build/Build/Intermediates.noindex/NeuroForge.build/Debug/NeuroForge.build/NeuroForge-ExecutorLinkFileList-normal-arm64.txt /tmp/NeuroForge-improvement-build/Build/Products/Debug/NeuroForge.app/Contents/MacOS/NeuroForge.debug.dylib -o /tmp/NeuroForge-improvement-build/Build/Products/Debug/NeuroForge.app/Contents/MacOS/NeuroForge

CopySwiftLibs /tmp/NeuroForge-improvement-build/Build/Products/Debug/NeuroForge.app (in target 'NeuroForge' from project 'NeuroForge')
    cd /Users/takamimarsh/Developer/Projects/Zacro\ Tech/NeuroForge
    builtin-swiftStdLibTool --copy --verbose --scan-executable /tmp/NeuroForge-improvement-build/Build/Products/Debug/NeuroForge.app/Contents/MacOS/NeuroForge.debug.dylib --scan-folder /tmp/NeuroForge-improvement-build/Build/Products/Debug/NeuroForge.app/Contents/Frameworks --scan-folder /tmp/NeuroForge-improvement-build/Build/Products/Debug/NeuroForge.app/Contents/PlugIns --scan-folder /tmp/NeuroForge-improvement-build/Build/Products/Debug/NeuroForge.app/Contents/Library/SystemExtensions --scan-folder /tmp/NeuroForge-improvement-build/Build/Products/Debug/NeuroForge.app/Contents/Extensions --platform macosx --toolchain /Applications/Xcode.app/Contents/Developer/Toolchains/XcodeDefault.xctoolchain --destination /tmp/NeuroForge-improvement-build/Build/Products/Debug/NeuroForge.app/Contents/Frameworks --strip-bitcode --strip-bitcode-tool /Applications/Xcode.app/Contents/Developer/Toolchains/XcodeDefault.xctoolchain/usr/bin/bitcode_strip --emit-dependency-info /tmp/NeuroForge-improvement-build/Build/Intermediates.noindex/NeuroForge.build/Debug/NeuroForge.build/SwiftStdLibToolInputDependencies.dep --filter-for-swift-os
Ignoring --strip-bitcode because --sign was not passed

ExtractAppIntentsMetadata (in target 'NeuroForge' from project 'NeuroForge')
    cd /Users/takamimarsh/Developer/Projects/Zacro\ Tech/NeuroForge
    /Applications/Xcode.app/Contents/Developer/Toolchains/XcodeDefault.xctoolchain/usr/bin/appintentsmetadataprocessor --toolchain-dir /Applications/Xcode.app/Contents/Developer/Toolchains/XcodeDefault.xctoolchain --module-name NeuroForge --sdk-root /Applications/Xcode.app/Contents/Developer/Platforms/MacOSX.platform/Developer/SDKs/MacOSX26.5.sdk --xcode-version 17F113 --platform-family macOS --deployment-target 26.4 --bundle-identifier com.zacrotech.NeuroForge --output /tmp/NeuroForge-improvement-build/Build/Products/Debug/NeuroForge.app/Contents/Resources --target-triple arm64-apple-macos26.4 --binary-file /tmp/NeuroForge-improvement-build/Build/Products/Debug/NeuroForge.app/Contents/MacOS/NeuroForge --dependency-file /tmp/NeuroForge-improvement-build/Build/Intermediates.noindex/NeuroForge.build/Debug/NeuroForge.build/Objects-normal/arm64/NeuroForge_dependency_info.dat --stringsdata-file /tmp/NeuroForge-improvement-build/Build/Intermediates.noindex/NeuroForge.build/Debug/NeuroForge.build/Objects-normal/arm64/ExtractedAppShortcutsMetadata.stringsdata --source-file-list /tmp/NeuroForge-improvement-build/Build/Intermediates.noindex/NeuroForge.build/Debug/NeuroForge.build/Objects-normal/arm64/NeuroForge.SwiftFileList --metadata-file-list /tmp/NeuroForge-improvement-build/Build/Intermediates.noindex/NeuroForge.build/Debug/NeuroForge.build/NeuroForge.DependencyMetadataFileList --static-metadata-file-list /tmp/NeuroForge-improvement-build/Build/Intermediates.noindex/NeuroForge.build/Debug/NeuroForge.build/NeuroForge.DependencyStaticMetadataFileList --swift-const-vals-list /tmp/NeuroForge-improvement-build/Build/Intermediates.noindex/NeuroForge.build/Debug/NeuroForge.build/Objects-normal/arm64/NeuroForge.SwiftConstValuesFileList --compile-time-extraction --deployment-aware-processing --validate-assistant-intents
2026-09-05 16:26:22.364 appintentsmetadataprocessor[49036:5857124] Starting appintentsmetadataprocessor export
2026-09-05 16:26:22.498 appintentsmetadataprocessor[49036:5857124] Writing Metadata.appintents
2026-09-05 16:26:22.498 appintentsmetadataprocessor[49036:5857124] Metadata root: /tmp/NeuroForge-improvement-build/Build/Products/Debug/NeuroForge.app/Contents/Resources/Metadata.appintents

Ld /tmp/NeuroForge-improvement-build/Build/Products/Debug/NeuroForge.app/Contents/PlugIns/NeuroForgeTests.xctest/Contents/MacOS/NeuroForgeTests normal (in target 'NeuroForgeTests' from project 'NeuroForge')
    cd /Users/takamimarsh/Developer/Projects/Zacro\ Tech/NeuroForge
    /Applications/Xcode.app/Contents/Developer/Toolchains/XcodeDefault.xctoolchain/usr/bin/clang -Xlinker -reproducible -target arm64-apple-macos26.4 -bundle -isysroot /Applications/Xcode.app/Contents/Developer/Platforms/MacOSX.platform/Developer/SDKs/MacOSX26.5.sdk -O0 -L/tmp/NeuroForge-improvement-build/Build/Intermediates.noindex/EagerLinkingTBDs/Debug -L/tmp/NeuroForge-improvement-build/Build/Products/Debug -L/Applications/Xcode.app/Contents/Developer/Platforms/MacOSX.platform/Developer/usr/lib -F/tmp/NeuroForge-improvement-build/Build/Intermediates.noindex/EagerLinkingTBDs/Debug -F/tmp/NeuroForge-improvement-build/Build/Products/Debug/PackageFrameworks -F/tmp/NeuroForge-improvement-build/Build/Products/Debug -iframework /Applications/Xcode.app/Contents/Developer/Platforms/MacOSX.platform/Developer/Library/Frameworks -filelist /tmp/NeuroForge-improvement-build/Build/Intermediates.noindex/NeuroForge.build/Debug/NeuroForgeTests.build/Objects-normal/arm64/NeuroForgeTests.LinkFileList -Xlinker -rpath -Xlinker /tmp/NeuroForge-improvement-build/Build/Products/Debug/PackageFrameworks -Xlinker -rpath -Xlinker @loader_path/../Frameworks -Xlinker -rpath -Xlinker @executable_path/../Frameworks -bundle_loader /tmp/NeuroForge-improvement-build/Build/Products/Debug/NeuroForge.app/Contents/MacOS/NeuroForge -Xlinker -object_path_lto -Xlinker /tmp/NeuroForge-improvement-build/Build/Intermediates.noindex/NeuroForge.build/Debug/NeuroForgeTests.build/Objects-normal/arm64/NeuroForgeTests_lto.o -rdynamic -Xlinker -no_deduplicate -Xlinker -dependency_info -Xlinker /tmp/NeuroForge-improvement-build/Build/Intermediates.noindex/NeuroForge.build/Debug/NeuroForgeTests.build/Objects-normal/arm64/NeuroForgeTests_dependency_info.dat -fobjc-link-runtime -L/Applications/Xcode.app/Contents/Developer/Toolchains/XcodeDefault.xctoolchain/usr/lib/swift/macosx -L/usr/lib/swift -Xlinker -add_ast_path -Xlinker /tmp/NeuroForge-improvement-build/Build/Intermediates.noindex/NeuroForge.build/Debug/NeuroForgeTests.build/Objects-normal/arm64/NeuroForgeTests.swiftmodule @/tmp/NeuroForge-improvement-build/Build/Intermediates.noindex/NeuroForge.build/Debug/NeuroForgeTests.build/Objects-normal/arm64/NeuroForgeTests-linker-args.resp -Wl,-no_warn_duplicate_libraries -Xlinker -needed_framework -Xlinker XCTest -framework XCTest -Xlinker -needed-lXCTestSwiftSupport -lXCTestSwiftSupport /tmp/NeuroForge-improvement-build/Build/Products/Debug/NeuroForge.app/Contents/MacOS/NeuroForge.debug.dylib -o /tmp/NeuroForge-improvement-build/Build/Products/Debug/NeuroForge.app/Contents/PlugIns/NeuroForgeTests.xctest/Contents/MacOS/NeuroForgeTests

CopySwiftLibs /tmp/NeuroForge-improvement-build/Build/Products/Debug/NeuroForge.app/Contents/PlugIns/NeuroForgeTests.xctest (in target 'NeuroForgeTests' from project 'NeuroForge')
    cd /Users/takamimarsh/Developer/Projects/Zacro\ Tech/NeuroForge
    builtin-swiftStdLibTool --copy --verbose --scan-executable /tmp/NeuroForge-improvement-build/Build/Products/Debug/NeuroForge.app/Contents/PlugIns/NeuroForgeTests.xctest/Contents/MacOS/NeuroForgeTests --scan-folder /tmp/NeuroForge-improvement-build/Build/Products/Debug/NeuroForge.app/Contents/PlugIns/NeuroForgeTests.xctest/Contents/Frameworks --scan-folder /tmp/NeuroForge-improvement-build/Build/Products/Debug/NeuroForge.app/Contents/PlugIns/NeuroForgeTests.xctest/Contents/PlugIns --scan-folder /tmp/NeuroForge-improvement-build/Build/Products/Debug/NeuroForge.app/Contents/PlugIns/NeuroForgeTests.xctest/Contents/Library/SystemExtensions --scan-folder /tmp/NeuroForge-improvement-build/Build/Products/Debug/NeuroForge.app/Contents/PlugIns/NeuroForgeTests.xctest/Contents/Extensions --platform macosx --toolchain /Applications/Xcode.app/Contents/Developer/Toolchains/XcodeDefault.xctoolchain --destination /tmp/NeuroForge-improvement-build/Build/Products/Debug/NeuroForge.app/Contents/PlugIns/NeuroForgeTests.xctest/Contents/Frameworks --strip-bitcode --scan-executable /Applications/Xcode.app/Contents/Developer/Platforms/MacOSX.platform/Developer/usr/lib/libXCTestSwiftSupport.dylib --strip-bitcode-tool /Applications/Xcode.app/Contents/Developer/Toolchains/XcodeDefault.xctoolchain/usr/bin/bitcode_strip --emit-dependency-info /tmp/NeuroForge-improvement-build/Build/Intermediates.noindex/NeuroForge.build/Debug/NeuroForgeTests.build/SwiftStdLibToolInputDependencies.dep --filter-for-swift-os
Ignoring --strip-bitcode because --sign was not passed

ExtractAppIntentsMetadata (in target 'NeuroForgeTests' from project 'NeuroForge')
    cd /Users/takamimarsh/Developer/Projects/Zacro\ Tech/NeuroForge
    /Applications/Xcode.app/Contents/Developer/Toolchains/XcodeDefault.xctoolchain/usr/bin/appintentsmetadataprocessor --toolchain-dir /Applications/Xcode.app/Contents/Developer/Toolchains/XcodeDefault.xctoolchain --module-name NeuroForgeTests --sdk-root /Applications/Xcode.app/Contents/Developer/Platforms/MacOSX.platform/Developer/SDKs/MacOSX26.5.sdk --xcode-version 17F113 --platform-family macOS --deployment-target 26.4 --bundle-identifier com.zacrotech.NeuroForgeTests --output /tmp/NeuroForge-improvement-build/Build/Products/Debug/NeuroForge.app/Contents/PlugIns/NeuroForgeTests.xctest/Contents/Resources --target-triple arm64-apple-macos26.4 --binary-file /tmp/NeuroForge-improvement-build/Build/Products/Debug/NeuroForge.app/Contents/PlugIns/NeuroForgeTests.xctest/Contents/MacOS/NeuroForgeTests --dependency-file /tmp/NeuroForge-improvement-build/Build/Intermediates.noindex/NeuroForge.build/Debug/NeuroForgeTests.build/Objects-normal/arm64/NeuroForgeTests_dependency_info.dat --stringsdata-file /tmp/NeuroForge-improvement-build/Build/Intermediates.noindex/NeuroForge.build/Debug/NeuroForgeTests.build/Objects-normal/arm64/ExtractedAppShortcutsMetadata.stringsdata --source-file-list /tmp/NeuroForge-improvement-build/Build/Intermediates.noindex/NeuroForge.build/Debug/NeuroForgeTests.build/Objects-normal/arm64/NeuroForgeTests.SwiftFileList --metadata-file-list /tmp/NeuroForge-improvement-build/Build/Intermediates.noindex/NeuroForge.build/Debug/NeuroForgeTests.build/NeuroForgeTests.DependencyMetadataFileList --static-metadata-file-list /tmp/NeuroForge-improvement-build/Build/Intermediates.noindex/NeuroForge.build/Debug/NeuroForgeTests.build/NeuroForgeTests.DependencyStaticMetadataFileList --swift-const-vals-list /tmp/NeuroForge-improvement-build/Build/Intermediates.noindex/NeuroForge.build/Debug/NeuroForgeTests.build/Objects-normal/arm64/NeuroForgeTests.SwiftConstValuesFileList --compile-time-extraction --deployment-aware-processing --validate-assistant-intents --no-app-shortcuts-localization
2026-09-05 16:26:23.112 appintentsmetadataprocessor[49047:5857205] Starting appintentsmetadataprocessor export
2026-09-05 16:26:23.136 appintentsmetadataprocessor[49047:5857205] Extracted no relevant App Intents symbols, skipping writing output

Validate /tmp/NeuroForge-improvement-build/Build/Products/Debug/NeuroForge.app (in target 'NeuroForge' from project 'NeuroForge')
    cd /Users/takamimarsh/Developer/Projects/Zacro\ Tech/NeuroForge
    builtin-validationUtility /tmp/NeuroForge-improvement-build/Build/Products/Debug/NeuroForge.app -no-validate-extension -infoplist-subpath Contents/Info.plist

RegisterWithLaunchServices /tmp/NeuroForge-improvement-build/Build/Products/Debug/NeuroForge.app (in target 'NeuroForge' from project 'NeuroForge')
    cd /Users/takamimarsh/Developer/Projects/Zacro\ Tech/NeuroForge
    /System/Library/Frameworks/CoreServices.framework/Versions/Current/Frameworks/LaunchServices.framework/Versions/Current/Support/lsregister -f -R -trusted /tmp/NeuroForge-improvement-build/Build/Products/Debug/NeuroForge.app

2026-09-05 16:26:27.773513-0400 NeuroForge[49065:5857660] [Connection] Unable to get synchronousRemoteObjectProxy, error: Error Domain=NSCocoaErrorDomain Code=4097 "connection to service named com.apple.linkd.autoShortcut" UserInfo={NSDebugDescription=connection to service named com.apple.linkd.autoShortcut}
2026-09-05 16:26:27.773995-0400 NeuroForge[49065:5857660] [Application] Error registering app with intents framework: Error Domain=NSCocoaErrorDomain Code=4097 "connection to service named com.apple.linkd.autoShortcut" UserInfo={NSDebugDescription=connection to service named com.apple.linkd.autoShortcut}
2026-09-05 16:26:27.774572-0400 NeuroForge[49065:5857602] [Connection] Unable to get synchronousRemoteObjectProxy, error: Error Domain=NSCocoaErrorDomain Code=4097 "connection to service named com.apple.linkd.autoShortcut" UserInfo={NSDebugDescription=connection to service named com.apple.linkd.autoShortcut}
2026-09-05 16:26:27.774597-0400 NeuroForge[49065:5857602] [Connection] Unable to re-register with Process Instance Registry, error: Error Domain=NSCocoaErrorDomain Code=4097 "connection to service named com.apple.linkd.autoShortcut" UserInfo={NSDebugDescription=connection to service named com.apple.linkd.autoShortcut}
2026-09-05 16:26:27.775418-0400 NeuroForge[49065:5857601] [Connection] Unable to get synchronousRemoteObjectProxy, error: Error Domain=NSCocoaErrorDomain Code=4097 "connection to service named com.apple.linkd.autoShortcut" UserInfo={NSDebugDescription=connection to service named com.apple.linkd.autoShortcut}
2026-09-05 16:26:27.775446-0400 NeuroForge[49065:5857601] [Connection] Unable to re-register with Process Instance Registry, error: Error Domain=NSCocoaErrorDomain Code=4097 "connection to service named com.apple.linkd.autoShortcut" UserInfo={NSDebugDescription=connection to service named com.apple.linkd.autoShortcut}
2026-09-05 16:26:27.776312-0400 NeuroForge[49065:5857601] [Connection] Will NOT re-try to establish the connection
2026-09-05 16:26:27.776347-0400 NeuroForge[49065:5857660] [Connection] Unable to get synchronousRemoteObjectProxy, error: Error Domain=NSCocoaErrorDomain Code=4097 "connection to service named com.apple.linkd.autoShortcut" UserInfo={NSDebugDescription=connection to service named com.apple.linkd.autoShortcut}
2026-09-05 16:26:27.788716-0400 NeuroForge[49065:5857660] [Connection] Unable to re-register with Process Instance Registry, error: Error Domain=NSCocoaErrorDomain Code=4097 "connection to service named com.apple.linkd.autoShortcut" UserInfo={NSDebugDescription=connection to service named com.apple.linkd.autoShortcut}
2026-09-05 16:26:28.370227-0400 NeuroForge[49065:5857471] ApplePersistenceIgnoreState: Existing state will not be touched. New state will be written to /var/folders/9s/lwj2ss7d679bl8hv9dx2qf6h0000gn/T/com.zacrotech.NeuroForge.savedState
Test Suite 'Selected tests' started at 2026-09-05 16:26:29.846.
Test Suite 'NeuroForgeTests.xctest' started at 2026-09-05 16:26:29.846.
Test Suite 'AuthoringReadyRecoveryTests' started at 2026-09-05 16:26:29.846.
Test Case '-[NeuroForgeTests.AuthoringReadyRecoveryTests testFreshOfflineReasoningSetIsImmediatelyRecoverableAndCanStartItsFirstRun]' started.
Test Case '-[NeuroForgeTests.AuthoringReadyRecoveryTests testFreshOfflineReasoningSetIsImmediatelyRecoverableAndCanStartItsFirstRun]' passed (0.157 seconds).
Test Case '-[NeuroForgeTests.AuthoringReadyRecoveryTests testInvalidAuthoredContentCannotBeReturnedCachedOrPublishedAsAReadySet]' started.
Test Case '-[NeuroForgeTests.AuthoringReadyRecoveryTests testInvalidAuthoredContentCannotBeReturnedCachedOrPublishedAsAReadySet]' passed (0.027 seconds).
Test Suite 'AuthoringReadyRecoveryTests' passed at 2026-09-05 16:26:30.031.
	 Executed 2 tests, with 0 failures (0 unexpected) in 0.184 (0.185) seconds
Test Suite 'CoordinateTransformContractTests' started at 2026-09-05 16:26:30.031.
Test Case '-[NeuroForgeTests.CoordinateTransformContractTests testActualColdCoordinatesCommitHistoryAndNextPreserveExactTypedPoint]' started.
Test Case '-[NeuroForgeTests.CoordinateTransformContractTests testActualColdCoordinatesCommitHistoryAndNextPreserveExactTypedPoint]' passed (0.108 seconds).
Test Case '-[NeuroForgeTests.CoordinateTransformContractTests testAllBoundedCoordinateContractsMatchIndependentAffineOracleAndTypedCredit]' started.
/Users/takamimarsh/Developer/Projects/Zacro Tech/NeuroForge/Tests/ContentImprovementRegressionTests.swift:3138: error: -[NeuroForgeTests.CoordinateTransformContractTests testAllBoundedCoordinateContractsMatchIndependentAffineOracleAndTypedCredit] : XCTAssertEqual failed: ("0.0") is not equal to ("0.5")
/Users/takamimarsh/Developer/Projects/Zacro Tech/NeuroForge/Tests/ContentImprovementRegressionTests.swift:3138: error: -[NeuroForgeTests.CoordinateTransformContractTests testAllBoundedCoordinateContractsMatchIndependentAffineOracleAndTypedCredit] : XCTAssertEqual failed: ("0.0") is not equal to ("0.5")
/Users/takamimarsh/Developer/Projects/Zacro Tech/NeuroForge/Tests/ContentImprovementRegressionTests.swift:3138: error: -[NeuroForgeTests.CoordinateTransformContractTests testAllBoundedCoordinateContractsMatchIndependentAffineOracleAndTypedCredit] : XCTAssertEqual failed: ("0.0") is not equal to ("0.5")
/Users/takamimarsh/Developer/Projects/Zacro Tech/NeuroForge/Tests/ContentImprovementRegressionTests.swift:3138: error: -[NeuroForgeTests.CoordinateTransformContractTests testAllBoundedCoordinateContractsMatchIndependentAffineOracleAndTypedCredit] : XCTAssertEqual failed: ("0.0") is not equal to ("0.5")
/Users/takamimarsh/Developer/Projects/Zacro Tech/NeuroForge/Tests/ContentImprovementRegressionTests.swift:3138: error: -[NeuroForgeTests.CoordinateTransformContractTests testAllBoundedCoordinateContractsMatchIndependentAffineOracleAndTypedCredit] : XCTAssertEqual failed: ("0.0") is not equal to ("0.5")
/Users/takamimarsh/Developer/Projects/Zacro Tech/NeuroForge/Tests/ContentImprovementRegressionTests.swift:3138: error: -[NeuroForgeTests.CoordinateTransformContractTests testAllBoundedCoordinateContractsMatchIndependentAffineOracleAndTypedCredit] : XCTAssertEqual failed: ("0.0") is not equal to ("0.5")
/Users/takamimarsh/Developer/Projects/Zacro Tech/NeuroForge/Tests/ContentImprovementRegressionTests.swift:3138: error: -[NeuroForgeTests.CoordinateTransformContractTests testAllBoundedCoordinateContractsMatchIndependentAffineOracleAndTypedCredit] : XCTAssertEqual failed: ("0.0") is not equal to ("0.5")
/Users/takamimarsh/Developer/Projects/Zacro Tech/NeuroForge/Tests/ContentImprovementRegressionTests.swift:3138: error: -[NeuroForgeTests.CoordinateTransformContractTests testAllBoundedCoordinateContractsMatchIndependentAffineOracleAndTypedCredit] : XCTAssertEqual failed: ("0.0") is not equal to ("0.5")
/Users/takamimarsh/Developer/Projects/Zacro Tech/NeuroForge/Tests/ContentImprovementRegressionTests.swift:3138: error: -[NeuroForgeTests.CoordinateTransformContractTests testAllBoundedCoordinateContractsMatchIndependentAffineOracleAndTypedCredit] : XCTAssertEqual failed: ("0.0") is not equal to ("0.5")
/Users/takamimarsh/Developer/Projects/Zacro Tech/NeuroForge/Tests/ContentImprovementRegressionTests.swift:3138: error: -[NeuroForgeTests.CoordinateTransformContractTests testAllBoundedCoordinateContractsMatchIndependentAffineOracleAndTypedCredit] : XCTAssertEqual failed: ("0.0") is not equal to ("0.5")
/Users/takamimarsh/Developer/Projects/Zacro Tech/NeuroForge/Tests/ContentImprovementRegressionTests.swift:3138: error: -[NeuroForgeTests.CoordinateTransformContractTests testAllBoundedCoordinateContractsMatchIndependentAffineOracleAndTypedCredit] : XCTAssertEqual failed: ("0.0") is not equal to ("0.5")
/Users/takamimarsh/Developer/Projects/Zacro Tech/NeuroForge/Tests/ContentImprovementRegressionTests.swift:3138: error: -[NeuroForgeTests.CoordinateTransformContractTests testAllBoundedCoordinateContractsMatchIndependentAffineOracleAndTypedCredit] : XCTAssertEqual failed: ("0.0") is not equal to ("0.5")
/Users/takamimarsh/Developer/Projects/Zacro Tech/NeuroForge/Tests/ContentImprovementRegressionTests.swift:3138: error: -[NeuroForgeTests.CoordinateTransformContractTests testAllBoundedCoordinateContractsMatchIndependentAffineOracleAndTypedCredit] : XCTAssertEqual failed: ("0.0") is not equal to ("0.5")
/Users/takamimarsh/Developer/Projects/Zacro Tech/NeuroForge/Tests/ContentImprovementRegressionTests.swift:3138: error: -[NeuroForgeTests.CoordinateTransformContractTests testAllBoundedCoordinateContractsMatchIndependentAffineOracleAndTypedCredit] : XCTAssertEqual failed: ("0.0") is not equal to ("0.5")
/Users/takamimarsh/Developer/Projects/Zacro Tech/NeuroForge/Tests/ContentImprovementRegressionTests.swift:3138: error: -[NeuroForgeTests.CoordinateTransformContractTests testAllBoundedCoordinateContractsMatchIndependentAffineOracleAndTypedCredit] : XCTAssertEqual failed: ("0.0") is not equal to ("0.5")
/Users/takamimarsh/Developer/Projects/Zacro Tech/NeuroForge/Tests/ContentImprovementRegressionTests.swift:3138: error: -[NeuroForgeTests.CoordinateTransformContractTests testAllBoundedCoordinateContractsMatchIndependentAffineOracleAndTypedCredit] : XCTAssertEqual failed: ("0.0") is not equal to ("0.5")
/Users/takamimarsh/Developer/Projects/Zacro Tech/NeuroForge/Tests/ContentImprovementRegressionTests.swift:3138: error: -[NeuroForgeTests.CoordinateTransformContractTests testAllBoundedCoordinateContractsMatchIndependentAffineOracleAndTypedCredit] : XCTAssertEqual failed: ("0.0") is not equal to ("0.5")
/Users/takamimarsh/Developer/Projects/Zacro Tech/NeuroForge/Tests/ContentImprovementRegressionTests.swift:3138: error: -[NeuroForgeTests.CoordinateTransformContractTests testAllBoundedCoordinateContractsMatchIndependentAffineOracleAndTypedCredit] : XCTAssertEqual failed: ("0.0") is not equal to ("0.5")
/Users/takamimarsh/Developer/Projects/Zacro Tech/NeuroForge/Tests/ContentImprovementRegressionTests.swift:3138: error: -[NeuroForgeTests.CoordinateTransformContractTests testAllBoundedCoordinateContractsMatchIndependentAffineOracleAndTypedCredit] : XCTAssertEqual failed: ("0.0") is not equal to ("0.5")
/Users/takamimarsh/Developer/Projects/Zacro Tech/NeuroForge/Tests/ContentImprovementRegressionTests.swift:3138: error: -[NeuroForgeTests.CoordinateTransformContractTests testAllBoundedCoordinateContractsMatchIndependentAffineOracleAndTypedCredit] : XCTAssertEqual failed: ("0.0") is not equal to ("0.5")
/Users/takamimarsh/Developer/Projects/Zacro Tech/NeuroForge/Tests/ContentImprovementRegressionTests.swift:3138: error: -[NeuroForgeTests.CoordinateTransformContractTests testAllBoundedCoordinateContractsMatchIndependentAffineOracleAndTypedCredit] : XCTAssertEqual failed: ("0.0") is not equal to ("0.5")
/Users/takamimarsh/Developer/Projects/Zacro Tech/NeuroForge/Tests/ContentImprovementRegressionTests.swift:3138: error: -[NeuroForgeTests.CoordinateTransformContractTests testAllBoundedCoordinateContractsMatchIndependentAffineOracleAndTypedCredit] : XCTAssertEqual failed: ("0.0") is not equal to ("0.5")
/Users/takamimarsh/Developer/Projects/Zacro Tech/NeuroForge/Tests/ContentImprovementRegressionTests.swift:3138: error: -[NeuroForgeTests.CoordinateTransformContractTests testAllBoundedCoordinateContractsMatchIndependentAffineOracleAndTypedCredit] : XCTAssertEqual failed: ("0.0") is not equal to ("0.5")
/Users/takamimarsh/Developer/Projects/Zacro Tech/NeuroForge/Tests/ContentImprovementRegressionTests.swift:3138: error: -[NeuroForgeTests.CoordinateTransformContractTests testAllBoundedCoordinateContractsMatchIndependentAffineOracleAndTypedCredit] : XCTAssertEqual failed: ("0.0") is not equal to ("0.5")
/Users/takamimarsh/Developer/Projects/Zacro Tech/NeuroForge/Tests/ContentImprovementRegressionTests.swift:3138: error: -[NeuroForgeTests.CoordinateTransformContractTests testAllBoundedCoordinateContractsMatchIndependentAffineOracleAndTypedCredit] : XCTAssertEqual failed: ("0.0") is not equal to ("0.5")
/Users/takamimarsh/Developer/Projects/Zacro Tech/NeuroForge/Tests/ContentImprovementRegressionTests.swift:3138: error: -[NeuroForgeTests.CoordinateTransformContractTests testAllBoundedCoordinateContractsMatchIndependentAffineOracleAndTypedCredit] : XCTAssertEqual failed: ("0.0") is not equal to ("0.5")
/Users/takamimarsh/Developer/Projects/Zacro Tech/NeuroForge/Tests/ContentImprovementRegressionTests.swift:3138: error: -[NeuroForgeTests.CoordinateTransformContractTests testAllBoundedCoordinateContractsMatchIndependentAffineOracleAndTypedCredit] : XCTAssertEqual failed: ("0.0") is not equal to ("0.5")
/Users/takamimarsh/Developer/Projects/Zacro Tech/NeuroForge/Tests/ContentImprovementRegressionTests.swift:3138: error: -[NeuroForgeTests.CoordinateTransformContractTests testAllBoundedCoordinateContractsMatchIndependentAffineOracleAndTypedCredit] : XCTAssertEqual failed: ("0.0") is not equal to ("0.5")
/Users/takamimarsh/Developer/Projects/Zacro Tech/NeuroForge/Tests/ContentImprovementRegressionTests.swift:3138: error: -[NeuroForgeTests.CoordinateTransformContractTests testAllBoundedCoordinateContractsMatchIndependentAffineOracleAndTypedCredit] : XCTAssertEqual failed: ("0.0") is not equal to ("0.5")
/Users/takamimarsh/Developer/Projects/Zacro Tech/NeuroForge/Tests/ContentImprovementRegressionTests.swift:3138: error: -[NeuroForgeTests.CoordinateTransformContractTests testAllBoundedCoordinateContractsMatchIndependentAffineOracleAndTypedCredit] : XCTAssertEqual failed: ("0.0") is not equal to ("0.5")
/Users/takamimarsh/Developer/Projects/Zacro Tech/NeuroForge/Tests/ContentImprovementRegressionTests.swift:3138: error: -[NeuroForgeTests.CoordinateTransformContractTests testAllBoundedCoordinateContractsMatchIndependentAffineOracleAndTypedCredit] : XCTAssertEqual failed: ("0.0") is not equal to ("0.5")
/Users/takamimarsh/Developer/Projects/Zacro Tech/NeuroForge/Tests/ContentImprovementRegressionTests.swift:3138: error: -[NeuroForgeTests.CoordinateTransformContractTests testAllBoundedCoordinateContractsMatchIndependentAffineOracleAndTypedCredit] : XCTAssertEqual failed: ("0.0") is not equal to ("0.5")
/Users/takamimarsh/Developer/Projects/Zacro Tech/NeuroForge/Tests/ContentImprovementRegressionTests.swift:3138: error: -[NeuroForgeTests.CoordinateTransformContractTests testAllBoundedCoordinateContractsMatchIndependentAffineOracleAndTypedCredit] : XCTAssertEqual failed: ("0.0") is not equal to ("0.5")
/Users/takamimarsh/Developer/Projects/Zacro Tech/NeuroForge/Tests/ContentImprovementRegressionTests.swift:3138: error: -[NeuroForgeTests.CoordinateTransformContractTests testAllBoundedCoordinateContractsMatchIndependentAffineOracleAndTypedCredit] : XCTAssertEqual failed: ("0.0") is not equal to ("0.5")
/Users/takamimarsh/Developer/Projects/Zacro Tech/NeuroForge/Tests/ContentImprovementRegressionTests.swift:3138: error: -[NeuroForgeTests.CoordinateTransformContractTests testAllBoundedCoordinateContractsMatchIndependentAffineOracleAndTypedCredit] : XCTAssertEqual failed: ("0.0") is not equal to ("0.5")
/Users/takamimarsh/Developer/Projects/Zacro Tech/NeuroForge/Tests/ContentImprovementRegressionTests.swift:3138: error: -[NeuroForgeTests.CoordinateTransformContractTests testAllBoundedCoordinateContractsMatchIndependentAffineOracleAndTypedCredit] : XCTAssertEqual failed: ("0.0") is not equal to ("0.5")
/Users/takamimarsh/Developer/Projects/Zacro Tech/NeuroForge/Tests/ContentImprovementRegressionTests.swift:3138: error: -[NeuroForgeTests.CoordinateTransformContractTests testAllBoundedCoordinateContractsMatchIndependentAffineOracleAndTypedCredit] : XCTAssertEqual failed: ("0.0") is not equal to ("0.5")
/Users/takamimarsh/Developer/Projects/Zacro Tech/NeuroForge/Tests/ContentImprovementRegressionTests.swift:3138: error: -[NeuroForgeTests.CoordinateTransformContractTests testAllBoundedCoordinateContractsMatchIndependentAffineOracleAndTypedCredit] : XCTAssertEqual failed: ("0.0") is not equal to ("0.5")
/Users/takamimarsh/Developer/Projects/Zacro Tech/NeuroForge/Tests/ContentImprovementRegressionTests.swift:3138: error: -[NeuroForgeTests.CoordinateTransformContractTests testAllBoundedCoordinateContractsMatchIndependentAffineOracleAndTypedCredit] : XCTAssertEqual failed: ("0.0") is not equal to ("0.5")
/Users/takamimarsh/Developer/Projects/Zacro Tech/NeuroForge/Tests/ContentImprovementRegressionTests.swift:3138: error: -[NeuroForgeTests.CoordinateTransformContractTests testAllBoundedCoordinateContractsMatchIndependentAffineOracleAndTypedCredit] : XCTAssertEqual failed: ("0.0") is not equal to ("0.5")
/Users/takamimarsh/Developer/Projects/Zacro Tech/NeuroForge/Tests/ContentImprovementRegressionTests.swift:3138: error: -[NeuroForgeTests.CoordinateTransformContractTests testAllBoundedCoordinateContractsMatchIndependentAffineOracleAndTypedCredit] : XCTAssertEqual failed: ("0.0") is not equal to ("0.5")
/Users/takamimarsh/Developer/Projects/Zacro Tech/NeuroForge/Tests/ContentImprovementRegressionTests.swift:3138: error: -[NeuroForgeTests.CoordinateTransformContractTests testAllBoundedCoordinateContractsMatchIndependentAffineOracleAndTypedCredit] : XCTAssertEqual failed: ("0.0") is not equal to ("0.5")
/Users/takamimarsh/Developer/Projects/Zacro Tech/NeuroForge/Tests/ContentImprovementRegressionTests.swift:3138: error: -[NeuroForgeTests.CoordinateTransformContractTests testAllBoundedCoordinateContractsMatchIndependentAffineOracleAndTypedCredit] : XCTAssertEqual failed: ("0.0") is not equal to ("0.5")
/Users/takamimarsh/Developer/Projects/Zacro Tech/NeuroForge/Tests/ContentImprovementRegressionTests.swift:3138: error: -[NeuroForgeTests.CoordinateTransformContractTests testAllBoundedCoordinateContractsMatchIndependentAffineOracleAndTypedCredit] : XCTAssertEqual failed: ("0.0") is not equal to ("0.5")
/Users/takamimarsh/Developer/Projects/Zacro Tech/NeuroForge/Tests/ContentImprovementRegressionTests.swift:3138: error: -[NeuroForgeTests.CoordinateTransformContractTests testAllBoundedCoordinateContractsMatchIndependentAffineOracleAndTypedCredit] : XCTAssertEqual failed: ("0.0") is not equal to ("0.5")
/Users/takamimarsh/Developer/Projects/Zacro Tech/NeuroForge/Tests/ContentImprovementRegressionTests.swift:3138: error: -[NeuroForgeTests.CoordinateTransformContractTests testAllBoundedCoordinateContractsMatchIndependentAffineOracleAndTypedCredit] : XCTAssertEqual failed: ("0.0") is not equal to ("0.5")
/Users/takamimarsh/Developer/Projects/Zacro Tech/NeuroForge/Tests/ContentImprovementRegressionTests.swift:3138: error: -[NeuroForgeTests.CoordinateTransformContractTests testAllBoundedCoordinateContractsMatchIndependentAffineOracleAndTypedCredit] : XCTAssertEqual failed: ("0.0") is not equal to ("0.5")
/Users/takamimarsh/Developer/Projects/Zacro Tech/NeuroForge/Tests/ContentImprovementRegressionTests.swift:3138: error: -[NeuroForgeTests.CoordinateTransformContractTests testAllBoundedCoordinateContractsMatchIndependentAffineOracleAndTypedCredit] : XCTAssertEqual failed: ("0.0") is not equal to ("0.5")
/Users/takamimarsh/Developer/Projects/Zacro Tech/NeuroForge/Tests/ContentImprovementRegressionTests.swift:3138: error: -[NeuroForgeTests.CoordinateTransformContractTests testAllBoundedCoordinateContractsMatchIndependentAffineOracleAndTypedCredit] : XCTAssertEqual failed: ("0.0") is not equal to ("0.5")
/Users/takamimarsh/Developer/Projects/Zacro Tech/NeuroForge/Tests/ContentImprovementRegressionTests.swift:3138: error: -[NeuroForgeTests.CoordinateTransformContractTests testAllBoundedCoordinateContractsMatchIndependentAffineOracleAndTypedCredit] : XCTAssertEqual failed: ("0.0") is not equal to ("0.5")
/Users/takamimarsh/Developer/Projects/Zacro Tech/NeuroForge/Tests/ContentImprovementRegressionTests.swift:3138: error: -[NeuroForgeTests.CoordinateTransformContractTests testAllBoundedCoordinateContractsMatchIndependentAffineOracleAndTypedCredit] : XCTAssertEqual failed: ("0.0") is not equal to ("0.5")
/Users/takamimarsh/Developer/Projects/Zacro Tech/NeuroForge/Tests/ContentImprovementRegressionTests.swift:3138: error: -[NeuroForgeTests.CoordinateTransformContractTests testAllBoundedCoordinateContractsMatchIndependentAffineOracleAndTypedCredit] : XCTAssertEqual failed: ("0.0") is not equal to ("0.5")
/Users/takamimarsh/Developer/Projects/Zacro Tech/NeuroForge/Tests/ContentImprovementRegressionTests.swift:3138: error: -[NeuroForgeTests.CoordinateTransformContractTests testAllBoundedCoordinateContractsMatchIndependentAffineOracleAndTypedCredit] : XCTAssertEqual failed: ("0.0") is not equal to ("0.5")
/Users/takamimarsh/Developer/Projects/Zacro Tech/NeuroForge/Tests/ContentImprovementRegressionTests.swift:3138: error: -[NeuroForgeTests.CoordinateTransformContractTests testAllBoundedCoordinateContractsMatchIndependentAffineOracleAndTypedCredit] : XCTAssertEqual failed: ("0.0") is not equal to ("0.5")
/Users/takamimarsh/Developer/Projects/Zacro Tech/NeuroForge/Tests/ContentImprovementRegressionTests.swift:3138: error: -[NeuroForgeTests.CoordinateTransformContractTests testAllBoundedCoordinateContractsMatchIndependentAffineOracleAndTypedCredit] : XCTAssertEqual failed: ("0.0") is not equal to ("0.5")
/Users/takamimarsh/Developer/Projects/Zacro Tech/NeuroForge/Tests/ContentImprovementRegressionTests.swift:3138: error: -[NeuroForgeTests.CoordinateTransformContractTests testAllBoundedCoordinateContractsMatchIndependentAffineOracleAndTypedCredit] : XCTAssertEqual failed: ("0.0") is not equal to ("0.5")
/Users/takamimarsh/Developer/Projects/Zacro Tech/NeuroForge/Tests/ContentImprovementRegressionTests.swift:3138: error: -[NeuroForgeTests.CoordinateTransformContractTests testAllBoundedCoordinateContractsMatchIndependentAffineOracleAndTypedCredit] : XCTAssertEqual failed: ("0.0") is not equal to ("0.5")
/Users/takamimarsh/Developer/Projects/Zacro Tech/NeuroForge/Tests/ContentImprovementRegressionTests.swift:3138: error: -[NeuroForgeTests.CoordinateTransformContractTests testAllBoundedCoordinateContractsMatchIndependentAffineOracleAndTypedCredit] : XCTAssertEqual failed: ("0.0") is not equal to ("0.5")
/Users/takamimarsh/Developer/Projects/Zacro Tech/NeuroForge/Tests/ContentImprovementRegressionTests.swift:3138: error: -[NeuroForgeTests.CoordinateTransformContractTests testAllBoundedCoordinateContractsMatchIndependentAffineOracleAndTypedCredit] : XCTAssertEqual failed: ("0.0") is not equal to ("0.5")
/Users/takamimarsh/Developer/Projects/Zacro Tech/NeuroForge/Tests/ContentImprovementRegressionTests.swift:3138: error: -[NeuroForgeTests.CoordinateTransformContractTests testAllBoundedCoordinateContractsMatchIndependentAffineOracleAndTypedCredit] : XCTAssertEqual failed: ("0.0") is not equal to ("0.5")
/Users/takamimarsh/Developer/Projects/Zacro Tech/NeuroForge/Tests/ContentImprovementRegressionTests.swift:3138: error: -[NeuroForgeTests.CoordinateTransformContractTests testAllBoundedCoordinateContractsMatchIndependentAffineOracleAndTypedCredit] : XCTAssertEqual failed: ("0.0") is not equal to ("0.5")
/Users/takamimarsh/Developer/Projects/Zacro Tech/NeuroForge/Tests/ContentImprovementRegressionTests.swift:3138: error: -[NeuroForgeTests.CoordinateTransformContractTests testAllBoundedCoordinateContractsMatchIndependentAffineOracleAndTypedCredit] : XCTAssertEqual failed: ("0.0") is not equal to ("0.5")
/Users/takamimarsh/Developer/Projects/Zacro Tech/NeuroForge/Tests/ContentImprovementRegressionTests.swift:3138: error: -[NeuroForgeTests.CoordinateTransformContractTests testAllBoundedCoordinateContractsMatchIndependentAffineOracleAndTypedCredit] : XCTAssertEqual failed: ("0.0") is not equal to ("0.5")
/Users/takamimarsh/Developer/Projects/Zacro Tech/NeuroForge/Tests/ContentImprovementRegressionTests.swift:3138: error: -[NeuroForgeTests.CoordinateTransformContractTests testAllBoundedCoordinateContractsMatchIndependentAffineOracleAndTypedCredit] : XCTAssertEqual failed: ("0.0") is not equal to ("0.5")
/Users/takamimarsh/Developer/Projects/Zacro Tech/NeuroForge/Tests/ContentImprovementRegressionTests.swift:3138: error: -[NeuroForgeTests.CoordinateTransformContractTests testAllBoundedCoordinateContractsMatchIndependentAffineOracleAndTypedCredit] : XCTAssertEqual failed: ("0.0") is not equal to ("0.5")
/Users/takamimarsh/Developer/Projects/Zacro Tech/NeuroForge/Tests/ContentImprovementRegressionTests.swift:3138: error: -[NeuroForgeTests.CoordinateTransformContractTests testAllBoundedCoordinateContractsMatchIndependentAffineOracleAndTypedCredit] : XCTAssertEqual failed: ("0.0") is not equal to ("0.5")
/Users/takamimarsh/Developer/Projects/Zacro Tech/NeuroForge/Tests/ContentImprovementRegressionTests.swift:3138: error: -[NeuroForgeTests.CoordinateTransformContractTests testAllBoundedCoordinateContractsMatchIndependentAffineOracleAndTypedCredit] : XCTAssertEqual failed: ("0.0") is not equal to ("0.5")
/Users/takamimarsh/Developer/Projects/Zacro Tech/NeuroForge/Tests/ContentImprovementRegressionTests.swift:3138: error: -[NeuroForgeTests.CoordinateTransformContractTests testAllBoundedCoordinateContractsMatchIndependentAffineOracleAndTypedCredit] : XCTAssertEqual failed: ("0.0") is not equal to ("0.5")
/Users/takamimarsh/Developer/Projects/Zacro Tech/NeuroForge/Tests/ContentImprovementRegressionTests.swift:3138: error: -[NeuroForgeTests.CoordinateTransformContractTests testAllBoundedCoordinateContractsMatchIndependentAffineOracleAndTypedCredit] : XCTAssertEqual failed: ("0.0") is not equal to ("0.5")
/Users/takamimarsh/Developer/Projects/Zacro Tech/NeuroForge/Tests/ContentImprovementRegressionTests.swift:3138: error: -[NeuroForgeTests.CoordinateTransformContractTests testAllBoundedCoordinateContractsMatchIndependentAffineOracleAndTypedCredit] : XCTAssertEqual failed: ("0.0") is not equal to ("0.5")
/Users/takamimarsh/Developer/Projects/Zacro Tech/NeuroForge/Tests/ContentImprovementRegressionTests.swift:3138: error: -[NeuroForgeTests.CoordinateTransformContractTests testAllBoundedCoordinateContractsMatchIndependentAffineOracleAndTypedCredit] : XCTAssertEqual failed: ("0.0") is not equal to ("0.5")
/Users/takamimarsh/Developer/Projects/Zacro Tech/NeuroForge/Tests/ContentImprovementRegressionTests.swift:3138: error: -[NeuroForgeTests.CoordinateTransformContractTests testAllBoundedCoordinateContractsMatchIndependentAffineOracleAndTypedCredit] : XCTAssertEqual failed: ("0.0") is not equal to ("0.5")
/Users/takamimarsh/Developer/Projects/Zacro Tech/NeuroForge/Tests/ContentImprovementRegressionTests.swift:3138: error: -[NeuroForgeTests.CoordinateTransformContractTests testAllBoundedCoordinateContractsMatchIndependentAffineOracleAndTypedCredit] : XCTAssertEqual failed: ("0.0") is not equal to ("0.5")
/Users/takamimarsh/Developer/Projects/Zacro Tech/NeuroForge/Tests/ContentImprovementRegressionTests.swift:3138: error: -[NeuroForgeTests.CoordinateTransformContractTests testAllBoundedCoordinateContractsMatchIndependentAffineOracleAndTypedCredit] : XCTAssertEqual failed: ("0.0") is not equal to ("0.5")
/Users/takamimarsh/Developer/Projects/Zacro Tech/NeuroForge/Tests/ContentImprovementRegressionTests.swift:3138: error: -[NeuroForgeTests.CoordinateTransformContractTests testAllBoundedCoordinateContractsMatchIndependentAffineOracleAndTypedCredit] : XCTAssertEqual failed: ("0.0") is not equal to ("0.5")
/Users/takamimarsh/Developer/Projects/Zacro Tech/NeuroForge/Tests/ContentImprovementRegressionTests.swift:3138: error: -[NeuroForgeTests.CoordinateTransformContractTests testAllBoundedCoordinateContractsMatchIndependentAffineOracleAndTypedCredit] : XCTAssertEqual failed: ("0.0") is not equal to ("0.5")
/Users/takamimarsh/Developer/Projects/Zacro Tech/NeuroForge/Tests/ContentImprovementRegressionTests.swift:3138: error: -[NeuroForgeTests.CoordinateTransformContractTests testAllBoundedCoordinateContractsMatchIndependentAffineOracleAndTypedCredit] : XCTAssertEqual failed: ("0.0") is not equal to ("0.5")
/Users/takamimarsh/Developer/Projects/Zacro Tech/NeuroForge/Tests/ContentImprovementRegressionTests.swift:3138: error: -[NeuroForgeTests.CoordinateTransformContractTests testAllBoundedCoordinateContractsMatchIndependentAffineOracleAndTypedCredit] : XCTAssertEqual failed: ("0.0") is not equal to ("0.5")
/Users/takamimarsh/Developer/Projects/Zacro Tech/NeuroForge/Tests/ContentImprovementRegressionTests.swift:3138: error: -[NeuroForgeTests.CoordinateTransformContractTests testAllBoundedCoordinateContractsMatchIndependentAffineOracleAndTypedCredit] : XCTAssertEqual failed: ("0.0") is not equal to ("0.5")
/Users/takamimarsh/Developer/Projects/Zacro Tech/NeuroForge/Tests/ContentImprovementRegressionTests.swift:3138: error: -[NeuroForgeTests.CoordinateTransformContractTests testAllBoundedCoordinateContractsMatchIndependentAffineOracleAndTypedCredit] : XCTAssertEqual failed: ("0.0") is not equal to ("0.5")
/Users/takamimarsh/Developer/Projects/Zacro Tech/NeuroForge/Tests/ContentImprovementRegressionTests.swift:3138: error: -[NeuroForgeTests.CoordinateTransformContractTests testAllBoundedCoordinateContractsMatchIndependentAffineOracleAndTypedCredit] : XCTAssertEqual failed: ("0.0") is not equal to ("0.5")
/Users/takamimarsh/Developer/Projects/Zacro Tech/NeuroForge/Tests/ContentImprovementRegressionTests.swift:3138: error: -[NeuroForgeTests.CoordinateTransformContractTests testAllBoundedCoordinateContractsMatchIndependentAffineOracleAndTypedCredit] : XCTAssertEqual failed: ("0.0") is not equal to ("0.5")
/Users/takamimarsh/Developer/Projects/Zacro Tech/NeuroForge/Tests/ContentImprovementRegressionTests.swift:3138: error: -[NeuroForgeTests.CoordinateTransformContractTests testAllBoundedCoordinateContractsMatchIndependentAffineOracleAndTypedCredit] : XCTAssertEqual failed: ("0.0") is not equal to ("0.5")
/Users/takamimarsh/Developer/Projects/Zacro Tech/NeuroForge/Tests/ContentImprovementRegressionTests.swift:3138: error: -[NeuroForgeTests.CoordinateTransformContractTests testAllBoundedCoordinateContractsMatchIndependentAffineOracleAndTypedCredit] : XCTAssertEqual failed: ("0.0") is not equal to ("0.5")
/Users/takamimarsh/Developer/Projects/Zacro Tech/NeuroForge/Tests/ContentImprovementRegressionTests.swift:3138: error: -[NeuroForgeTests.CoordinateTransformContractTests testAllBoundedCoordinateContractsMatchIndependentAffineOracleAndTypedCredit] : XCTAssertEqual failed: ("0.0") is not equal to ("0.5")
/Users/takamimarsh/Developer/Projects/Zacro Tech/NeuroForge/Tests/ContentImprovementRegressionTests.swift:3138: error: -[NeuroForgeTests.CoordinateTransformContractTests testAllBoundedCoordinateContractsMatchIndependentAffineOracleAndTypedCredit] : XCTAssertEqual failed: ("0.0") is not equal to ("0.5")
/Users/takamimarsh/Developer/Projects/Zacro Tech/NeuroForge/Tests/ContentImprovementRegressionTests.swift:3138: error: -[NeuroForgeTests.CoordinateTransformContractTests testAllBoundedCoordinateContractsMatchIndependentAffineOracleAndTypedCredit] : XCTAssertEqual failed: ("0.0") is not equal to ("0.5")
/Users/takamimarsh/Developer/Projects/Zacro Tech/NeuroForge/Tests/ContentImprovementRegressionTests.swift:3138: error: -[NeuroForgeTests.CoordinateTransformContractTests testAllBoundedCoordinateContractsMatchIndependentAffineOracleAndTypedCredit] : XCTAssertEqual failed: ("0.0") is not equal to ("0.5")
/Users/takamimarsh/Developer/Projects/Zacro Tech/NeuroForge/Tests/ContentImprovementRegressionTests.swift:3138: error: -[NeuroForgeTests.CoordinateTransformContractTests testAllBoundedCoordinateContractsMatchIndependentAffineOracleAndTypedCredit] : XCTAssertEqual failed: ("0.0") is not equal to ("0.5")
/Users/takamimarsh/Developer/Projects/Zacro Tech/NeuroForge/Tests/ContentImprovementRegressionTests.swift:3138: error: -[NeuroForgeTests.CoordinateTransformContractTests testAllBoundedCoordinateContractsMatchIndependentAffineOracleAndTypedCredit] : XCTAssertEqual failed: ("0.0") is not equal to ("0.5")
/Users/takamimarsh/Developer/Projects/Zacro Tech/NeuroForge/Tests/ContentImprovementRegressionTests.swift:3138: error: -[NeuroForgeTests.CoordinateTransformContractTests testAllBoundedCoordinateContractsMatchIndependentAffineOracleAndTypedCredit] : XCTAssertEqual failed: ("0.0") is not equal to ("0.5")
/Users/takamimarsh/Developer/Projects/Zacro Tech/NeuroForge/Tests/ContentImprovementRegressionTests.swift:3138: error: -[NeuroForgeTests.CoordinateTransformContractTests testAllBoundedCoordinateContractsMatchIndependentAffineOracleAndTypedCredit] : XCTAssertEqual failed: ("0.0") is not equal to ("0.5")
/Users/takamimarsh/Developer/Projects/Zacro Tech/NeuroForge/Tests/ContentImprovementRegressionTests.swift:3138: error: -[NeuroForgeTests.CoordinateTransformContractTests testAllBoundedCoordinateContractsMatchIndependentAffineOracleAndTypedCredit] : XCTAssertEqual failed: ("0.0") is not equal to ("0.5")
/Users/takamimarsh/Developer/Projects/Zacro Tech/NeuroForge/Tests/ContentImprovementRegressionTests.swift:3138: error: -[NeuroForgeTests.CoordinateTransformContractTests testAllBoundedCoordinateContractsMatchIndependentAffineOracleAndTypedCredit] : XCTAssertEqual failed: ("0.0") is not equal to ("0.5")
/Users/takamimarsh/Developer/Projects/Zacro Tech/NeuroForge/Tests/ContentImprovementRegressionTests.swift:3138: error: -[NeuroForgeTests.CoordinateTransformContractTests testAllBoundedCoordinateContractsMatchIndependentAffineOracleAndTypedCredit] : XCTAssertEqual failed: ("0.0") is not equal to ("0.5")
/Users/takamimarsh/Developer/Projects/Zacro Tech/NeuroForge/Tests/ContentImprovementRegressionTests.swift:3138: error: -[NeuroForgeTests.CoordinateTransformContractTests testAllBoundedCoordinateContractsMatchIndependentAffineOracleAndTypedCredit] : XCTAssertEqual failed: ("0.0") is not equal to ("0.5")
/Users/takamimarsh/Developer/Projects/Zacro Tech/NeuroForge/Tests/ContentImprovementRegressionTests.swift:3138: error: -[NeuroForgeTests.CoordinateTransformContractTests testAllBoundedCoordinateContractsMatchIndependentAffineOracleAndTypedCredit] : XCTAssertEqual failed: ("0.0") is not equal to ("0.5")
/Users/takamimarsh/Developer/Projects/Zacro Tech/NeuroForge/Tests/ContentImprovementRegressionTests.swift:3138: error: -[NeuroForgeTests.CoordinateTransformContractTests testAllBoundedCoordinateContractsMatchIndependentAffineOracleAndTypedCredit] : XCTAssertEqual failed: ("0.0") is not equal to ("0.5")
/Users/takamimarsh/Developer/Projects/Zacro Tech/NeuroForge/Tests/ContentImprovementRegressionTests.swift:3138: error: -[NeuroForgeTests.CoordinateTransformContractTests testAllBoundedCoordinateContractsMatchIndependentAffineOracleAndTypedCredit] : XCTAssertEqual failed: ("0.0") is not equal to ("0.5")
/Users/takamimarsh/Developer/Projects/Zacro Tech/NeuroForge/Tests/ContentImprovementRegressionTests.swift:3138: error: -[NeuroForgeTests.CoordinateTransformContractTests testAllBoundedCoordinateContractsMatchIndependentAffineOracleAndTypedCredit] : XCTAssertEqual failed: ("0.0") is not equal to ("0.5")
/Users/takamimarsh/Developer/Projects/Zacro Tech/NeuroForge/Tests/ContentImprovementRegressionTests.swift:3138: error: -[NeuroForgeTests.CoordinateTransformContractTests testAllBoundedCoordinateContractsMatchIndependentAffineOracleAndTypedCredit] : XCTAssertEqual failed: ("0.0") is not equal to ("0.5")
/Users/takamimarsh/Developer/Projects/Zacro Tech/NeuroForge/Tests/ContentImprovementRegressionTests.swift:3138: error: -[NeuroForgeTests.CoordinateTransformContractTests testAllBoundedCoordinateContractsMatchIndependentAffineOracleAndTypedCredit] : XCTAssertEqual failed: ("0.0") is not equal to ("0.5")
/Users/takamimarsh/Developer/Projects/Zacro Tech/NeuroForge/Tests/ContentImprovementRegressionTests.swift:3138: error: -[NeuroForgeTests.CoordinateTransformContractTests testAllBoundedCoordinateContractsMatchIndependentAffineOracleAndTypedCredit] : XCTAssertEqual failed: ("0.0") is not equal to ("0.5")
/Users/takamimarsh/Developer/Projects/Zacro Tech/NeuroForge/Tests/ContentImprovementRegressionTests.swift:3138: error: -[NeuroForgeTests.CoordinateTransformContractTests testAllBoundedCoordinateContractsMatchIndependentAffineOracleAndTypedCredit] : XCTAssertEqual failed: ("0.0") is not equal to ("0.5")
/Users/takamimarsh/Developer/Projects/Zacro Tech/NeuroForge/Tests/ContentImprovementRegressionTests.swift:3138: error: -[NeuroForgeTests.CoordinateTransformContractTests testAllBoundedCoordinateContractsMatchIndependentAffineOracleAndTypedCredit] : XCTAssertEqual failed: ("0.0") is not equal to ("0.5")
/Users/takamimarsh/Developer/Projects/Zacro Tech/NeuroForge/Tests/ContentImprovementRegressionTests.swift:3138: error: -[NeuroForgeTests.CoordinateTransformContractTests testAllBoundedCoordinateContractsMatchIndependentAffineOracleAndTypedCredit] : XCTAssertEqual failed: ("0.0") is not equal to ("0.5")
/Users/takamimarsh/Developer/Projects/Zacro Tech/NeuroForge/Tests/ContentImprovementRegressionTests.swift:3138: error: -[NeuroForgeTests.CoordinateTransformContractTests testAllBoundedCoordinateContractsMatchIndependentAffineOracleAndTypedCredit] : XCTAssertEqual failed: ("0.0") is not equal to ("0.5")
/Users/takamimarsh/Developer/Projects/Zacro Tech/NeuroForge/Tests/ContentImprovementRegressionTests.swift:3138: error: -[NeuroForgeTests.CoordinateTransformContractTests testAllBoundedCoordinateContractsMatchIndependentAffineOracleAndTypedCredit] : XCTAssertEqual failed: ("0.0") is not equal to ("0.5")
/Users/takamimarsh/Developer/Projects/Zacro Tech/NeuroForge/Tests/ContentImprovementRegressionTests.swift:3138: error: -[NeuroForgeTests.CoordinateTransformContractTests testAllBoundedCoordinateContractsMatchIndependentAffineOracleAndTypedCredit] : XCTAssertEqual failed: ("0.0") is not equal to ("0.5")
/Users/takamimarsh/Developer/Projects/Zacro Tech/NeuroForge/Tests/ContentImprovementRegressionTests.swift:3138: error: -[NeuroForgeTests.CoordinateTransformContractTests testAllBoundedCoordinateContractsMatchIndependentAffineOracleAndTypedCredit] : XCTAssertEqual failed: ("0.0") is not equal to ("0.5")
/Users/takamimarsh/Developer/Projects/Zacro Tech/NeuroForge/Tests/ContentImprovementRegressionTests.swift:3138: error: -[NeuroForgeTests.CoordinateTransformContractTests testAllBoundedCoordinateContractsMatchIndependentAffineOracleAndTypedCredit] : XCTAssertEqual failed: ("0.0") is not equal to ("0.5")
/Users/takamimarsh/Developer/Projects/Zacro Tech/NeuroForge/Tests/ContentImprovementRegressionTests.swift:3138: error: -[NeuroForgeTests.CoordinateTransformContractTests testAllBoundedCoordinateContractsMatchIndependentAffineOracleAndTypedCredit] : XCTAssertEqual failed: ("0.0") is not equal to ("0.5")
/Users/takamimarsh/Developer/Projects/Zacro Tech/NeuroForge/Tests/ContentImprovementRegressionTests.swift:3138: error: -[NeuroForgeTests.CoordinateTransformContractTests testAllBoundedCoordinateContractsMatchIndependentAffineOracleAndTypedCredit] : XCTAssertEqual failed: ("0.0") is not equal to ("0.5")
/Users/takamimarsh/Developer/Projects/Zacro Tech/NeuroForge/Tests/ContentImprovementRegressionTests.swift:3138: error: -[NeuroForgeTests.CoordinateTransformContractTests testAllBoundedCoordinateContractsMatchIndependentAffineOracleAndTypedCredit] : XCTAssertEqual failed: ("0.0") is not equal to ("0.5")
/Users/takamimarsh/Developer/Projects/Zacro Tech/NeuroForge/Tests/ContentImprovementRegressionTests.swift:3138: error: -[NeuroForgeTests.CoordinateTransformContractTests testAllBoundedCoordinateContractsMatchIndependentAffineOracleAndTypedCredit] : XCTAssertEqual failed: ("0.0") is not equal to ("0.5")
/Users/takamimarsh/Developer/Projects/Zacro Tech/NeuroForge/Tests/ContentImprovementRegressionTests.swift:3138: error: -[NeuroForgeTests.CoordinateTransformContractTests testAllBoundedCoordinateContractsMatchIndependentAffineOracleAndTypedCredit] : XCTAssertEqual failed: ("0.0") is not equal to ("0.5")
/Users/takamimarsh/Developer/Projects/Zacro Tech/NeuroForge/Tests/ContentImprovementRegressionTests.swift:3138: error: -[NeuroForgeTests.CoordinateTransformContractTests testAllBoundedCoordinateContractsMatchIndependentAffineOracleAndTypedCredit] : XCTAssertEqual failed: ("0.0") is not equal to ("0.5")
/Users/takamimarsh/Developer/Projects/Zacro Tech/NeuroForge/Tests/ContentImprovementRegressionTests.swift:3138: error: -[NeuroForgeTests.CoordinateTransformContractTests testAllBoundedCoordinateContractsMatchIndependentAffineOracleAndTypedCredit] : XCTAssertEqual failed: ("0.0") is not equal to ("0.5")
/Users/takamimarsh/Developer/Projects/Zacro Tech/NeuroForge/Tests/ContentImprovementRegressionTests.swift:3138: error: -[NeuroForgeTests.CoordinateTransformContractTests testAllBoundedCoordinateContractsMatchIndependentAffineOracleAndTypedCredit] : XCTAssertEqual failed: ("0.0") is not equal to ("0.5")
/Users/takamimarsh/Developer/Projects/Zacro Tech/NeuroForge/Tests/ContentImprovementRegressionTests.swift:3138: error: -[NeuroForgeTests.CoordinateTransformContractTests testAllBoundedCoordinateContractsMatchIndependentAffineOracleAndTypedCredit] : XCTAssertEqual failed: ("0.0") is not equal to ("0.5")
/Users/takamimarsh/Developer/Projects/Zacro Tech/NeuroForge/Tests/ContentImprovementRegressionTests.swift:3138: error: -[NeuroForgeTests.CoordinateTransformContractTests testAllBoundedCoordinateContractsMatchIndependentAffineOracleAndTypedCredit] : XCTAssertEqual failed: ("0.0") is not equal to ("0.5")
/Users/takamimarsh/Developer/Projects/Zacro Tech/NeuroForge/Tests/ContentImprovementRegressionTests.swift:3138: error: -[NeuroForgeTests.CoordinateTransformContractTests testAllBoundedCoordinateContractsMatchIndependentAffineOracleAndTypedCredit] : XCTAssertEqual failed: ("0.0") is not equal to ("0.5")
/Users/takamimarsh/Developer/Projects/Zacro Tech/NeuroForge/Tests/ContentImprovementRegressionTests.swift:3138: error: -[NeuroForgeTests.CoordinateTransformContractTests testAllBoundedCoordinateContractsMatchIndependentAffineOracleAndTypedCredit] : XCTAssertEqual failed: ("0.0") is not equal to ("0.5")
/Users/takamimarsh/Developer/Projects/Zacro Tech/NeuroForge/Tests/ContentImprovementRegressionTests.swift:3138: error: -[NeuroForgeTests.CoordinateTransformContractTests testAllBoundedCoordinateContractsMatchIndependentAffineOracleAndTypedCredit] : XCTAssertEqual failed: ("0.0") is not equal to ("0.5")
/Users/takamimarsh/Developer/Projects/Zacro Tech/NeuroForge/Tests/ContentImprovementRegressionTests.swift:3138: error: -[NeuroForgeTests.CoordinateTransformContractTests testAllBoundedCoordinateContractsMatchIndependentAffineOracleAndTypedCredit] : XCTAssertEqual failed: ("0.0") is not equal to ("0.5")
/Users/takamimarsh/Developer/Projects/Zacro Tech/NeuroForge/Tests/ContentImprovementRegressionTests.swift:3138: error: -[NeuroForgeTests.CoordinateTransformContractTests testAllBoundedCoordinateContractsMatchIndependentAffineOracleAndTypedCredit] : XCTAssertEqual failed: ("0.0") is not equal to ("0.5")
/Users/takamimarsh/Developer/Projects/Zacro Tech/NeuroForge/Tests/ContentImprovementRegressionTests.swift:3138: error: -[NeuroForgeTests.CoordinateTransformContractTests testAllBoundedCoordinateContractsMatchIndependentAffineOracleAndTypedCredit] : XCTAssertEqual failed: ("0.0") is not equal to ("0.5")
/Users/takamimarsh/Developer/Projects/Zacro Tech/NeuroForge/Tests/ContentImprovementRegressionTests.swift:3138: error: -[NeuroForgeTests.CoordinateTransformContractTests testAllBoundedCoordinateContractsMatchIndependentAffineOracleAndTypedCredit] : XCTAssertEqual failed: ("0.0") is not equal to ("0.5")
/Users/takamimarsh/Developer/Projects/Zacro Tech/NeuroForge/Tests/ContentImprovementRegressionTests.swift:3138: error: -[NeuroForgeTests.CoordinateTransformContractTests testAllBoundedCoordinateContractsMatchIndependentAffineOracleAndTypedCredit] : XCTAssertEqual failed: ("0.0") is not equal to ("0.5")
/Users/takamimarsh/Developer/Projects/Zacro Tech/NeuroForge/Tests/ContentImprovementRegressionTests.swift:3138: error: -[NeuroForgeTests.CoordinateTransformContractTests testAllBoundedCoordinateContractsMatchIndependentAffineOracleAndTypedCredit] : XCTAssertEqual failed: ("0.0") is not equal to ("0.5")
/Users/takamimarsh/Developer/Projects/Zacro Tech/NeuroForge/Tests/ContentImprovementRegressionTests.swift:3138: error: -[NeuroForgeTests.CoordinateTransformContractTests testAllBoundedCoordinateContractsMatchIndependentAffineOracleAndTypedCredit] : XCTAssertEqual failed: ("0.0") is not equal to ("0.5")
/Users/takamimarsh/Developer/Projects/Zacro Tech/NeuroForge/Tests/ContentImprovementRegressionTests.swift:3138: error: -[NeuroForgeTests.CoordinateTransformContractTests testAllBoundedCoordinateContractsMatchIndependentAffineOracleAndTypedCredit] : XCTAssertEqual failed: ("0.0") is not equal to ("0.5")
/Users/takamimarsh/Developer/Projects/Zacro Tech/NeuroForge/Tests/ContentImprovementRegressionTests.swift:3138: error: -[NeuroForgeTests.CoordinateTransformContractTests testAllBoundedCoordinateContractsMatchIndependentAffineOracleAndTypedCredit] : XCTAssertEqual failed: ("0.0") is not equal to ("0.5")
/Users/takamimarsh/Developer/Projects/Zacro Tech/NeuroForge/Tests/ContentImprovementRegressionTests.swift:3138: error: -[NeuroForgeTests.CoordinateTransformContractTests testAllBoundedCoordinateContractsMatchIndependentAffineOracleAndTypedCredit] : XCTAssertEqual failed: ("0.0") is not equal to ("0.5")
/Users/takamimarsh/Developer/Projects/Zacro Tech/NeuroForge/Tests/ContentImprovementRegressionTests.swift:3138: error: -[NeuroForgeTests.CoordinateTransformContractTests testAllBoundedCoordinateContractsMatchIndependentAffineOracleAndTypedCredit] : XCTAssertEqual failed: ("0.0") is not equal to ("0.5")
/Users/takamimarsh/Developer/Projects/Zacro Tech/NeuroForge/Tests/ContentImprovementRegressionTests.swift:3138: error: -[NeuroForgeTests.CoordinateTransformContractTests testAllBoundedCoordinateContractsMatchIndependentAffineOracleAndTypedCredit] : XCTAssertEqual failed: ("0.0") is not equal to ("0.5")
/Users/takamimarsh/Developer/Projects/Zacro Tech/NeuroForge/Tests/ContentImprovementRegressionTests.swift:3138: error: -[NeuroForgeTests.CoordinateTransformContractTests testAllBoundedCoordinateContractsMatchIndependentAffineOracleAndTypedCredit] : XCTAssertEqual failed: ("0.0") is not equal to ("0.5")
/Users/takamimarsh/Developer/Projects/Zacro Tech/NeuroForge/Tests/ContentImprovementRegressionTests.swift:3138: error: -[NeuroForgeTests.CoordinateTransformContractTests testAllBoundedCoordinateContractsMatchIndependentAffineOracleAndTypedCredit] : XCTAssertEqual failed: ("0.0") is not equal to ("0.5")
/Users/takamimarsh/Developer/Projects/Zacro Tech/NeuroForge/Tests/ContentImprovementRegressionTests.swift:3138: error: -[NeuroForgeTests.CoordinateTransformContractTests testAllBoundedCoordinateContractsMatchIndependentAffineOracleAndTypedCredit] : XCTAssertEqual failed: ("0.0") is not equal to ("0.5")
/Users/takamimarsh/Developer/Projects/Zacro Tech/NeuroForge/Tests/ContentImprovementRegressionTests.swift:3138: error: -[NeuroForgeTests.CoordinateTransformContractTests testAllBoundedCoordinateContractsMatchIndependentAffineOracleAndTypedCredit] : XCTAssertEqual failed: ("0.0") is not equal to ("0.5")
/Users/takamimarsh/Developer/Projects/Zacro Tech/NeuroForge/Tests/ContentImprovementRegressionTests.swift:3138: error: -[NeuroForgeTests.CoordinateTransformContractTests testAllBoundedCoordinateContractsMatchIndependentAffineOracleAndTypedCredit] : XCTAssertEqual failed: ("0.0") is not equal to ("0.5")
/Users/takamimarsh/Developer/Projects/Zacro Tech/NeuroForge/Tests/ContentImprovementRegressionTests.swift:3138: error: -[NeuroForgeTests.CoordinateTransformContractTests testAllBoundedCoordinateContractsMatchIndependentAffineOracleAndTypedCredit] : XCTAssertEqual failed: ("0.0") is not equal to ("0.5")
/Users/takamimarsh/Developer/Projects/Zacro Tech/NeuroForge/Tests/ContentImprovementRegressionTests.swift:3138: error: -[NeuroForgeTests.CoordinateTransformContractTests testAllBoundedCoordinateContractsMatchIndependentAffineOracleAndTypedCredit] : XCTAssertEqual failed: ("0.0") is not equal to ("0.5")
/Users/takamimarsh/Developer/Projects/Zacro Tech/NeuroForge/Tests/ContentImprovementRegressionTests.swift:3138: error: -[NeuroForgeTests.CoordinateTransformContractTests testAllBoundedCoordinateContractsMatchIndependentAffineOracleAndTypedCredit] : XCTAssertEqual failed: ("0.0") is not equal to ("0.5")
/Users/takamimarsh/Developer/Projects/Zacro Tech/NeuroForge/Tests/ContentImprovementRegressionTests.swift:3138: error: -[NeuroForgeTests.CoordinateTransformContractTests testAllBoundedCoordinateContractsMatchIndependentAffineOracleAndTypedCredit] : XCTAssertEqual failed: ("0.0") is not equal to ("0.5")
/Users/takamimarsh/Developer/Projects/Zacro Tech/NeuroForge/Tests/ContentImprovementRegressionTests.swift:3138: error: -[NeuroForgeTests.CoordinateTransformContractTests testAllBoundedCoordinateContractsMatchIndependentAffineOracleAndTypedCredit] : XCTAssertEqual failed: ("0.0") is not equal to ("0.5")
/Users/takamimarsh/Developer/Projects/Zacro Tech/NeuroForge/Tests/ContentImprovementRegressionTests.swift:3138: error: -[NeuroForgeTests.CoordinateTransformContractTests testAllBoundedCoordinateContractsMatchIndependentAffineOracleAndTypedCredit] : XCTAssertEqual failed: ("0.0") is not equal to ("0.5")
/Users/takamimarsh/Developer/Projects/Zacro Tech/NeuroForge/Tests/ContentImprovementRegressionTests.swift:3138: error: -[NeuroForgeTests.CoordinateTransformContractTests testAllBoundedCoordinateContractsMatchIndependentAffineOracleAndTypedCredit] : XCTAssertEqual failed: ("0.0") is not equal to ("0.5")
/Users/takamimarsh/Developer/Projects/Zacro Tech/NeuroForge/Tests/ContentImprovementRegressionTests.swift:3138: error: -[NeuroForgeTests.CoordinateTransformContractTests testAllBoundedCoordinateContractsMatchIndependentAffineOracleAndTypedCredit] : XCTAssertEqual failed: ("0.0") is not equal to ("0.5")
/Users/takamimarsh/Developer/Projects/Zacro Tech/NeuroForge/Tests/ContentImprovementRegressionTests.swift:3138: error: -[NeuroForgeTests.CoordinateTransformContractTests testAllBoundedCoordinateContractsMatchIndependentAffineOracleAndTypedCredit] : XCTAssertEqual failed: ("0.0") is not equal to ("0.5")
/Users/takamimarsh/Developer/Projects/Zacro Tech/NeuroForge/Tests/ContentImprovementRegressionTests.swift:3138: error: -[NeuroForgeTests.CoordinateTransformContractTests testAllBoundedCoordinateContractsMatchIndependentAffineOracleAndTypedCredit] : XCTAssertEqual failed: ("0.0") is not equal to ("0.5")
/Users/takamimarsh/Developer/Projects/Zacro Tech/NeuroForge/Tests/ContentImprovementRegressionTests.swift:3138: error: -[NeuroForgeTests.CoordinateTransformContractTests testAllBoundedCoordinateContractsMatchIndependentAffineOracleAndTypedCredit] : XCTAssertEqual failed: ("0.0") is not equal to ("0.5")
/Users/takamimarsh/Developer/Projects/Zacro Tech/NeuroForge/Tests/ContentImprovementRegressionTests.swift:3138: error: -[NeuroForgeTests.CoordinateTransformContractTests testAllBoundedCoordinateContractsMatchIndependentAffineOracleAndTypedCredit] : XCTAssertEqual failed: ("0.0") is not equal to ("0.5")
/Users/takamimarsh/Developer/Projects/Zacro Tech/NeuroForge/Tests/ContentImprovementRegressionTests.swift:3138: error: -[NeuroForgeTests.CoordinateTransformContractTests testAllBoundedCoordinateContractsMatchIndependentAffineOracleAndTypedCredit] : XCTAssertEqual failed: ("0.0") is not equal to ("0.5")
/Users/takamimarsh/Developer/Projects/Zacro Tech/NeuroForge/Tests/ContentImprovementRegressionTests.swift:3138: error: -[NeuroForgeTests.CoordinateTransformContractTests testAllBoundedCoordinateContractsMatchIndependentAffineOracleAndTypedCredit] : XCTAssertEqual failed: ("0.0") is not equal to ("0.5")
/Users/takamimarsh/Developer/Projects/Zacro Tech/NeuroForge/Tests/ContentImprovementRegressionTests.swift:3138: error: -[NeuroForgeTests.CoordinateTransformContractTests testAllBoundedCoordinateContractsMatchIndependentAffineOracleAndTypedCredit] : XCTAssertEqual failed: ("0.0") is not equal to ("0.5")
/Users/takamimarsh/Developer/Projects/Zacro Tech/NeuroForge/Tests/ContentImprovementRegressionTests.swift:3138: error: -[NeuroForgeTests.CoordinateTransformContractTests testAllBoundedCoordinateContractsMatchIndependentAffineOracleAndTypedCredit] : XCTAssertEqual failed: ("0.0") is not equal to ("0.5")
/Users/takamimarsh/Developer/Projects/Zacro Tech/NeuroForge/Tests/ContentImprovementRegressionTests.swift:3138: error: -[NeuroForgeTests.CoordinateTransformContractTests testAllBoundedCoordinateContractsMatchIndependentAffineOracleAndTypedCredit] : XCTAssertEqual failed: ("0.0") is not equal to ("0.5")
/Users/takamimarsh/Developer/Projects/Zacro Tech/NeuroForge/Tests/ContentImprovementRegressionTests.swift:3138: error: -[NeuroForgeTests.CoordinateTransformContractTests testAllBoundedCoordinateContractsMatchIndependentAffineOracleAndTypedCredit] : XCTAssertEqual failed: ("0.0") is not equal to ("0.5")
/Users/takamimarsh/Developer/Projects/Zacro Tech/NeuroForge/Tests/ContentImprovementRegressionTests.swift:3138: error: -[NeuroForgeTests.CoordinateTransformContractTests testAllBoundedCoordinateContractsMatchIndependentAffineOracleAndTypedCredit] : XCTAssertEqual failed: ("0.0") is not equal to ("0.5")
/Users/takamimarsh/Developer/Projects/Zacro Tech/NeuroForge/Tests/ContentImprovementRegressionTests.swift:3138: error: -[NeuroForgeTests.CoordinateTransformContractTests testAllBoundedCoordinateContractsMatchIndependentAffineOracleAndTypedCredit] : XCTAssertEqual failed: ("0.0") is not equal to ("0.5")
/Users/takamimarsh/Developer/Projects/Zacro Tech/NeuroForge/Tests/ContentImprovementRegressionTests.swift:3138: error: -[NeuroForgeTests.CoordinateTransformContractTests testAllBoundedCoordinateContractsMatchIndependentAffineOracleAndTypedCredit] : XCTAssertEqual failed: ("0.0") is not equal to ("0.5")
/Users/takamimarsh/Developer/Projects/Zacro Tech/NeuroForge/Tests/ContentImprovementRegressionTests.swift:3138: error: -[NeuroForgeTests.CoordinateTransformContractTests testAllBoundedCoordinateContractsMatchIndependentAffineOracleAndTypedCredit] : XCTAssertEqual failed: ("0.0") is not equal to ("0.5")
/Users/takamimarsh/Developer/Projects/Zacro Tech/NeuroForge/Tests/ContentImprovementRegressionTests.swift:3138: error: -[NeuroForgeTests.CoordinateTransformContractTests testAllBoundedCoordinateContractsMatchIndependentAffineOracleAndTypedCredit] : XCTAssertEqual failed: ("0.0") is not equal to ("0.5")
/Users/takamimarsh/Developer/Projects/Zacro Tech/NeuroForge/Tests/ContentImprovementRegressionTests.swift:3138: error: -[NeuroForgeTests.CoordinateTransformContractTests testAllBoundedCoordinateContractsMatchIndependentAffineOracleAndTypedCredit] : XCTAssertEqual failed: ("0.0") is not equal to ("0.5")
/Users/takamimarsh/Developer/Projects/Zacro Tech/NeuroForge/Tests/ContentImprovementRegressionTests.swift:3138: error: -[NeuroForgeTests.CoordinateTransformContractTests testAllBoundedCoordinateContractsMatchIndependentAffineOracleAndTypedCredit] : XCTAssertEqual failed: ("0.0") is not equal to ("0.5")
/Users/takamimarsh/Developer/Projects/Zacro Tech/NeuroForge/Tests/ContentImprovementRegressionTests.swift:3138: error: -[NeuroForgeTests.CoordinateTransformContractTests testAllBoundedCoordinateContractsMatchIndependentAffineOracleAndTypedCredit] : XCTAssertEqual failed: ("0.0") is not equal to ("0.5")
/Users/takamimarsh/Developer/Projects/Zacro Tech/NeuroForge/Tests/ContentImprovementRegressionTests.swift:3138: error: -[NeuroForgeTests.CoordinateTransformContractTests testAllBoundedCoordinateContractsMatchIndependentAffineOracleAndTypedCredit] : XCTAssertEqual failed: ("0.0") is not equal to ("0.5")
/Users/takamimarsh/Developer/Projects/Zacro Tech/NeuroForge/Tests/ContentImprovementRegressionTests.swift:3138: error: -[NeuroForgeTests.CoordinateTransformContractTests testAllBoundedCoordinateContractsMatchIndependentAffineOracleAndTypedCredit] : XCTAssertEqual failed: ("0.0") is not equal to ("0.5")
/Users/takamimarsh/Developer/Projects/Zacro Tech/NeuroForge/Tests/ContentImprovementRegressionTests.swift:3138: error: -[NeuroForgeTests.CoordinateTransformContractTests testAllBoundedCoordinateContractsMatchIndependentAffineOracleAndTypedCredit] : XCTAssertEqual failed: ("0.0") is not equal to ("0.5")
/Users/takamimarsh/Developer/Projects/Zacro Tech/NeuroForge/Tests/ContentImprovementRegressionTests.swift:3138: error: -[NeuroForgeTests.CoordinateTransformContractTests testAllBoundedCoordinateContractsMatchIndependentAffineOracleAndTypedCredit] : XCTAssertEqual failed: ("0.0") is not equal to ("0.5")
/Users/takamimarsh/Developer/Projects/Zacro Tech/NeuroForge/Tests/ContentImprovementRegressionTests.swift:3138: error: -[NeuroForgeTests.CoordinateTransformContractTests testAllBoundedCoordinateContractsMatchIndependentAffineOracleAndTypedCredit] : XCTAssertEqual failed: ("0.0") is not equal to ("0.5")
/Users/takamimarsh/Developer/Projects/Zacro Tech/NeuroForge/Tests/ContentImprovementRegressionTests.swift:3138: error: -[NeuroForgeTests.CoordinateTransformContractTests testAllBoundedCoordinateContractsMatchIndependentAffineOracleAndTypedCredit] : XCTAssertEqual failed: ("0.0") is not equal to ("0.5")
/Users/takamimarsh/Developer/Projects/Zacro Tech/NeuroForge/Tests/ContentImprovementRegressionTests.swift:3138: error: -[NeuroForgeTests.CoordinateTransformContractTests testAllBoundedCoordinateContractsMatchIndependentAffineOracleAndTypedCredit] : XCTAssertEqual failed: ("0.0") is not equal to ("0.5")
/Users/takamimarsh/Developer/Projects/Zacro Tech/NeuroForge/Tests/ContentImprovementRegressionTests.swift:3138: error: -[NeuroForgeTests.CoordinateTransformContractTests testAllBoundedCoordinateContractsMatchIndependentAffineOracleAndTypedCredit] : XCTAssertEqual failed: ("0.0") is not equal to ("0.5")
/Users/takamimarsh/Developer/Projects/Zacro Tech/NeuroForge/Tests/ContentImprovementRegressionTests.swift:3138: error: -[NeuroForgeTests.CoordinateTransformContractTests testAllBoundedCoordinateContractsMatchIndependentAffineOracleAndTypedCredit] : XCTAssertEqual failed: ("0.0") is not equal to ("0.5")
/Users/takamimarsh/Developer/Projects/Zacro Tech/NeuroForge/Tests/ContentImprovementRegressionTests.swift:3138: error: -[NeuroForgeTests.CoordinateTransformContractTests testAllBoundedCoordinateContractsMatchIndependentAffineOracleAndTypedCredit] : XCTAssertEqual failed: ("0.0") is not equal to ("0.5")
/Users/takamimarsh/Developer/Projects/Zacro Tech/NeuroForge/Tests/ContentImprovementRegressionTests.swift:3138: error: -[NeuroForgeTests.CoordinateTransformContractTests testAllBoundedCoordinateContractsMatchIndependentAffineOracleAndTypedCredit] : XCTAssertEqual failed: ("0.0") is not equal to ("0.5")
/Users/takamimarsh/Developer/Projects/Zacro Tech/NeuroForge/Tests/ContentImprovementRegressionTests.swift:3138: error: -[NeuroForgeTests.CoordinateTransformContractTests testAllBoundedCoordinateContractsMatchIndependentAffineOracleAndTypedCredit] : XCTAssertEqual failed: ("0.0") is not equal to ("0.5")
/Users/takamimarsh/Developer/Projects/Zacro Tech/NeuroForge/Tests/ContentImprovementRegressionTests.swift:3138: error: -[NeuroForgeTests.CoordinateTransformContractTests testAllBoundedCoordinateContractsMatchIndependentAffineOracleAndTypedCredit] : XCTAssertEqual failed: ("0.0") is not equal to ("0.5")
/Users/takamimarsh/Developer/Projects/Zacro Tech/NeuroForge/Tests/ContentImprovementRegressionTests.swift:3138: error: -[NeuroForgeTests.CoordinateTransformContractTests testAllBoundedCoordinateContractsMatchIndependentAffineOracleAndTypedCredit] : XCTAssertEqual failed: ("0.0") is not equal to ("0.5")
/Users/takamimarsh/Developer/Projects/Zacro Tech/NeuroForge/Tests/ContentImprovementRegressionTests.swift:3138: error: -[NeuroForgeTests.CoordinateTransformContractTests testAllBoundedCoordinateContractsMatchIndependentAffineOracleAndTypedCredit] : XCTAssertEqual failed: ("0.0") is not equal to ("0.5")
/Users/takamimarsh/Developer/Projects/Zacro Tech/NeuroForge/Tests/ContentImprovementRegressionTests.swift:3138: error: -[NeuroForgeTests.CoordinateTransformContractTests testAllBoundedCoordinateContractsMatchIndependentAffineOracleAndTypedCredit] : XCTAssertEqual failed: ("0.0") is not equal to ("0.5")
/Users/takamimarsh/Developer/Projects/Zacro Tech/NeuroForge/Tests/ContentImprovementRegressionTests.swift:3138: error: -[NeuroForgeTests.CoordinateTransformContractTests testAllBoundedCoordinateContractsMatchIndependentAffineOracleAndTypedCredit] : XCTAssertEqual failed: ("0.0") is not equal to ("0.5")
/Users/takamimarsh/Developer/Projects/Zacro Tech/NeuroForge/Tests/ContentImprovementRegressionTests.swift:3138: error: -[NeuroForgeTests.CoordinateTransformContractTests testAllBoundedCoordinateContractsMatchIndependentAffineOracleAndTypedCredit] : XCTAssertEqual failed: ("0.0") is not equal to ("0.5")
/Users/takamimarsh/Developer/Projects/Zacro Tech/NeuroForge/Tests/ContentImprovementRegressionTests.swift:3138: error: -[NeuroForgeTests.CoordinateTransformContractTests testAllBoundedCoordinateContractsMatchIndependentAffineOracleAndTypedCredit] : XCTAssertEqual failed: ("0.0") is not equal to ("0.5")
/Users/takamimarsh/Developer/Projects/Zacro Tech/NeuroForge/Tests/ContentImprovementRegressionTests.swift:3138: error: -[NeuroForgeTests.CoordinateTransformContractTests testAllBoundedCoordinateContractsMatchIndependentAffineOracleAndTypedCredit] : XCTAssertEqual failed: ("0.0") is not equal to ("0.5")
/Users/takamimarsh/Developer/Projects/Zacro Tech/NeuroForge/Tests/ContentImprovementRegressionTests.swift:3138: error: -[NeuroForgeTests.CoordinateTransformContractTests testAllBoundedCoordinateContractsMatchIndependentAffineOracleAndTypedCredit] : XCTAssertEqual failed: ("0.0") is not equal to ("0.5")
/Users/takamimarsh/Developer/Projects/Zacro Tech/NeuroForge/Tests/ContentImprovementRegressionTests.swift:3138: error: -[NeuroForgeTests.CoordinateTransformContractTests testAllBoundedCoordinateContractsMatchIndependentAffineOracleAndTypedCredit] : XCTAssertEqual failed: ("0.0") is not equal to ("0.5")
/Users/takamimarsh/Developer/Projects/Zacro Tech/NeuroForge/Tests/ContentImprovementRegressionTests.swift:3138: error: -[NeuroForgeTests.CoordinateTransformContractTests testAllBoundedCoordinateContractsMatchIndependentAffineOracleAndTypedCredit] : XCTAssertEqual failed: ("0.0") is not equal to ("0.5")
/Users/takamimarsh/Developer/Projects/Zacro Tech/NeuroForge/Tests/ContentImprovementRegressionTests.swift:3138: error: -[NeuroForgeTests.CoordinateTransformContractTests testAllBoundedCoordinateContractsMatchIndependentAffineOracleAndTypedCredit] : XCTAssertEqual failed: ("0.0") is not equal to ("0.5")
/Users/takamimarsh/Developer/Projects/Zacro Tech/NeuroForge/Tests/ContentImprovementRegressionTests.swift:3138: error: -[NeuroForgeTests.CoordinateTransformContractTests testAllBoundedCoordinateContractsMatchIndependentAffineOracleAndTypedCredit] : XCTAssertEqual failed: ("0.0") is not equal to ("0.5")
/Users/takamimarsh/Developer/Projects/Zacro Tech/NeuroForge/Tests/ContentImprovementRegressionTests.swift:3138: error: -[NeuroForgeTests.CoordinateTransformContractTests testAllBoundedCoordinateContractsMatchIndependentAffineOracleAndTypedCredit] : XCTAssertEqual failed: ("0.0") is not equal to ("0.5")
/Users/takamimarsh/Developer/Projects/Zacro Tech/NeuroForge/Tests/ContentImprovementRegressionTests.swift:3138: error: -[NeuroForgeTests.CoordinateTransformContractTests testAllBoundedCoordinateContractsMatchIndependentAffineOracleAndTypedCredit] : XCTAssertEqual failed: ("0.0") is not equal to ("0.5")
/Users/takamimarsh/Developer/Projects/Zacro Tech/NeuroForge/Tests/ContentImprovementRegressionTests.swift:3138: error: -[NeuroForgeTests.CoordinateTransformContractTests testAllBoundedCoordinateContractsMatchIndependentAffineOracleAndTypedCredit] : XCTAssertEqual failed: ("0.0") is not equal to ("0.5")
/Users/takamimarsh/Developer/Projects/Zacro Tech/NeuroForge/Tests/ContentImprovementRegressionTests.swift:3138: error: -[NeuroForgeTests.CoordinateTransformContractTests testAllBoundedCoordinateContractsMatchIndependentAffineOracleAndTypedCredit] : XCTAssertEqual failed: ("0.0") is not equal to ("0.5")
/Users/takamimarsh/Developer/Projects/Zacro Tech/NeuroForge/Tests/ContentImprovementRegressionTests.swift:3138: error: -[NeuroForgeTests.CoordinateTransformContractTests testAllBoundedCoordinateContractsMatchIndependentAffineOracleAndTypedCredit] : XCTAssertEqual failed: ("0.0") is not equal to ("0.5")
/Users/takamimarsh/Developer/Projects/Zacro Tech/NeuroForge/Tests/ContentImprovementRegressionTests.swift:3138: error: -[NeuroForgeTests.CoordinateTransformContractTests testAllBoundedCoordinateContractsMatchIndependentAffineOracleAndTypedCredit] : XCTAssertEqual failed: ("0.0") is not equal to ("0.5")
/Users/takamimarsh/Developer/Projects/Zacro Tech/NeuroForge/Tests/ContentImprovementRegressionTests.swift:3138: error: -[NeuroForgeTests.CoordinateTransformContractTests testAllBoundedCoordinateContractsMatchIndependentAffineOracleAndTypedCredit] : XCTAssertEqual failed: ("0.0") is not equal to ("0.5")
/Users/takamimarsh/Developer/Projects/Zacro Tech/NeuroForge/Tests/ContentImprovementRegressionTests.swift:3138: error: -[NeuroForgeTests.CoordinateTransformContractTests testAllBoundedCoordinateContractsMatchIndependentAffineOracleAndTypedCredit] : XCTAssertEqual failed: ("0.0") is not equal to ("0.5")
/Users/takamimarsh/Developer/Projects/Zacro Tech/NeuroForge/Tests/ContentImprovementRegressionTests.swift:3138: error: -[NeuroForgeTests.CoordinateTransformContractTests testAllBoundedCoordinateContractsMatchIndependentAffineOracleAndTypedCredit] : XCTAssertEqual failed: ("0.0") is not equal to ("0.5")
/Users/takamimarsh/Developer/Projects/Zacro Tech/NeuroForge/Tests/ContentImprovementRegressionTests.swift:3138: error: -[NeuroForgeTests.CoordinateTransformContractTests testAllBoundedCoordinateContractsMatchIndependentAffineOracleAndTypedCredit] : XCTAssertEqual failed: ("0.0") is not equal to ("0.5")
/Users/takamimarsh/Developer/Projects/Zacro Tech/NeuroForge/Tests/ContentImprovementRegressionTests.swift:3138: error: -[NeuroForgeTests.CoordinateTransformContractTests testAllBoundedCoordinateContractsMatchIndependentAffineOracleAndTypedCredit] : XCTAssertEqual failed: ("0.0") is not equal to ("0.5")
/Users/takamimarsh/Developer/Projects/Zacro Tech/NeuroForge/Tests/ContentImprovementRegressionTests.swift:3138: error: -[NeuroForgeTests.CoordinateTransformContractTests testAllBoundedCoordinateContractsMatchIndependentAffineOracleAndTypedCredit] : XCTAssertEqual failed: ("0.0") is not equal to ("0.5")
/Users/takamimarsh/Developer/Projects/Zacro Tech/NeuroForge/Tests/ContentImprovementRegressionTests.swift:3138: error: -[NeuroForgeTests.CoordinateTransformContractTests testAllBoundedCoordinateContractsMatchIndependentAffineOracleAndTypedCredit] : XCTAssertEqual failed: ("0.0") is not equal to ("0.5")
/Users/takamimarsh/Developer/Projects/Zacro Tech/NeuroForge/Tests/ContentImprovementRegressionTests.swift:3138: error: -[NeuroForgeTests.CoordinateTransformContractTests testAllBoundedCoordinateContractsMatchIndependentAffineOracleAndTypedCredit] : XCTAssertEqual failed: ("0.0") is not equal to ("0.5")
/Users/takamimarsh/Developer/Projects/Zacro Tech/NeuroForge/Tests/ContentImprovementRegressionTests.swift:3138: error: -[NeuroForgeTests.CoordinateTransformContractTests testAllBoundedCoordinateContractsMatchIndependentAffineOracleAndTypedCredit] : XCTAssertEqual failed: ("0.0") is not equal to ("0.5")
/Users/takamimarsh/Developer/Projects/Zacro Tech/NeuroForge/Tests/ContentImprovementRegressionTests.swift:3138: error: -[NeuroForgeTests.CoordinateTransformContractTests testAllBoundedCoordinateContractsMatchIndependentAffineOracleAndTypedCredit] : XCTAssertEqual failed: ("0.0") is not equal to ("0.5")
/Users/takamimarsh/Developer/Projects/Zacro Tech/NeuroForge/Tests/ContentImprovementRegressionTests.swift:3138: error: -[NeuroForgeTests.CoordinateTransformContractTests testAllBoundedCoordinateContractsMatchIndependentAffineOracleAndTypedCredit] : XCTAssertEqual failed: ("0.0") is not equal to ("0.5")
/Users/takamimarsh/Developer/Projects/Zacro Tech/NeuroForge/Tests/ContentImprovementRegressionTests.swift:3138: error: -[NeuroForgeTests.CoordinateTransformContractTests testAllBoundedCoordinateContractsMatchIndependentAffineOracleAndTypedCredit] : XCTAssertEqual failed: ("0.0") is not equal to ("0.5")
/Users/takamimarsh/Developer/Projects/Zacro Tech/NeuroForge/Tests/ContentImprovementRegressionTests.swift:3138: error: -[NeuroForgeTests.CoordinateTransformContractTests testAllBoundedCoordinateContractsMatchIndependentAffineOracleAndTypedCredit] : XCTAssertEqual failed: ("0.0") is not equal to ("0.5")
/Users/takamimarsh/Developer/Projects/Zacro Tech/NeuroForge/Tests/ContentImprovementRegressionTests.swift:3138: error: -[NeuroForgeTests.CoordinateTransformContractTests testAllBoundedCoordinateContractsMatchIndependentAffineOracleAndTypedCredit] : XCTAssertEqual failed: ("0.0") is not equal to ("0.5")
/Users/takamimarsh/Developer/Projects/Zacro Tech/NeuroForge/Tests/ContentImprovementRegressionTests.swift:3138: error: -[NeuroForgeTests.CoordinateTransformContractTests testAllBoundedCoordinateContractsMatchIndependentAffineOracleAndTypedCredit] : XCTAssertEqual failed: ("0.0") is not equal to ("0.5")
/Users/takamimarsh/Developer/Projects/Zacro Tech/NeuroForge/Tests/ContentImprovementRegressionTests.swift:3138: error: -[NeuroForgeTests.CoordinateTransformContractTests testAllBoundedCoordinateContractsMatchIndependentAffineOracleAndTypedCredit] : XCTAssertEqual failed: ("0.0") is not equal to ("0.5")
/Users/takamimarsh/Developer/Projects/Zacro Tech/NeuroForge/Tests/ContentImprovementRegressionTests.swift:3138: error: -[NeuroForgeTests.CoordinateTransformContractTests testAllBoundedCoordinateContractsMatchIndependentAffineOracleAndTypedCredit] : XCTAssertEqual failed: ("0.0") is not equal to ("0.5")
/Users/takamimarsh/Developer/Projects/Zacro Tech/NeuroForge/Tests/ContentImprovementRegressionTests.swift:3138: error: -[NeuroForgeTests.CoordinateTransformContractTests testAllBoundedCoordinateContractsMatchIndependentAffineOracleAndTypedCredit] : XCTAssertEqual failed: ("0.0") is not equal to ("0.5")
/Users/takamimarsh/Developer/Projects/Zacro Tech/NeuroForge/Tests/ContentImprovementRegressionTests.swift:3138: error: -[NeuroForgeTests.CoordinateTransformContractTests testAllBoundedCoordinateContractsMatchIndependentAffineOracleAndTypedCredit] : XCTAssertEqual failed: ("0.0") is not equal to ("0.5")
/Users/takamimarsh/Developer/Projects/Zacro Tech/NeuroForge/Tests/ContentImprovementRegressionTests.swift:3138: error: -[NeuroForgeTests.CoordinateTransformContractTests testAllBoundedCoordinateContractsMatchIndependentAffineOracleAndTypedCredit] : XCTAssertEqual failed: ("0.0") is not equal to ("0.5")
/Users/takamimarsh/Developer/Projects/Zacro Tech/NeuroForge/Tests/ContentImprovementRegressionTests.swift:3138: error: -[NeuroForgeTests.CoordinateTransformContractTests testAllBoundedCoordinateContractsMatchIndependentAffineOracleAndTypedCredit] : XCTAssertEqual failed: ("0.0") is not equal to ("0.5")
/Users/takamimarsh/Developer/Projects/Zacro Tech/NeuroForge/Tests/ContentImprovementRegressionTests.swift:3138: error: -[NeuroForgeTests.CoordinateTransformContractTests testAllBoundedCoordinateContractsMatchIndependentAffineOracleAndTypedCredit] : XCTAssertEqual failed: ("0.0") is not equal to ("0.5")
/Users/takamimarsh/Developer/Projects/Zacro Tech/NeuroForge/Tests/ContentImprovementRegressionTests.swift:3138: error: -[NeuroForgeTests.CoordinateTransformContractTests testAllBoundedCoordinateContractsMatchIndependentAffineOracleAndTypedCredit] : XCTAssertEqual failed: ("0.0") is not equal to ("0.5")
/Users/takamimarsh/Developer/Projects/Zacro Tech/NeuroForge/Tests/ContentImprovementRegressionTests.swift:3138: error: -[NeuroForgeTests.CoordinateTransformContractTests testAllBoundedCoordinateContractsMatchIndependentAffineOracleAndTypedCredit] : XCTAssertEqual failed: ("0.0") is not equal to ("0.5")
/Users/takamimarsh/Developer/Projects/Zacro Tech/NeuroForge/Tests/ContentImprovementRegressionTests.swift:3138: error: -[NeuroForgeTests.CoordinateTransformContractTests testAllBoundedCoordinateContractsMatchIndependentAffineOracleAndTypedCredit] : XCTAssertEqual failed: ("0.0") is not equal to ("0.5")
/Users/takamimarsh/Developer/Projects/Zacro Tech/NeuroForge/Tests/ContentImprovementRegressionTests.swift:3138: error: -[NeuroForgeTests.CoordinateTransformContractTests testAllBoundedCoordinateContractsMatchIndependentAffineOracleAndTypedCredit] : XCTAssertEqual failed: ("0.0") is not equal to ("0.5")
/Users/takamimarsh/Developer/Projects/Zacro Tech/NeuroForge/Tests/ContentImprovementRegressionTests.swift:3138: error: -[NeuroForgeTests.CoordinateTransformContractTests testAllBoundedCoordinateContractsMatchIndependentAffineOracleAndTypedCredit] : XCTAssertEqual failed: ("0.0") is not equal to ("0.5")
/Users/takamimarsh/Developer/Projects/Zacro Tech/NeuroForge/Tests/ContentImprovementRegressionTests.swift:3138: error: -[NeuroForgeTests.CoordinateTransformContractTests testAllBoundedCoordinateContractsMatchIndependentAffineOracleAndTypedCredit] : XCTAssertEqual failed: ("0.0") is not equal to ("0.5")
/Users/takamimarsh/Developer/Projects/Zacro Tech/NeuroForge/Tests/ContentImprovementRegressionTests.swift:3138: error: -[NeuroForgeTests.CoordinateTransformContractTests testAllBoundedCoordinateContractsMatchIndependentAffineOracleAndTypedCredit] : XCTAssertEqual failed: ("0.0") is not equal to ("0.5")
/Users/takamimarsh/Developer/Projects/Zacro Tech/NeuroForge/Tests/ContentImprovementRegressionTests.swift:3138: error: -[NeuroForgeTests.CoordinateTransformContractTests testAllBoundedCoordinateContractsMatchIndependentAffineOracleAndTypedCredit] : XCTAssertEqual failed: ("0.0") is not equal to ("0.5")
/Users/takamimarsh/Developer/Projects/Zacro Tech/NeuroForge/Tests/ContentImprovementRegressionTests.swift:3138: error: -[NeuroForgeTests.CoordinateTransformContractTests testAllBoundedCoordinateContractsMatchIndependentAffineOracleAndTypedCredit] : XCTAssertEqual failed: ("0.0") is not equal to ("0.5")
/Users/takamimarsh/Developer/Projects/Zacro Tech/NeuroForge/Tests/ContentImprovementRegressionTests.swift:3138: error: -[NeuroForgeTests.CoordinateTransformContractTests testAllBoundedCoordinateContractsMatchIndependentAffineOracleAndTypedCredit] : XCTAssertEqual failed: ("0.0") is not equal to ("0.5")
/Users/takamimarsh/Developer/Projects/Zacro Tech/NeuroForge/Tests/ContentImprovementRegressionTests.swift:3138: error: -[NeuroForgeTests.CoordinateTransformContractTests testAllBoundedCoordinateContractsMatchIndependentAffineOracleAndTypedCredit] : XCTAssertEqual failed: ("0.0") is not equal to ("0.5")
/Users/takamimarsh/Developer/Projects/Zacro Tech/NeuroForge/Tests/ContentImprovementRegressionTests.swift:3138: error: -[NeuroForgeTests.CoordinateTransformContractTests testAllBoundedCoordinateContractsMatchIndependentAffineOracleAndTypedCredit] : XCTAssertEqual failed: ("0.0") is not equal to ("0.5")
/Users/takamimarsh/Developer/Projects/Zacro Tech/NeuroForge/Tests/ContentImprovementRegressionTests.swift:3138: error: -[NeuroForgeTests.CoordinateTransformContractTests testAllBoundedCoordinateContractsMatchIndependentAffineOracleAndTypedCredit] : XCTAssertEqual failed: ("0.0") is not equal to ("0.5")
/Users/takamimarsh/Developer/Projects/Zacro Tech/NeuroForge/Tests/ContentImprovementRegressionTests.swift:3138: error: -[NeuroForgeTests.CoordinateTransformContractTests testAllBoundedCoordinateContractsMatchIndependentAffineOracleAndTypedCredit] : XCTAssertEqual failed: ("0.0") is not equal to ("0.5")
/Users/takamimarsh/Developer/Projects/Zacro Tech/NeuroForge/Tests/ContentImprovementRegressionTests.swift:3138: error: -[NeuroForgeTests.CoordinateTransformContractTests testAllBoundedCoordinateContractsMatchIndependentAffineOracleAndTypedCredit] : XCTAssertEqual failed: ("0.0") is not equal to ("0.5")
/Users/takamimarsh/Developer/Projects/Zacro Tech/NeuroForge/Tests/ContentImprovementRegressionTests.swift:3138: error: -[NeuroForgeTests.CoordinateTransformContractTests testAllBoundedCoordinateContractsMatchIndependentAffineOracleAndTypedCredit] : XCTAssertEqual failed: ("0.0") is not equal to ("0.5")
/Users/takamimarsh/Developer/Projects/Zacro Tech/NeuroForge/Tests/ContentImprovementRegressionTests.swift:3138: error: -[NeuroForgeTests.CoordinateTransformContractTests testAllBoundedCoordinateContractsMatchIndependentAffineOracleAndTypedCredit] : XCTAssertEqual failed: ("0.0") is not equal to ("0.5")
/Users/takamimarsh/Developer/Projects/Zacro Tech/NeuroForge/Tests/ContentImprovementRegressionTests.swift:3138: error: -[NeuroForgeTests.CoordinateTransformContractTests testAllBoundedCoordinateContractsMatchIndependentAffineOracleAndTypedCredit] : XCTAssertEqual failed: ("0.0") is not equal to ("0.5")
/Users/takamimarsh/Developer/Projects/Zacro Tech/NeuroForge/Tests/ContentImprovementRegressionTests.swift:3138: error: -[NeuroForgeTests.CoordinateTransformContractTests testAllBoundedCoordinateContractsMatchIndependentAffineOracleAndTypedCredit] : XCTAssertEqual failed: ("0.0") is not equal to ("0.5")
/Users/takamimarsh/Developer/Projects/Zacro Tech/NeuroForge/Tests/ContentImprovementRegressionTests.swift:3138: error: -[NeuroForgeTests.CoordinateTransformContractTests testAllBoundedCoordinateContractsMatchIndependentAffineOracleAndTypedCredit] : XCTAssertEqual failed: ("0.0") is not equal to ("0.5")
/Users/takamimarsh/Developer/Projects/Zacro Tech/NeuroForge/Tests/ContentImprovementRegressionTests.swift:3138: error: -[NeuroForgeTests.CoordinateTransformContractTests testAllBoundedCoordinateContractsMatchIndependentAffineOracleAndTypedCredit] : XCTAssertEqual failed: ("0.0") is not equal to ("0.5")
/Users/takamimarsh/Developer/Projects/Zacro Tech/NeuroForge/Tests/ContentImprovementRegressionTests.swift:3138: error: -[NeuroForgeTests.CoordinateTransformContractTests testAllBoundedCoordinateContractsMatchIndependentAffineOracleAndTypedCredit] : XCTAssertEqual failed: ("0.0") is not equal to ("0.5")
/Users/takamimarsh/Developer/Projects/Zacro Tech/NeuroForge/Tests/ContentImprovementRegressionTests.swift:3138: error: -[NeuroForgeTests.CoordinateTransformContractTests testAllBoundedCoordinateContractsMatchIndependentAffineOracleAndTypedCredit] : XCTAssertEqual failed: ("0.0") is not equal to ("0.5")
/Users/takamimarsh/Developer/Projects/Zacro Tech/NeuroForge/Tests/ContentImprovementRegressionTests.swift:3138: error: -[NeuroForgeTests.CoordinateTransformContractTests testAllBoundedCoordinateContractsMatchIndependentAffineOracleAndTypedCredit] : XCTAssertEqual failed: ("0.0") is not equal to ("0.5")
/Users/takamimarsh/Developer/Projects/Zacro Tech/NeuroForge/Tests/ContentImprovementRegressionTests.swift:3138: error: -[NeuroForgeTests.CoordinateTransformContractTests testAllBoundedCoordinateContractsMatchIndependentAffineOracleAndTypedCredit] : XCTAssertEqual failed: ("0.0") is not equal to ("0.5")
/Users/takamimarsh/Developer/Projects/Zacro Tech/NeuroForge/Tests/ContentImprovementRegressionTests.swift:3138: error: -[NeuroForgeTests.CoordinateTransformContractTests testAllBoundedCoordinateContractsMatchIndependentAffineOracleAndTypedCredit] : XCTAssertEqual failed: ("0.0") is not equal to ("0.5")
/Users/takamimarsh/Developer/Projects/Zacro Tech/NeuroForge/Tests/ContentImprovementRegressionTests.swift:3138: error: -[NeuroForgeTests.CoordinateTransformContractTests testAllBoundedCoordinateContractsMatchIndependentAffineOracleAndTypedCredit] : XCTAssertEqual failed: ("0.0") is not equal to ("0.5")
/Users/takamimarsh/Developer/Projects/Zacro Tech/NeuroForge/Tests/ContentImprovementRegressionTests.swift:3138: error: -[NeuroForgeTests.CoordinateTransformContractTests testAllBoundedCoordinateContractsMatchIndependentAffineOracleAndTypedCredit] : XCTAssertEqual failed: ("0.0") is not equal to ("0.5")
/Users/takamimarsh/Developer/Projects/Zacro Tech/NeuroForge/Tests/ContentImprovementRegressionTests.swift:3138: error: -[NeuroForgeTests.CoordinateTransformContractTests testAllBoundedCoordinateContractsMatchIndependentAffineOracleAndTypedCredit] : XCTAssertEqual failed: ("0.0") is not equal to ("0.5")
/Users/takamimarsh/Developer/Projects/Zacro Tech/NeuroForge/Tests/ContentImprovementRegressionTests.swift:3138: error: -[NeuroForgeTests.CoordinateTransformContractTests testAllBoundedCoordinateContractsMatchIndependentAffineOracleAndTypedCredit] : XCTAssertEqual failed: ("0.0") is not equal to ("0.5")
/Users/takamimarsh/Developer/Projects/Zacro Tech/NeuroForge/Tests/ContentImprovementRegressionTests.swift:3138: error: -[NeuroForgeTests.CoordinateTransformContractTests testAllBoundedCoordinateContractsMatchIndependentAffineOracleAndTypedCredit] : XCTAssertEqual failed: ("0.0") is not equal to ("0.5")
/Users/takamimarsh/Developer/Projects/Zacro Tech/NeuroForge/Tests/ContentImprovementRegressionTests.swift:3138: error: -[NeuroForgeTests.CoordinateTransformContractTests testAllBoundedCoordinateContractsMatchIndependentAffineOracleAndTypedCredit] : XCTAssertEqual failed: ("0.0") is not equal to ("0.5")
/Users/takamimarsh/Developer/Projects/Zacro Tech/NeuroForge/Tests/ContentImprovementRegressionTests.swift:3138: error: -[NeuroForgeTests.CoordinateTransformContractTests testAllBoundedCoordinateContractsMatchIndependentAffineOracleAndTypedCredit] : XCTAssertEqual failed: ("0.0") is not equal to ("0.5")
/Users/takamimarsh/Developer/Projects/Zacro Tech/NeuroForge/Tests/ContentImprovementRegressionTests.swift:3138: error: -[NeuroForgeTests.CoordinateTransformContractTests testAllBoundedCoordinateContractsMatchIndependentAffineOracleAndTypedCredit] : XCTAssertEqual failed: ("0.0") is not equal to ("0.5")
/Users/takamimarsh/Developer/Projects/Zacro Tech/NeuroForge/Tests/ContentImprovementRegressionTests.swift:3138: error: -[NeuroForgeTests.CoordinateTransformContractTests testAllBoundedCoordinateContractsMatchIndependentAffineOracleAndTypedCredit] : XCTAssertEqual failed: ("0.0") is not equal to ("0.5")
/Users/takamimarsh/Developer/Projects/Zacro Tech/NeuroForge/Tests/ContentImprovementRegressionTests.swift:3138: error: -[NeuroForgeTests.CoordinateTransformContractTests testAllBoundedCoordinateContractsMatchIndependentAffineOracleAndTypedCredit] : XCTAssertEqual failed: ("0.0") is not equal to ("0.5")
/Users/takamimarsh/Developer/Projects/Zacro Tech/NeuroForge/Tests/ContentImprovementRegressionTests.swift:3138: error: -[NeuroForgeTests.CoordinateTransformContractTests testAllBoundedCoordinateContractsMatchIndependentAffineOracleAndTypedCredit] : XCTAssertEqual failed: ("0.0") is not equal to ("0.5")
/Users/takamimarsh/Developer/Projects/Zacro Tech/NeuroForge/Tests/ContentImprovementRegressionTests.swift:3138: error: -[NeuroForgeTests.CoordinateTransformContractTests testAllBoundedCoordinateContractsMatchIndependentAffineOracleAndTypedCredit] : XCTAssertEqual failed: ("0.0") is not equal to ("0.5")
/Users/takamimarsh/Developer/Projects/Zacro Tech/NeuroForge/Tests/ContentImprovementRegressionTests.swift:3138: error: -[NeuroForgeTests.CoordinateTransformContractTests testAllBoundedCoordinateContractsMatchIndependentAffineOracleAndTypedCredit] : XCTAssertEqual failed: ("0.0") is not equal to ("0.5")
/Users/takamimarsh/Developer/Projects/Zacro Tech/NeuroForge/Tests/ContentImprovementRegressionTests.swift:3138: error: -[NeuroForgeTests.CoordinateTransformContractTests testAllBoundedCoordinateContractsMatchIndependentAffineOracleAndTypedCredit] : XCTAssertEqual failed: ("0.0") is not equal to ("0.5")
/Users/takamimarsh/Developer/Projects/Zacro Tech/NeuroForge/Tests/ContentImprovementRegressionTests.swift:3138: error: -[NeuroForgeTests.CoordinateTransformContractTests testAllBoundedCoordinateContractsMatchIndependentAffineOracleAndTypedCredit] : XCTAssertEqual failed: ("0.0") is not equal to ("0.5")
/Users/takamimarsh/Developer/Projects/Zacro Tech/NeuroForge/Tests/ContentImprovementRegressionTests.swift:3138: error: -[NeuroForgeTests.CoordinateTransformContractTests testAllBoundedCoordinateContractsMatchIndependentAffineOracleAndTypedCredit] : XCTAssertEqual failed: ("0.0") is not equal to ("0.5")
/Users/takamimarsh/Developer/Projects/Zacro Tech/NeuroForge/Tests/ContentImprovementRegressionTests.swift:3138: error: -[NeuroForgeTests.CoordinateTransformContractTests testAllBoundedCoordinateContractsMatchIndependentAffineOracleAndTypedCredit] : XCTAssertEqual failed: ("0.0") is not equal to ("0.5")
/Users/takamimarsh/Developer/Projects/Zacro Tech/NeuroForge/Tests/ContentImprovementRegressionTests.swift:3138: error: -[NeuroForgeTests.CoordinateTransformContractTests testAllBoundedCoordinateContractsMatchIndependentAffineOracleAndTypedCredit] : XCTAssertEqual failed: ("0.0") is not equal to ("0.5")
/Users/takamimarsh/Developer/Projects/Zacro Tech/NeuroForge/Tests/ContentImprovementRegressionTests.swift:3138: error: -[NeuroForgeTests.CoordinateTransformContractTests testAllBoundedCoordinateContractsMatchIndependentAffineOracleAndTypedCredit] : XCTAssertEqual failed: ("0.0") is not equal to ("0.5")
/Users/takamimarsh/Developer/Projects/Zacro Tech/NeuroForge/Tests/ContentImprovementRegressionTests.swift:3138: error: -[NeuroForgeTests.CoordinateTransformContractTests testAllBoundedCoordinateContractsMatchIndependentAffineOracleAndTypedCredit] : XCTAssertEqual failed: ("0.0") is not equal to ("0.5")
/Users/takamimarsh/Developer/Projects/Zacro Tech/NeuroForge/Tests/ContentImprovementRegressionTests.swift:3138: error: -[NeuroForgeTests.CoordinateTransformContractTests testAllBoundedCoordinateContractsMatchIndependentAffineOracleAndTypedCredit] : XCTAssertEqual failed: ("0.0") is not equal to ("0.5")
/Users/takamimarsh/Developer/Projects/Zacro Tech/NeuroForge/Tests/ContentImprovementRegressionTests.swift:3138: error: -[NeuroForgeTests.CoordinateTransformContractTests testAllBoundedCoordinateContractsMatchIndependentAffineOracleAndTypedCredit] : XCTAssertEqual failed: ("0.0") is not equal to ("0.5")
/Users/takamimarsh/Developer/Projects/Zacro Tech/NeuroForge/Tests/ContentImprovementRegressionTests.swift:3138: error: -[NeuroForgeTests.CoordinateTransformContractTests testAllBoundedCoordinateContractsMatchIndependentAffineOracleAndTypedCredit] : XCTAssertEqual failed: ("0.0") is not equal to ("0.5")
/Users/takamimarsh/Developer/Projects/Zacro Tech/NeuroForge/Tests/ContentImprovementRegressionTests.swift:3138: error: -[NeuroForgeTests.CoordinateTransformContractTests testAllBoundedCoordinateContractsMatchIndependentAffineOracleAndTypedCredit] : XCTAssertEqual failed: ("0.0") is not equal to ("0.5")
/Users/takamimarsh/Developer/Projects/Zacro Tech/NeuroForge/Tests/ContentImprovementRegressionTests.swift:3138: error: -[NeuroForgeTests.CoordinateTransformContractTests testAllBoundedCoordinateContractsMatchIndependentAffineOracleAndTypedCredit] : XCTAssertEqual failed: ("0.0") is not equal to ("0.5")
/Users/takamimarsh/Developer/Projects/Zacro Tech/NeuroForge/Tests/ContentImprovementRegressionTests.swift:3138: error: -[NeuroForgeTests.CoordinateTransformContractTests testAllBoundedCoordinateContractsMatchIndependentAffineOracleAndTypedCredit] : XCTAssertEqual failed: ("0.0") is not equal to ("0.5")
/Users/takamimarsh/Developer/Projects/Zacro Tech/NeuroForge/Tests/ContentImprovementRegressionTests.swift:3138: error: -[NeuroForgeTests.CoordinateTransformContractTests testAllBoundedCoordinateContractsMatchIndependentAffineOracleAndTypedCredit] : XCTAssertEqual failed: ("0.0") is not equal to ("0.5")
/Users/takamimarsh/Developer/Projects/Zacro Tech/NeuroForge/Tests/ContentImprovementRegressionTests.swift:3138: error: -[NeuroForgeTests.CoordinateTransformContractTests testAllBoundedCoordinateContractsMatchIndependentAffineOracleAndTypedCredit] : XCTAssertEqual failed: ("0.0") is not equal to ("0.5")
/Users/takamimarsh/Developer/Projects/Zacro Tech/NeuroForge/Tests/ContentImprovementRegressionTests.swift:3138: error: -[NeuroForgeTests.CoordinateTransformContractTests testAllBoundedCoordinateContractsMatchIndependentAffineOracleAndTypedCredit] : XCTAssertEqual failed: ("0.0") is not equal to ("0.5")
/Users/takamimarsh/Developer/Projects/Zacro Tech/NeuroForge/Tests/ContentImprovementRegressionTests.swift:3138: error: -[NeuroForgeTests.CoordinateTransformContractTests testAllBoundedCoordinateContractsMatchIndependentAffineOracleAndTypedCredit] : XCTAssertEqual failed: ("0.0") is not equal to ("0.5")
/Users/takamimarsh/Developer/Projects/Zacro Tech/NeuroForge/Tests/ContentImprovementRegressionTests.swift:3138: error: -[NeuroForgeTests.CoordinateTransformContractTests testAllBoundedCoordinateContractsMatchIndependentAffineOracleAndTypedCredit] : XCTAssertEqual failed: ("0.0") is not equal to ("0.5")
/Users/takamimarsh/Developer/Projects/Zacro Tech/NeuroForge/Tests/ContentImprovementRegressionTests.swift:3138: error: -[NeuroForgeTests.CoordinateTransformContractTests testAllBoundedCoordinateContractsMatchIndependentAffineOracleAndTypedCredit] : XCTAssertEqual failed: ("0.0") is not equal to ("0.5")
/Users/takamimarsh/Developer/Projects/Zacro Tech/NeuroForge/Tests/ContentImprovementRegressionTests.swift:3138: error: -[NeuroForgeTests.CoordinateTransformContractTests testAllBoundedCoordinateContractsMatchIndependentAffineOracleAndTypedCredit] : XCTAssertEqual failed: ("0.0") is not equal to ("0.5")
/Users/takamimarsh/Developer/Projects/Zacro Tech/NeuroForge/Tests/ContentImprovementRegressionTests.swift:3138: error: -[NeuroForgeTests.CoordinateTransformContractTests testAllBoundedCoordinateContractsMatchIndependentAffineOracleAndTypedCredit] : XCTAssertEqual failed: ("0.0") is not equal to ("0.5")
/Users/takamimarsh/Developer/Projects/Zacro Tech/NeuroForge/Tests/ContentImprovementRegressionTests.swift:3138: error: -[NeuroForgeTests.CoordinateTransformContractTests testAllBoundedCoordinateContractsMatchIndependentAffineOracleAndTypedCredit] : XCTAssertEqual failed: ("0.0") is not equal to ("0.5")
/Users/takamimarsh/Developer/Projects/Zacro Tech/NeuroForge/Tests/ContentImprovementRegressionTests.swift:3138: error: -[NeuroForgeTests.CoordinateTransformContractTests testAllBoundedCoordinateContractsMatchIndependentAffineOracleAndTypedCredit] : XCTAssertEqual failed: ("0.0") is not equal to ("0.5")
/Users/takamimarsh/Developer/Projects/Zacro Tech/NeuroForge/Tests/ContentImprovementRegressionTests.swift:3138: error: -[NeuroForgeTests.CoordinateTransformContractTests testAllBoundedCoordinateContractsMatchIndependentAffineOracleAndTypedCredit] : XCTAssertEqual failed: ("0.0") is not equal to ("0.5")
/Users/takamimarsh/Developer/Projects/Zacro Tech/NeuroForge/Tests/ContentImprovementRegressionTests.swift:3138: error: -[NeuroForgeTests.CoordinateTransformContractTests testAllBoundedCoordinateContractsMatchIndependentAffineOracleAndTypedCredit] : XCTAssertEqual failed: ("0.0") is not equal to ("0.5")
/Users/takamimarsh/Developer/Projects/Zacro Tech/NeuroForge/Tests/ContentImprovementRegressionTests.swift:3138: error: -[NeuroForgeTests.CoordinateTransformContractTests testAllBoundedCoordinateContractsMatchIndependentAffineOracleAndTypedCredit] : XCTAssertEqual failed: ("0.0") is not equal to ("0.5")
/Users/takamimarsh/Developer/Projects/Zacro Tech/NeuroForge/Tests/ContentImprovementRegressionTests.swift:3138: error: -[NeuroForgeTests.CoordinateTransformContractTests testAllBoundedCoordinateContractsMatchIndependentAffineOracleAndTypedCredit] : XCTAssertEqual failed: ("0.0") is not equal to ("0.5")
/Users/takamimarsh/Developer/Projects/Zacro Tech/NeuroForge/Tests/ContentImprovementRegressionTests.swift:3138: error: -[NeuroForgeTests.CoordinateTransformContractTests testAllBoundedCoordinateContractsMatchIndependentAffineOracleAndTypedCredit] : XCTAssertEqual failed: ("0.0") is not equal to ("0.5")
/Users/takamimarsh/Developer/Projects/Zacro Tech/NeuroForge/Tests/ContentImprovementRegressionTests.swift:3138: error: -[NeuroForgeTests.CoordinateTransformContractTests testAllBoundedCoordinateContractsMatchIndependentAffineOracleAndTypedCredit] : XCTAssertEqual failed: ("0.0") is not equal to ("0.5")
/Users/takamimarsh/Developer/Projects/Zacro Tech/NeuroForge/Tests/ContentImprovementRegressionTests.swift:3138: error: -[NeuroForgeTests.CoordinateTransformContractTests testAllBoundedCoordinateContractsMatchIndependentAffineOracleAndTypedCredit] : XCTAssertEqual failed: ("0.0") is not equal to ("0.5")
/Users/takamimarsh/Developer/Projects/Zacro Tech/NeuroForge/Tests/ContentImprovementRegressionTests.swift:3138: error: -[NeuroForgeTests.CoordinateTransformContractTests testAllBoundedCoordinateContractsMatchIndependentAffineOracleAndTypedCredit] : XCTAssertEqual failed: ("0.0") is not equal to ("0.5")
/Users/takamimarsh/Developer/Projects/Zacro Tech/NeuroForge/Tests/ContentImprovementRegressionTests.swift:3138: error: -[NeuroForgeTests.CoordinateTransformContractTests testAllBoundedCoordinateContractsMatchIndependentAffineOracleAndTypedCredit] : XCTAssertEqual failed: ("0.0") is not equal to ("0.5")
/Users/takamimarsh/Developer/Projects/Zacro Tech/NeuroForge/Tests/ContentImprovementRegressionTests.swift:3138: error: -[NeuroForgeTests.CoordinateTransformContractTests testAllBoundedCoordinateContractsMatchIndependentAffineOracleAndTypedCredit] : XCTAssertEqual failed: ("0.0") is not equal to ("0.5")
/Users/takamimarsh/Developer/Projects/Zacro Tech/NeuroForge/Tests/ContentImprovementRegressionTests.swift:3138: error: -[NeuroForgeTests.CoordinateTransformContractTests testAllBoundedCoordinateContractsMatchIndependentAffineOracleAndTypedCredit] : XCTAssertEqual failed: ("0.0") is not equal to ("0.5")
/Users/takamimarsh/Developer/Projects/Zacro Tech/NeuroForge/Tests/ContentImprovementRegressionTests.swift:3138: error: -[NeuroForgeTests.CoordinateTransformContractTests testAllBoundedCoordinateContractsMatchIndependentAffineOracleAndTypedCredit] : XCTAssertEqual failed: ("0.0") is not equal to ("0.5")
/Users/takamimarsh/Developer/Projects/Zacro Tech/NeuroForge/Tests/ContentImprovementRegressionTests.swift:3138: error: -[NeuroForgeTests.CoordinateTransformContractTests testAllBoundedCoordinateContractsMatchIndependentAffineOracleAndTypedCredit] : XCTAssertEqual failed: ("0.0") is not equal to ("0.5")
/Users/takamimarsh/Developer/Projects/Zacro Tech/NeuroForge/Tests/ContentImprovementRegressionTests.swift:3138: error: -[NeuroForgeTests.CoordinateTransformContractTests testAllBoundedCoordinateContractsMatchIndependentAffineOracleAndTypedCredit] : XCTAssertEqual failed: ("0.0") is not equal to ("0.5")
/Users/takamimarsh/Developer/Projects/Zacro Tech/NeuroForge/Tests/ContentImprovementRegressionTests.swift:3138: error: -[NeuroForgeTests.CoordinateTransformContractTests testAllBoundedCoordinateContractsMatchIndependentAffineOracleAndTypedCredit] : XCTAssertEqual failed: ("0.0") is not equal to ("0.5")
/Users/takamimarsh/Developer/Projects/Zacro Tech/NeuroForge/Tests/ContentImprovementRegressionTests.swift:3138: error: -[NeuroForgeTests.CoordinateTransformContractTests testAllBoundedCoordinateContractsMatchIndependentAffineOracleAndTypedCredit] : XCTAssertEqual failed: ("0.0") is not equal to ("0.5")
/Users/takamimarsh/Developer/Projects/Zacro Tech/NeuroForge/Tests/ContentImprovementRegressionTests.swift:3138: error: -[NeuroForgeTests.CoordinateTransformContractTests testAllBoundedCoordinateContractsMatchIndependentAffineOracleAndTypedCredit] : XCTAssertEqual failed: ("0.0") is not equal to ("0.5")
/Users/takamimarsh/Developer/Projects/Zacro Tech/NeuroForge/Tests/ContentImprovementRegressionTests.swift:3138: error: -[NeuroForgeTests.CoordinateTransformContractTests testAllBoundedCoordinateContractsMatchIndependentAffineOracleAndTypedCredit] : XCTAssertEqual failed: ("0.0") is not equal to ("0.5")
/Users/takamimarsh/Developer/Projects/Zacro Tech/NeuroForge/Tests/ContentImprovementRegressionTests.swift:3138: error: -[NeuroForgeTests.CoordinateTransformContractTests testAllBoundedCoordinateContractsMatchIndependentAffineOracleAndTypedCredit] : XCTAssertEqual failed: ("0.0") is not equal to ("0.5")
/Users/takamimarsh/Developer/Projects/Zacro Tech/NeuroForge/Tests/ContentImprovementRegressionTests.swift:3138: error: -[NeuroForgeTests.CoordinateTransformContractTests testAllBoundedCoordinateContractsMatchIndependentAffineOracleAndTypedCredit] : XCTAssertEqual failed: ("0.0") is not equal to ("0.5")
/Users/takamimarsh/Developer/Projects/Zacro Tech/NeuroForge/Tests/ContentImprovementRegressionTests.swift:3138: error: -[NeuroForgeTests.CoordinateTransformContractTests testAllBoundedCoordinateContractsMatchIndependentAffineOracleAndTypedCredit] : XCTAssertEqual failed: ("0.0") is not equal to ("0.5")
/Users/takamimarsh/Developer/Projects/Zacro Tech/NeuroForge/Tests/ContentImprovementRegressionTests.swift:3138: error: -[NeuroForgeTests.CoordinateTransformContractTests testAllBoundedCoordinateContractsMatchIndependentAffineOracleAndTypedCredit] : XCTAssertEqual failed: ("0.0") is not equal to ("0.5")
/Users/takamimarsh/Developer/Projects/Zacro Tech/NeuroForge/Tests/ContentImprovementRegressionTests.swift:3138: error: -[NeuroForgeTests.CoordinateTransformContractTests testAllBoundedCoordinateContractsMatchIndependentAffineOracleAndTypedCredit] : XCTAssertEqual failed: ("0.0") is not equal to ("0.5")
/Users/takamimarsh/Developer/Projects/Zacro Tech/NeuroForge/Tests/ContentImprovementRegressionTests.swift:3138: error: -[NeuroForgeTests.CoordinateTransformContractTests testAllBoundedCoordinateContractsMatchIndependentAffineOracleAndTypedCredit] : XCTAssertEqual failed: ("0.0") is not equal to ("0.5")
/Users/takamimarsh/Developer/Projects/Zacro Tech/NeuroForge/Tests/ContentImprovementRegressionTests.swift:3138: error: -[NeuroForgeTests.CoordinateTransformContractTests testAllBoundedCoordinateContractsMatchIndependentAffineOracleAndTypedCredit] : XCTAssertEqual failed: ("0.0") is not equal to ("0.5")
/Users/takamimarsh/Developer/Projects/Zacro Tech/NeuroForge/Tests/ContentImprovementRegressionTests.swift:3138: error: -[NeuroForgeTests.CoordinateTransformContractTests testAllBoundedCoordinateContractsMatchIndependentAffineOracleAndTypedCredit] : XCTAssertEqual failed: ("0.0") is not equal to ("0.5")
/Users/takamimarsh/Developer/Projects/Zacro Tech/NeuroForge/Tests/ContentImprovementRegressionTests.swift:3138: error: -[NeuroForgeTests.CoordinateTransformContractTests testAllBoundedCoordinateContractsMatchIndependentAffineOracleAndTypedCredit] : XCTAssertEqual failed: ("0.0") is not equal to ("0.5")
/Users/takamimarsh/Developer/Projects/Zacro Tech/NeuroForge/Tests/ContentImprovementRegressionTests.swift:3138: error: -[NeuroForgeTests.CoordinateTransformContractTests testAllBoundedCoordinateContractsMatchIndependentAffineOracleAndTypedCredit] : XCTAssertEqual failed: ("0.0") is not equal to ("0.5")
/Users/takamimarsh/Developer/Projects/Zacro Tech/NeuroForge/Tests/ContentImprovementRegressionTests.swift:3138: error: -[NeuroForgeTests.CoordinateTransformContractTests testAllBoundedCoordinateContractsMatchIndependentAffineOracleAndTypedCredit] : XCTAssertEqual failed: ("0.0") is not equal to ("0.5")
/Users/takamimarsh/Developer/Projects/Zacro Tech/NeuroForge/Tests/ContentImprovementRegressionTests.swift:3138: error: -[NeuroForgeTests.CoordinateTransformContractTests testAllBoundedCoordinateContractsMatchIndependentAffineOracleAndTypedCredit] : XCTAssertEqual failed: ("0.0") is not equal to ("0.5")
/Users/takamimarsh/Developer/Projects/Zacro Tech/NeuroForge/Tests/ContentImprovementRegressionTests.swift:3138: error: -[NeuroForgeTests.CoordinateTransformContractTests testAllBoundedCoordinateContractsMatchIndependentAffineOracleAndTypedCredit] : XCTAssertEqual failed: ("0.0") is not equal to ("0.5")
/Users/takamimarsh/Developer/Projects/Zacro Tech/NeuroForge/Tests/ContentImprovementRegressionTests.swift:3138: error: -[NeuroForgeTests.CoordinateTransformContractTests testAllBoundedCoordinateContractsMatchIndependentAffineOracleAndTypedCredit] : XCTAssertEqual failed: ("0.0") is not equal to ("0.5")
/Users/takamimarsh/Developer/Projects/Zacro Tech/NeuroForge/Tests/ContentImprovementRegressionTests.swift:3138: error: -[NeuroForgeTests.CoordinateTransformContractTests testAllBoundedCoordinateContractsMatchIndependentAffineOracleAndTypedCredit] : XCTAssertEqual failed: ("0.0") is not equal to ("0.5")
/Users/takamimarsh/Developer/Projects/Zacro Tech/NeuroForge/Tests/ContentImprovementRegressionTests.swift:3138: error: -[NeuroForgeTests.CoordinateTransformContractTests testAllBoundedCoordinateContractsMatchIndependentAffineOracleAndTypedCredit] : XCTAssertEqual failed: ("0.0") is not equal to ("0.5")
/Users/takamimarsh/Developer/Projects/Zacro Tech/NeuroForge/Tests/ContentImprovementRegressionTests.swift:3138: error: -[NeuroForgeTests.CoordinateTransformContractTests testAllBoundedCoordinateContractsMatchIndependentAffineOracleAndTypedCredit] : XCTAssertEqual failed: ("0.0") is not equal to ("0.5")
/Users/takamimarsh/Developer/Projects/Zacro Tech/NeuroForge/Tests/ContentImprovementRegressionTests.swift:3138: error: -[NeuroForgeTests.CoordinateTransformContractTests testAllBoundedCoordinateContractsMatchIndependentAffineOracleAndTypedCredit] : XCTAssertEqual failed: ("0.0") is not equal to ("0.5")
/Users/takamimarsh/Developer/Projects/Zacro Tech/NeuroForge/Tests/ContentImprovementRegressionTests.swift:3138: error: -[NeuroForgeTests.CoordinateTransformContractTests testAllBoundedCoordinateContractsMatchIndependentAffineOracleAndTypedCredit] : XCTAssertEqual failed: ("0.0") is not equal to ("0.5")
/Users/takamimarsh/Developer/Projects/Zacro Tech/NeuroForge/Tests/ContentImprovementRegressionTests.swift:3138: error: -[NeuroForgeTests.CoordinateTransformContractTests testAllBoundedCoordinateContractsMatchIndependentAffineOracleAndTypedCredit] : XCTAssertEqual failed: ("0.0") is not equal to ("0.5")
/Users/takamimarsh/Developer/Projects/Zacro Tech/NeuroForge/Tests/ContentImprovementRegressionTests.swift:3138: error: -[NeuroForgeTests.CoordinateTransformContractTests testAllBoundedCoordinateContractsMatchIndependentAffineOracleAndTypedCredit] : XCTAssertEqual failed: ("0.0") is not equal to ("0.5")
/Users/takamimarsh/Developer/Projects/Zacro Tech/NeuroForge/Tests/ContentImprovementRegressionTests.swift:3138: error: -[NeuroForgeTests.CoordinateTransformContractTests testAllBoundedCoordinateContractsMatchIndependentAffineOracleAndTypedCredit] : XCTAssertEqual failed: ("0.0") is not equal to ("0.5")
/Users/takamimarsh/Developer/Projects/Zacro Tech/NeuroForge/Tests/ContentImprovementRegressionTests.swift:3138: error: -[NeuroForgeTests.CoordinateTransformContractTests testAllBoundedCoordinateContractsMatchIndependentAffineOracleAndTypedCredit] : XCTAssertEqual failed: ("0.0") is not equal to ("0.5")
/Users/takamimarsh/Developer/Projects/Zacro Tech/NeuroForge/Tests/ContentImprovementRegressionTests.swift:3138: error: -[NeuroForgeTests.CoordinateTransformContractTests testAllBoundedCoordinateContractsMatchIndependentAffineOracleAndTypedCredit] : XCTAssertEqual failed: ("0.0") is not equal to ("0.5")
/Users/takamimarsh/Developer/Projects/Zacro Tech/NeuroForge/Tests/ContentImprovementRegressionTests.swift:3138: error: -[NeuroForgeTests.CoordinateTransformContractTests testAllBoundedCoordinateContractsMatchIndependentAffineOracleAndTypedCredit] : XCTAssertEqual failed: ("0.0") is not equal to ("0.5")
/Users/takamimarsh/Developer/Projects/Zacro Tech/NeuroForge/Tests/ContentImprovementRegressionTests.swift:3138: error: -[NeuroForgeTests.CoordinateTransformContractTests testAllBoundedCoordinateContractsMatchIndependentAffineOracleAndTypedCredit] : XCTAssertEqual failed: ("0.0") is not equal to ("0.5")
/Users/takamimarsh/Developer/Projects/Zacro Tech/NeuroForge/Tests/ContentImprovementRegressionTests.swift:3138: error: -[NeuroForgeTests.CoordinateTransformContractTests testAllBoundedCoordinateContractsMatchIndependentAffineOracleAndTypedCredit] : XCTAssertEqual failed: ("0.0") is not equal to ("0.5")
/Users/takamimarsh/Developer/Projects/Zacro Tech/NeuroForge/Tests/ContentImprovementRegressionTests.swift:3138: error: -[NeuroForgeTests.CoordinateTransformContractTests testAllBoundedCoordinateContractsMatchIndependentAffineOracleAndTypedCredit] : XCTAssertEqual failed: ("0.0") is not equal to ("0.5")
/Users/takamimarsh/Developer/Projects/Zacro Tech/NeuroForge/Tests/ContentImprovementRegressionTests.swift:3138: error: -[NeuroForgeTests.CoordinateTransformContractTests testAllBoundedCoordinateContractsMatchIndependentAffineOracleAndTypedCredit] : XCTAssertEqual failed: ("0.0") is not equal to ("0.5")
/Users/takamimarsh/Developer/Projects/Zacro Tech/NeuroForge/Tests/ContentImprovementRegressionTests.swift:3138: error: -[NeuroForgeTests.CoordinateTransformContractTests testAllBoundedCoordinateContractsMatchIndependentAffineOracleAndTypedCredit] : XCTAssertEqual failed: ("0.0") is not equal to ("0.5")
/Users/takamimarsh/Developer/Projects/Zacro Tech/NeuroForge/Tests/ContentImprovementRegressionTests.swift:3138: error: -[NeuroForgeTests.CoordinateTransformContractTests testAllBoundedCoordinateContractsMatchIndependentAffineOracleAndTypedCredit] : XCTAssertEqual failed: ("0.0") is not equal to ("0.5")
/Users/takamimarsh/Developer/Projects/Zacro Tech/NeuroForge/Tests/ContentImprovementRegressionTests.swift:3138: error: -[NeuroForgeTests.CoordinateTransformContractTests testAllBoundedCoordinateContractsMatchIndependentAffineOracleAndTypedCredit] : XCTAssertEqual failed: ("0.0") is not equal to ("0.5")
/Users/takamimarsh/Developer/Projects/Zacro Tech/NeuroForge/Tests/ContentImprovementRegressionTests.swift:3138: error: -[NeuroForgeTests.CoordinateTransformContractTests testAllBoundedCoordinateContractsMatchIndependentAffineOracleAndTypedCredit] : XCTAssertEqual failed: ("0.0") is not equal to ("0.5")
/Users/takamimarsh/Developer/Projects/Zacro Tech/NeuroForge/Tests/ContentImprovementRegressionTests.swift:3138: error: -[NeuroForgeTests.CoordinateTransformContractTests testAllBoundedCoordinateContractsMatchIndependentAffineOracleAndTypedCredit] : XCTAssertEqual failed: ("0.0") is not equal to ("0.5")
/Users/takamimarsh/Developer/Projects/Zacro Tech/NeuroForge/Tests/ContentImprovementRegressionTests.swift:3138: error: -[NeuroForgeTests.CoordinateTransformContractTests testAllBoundedCoordinateContractsMatchIndependentAffineOracleAndTypedCredit] : XCTAssertEqual failed: ("0.0") is not equal to ("0.5")
/Users/takamimarsh/Developer/Projects/Zacro Tech/NeuroForge/Tests/ContentImprovementRegressionTests.swift:3138: error: -[NeuroForgeTests.CoordinateTransformContractTests testAllBoundedCoordinateContractsMatchIndependentAffineOracleAndTypedCredit] : XCTAssertEqual failed: ("0.0") is not equal to ("0.5")
Test Case '-[NeuroForgeTests.CoordinateTransformContractTests testAllBoundedCoordinateContractsMatchIndependentAffineOracleAndTypedCredit]' failed (1.760 seconds).
Test Case '-[NeuroForgeTests.CoordinateTransformContractTests testAllQuadrantsCentersLineFixedPointsDistancesAndOrderedCompositions]' started.
Test Case '-[NeuroForgeTests.CoordinateTransformContractTests testAllQuadrantsCentersLineFixedPointsDistancesAndOrderedCompositions]' passed (0.161 seconds).
Test Case '-[NeuroForgeTests.CoordinateTransformContractTests testFutureProtectedMalformedAndMissingRequestPolicyRefuseWithoutOverwritingOriginal]' started.
Test Case '-[NeuroForgeTests.CoordinateTransformContractTests testFutureProtectedMalformedAndMissingRequestPolicyRefuseWithoutOverwritingOriginal]' passed (0.187 seconds).
Test Case '-[NeuroForgeTests.CoordinateTransformContractTests testGeneratedSavedPointUsesExactContractAndSameNumericAuthority]' started.
Test Case '-[NeuroForgeTests.CoordinateTransformContractTests testGeneratedSavedPointUsesExactContractAndSameNumericAuthority]' passed (0.089 seconds).
Test Case '-[NeuroForgeTests.CoordinateTransformContractTests testOriginalDiagramAndCopyKeepIndependentPointAndBothRecordedLocales]' started.
Test Case '-[NeuroForgeTests.CoordinateTransformContractTests testOriginalDiagramAndCopyKeepIndependentPointAndBothRecordedLocales]' passed (0.011 seconds).
Test Case '-[NeuroForgeTests.CoordinateTransformContractTests testRecipeVersionsAreScopedToFallbackAndPreserveCurrentAndLegacyAuthoredAuthority]' started.
Test Case '-[NeuroForgeTests.CoordinateTransformContractTests testRecipeVersionsAreScopedToFallbackAndPreserveCurrentAndLegacyAuthoredAuthority]' passed (0.026 seconds).
Test Case '-[NeuroForgeTests.CoordinateTransformContractTests testSemanticIdentityCollapsesSignScaleAndFixedPointAliasesWithoutLosingTaskOrder]' started.
Test Case '-[NeuroForgeTests.CoordinateTransformContractTests testSemanticIdentityCollapsesSignScaleAndFixedPointAliasesWithoutLosingTaskOrder]' passed (0.016 seconds).
Test Suite 'CoordinateTransformContractTests' failed at 2026-09-05 16:26:32.392.
	 Executed 8 tests, with 336 failures (0 unexpected) in 2.358 (2.361) seconds
Test Suite 'DefaultContentCatalogTests' started at 2026-09-05 16:26:32.393.
Test Case '-[NeuroForgeTests.DefaultContentCatalogTests testAutomaticCatalogStartKeepsColdAndRecentReasonsDistinctFromExplicitPreference]' started.
2026-09-05 16:26:50.010491-0400 NeuroForge[49219:5859349] [Connection] Unable to get synchronousRemoteObjectProxy, error: Error Domain=NSCocoaErrorDomain Code=4097 "connection to service named com.apple.linkd.autoShortcut" UserInfo={NSDebugDescription=connection to service named com.apple.linkd.autoShortcut}
2026-09-05 16:26:50.011103-0400 NeuroForge[49219:5859349] [Application] Error registering app with intents framework: Error Domain=NSCocoaErrorDomain Code=4097 "connection to service named com.apple.linkd.autoShortcut" UserInfo={NSDebugDescription=connection to service named com.apple.linkd.autoShortcut}
2026-09-05 16:26:50.011533-0400 NeuroForge[49219:5859412] [Connection] Unable to get synchronousRemoteObjectProxy, error: Error Domain=NSCocoaErrorDomain Code=4097 "connection to service named com.apple.linkd.autoShortcut" UserInfo={NSDebugDescription=connection to service named com.apple.linkd.autoShortcut}
2026-09-05 16:26:50.011557-0400 NeuroForge[49219:5859412] [Connection] Unable to re-register with 2026-09-05 16:26:50.012914-0400 NeuroForge[49219:5859433] [Connection] Unable to get synchronousRemoteObjectProxy, error: Error Domain=NSCocoaErrorDomain Code=4097 "connection to service named com.apple.linkd.autoShortcut" UserInfo={NSDebugDescription=connection to service named com.apple.linkd.autoShortcut}
Process Instance Registry, error: Error Domain=NSCocoaErrorDomain Code=4097 "connection to service named com.apple.linkd.autoShortcut" UserInfo={NSDebugDescription=connection to service named com.apple.linkd.autoShortcut}
2026-09-05 16:26:50.013432-0400 NeuroForge[49219:5859433] [Connection] Unable to re-register with Process Instance Registry, error: Error Domain=NSCocoaErrorDomain Code=4097 "connection to service named com.apple.linkd.autoShortcut" UserInfo={NSDebugDescription=connection to service named com.apple.linkd.autoShortcut}
2026-09-05 16:26:50.013722-0400 NeuroForge[49219:5859433] [Connection] Will NOT re-try to establish the connection
2026-09-05 16:26:50.013748-0400 NeuroForge[49219:5859350] [Connection] Unable to get synchronousRemoteObjectProxy, error: Error Domain=NSCocoaErrorDomain Code=4097 "connection to service named com.apple.linkd.autoShortcut" UserInfo={NSDebugDescription=connection to service named com.apple.linkd.autoShortcut}
2026-09-05 16:26:50.018059-0400 NeuroForge[49219:5859350] [Connection] Unable to re-register with Process Instance Registry, error: Error Domain=NSCocoaErrorDomain Code=4097 "connection to service named com.apple.linkd.autoShortcut" UserInfo={NSDebugDescription=connection to service named com.apple.linkd.autoShortcut}
2026-09-05 16:26:50.412017-0400 NeuroForge[49219:5859250] ApplePersistenceIgnoreState: Existing state will not be touched. New state will be written to /var/folders/9s/lwj2ss7d679bl8hv9dx2qf6h0000gn/T/com.zacrotech.NeuroForge.savedState

Restarting after unexpected exit, crash, or test timeout; summary will include totals from previous launches.

Test Suite 'Selected tests' started at 2026-09-05 16:26:52.797.
Test Suite 'NeuroForgeTests.xctest' started at 2026-09-05 16:26:52.799.
Test Suite 'DefaultContentCatalogTests' started at 2026-09-05 16:26:52.799.
Test Case '-[NeuroForgeTests.DefaultContentCatalogTests testCatalogCallerForwardsElapsedOnlyWithoutUnlockingLegacyFluency]' started.
Test Case '-[NeuroForgeTests.DefaultContentCatalogTests testCatalogCallerForwardsElapsedOnlyWithoutUnlockingLegacyFluency]' passed (0.185 seconds).
Test Case '-[NeuroForgeTests.DefaultContentCatalogTests testCatalogExposesEveryDeterministicFamilyExactlyOnce]' started.
Test Case '-[NeuroForgeTests.DefaultContentCatalogTests testCatalogExposesEveryDeterministicFamilyExactlyOnce]' passed (0.004 seconds).
Test Case '-[NeuroForgeTests.DefaultContentCatalogTests testCatalogLaunchCarriesFieldPracticeEvidenceAndExposureSeed]' started.
Test Case '-[NeuroForgeTests.DefaultContentCatalogTests testCatalogLaunchCarriesFieldPracticeEvidenceAndExposureSeed]' passed (0.075 seconds).
Test Case '-[NeuroForgeTests.DefaultContentCatalogTests testCatalogReviewedChoiceForwardsBandAndScopeAndNextCannotSelectAdmittedOtherMechanic]' started.
Test Case '-[NeuroForgeTests.DefaultContentCatalogTests testCatalogReviewedChoiceForwardsBandAndScopeAndNextCannotSelectAdmittedOtherMechanic]' passed (7.709 seconds).
Test Case '-[NeuroForgeTests.DefaultContentCatalogTests testCatalogReviewedReplaceAndColdResumeRetainOriginalActivityFieldAndDraft]' started.
Test Case '-[NeuroForgeTests.DefaultContentCatalogTests testCatalogReviewedReplaceAndColdResumeRetainOriginalActivityFieldAndDraft]' passed (0.465 seconds).
Test Case '-[NeuroForgeTests.DefaultContentCatalogTests testCatalogTitlesAndResearchBoundariesAreLocalized]' started.
Test Case '-[NeuroForgeTests.DefaultContentCatalogTests testCatalogTitlesAndResearchBoundariesAreLocalized]' passed (0.032 seconds).
Test Case '-[NeuroForgeTests.DefaultContentCatalogTests testEnumeratedLegacySubvariantsKeepActivityScopeWithoutPrefixWidening]' started.
Test Case '-[NeuroForgeTests.DefaultContentCatalogTests testEnumeratedLegacySubvariantsKeepActivityScopeWithoutPrefixWidening]' passed (20.303 seconds).
Test Case '-[NeuroForgeTests.DefaultContentCatalogTests testEveryCatalogEntrySelectsARealDeterministicScorableFamily]' started.
Test Case '-[NeuroForgeTests.DefaultContentCatalogTests testEveryCatalogEntrySelectsARealDeterministicScorableFamily]' passed (2.937 seconds).
Test Case '-[NeuroForgeTests.DefaultContentCatalogTests testFutureCatalogScopePreservesCheckpointButRefusesWritableColdContinuation]' started.
Test Case '-[NeuroForgeTests.DefaultContentCatalogTests testFutureCatalogScopePreservesCheckpointButRefusesWritableColdContinuation]' passed (0.396 seconds).
Test Case '-[NeuroForgeTests.DefaultContentCatalogTests testPrelaunchFieldMismatchAndMissingPrerequisitesCannotOfferOrLaunchHigherBand]' started.
2026-09-05 16:27:30.050336-0400 NeuroForge[49550:5862306] [Connection] Unable to get synchronousRemoteObjectProxy, error: Error Domain=NSCocoaErrorDomain Code=4097 "connection to service named com.apple.linkd.autoShortcut" UserInfo={NSDebugDescription=connection to service named com.apple.linkd.autoShortcut}
2026-09-05 16:27:30.050657-0400 NeuroForge[49550:5862306] [Application] Error registering app with intents framework: Error Domain=NSCocoaErrorDomain Code=4097 "connection to service named com.apple.linkd.autoShortcut" UserInfo={NSDebugDescription=connection to service named com.apple.linkd.autoShortcut}
2026-09-05 16:27:30.051215-0400 NeuroForge[49550:5862319] [Connection] Unable to get synchronousRemoteObjectProxy, error: Error Domain=NSCocoaErrorDomain Code=4097 "connection to service named com.apple.linkd.autoShortcut" UserInfo={NSDebugDescription=connection to service named com.apple.linkd.autoShortcut}
2026-09-05 16:27:30.051255-0400 NeuroForge[49550:5862319] [Connection] Unable to re-register with Process Instance Registry, error: Error Domain=NSCocoaErrorDomain Code=4097 "connection to service named com.apple.linkd.autoShortcut" UserInfo={NSDebugDescription=connection to service named com.apple.linkd.autoShortcut}
2026-09-05 16:27:30.052021-0400 NeuroForge[49550:5862321] [Connection] Unable to get synchronousRemoteObjectProxy, error: Error Domain=NSCocoaErrorDomain Code=4097 "connection to service named com.apple.linkd.autoShortcut" UserInfo={NSDebugDescription=connection to service named com.apple.linkd.autoShortcut}
2026-09-05 16:27:30.052040-0400 NeuroForge[49550:5862321] [Connection] Unable to re-register with Process Instance Registry, error: Error Domain=NSCocoaErrorDomain Code=4097 "connection to service named com.apple.linkd.autoShortcut" UserInfo={NSDebugDescription=connection to service named com.apple.linkd.autoShortcut}
2026-09-05 16:27:30.053184-0400 NeuroForge[49550:5862321] [Connection] Will NOT re-try to establish the connection
2026-09-05 16:27:30.053346-0400 NeuroForge[49550:5862306] [Connection] Unable to get synchronousRemoteObjectProxy, error: Error Domain=NSCocoaErrorDomain Code=4097 "connection to service named com.apple.linkd.autoShortcut" UserInfo={NSDebugDescription=connection to service named com.apple.linkd.autoShortcut}
2026-09-05 16:27:30.053402-0400 NeuroForge[49550:5862306] [Connection] Unable to re-register with Process Instance Registry, error: Error Domain=NSCocoaErrorDomain Code=4097 "connection to service named com.apple.linkd.autoShortcut" UserInfo={NSDebugDescription=connection to service named com.apple.linkd.autoShortcut}
2026-09-05 16:27:30.282807-0400 NeuroForge[49550:5862253] ApplePersistenceIgnoreState: Existing state will not be touched. New state will be written to /var/folders/9s/lwj2ss7d679bl8hv9dx2qf6h0000gn/T/com.zacrotech.NeuroForge.savedState

Restarting after unexpected exit, crash, or test timeout; summary will include totals from previous launches.

Test Suite 'Selected tests' started at 2026-09-05 16:27:31.323.
Test Suite 'NeuroForgeTests.xctest' started at 2026-09-05 16:27:31.324.
Test Suite 'DefaultContentCatalogTests' started at 2026-09-05 16:27:31.324.
Test Case '-[NeuroForgeTests.DefaultContentCatalogTests testPuzzleCatalogStaysBoundedToNamedMechanics]' started.
Test Case '-[NeuroForgeTests.DefaultContentCatalogTests testPuzzleCatalogStaysBoundedToNamedMechanics]' passed (0.007 seconds).
Test Case '-[NeuroForgeTests.DefaultContentCatalogTests testReleasedRegistryOffersNoReviewedBandAndPreservesLegacyCatalogLaunch]' started.
Test Case '-[NeuroForgeTests.DefaultContentCatalogTests testReleasedRegistryOffersNoReviewedBandAndPreservesLegacyCatalogLaunch]' passed (0.059 seconds).
Test Case '-[NeuroForgeTests.DefaultContentCatalogTests testReviewedLaunchRechecksQuarantineAfterReadOnlyInventoryPreview]' started.
2026-09-05 16:27:43.050858-0400 NeuroForge[49654:5862989] [Connection] Unable to get synchronousRemoteObjectProxy, error: Error Domain=NSCocoaErrorDomain Code=4097 "connection to service named com.apple.linkd.autoShortcut" UserInfo={NSDebugDescription=connection to service named com.apple.linkd.autoShortcut}
2026-09-05 16:27:43.052450-0400 NeuroForge[49654:5863003] [Connection] Unable to get synchronousRemoteObjectProxy, error: Error Domain=NSCocoaErrorDomain Code=4097 "connection to service named com.apple.linkd.autoShortcut" UserInfo={NSDebugDescription=connection to service named com.apple.linkd.autoShortcut}
2026-09-05 16:27:43.052466-0400 NeuroForge[49654:5863003] [Connection] Unable to re-register with Process Instance Registry, error: Error Domain=NSCocoaErrorDomain Code=4097 "connection to service named com.apple.linkd.autoShortcut" UserInfo={NSDebugDescription=connection to service named com.apple.linkd.autoShortcut}
2026-09-05 16:27:43.052220-0400 NeuroForge[49654:5862989] [Application] Error registering app with intents framework: Error Domain=NSCocoaErrorDomain Code=4097 "connection to service named com.apple.linkd.autoShortcut" UserInfo={NSDebugDescription=connection to service named com.apple.linkd.autoShortcut}
2026-09-05 16:27:43.053507-0400 NeuroForge[49654:5863006] [Connection] Unable to get synchronousRemoteObjectProxy, error: Error Domain=NSCocoaErrorDomain Code=4097 "connection to service named com.apple.linkd.autoShortcut" UserInfo={NSDebugDescription=connection to service named com.apple.linkd.autoShortcut}
2026-09-05 16:27:43.053528-0400 NeuroForge[49654:5863006] [Connection] Unable to re-register with Process Instance Registry, error: Error Domain=NSCocoaErrorDomain Code=4097 "connection to service named com.apple.linkd.autoShortcut" UserInfo={NSDebugDescription=connection to service named com.apple.linkd.autoShortcut}
2026-09-05 16:27:43.054360-0400 NeuroForge[49654:5863006] [Connection] Will NOT re-try to establish the connection
2026-09-05 16:27:43.054401-0400 NeuroForge[49654:5863003] [Connection] Unable to get synchronousRemoteObjectProxy, error: Error Domain=NSCocoaErrorDomain Code=4097 "connection to service named com.apple.linkd.autoShortcut" UserInfo={NSDebugDescription=connection to service named com.apple.linkd.autoShortcut}
2026-09-05 16:27:43.054418-0400 NeuroForge[49654:5863003] [Connection] Unable to re-register with Process Instance Registry, error: Error Domain=NSCocoaErrorDomain Code=4097 "connection to service named com.apple.linkd.autoShortcut" UserInfo={NSDebugDescription=connection to service named com.apple.linkd.autoShortcut}
2026-09-05 16:27:43.274975-0400 NeuroForge[49654:5862965] ApplePersistenceIgnoreState: Existing state will not be touched. New state will be written to /var/folders/9s/lwj2ss7d679bl8hv9dx2qf6h0000gn/T/com.zacrotech.NeuroForge.savedState

Restarting after unexpected exit, crash, or test timeout; summary will include totals from previous launches.

Test Suite 'Selected tests' started at 2026-09-05 16:27:44.535.
Test Suite 'NeuroForgeTests.xctest' started at 2026-09-05 16:27:44.536.
Test Suite 'DefaultContentCatalogTests' started at 2026-09-05 16:27:44.536.
Test Case '-[NeuroForgeTests.DefaultContentCatalogTests testReviewedPrelaunchShortageRequiresExplicitSmallerCountAndRechecksAtAcceptance]' started.
2026-09-05 16:27:55.698723-0400 NeuroForge[49728:5863927] [Connection] Unable to get synchronousRemoteObjectProxy, error: Error Domain=NSCocoaErrorDomain Code=4097 "connection to service named com.apple.linkd.autoShortcut" UserInfo={NSDebugDescription=connection to service named com.apple.linkd.autoShortcut}
2026-09-05 16:27:55.699214-0400 NeuroForge[49728:5863927] [Application] Error registering app with intents framework: Error Domain=NSCocoaErrorDomain Code=4097 "connection to service named com.apple.linkd.autoShortcut" UserInfo={NSDebugDescription=connection to service named com.apple.linkd.autoShortcut}
2026-09-05 16:27:55.699674-0400 NeuroForge[49728:5863899] [Connection] Unable to get synchronousRemoteObjectProxy, error: Error Domain=NSCocoaErrorDomain Code=4097 "connection to service named com.apple.linkd.autoShortcut" UserInfo={NSDebugDescription=connection to service named com.apple.linkd.autoShortcut}
2026-09-05 16:27:55.699695-0400 NeuroForge[49728:5863899] [Connection] Unable to re-register with Process Instance Registry, error: Error Domain=NSCocoaErrorDomain Code=4097 "connection to service named com.apple.linkd.autoShortcut" UserInfo={NSDebugDescription=connection to service named com.apple.linkd.autoShortcut}
2026-09-05 16:27:55.700510-0400 NeuroForge[49728:5863900] [Connection] Unable to get synchronousRemoteObjectProxy, error: Error Domain=NSCocoaErrorDomain Code=4097 "connection to service named com.apple.linkd.autoShortcut" UserInfo={NSDebugDescription=connection to service named com.apple.linkd.autoShortcut}
2026-09-05 16:27:55.700526-0400 NeuroForge[49728:5863900] [Connection] Unable to re-register with Process Instance Registry, error: Error Domain=NSCocoaErrorDomain Code=4097 "connection to service named com.apple.linkd.autoShortcut" UserInfo={NSDebugDescription=connection to service named com.apple.linkd.autoShortcut}
2026-09-05 16:27:55.701355-0400 NeuroForge[49728:5863900] [Connection] Will NOT re-try to establish the connection
2026-09-05 16:27:55.701388-0400 NeuroForge[49728:5863927] [Connection] Unable to get synchronousRemoteObjectProxy, error: Error Domain=NSCocoaErrorDomain Code=4097 "connection to service named com.apple.linkd.autoShortcut" UserInfo={NSDebugDescription=connection to service named com.apple.linkd.autoShortcut}
2026-09-05 16:27:55.701401-0400 NeuroForge[49728:5863927] [Connection] Unable to re-register with Process Instance Registry, error: Error Domain=NSCocoaErrorDomain Code=4097 "connection to service named com.apple.linkd.autoShortcut" UserInfo={NSDebugDescription=connection to service named com.apple.linkd.autoShortcut}
2026-09-05 16:27:55.906392-0400 NeuroForge[49728:5863871] ApplePersistenceIgnoreState: Existing state will not be touched. New state will be written to /var/folders/9s/lwj2ss7d679bl8hv9dx2qf6h0000gn/T/com.zacrotech.NeuroForge.savedState

Restarting after unexpected exit, crash, or test timeout; summary will include totals from previous launches.

Test Suite 'Selected tests' started at 2026-09-05 16:27:56.987.
Test Suite 'NeuroForgeTests.xctest' started at 2026-09-05 16:27:56.988.
Test Suite 'DefaultContentCatalogTests' started at 2026-09-05 16:27:56.988.
Test Case '-[NeuroForgeTests.DefaultContentCatalogTests testReviewedPreviewReadsAllBandsAndActualDemandsWithoutCreatingPlansOrReservations]' started.
2026-09-05 16:28:07.969058-0400 NeuroForge[49833:5864593] [Connection] Unable to get synchronousRemoteObjectProxy, error: Error Domain=NSCocoaErrorDomain Code=4097 "connection to service named com.apple.linkd.autoShortcut" UserInfo={NSDebugDescription=connection to service named com.apple.linkd.autoShortcut}
2026-09-05 16:28:07.969729-0400 NeuroForge[49833:5864593] [Application] Error registering app with intents framework: Error Domain=NSCocoaErrorDomain Code=4097 "connection to service named com.apple.linkd.autoShortcut" UserInfo={NSDebugDescription=connection to service named com.apple.linkd.autoShortcut}
2026-09-05 16:28:07.970089-0400 NeuroForge[49833:5864594] [Connection] Unable to get synchronousRemoteObjectProxy, error: Error Domain=NSCocoaErrorDomain Code=4097 "connection to service named com.apple.linkd.autoShortcut" UserInfo={NSDebugDescription=connection to service named com.apple.linkd.autoShortcut}
2026-09-05 16:28:07.970111-0400 NeuroForge[49833:5864594] [Connection] Unable to re-register with Process Instance Registry, error: Error Domain=NSCocoaErrorDomain Code=4097 "connection to service named com.apple.linkd.autoShortcut" UserInfo={NSDebugDescription=connection to service named com.apple.linkd.autoShortcut}
2026-09-05 16:28:07.970980-0400 NeuroForge[49833:5864609] [Connection] Unable to get synchronousRemoteObjectProxy, error: Error Domain=NSCocoaErrorDomain Code=4097 "connection to service named com.apple.linkd.autoShortcut" UserInfo={NSDebugDescription=connection to service named com.apple.linkd.autoShortcut}
2026-09-05 16:28:07.971001-0400 NeuroForge[49833:5864609] [Connection] Unable to re-register with Process Instance Registry, error: Error Domain=NSCocoaErrorDomain Code=4097 "connection to service named com.apple.linkd.autoShortcut" UserInfo={NSDebugDescription=connection to service named com.apple.linkd.autoShortcut}
2026-09-05 16:28:07.971772-0400 NeuroForge[49833:5864609] [Connection] Will NOT re-try to establish the connection
2026-09-05 16:28:07.971808-0400 NeuroForge[49833:5864593] [Connection] Unable to get synchronousRemoteObjectProxy, error: Error Domain=NSCocoaErrorDomain Code=4097 "connection to service named com.apple.linkd.autoShortcut" UserInfo={NSDebugDescription=connection to service named com.apple.linkd.autoShortcut}
2026-09-05 16:28:07.971829-0400 NeuroForge[49833:5864593] [Connection] Unable to re-register with Process Instance Registry, error: Error Domain=NSCocoaErrorDomain Code=4097 "connection to service named com.apple.linkd.autoShortcut" UserInfo={NSDebugDescription=connection to service named com.apple.linkd.autoShortcut}
2026-09-05 16:28:08.158936-0400 NeuroForge[49833:5864557] ApplePersistenceIgnoreState: Existing state will not be touched. New state will be written to /var/folders/9s/lwj2ss7d679bl8hv9dx2qf6h0000gn/T/com.zacrotech.NeuroForge.savedState

Restarting after unexpected exit, crash, or test timeout; summary will include totals from previous launches.

Test Suite 'Selected tests' started at 2026-09-05 16:28:09.068.
Test Suite 'NeuroForgeTests.xctest' started at 2026-09-05 16:28:09.069.
Test Suite 'DefaultContentCatalogTests' started at 2026-09-05 16:28:09.069.
Test Case '-[NeuroForgeTests.DefaultContentCatalogTests testReviewedPreviewUsesCurrentQuarantineAndUntimedElapsedDoNotChangeDemand]' started.
2026-09-05 16:28:19.975186-0400 NeuroForge[49917:5865247] [Connection] Unable to get synchronousRemoteObjectProxy, error: Error Domain=NSCocoaErrorDomain Code=4097 "connection to service named com.apple.linkd.autoShortcut" UserInfo={NSDebugDescription=connection to service named com.apple.linkd.autoShortcut}
2026-09-05 16:28:19.977008-0400 NeuroForge[49917:5865265] [Connection] Unable to get synchronousRemoteObjectProxy, error: Error Domain=NSCocoaErrorDomain Code=4097 "connection to service named com.apple.linkd.autoShortcut" UserInfo={NSDebugDescription=connection to service named com.apple.linkd.autoShortcut}
2026-09-05 16:28:19.976136-0400 NeuroForge[49917:5865263] [Connection] Unable to get synchronousRemoteObjectProxy, error: Error Domain=NSCocoaErrorDomain Code=4097 "connection to service named com.apple.linkd.autoShortcut" UserInfo={NSDebugDescription=connection to service named com.apple.linkd.autoShortcut}
2026-09-05 16:28:19.977775-0400 NeuroForge[49917:5865265] [Connection] Unable to re-register with Process Instance Registry, error: Error Domain=NSCocoaErrorDomain Code=4097 "connection to service named com.apple.linkd.autoShortcut" UserInfo={NSDebugDescription=connection to service named com.apple.linkd.autoShortcut}
2026-09-05 16:28:19.977774-0400 NeuroForge[49917:5865263] [Connection] Unable to re-register with Process Instance Registry, error: Error Domain=NSCocoaErrorDomain Code=4097 "connection to service named com.apple.linkd.autoShortcut" UserInfo={NSDebugDescription=connection to service named com.apple.linkd.autoShortcut}
2026-09-05 16:28:19.977898-0400 NeuroForge[49917:5865263] [Connection] Wil2026-09-05 16:28:19.977777-0400 NeuroForge[49917:5865247] [Application] Error registering app with intents framework: Error Domain=NSCocoaErrorDomain Code=4097 "connection to service named com.apple.linkd.autoShortcut" UserInfo={NSDebugDescription=connection to service named com.apple.linkd.autoShortcut}
l NOT re-try to establish the connection
2026-09-05 16:28:19.978453-0400 NeuroForge[49917:5865268] [Connection] Unable to get synchronousRemoteObjectProxy, error: Error Domain=NSCocoaErrorDomain Code=4097 "connection to service named com.apple.linkd.autoShortcut" UserInfo={NSDebugDescription=connection to service named com.apple.linkd.autoShortcut}
2026-09-05 16:28:19.978470-0400 NeuroForge[49917:5865268] [Connection] Unable to re-register with Process Instance Registry, error: Error Domain=NSCocoaErrorDomain Code=4097 "connection to service named com.apple.linkd.autoShortcut" UserInfo={NSDebugDescription=connection to service named com.apple.linkd.autoShortcut}
2026-09-05 16:28:20.117408-0400 NeuroForge[49917:5865221] ApplePersistenceIgnoreState: Existing state will not be touched. New state will be written to /var/folders/9s/lwj2ss7d679bl8hv9dx2qf6h0000gn/T/com.zacrotech.NeuroForge.savedState

Restarting after unexpected exit, crash, or test timeout; summary will include totals from previous launches.

Test Suite 'Selected tests' started at 2026-09-05 16:28:21.084.
Test Suite 'NeuroForgeTests.xctest' started at 2026-09-05 16:28:21.085.
Test Suite 'DefaultContentCatalogTests' started at 2026-09-05 16:28:21.085.
Test Case '-[NeuroForgeTests.DefaultContentCatalogTests testSearchSupportsTaxonomyEnglishAndJapanese]' started.
Test Case '-[NeuroForgeTests.DefaultContentCatalogTests testSearchSupportsTaxonomyEnglishAndJapanese]' passed (0.047 seconds).
Test Case '-[NeuroForgeTests.DefaultContentCatalogTests testTypedRetrievalAssetPreviewAndNextRemainInEquationActivity]' started.
2026-09-05 16:28:32.992066-0400 NeuroForge[50034:5866143] [Connection] Unable to get synchronousRemoteObjectProxy, error: Error Domain=NSCocoaErrorDomain Code=4097 "connection to service named com.apple.linkd.autoShortcut" UserInfo={NSDebugDescription=connection to service named com.apple.linkd.autoShortcut}
2026-09-05 16:28:32.992548-0400 NeuroForge[50034:5866143] [Application] Error registering app with intents framework: Error Domain=NSCocoaErrorDomain Code=4097 "connection to service named com.apple.linkd.autoShortcut" UserInfo={NSDebugDescription=connection to service named com.apple.linkd.autoShortcut}
2026-09-05 16:28:32.993003-0400 NeuroForge[50034:5866159] [Connection] Unable to get synchronousRemoteObjectProxy, error: Error Domain=NSCocoaErrorDomain Code=4097 "connection to service named com.apple.linkd.autoShortcut" UserInfo={NSDebugDescription=connection to service named com.apple.linkd.autoShortcut}
2026-09-05 16:28:32.993026-0400 NeuroForge[50034:5866159] [Connection] Unable to re-register with Process Instance Registry, error: Error Domain=NSCocoaErrorDomain Code=4097 "connection to service named com.apple.linkd.autoShortcut" UserInfo={NSDebugDescription=connection to service named com.apple.linkd.autoShortcut}
2026-09-05 16:28:32.993841-0400 NeuroForge[50034:5866144] [Connection] Unable to get synchronousRemoteObjectProxy, error: Error Domain=NSCocoaErrorDomain Code=4097 "connection to service named com.apple.linkd.autoShortcut" UserInfo={NSDebugDescription=connection to service named com.apple.linkd.autoShortcut}
2026-09-05 16:28:32.993860-0400 NeuroForge[50034:5866144] [Connection] Unable to re-register with Process Instance Registry, error: Error Domain=NSCocoaErrorDomain Code=4097 "connection to service named com.apple.linkd.autoShortcut" UserInfo={NSDebugDescription=connection to service named com.apple.linkd.autoShortcut}
2026-09-05 16:28:32.994674-0400 NeuroForge[50034:5866144] [Connection] Will NOT re-try to establish the connection
2026-09-05 16:28:32.994706-0400 NeuroForge[50034:5866143] [Connection] Unable to get synchronousRemoteObjectProxy, error: Error Domain=NSCocoaErrorDomain Code=4097 "connection to service named com.apple.linkd.autoShortcut" UserInfo={NSDebugDescription=connection to service named com.apple.linkd.autoShortcut}
2026-09-05 16:28:32.994722-0400 NeuroForge[50034:5866143] [Connection] Unable to re-register with Process Instance Registry, error: Error Domain=NSCocoaErrorDomain Code=4097 "connection to service named com.apple.linkd.autoShortcut" UserInfo={NSDebugDescription=connection to service named com.apple.linkd.autoShortcut}
2026-09-05 16:28:33.220105-0400 NeuroForge[50034:5866122] ApplePersistenceIgnoreState: Existing state will not be touched. New state will be written to /var/folders/9s/lwj2ss7d679bl8hv9dx2qf6h0000gn/T/com.zacrotech.NeuroForge.savedState

Restarting after unexpected exit, crash, or test timeout; summary will include totals from previous launches.

Test Suite 'Selected tests' started at 2026-09-05 16:28:34.307.
Test Suite 'NeuroForgeTests.xctest' started at 2026-09-05 16:28:34.308.
Test Suite 'DefaultContentCatalogTests' started at 2026-09-05 16:28:34.308.
Test Case '-[NeuroForgeTests.DefaultContentCatalogTests testTypedSpatialActivityPreviewAndNextUseValidatedRenamedContract]' started.
Test Case '-[NeuroForgeTests.DefaultContentCatalogTests testTypedSpatialActivityPreviewAndNextUseValidatedRenamedContract]' passed (4.302 seconds).
Test Suite 'DefaultContentCatalogTests' passed at 2026-09-05 16:28:38.611.
	 Executed 1 test, with 0 failures (0 unexpected) in 4.302 (4.302) seconds
Test Suite 'EditorialLiveControllerPersistenceTests' started at 2026-09-05 16:28:38.611.
Test Case '-[NeuroForgeTests.EditorialLiveControllerPersistenceTests testActualExternalAdmissionsUnlockTimedFluencyAfterTwoSessionsAndSurviveNextAndColdResume]' started.
/Users/takamimarsh/Developer/Projects/Zacro Tech/NeuroForge/Tests/LocalLearningLifecycleTests.swift:3014: error: -[NeuroForgeTests.EditorialLiveControllerPersistenceTests testActualExternalAdmissionsUnlockTimedFluencyAfterTwoSessionsAndSurviveNextAndColdResume] : XCTAssertTrue failed
/Users/takamimarsh/Developer/Projects/Zacro Tech/NeuroForge/Tests/LocalLearningLifecycleTests.swift:3014: error: -[NeuroForgeTests.EditorialLiveControllerPersistenceTests testActualExternalAdmissionsUnlockTimedFluencyAfterTwoSessionsAndSurviveNextAndColdResume] : XCTAssertEqual failed: ("0") is not equal to ("8")
/Users/takamimarsh/Developer/Projects/Zacro Tech/NeuroForge/Tests/LocalLearningLifecycleTests.swift:3015: error: -[NeuroForgeTests.EditorialLiveControllerPersistenceTests testActualExternalAdmissionsUnlockTimedFluencyAfterTwoSessionsAndSurviveNextAndColdResume] : XCTUnwrap failed: expected non-nil value of type "NFSessionTimingCondition"
Test Case '-[NeuroForgeTests.EditorialLiveControllerPersistenceTests testActualExternalAdmissionsUnlockTimedFluencyAfterTwoSessionsAndSurviveNextAndColdResume]' failed (7.933 seconds).
Test Case '-[NeuroForgeTests.EditorialLiveControllerPersistenceTests testActualManualControlsPreserveAutomaticAllowanceAndKeepMeansDeliveredBand]' started.
Test Case '-[NeuroForgeTests.EditorialLiveControllerPersistenceTests testActualManualControlsPreserveAutomaticAllowanceAndKeepMeansDeliveredBand]' passed (0.925 seconds).
Test Case '-[NeuroForgeTests.EditorialLiveControllerPersistenceTests testActualMixedTenBalancesFourFamiliesAndRetainsOneSlotPerAcceptance]' started.
Test Case '-[NeuroForgeTests.EditorialLiveControllerPersistenceTests testActualMixedTenBalancesFourFamiliesAndRetainsOneSlotPerAcceptance]' passed (2.996 seconds).
Test Case '-[NeuroForgeTests.EditorialLiveControllerPersistenceTests testActualReplacementOverrideRetainsOriginalDraftAndPublishesOneNewSlotIdempotently]' started.
Test Case '-[NeuroForgeTests.EditorialLiveControllerPersistenceTests testActualReplacementOverrideRetainsOriginalDraftAndPublishesOneNewSlotIdempotently]' passed (0.218 seconds).
Test Case '-[NeuroForgeTests.EditorialLiveControllerPersistenceTests testActualReviewedLaunchCommitsFourObservationsThenRanksAndPublishesAdjacentDemand]' started.
Test Case '-[NeuroForgeTests.EditorialLiveControllerPersistenceTests testActualReviewedLaunchCommitsFourObservationsThenRanksAndPublishesAdjacentDemand]' passed (0.518 seconds).
Test Case '-[NeuroForgeTests.EditorialLiveControllerPersistenceTests testChangedPendingCommandInvalidatesPreparedNextWithoutChangingItsPredecessor]' started.
Test Case '-[NeuroForgeTests.EditorialLiveControllerPersistenceTests testChangedPendingCommandInvalidatesPreparedNextWithoutChangingItsPredecessor]' passed (0.270 seconds).
Test Case '-[NeuroForgeTests.EditorialLiveControllerPersistenceTests testControllerAndChosenSnapshotSurviveDiskReopenWithoutResettingAllowance]' started.
Test Case '-[NeuroForgeTests.EditorialLiveControllerPersistenceTests testControllerAndChosenSnapshotSurviveDiskReopenWithoutResettingAllowance]' passed (0.628 seconds).
Test Case '-[NeuroForgeTests.EditorialLiveControllerPersistenceTests testControllerReceiptsDoNotDuplicateRawAnswersAndLinkedDeletionRetiresTheirRun]' started.
Test Case '-[NeuroForgeTests.EditorialLiveControllerPersistenceTests testControllerReceiptsDoNotDuplicateRawAnswersAndLinkedDeletionRetiresTheirRun]' passed (0.222 seconds).
Test Case '-[NeuroForgeTests.EditorialLiveControllerPersistenceTests testControllerSeesConflictingPhysicalRowsBeforeUIWinnerProjection]' started.
Test Case '-[NeuroForgeTests.EditorialLiveControllerPersistenceTests testControllerSeesConflictingPhysicalRowsBeforeUIWinnerProjection]' passed (0.535 seconds).
Test Case '-[NeuroForgeTests.EditorialLiveControllerPersistenceTests testCorrectionBetweenPrepareAndAcceptRejectsStaleChoiceThenRebuildsOnlyFutureControl]' started.
Test Case '-[NeuroForgeTests.EditorialLiveControllerPersistenceTests testCorrectionBetweenPrepareAndAcceptRejectsStaleChoiceThenRebuildsOnlyFutureControl]' passed (0.492 seconds).
Test Case '-[NeuroForgeTests.EditorialLiveControllerPersistenceTests testCurrentItemReportExcludesHistoricalCreditAndInvalidatesPreparedPromotion]' started.
Test Case '-[NeuroForgeTests.EditorialLiveControllerPersistenceTests testCurrentItemReportExcludesHistoricalCreditAndInvalidatesPreparedPromotion]' passed (0.515 seconds).
Test Case '-[NeuroForgeTests.EditorialLiveControllerPersistenceTests testEmptyAdmissionAndFutureOverrideCannotWriteOrReinterpretLegacyWork]' started.
Test Case '-[NeuroForgeTests.EditorialLiveControllerPersistenceTests testEmptyAdmissionAndFutureOverrideCannotWriteOrReinterpretLegacyWork]' passed (0.031 seconds).
Test Case '-[NeuroForgeTests.EditorialLiveControllerPersistenceTests testExplicitInitialBandAndSeparateFixedSessionNeverRewriteFrozenWork]' started.
Test Case '-[NeuroForgeTests.EditorialLiveControllerPersistenceTests testExplicitInitialBandAndSeparateFixedSessionNeverRewriteFrozenWork]' passed (0.155 seconds).
Test Case '-[NeuroForgeTests.EditorialLiveControllerPersistenceTests testFailedPreferencePublicationKeepsOriginalThenSameCommandRetriesExactlyOnce]' started.
Test Case '-[NeuroForgeTests.EditorialLiveControllerPersistenceTests testFailedPreferencePublicationKeepsOriginalThenSameCommandRetriesExactlyOnce]' passed (0.154 seconds).
Test Case '-[NeuroForgeTests.EditorialLiveControllerPersistenceTests testFailedPublicationLeavesNoControlOrConsumptionAndExactRetryReturnsAcceptedState]' started.
Test Case '-[NeuroForgeTests.EditorialLiveControllerPersistenceTests testFailedPublicationLeavesNoControlOrConsumptionAndExactRetryReturnsAcceptedState]' passed (0.140 seconds).
Test Case '-[NeuroForgeTests.EditorialLiveControllerPersistenceTests testFluencyActivityGateUsesExactContractWhenLegacyMechanicLabelIsAbsent]' started.
/Users/takamimarsh/Developer/Projects/Zacro Tech/NeuroForge/Tests/LocalLearningLifecycleTests.swift:3112: error: -[NeuroForgeTests.EditorialLiveControllerPersistenceTests testFluencyActivityGateUsesExactContractWhenLegacyMechanicLabelIsAbsent] : XCTAssertTrue failed
Test Case '-[NeuroForgeTests.EditorialLiveControllerPersistenceTests testFluencyActivityGateUsesExactContractWhenLegacyMechanicLabelIsAbsent]' failed (1.047 seconds).
Test Case '-[NeuroForgeTests.EditorialLiveControllerPersistenceTests testFluencyReadinessRejectsWrongFamilyBandProfileAndMutatedOriginalCommit]' started.
/Users/takamimarsh/Developer/Projects/Zacro Tech/NeuroForge/Tests/LocalLearningLifecycleTests.swift:3053: error: -[NeuroForgeTests.EditorialLiveControllerPersistenceTests testFluencyReadinessRejectsWrongFamilyBandProfileAndMutatedOriginalCommit] : XCTAssertEqual failed: ("0") is not equal to ("7")
/Users/takamimarsh/Developer/Projects/Zacro Tech/NeuroForge/Tests/LocalLearningLifecycleTests.swift:3055: error: -[NeuroForgeTests.EditorialLiveControllerPersistenceTests testFluencyReadinessRejectsWrongFamilyBandProfileAndMutatedOriginalCommit] : XCTAssertTrue failed
/Users/takamimarsh/Developer/Projects/Zacro Tech/NeuroForge/Tests/LocalLearningLifecycleTests.swift:3060: error: -[NeuroForgeTests.EditorialLiveControllerPersistenceTests testFluencyReadinessRejectsWrongFamilyBandProfileAndMutatedOriginalCommit] : XCTAssertTrue failed
Test Case '-[NeuroForgeTests.EditorialLiveControllerPersistenceTests testFluencyReadinessRejectsWrongFamilyBandProfileAndMutatedOriginalCommit]' failed (0.968 seconds).
Test Case '-[NeuroForgeTests.EditorialLiveControllerPersistenceTests testFuturePendingOverrideAndForeignOwnerRemainReadOnlyAndRetainOriginalBytes]' started.
Test Case '-[NeuroForgeTests.EditorialLiveControllerPersistenceTests testFuturePendingOverrideAndForeignOwnerRemainReadOnlyAndRetainOriginalBytes]' passed (0.160 seconds).
Test Case '-[NeuroForgeTests.EditorialLiveControllerPersistenceTests testKnownHelpAndConfidenceDoNotBecomeIndependentSuccessOrAutomaticChange]' started.
Test Case '-[NeuroForgeTests.EditorialLiveControllerPersistenceTests testKnownHelpAndConfidenceDoNotBecomeIndependentSuccessOrAutomaticChange]' passed (0.478 seconds).
Test Case '-[NeuroForgeTests.EditorialLiveControllerPersistenceTests testMarkerProtectedCurrentRunCannotExposeOrApplyReviewedDifficultyControls]' started.
Test Case '-[NeuroForgeTests.EditorialLiveControllerPersistenceTests testMarkerProtectedCurrentRunCannotExposeOrApplyReviewedDifficultyControls]' passed (0.137 seconds).
Test Case '-[NeuroForgeTests.EditorialLiveControllerPersistenceTests testMixedColdReplayRetainsDeferredOwnFamilyResponseAndControlLineage]' started.
Test Case '-[NeuroForgeTests.EditorialLiveControllerPersistenceTests testMixedColdReplayRetainsDeferredOwnFamilyResponseAndControlLineage]' passed (1.325 seconds).
Test Case '-[NeuroForgeTests.EditorialLiveControllerPersistenceTests testMixedCorrectionBetweenPrepareAndAcceptRejectsWholeChoiceAndRetainsPriorSlot]' started.
Test Case '-[NeuroForgeTests.EditorialLiveControllerPersistenceTests testMixedCorrectionBetweenPrepareAndAcceptRejectsWholeChoiceAndRetainsPriorSlot]' passed (0.751 seconds).
Test Case '-[NeuroForgeTests.EditorialLiveControllerPersistenceTests testMixedDeferredResponseCannotBeReattachedToAnotherFamilyOnColdLoad]' started.
Test Case '-[NeuroForgeTests.EditorialLiveControllerPersistenceTests testMixedDeferredResponseCannotBeReattachedToAnotherFamilyOnColdLoad]' passed (0.556 seconds).
Test Case '-[NeuroForgeTests.EditorialLiveControllerPersistenceTests testMixedFailurePublishesNeitherFamilyStateNorCursorAndSameLaunchRetries]' started.
Test Case '-[NeuroForgeTests.EditorialLiveControllerPersistenceTests testMixedFailurePublishesNeitherFamilyStateNorCursorAndSameLaunchRetries]' passed (0.411 seconds).
Test Case '-[NeuroForgeTests.EditorialLiveControllerPersistenceTests testMixedFamilySelectionIsUnaffectedByPoolOrderOrOneLargeParameterFamily]' started.
Test Case '-[NeuroForgeTests.EditorialLiveControllerPersistenceTests testMixedFamilySelectionIsUnaffectedByPoolOrderOrOneLargeParameterFamily]' passed (4.330 seconds).
Test Case '-[NeuroForgeTests.EditorialLiveControllerPersistenceTests testMixedManualHarderAppliesNextWithinCurrentFamilyWithoutRaisingOthers]' started.
Test Case '-[NeuroForgeTests.EditorialLiveControllerPersistenceTests testMixedManualHarderAppliesNextWithinCurrentFamilyWithoutRaisingOthers]' passed (0.884 seconds).
Test Case '-[NeuroForgeTests.EditorialLiveControllerPersistenceTests testMixedPortableHistoryCannotImportFamilyControlAuthorityAndDeletionRemovesItsReferences]' started.
Test Case '-[NeuroForgeTests.EditorialLiveControllerPersistenceTests testMixedPortableHistoryCannotImportFamilyControlAuthorityAndDeletionRemovesItsReferences]' passed (1.040 seconds).
Test Case '-[NeuroForgeTests.EditorialLiveControllerPersistenceTests testMixedQuotaRankingUsesActualFamilyShareAndReportsExplicitInfeasibility]' started.
Test Case '-[NeuroForgeTests.EditorialLiveControllerPersistenceTests testMixedQuotaRankingUsesActualFamilyShareAndReportsExplicitInfeasibility]' passed (0.308 seconds).
Test Case '-[NeuroForgeTests.EditorialLiveControllerPersistenceTests testMixedReplaceKeepsFamilyAndRetiredDraftWhileNextResumesVariety]' started.
Test Case '-[NeuroForgeTests.EditorialLiveControllerPersistenceTests testMixedReplaceKeepsFamilyAndRetiredDraftWhileNextResumesVariety]' passed (0.510 seconds).
Test Case '-[NeuroForgeTests.EditorialLiveControllerPersistenceTests testMixedSkipAndRevealAdvanceGlobalSupportWithoutAcademicEvidence]' started.
Test Case '-[NeuroForgeTests.EditorialLiveControllerPersistenceTests testMixedSkipAndRevealAdvanceGlobalSupportWithoutAcademicEvidence]' passed (1.782 seconds).
Test Case '-[NeuroForgeTests.EditorialLiveControllerPersistenceTests testMixedSparseCatalogReportsReducedScopeWithoutInventingFamilies]' started.
Test Case '-[NeuroForgeTests.EditorialLiveControllerPersistenceTests testMixedSparseCatalogReportsReducedScopeWithoutInventingFamilies]' passed (0.461 seconds).
Test Case '-[NeuroForgeTests.EditorialLiveControllerPersistenceTests testOnlyTheMixedFamilyWithFourIndependentSuccessesUsesItsAutomaticAllowance]' started.
Test Case '-[NeuroForgeTests.EditorialLiveControllerPersistenceTests testOnlyTheMixedFamilyWithFourIndependentSuccessesUsesItsAutomaticAllowance]' passed (6.005 seconds).
Test Case '-[NeuroForgeTests.EditorialLiveControllerPersistenceTests testOverrideCommandsAreLocalAuthorityAndLinkedDeletionRemovesAllCommands]' started.
Test Case '-[NeuroForgeTests.EditorialLiveControllerPersistenceTests testOverrideCommandsAreLocalAuthorityAndLinkedDeletionRemovesAllCommands]' passed (0.170 seconds).
Test Case '-[NeuroForgeTests.EditorialLiveControllerPersistenceTests testPendingPreferenceAndSelectedFixedBandSurviveActualCoreAndLocalDiskReopen]' started.
Test Case '-[NeuroForgeTests.EditorialLiveControllerPersistenceTests testPendingPreferenceAndSelectedFixedBandSurviveActualCoreAndLocalDiskReopen]' passed (0.297 seconds).
Test Case '-[NeuroForgeTests.EditorialLiveControllerPersistenceTests testPortableImportKeepsCapturedHistoryButCannotAcquireLocalEditorialAuthority]' started.
Test Case '-[NeuroForgeTests.EditorialLiveControllerPersistenceTests testPortableImportKeepsCapturedHistoryButCannotAcquireLocalEditorialAuthority]' passed (0.144 seconds).
Test Case '-[NeuroForgeTests.EditorialLiveControllerPersistenceTests testPreferenceCommandRequiresActualWriterCapabilityEvenForAnExactExposedCheckpoint]' started.
Test Case '-[NeuroForgeTests.EditorialLiveControllerPersistenceTests testPreferenceCommandRequiresActualWriterCapabilityEvenForAnExactExposedCheckpoint]' passed (0.157 seconds).
Test Case '-[NeuroForgeTests.EditorialLiveControllerPersistenceTests testPreparedReplacementCannotCommitAfterTakeoverEvenWithUnchangedArchiveRevision]' started.
Test Case '-[NeuroForgeTests.EditorialLiveControllerPersistenceTests testPreparedReplacementCannotCommitAfterTakeoverEvenWithUnchangedArchiveRevision]' passed (0.224 seconds).
Test Case '-[NeuroForgeTests.EditorialLiveControllerPersistenceTests testReleasedEmptyRegistryKeepsActualBankLegacyAndCannotTrustSerializedPin]' started.
Test Case '-[NeuroForgeTests.EditorialLiveControllerPersistenceTests testReleasedEmptyRegistryKeepsActualBankLegacyAndCannotTrustSerializedPin]' passed (0.041 seconds).
Test Case '-[NeuroForgeTests.EditorialLiveControllerPersistenceTests testRepositoryReopenCannotReuseLiveAuthorityFromThePriorRepositoryInstance]' started.
Test Case '-[NeuroForgeTests.EditorialLiveControllerPersistenceTests testRepositoryReopenCannotReuseLiveAuthorityFromThePriorRepositoryInstance]' passed (0.168 seconds).
Test Case '-[NeuroForgeTests.EditorialLiveControllerPersistenceTests testReviewedChoiceCannotApplyAfterAnotherWindowTakesOwnership]' started.
Test Case '-[NeuroForgeTests.EditorialLiveControllerPersistenceTests testReviewedChoiceCannotApplyAfterAnotherWindowTakesOwnership]' passed (0.136 seconds).
Test Case '-[NeuroForgeTests.EditorialLiveControllerPersistenceTests testReviewedChoiceRetryRetainsCommandIdentityAndNeverAcceptsBeforeDraftSave]' started.
Test Case '-[NeuroForgeTests.EditorialLiveControllerPersistenceTests testReviewedChoiceRetryRetainsCommandIdentityAndNeverAcceptsBeforeDraftSave]' passed (0.167 seconds).
Test Case '-[NeuroForgeTests.EditorialLiveControllerPersistenceTests testReviewedFeedbackAllowsOnlyNextChoiceAndPauseBlocksAllChoiceCommands]' started.
Test Case '-[NeuroForgeTests.EditorialLiveControllerPersistenceTests testReviewedFeedbackAllowsOnlyNextChoiceAndPauseBlocksAllChoiceCommands]' passed (0.178 seconds).
Test Case '-[NeuroForgeTests.EditorialLiveControllerPersistenceTests testReviewedNextPreferenceRetainsCurrentDraftReceiptTimerAndConsumesOnlyAtNext]' started.
Test Case '-[NeuroForgeTests.EditorialLiveControllerPersistenceTests testReviewedNextPreferenceRetainsCurrentDraftReceiptTimerAndConsumesOnlyAtNext]' passed (0.258 seconds).
Test Case '-[NeuroForgeTests.EditorialLiveControllerPersistenceTests testReviewedReplaceRetainsOriginalAndRejectsDelayedMenuFromPriorSlot]' started.
Test Case '-[NeuroForgeTests.EditorialLiveControllerPersistenceTests testReviewedReplaceRetainsOriginalAndRejectsDelayedMenuFromPriorSlot]' passed (0.212 seconds).
Test Case '-[NeuroForgeTests.EditorialLiveControllerPersistenceTests testReviewedUIHidesControlsForReleasedUnreviewedPractice]' started.
Test Case '-[NeuroForgeTests.EditorialLiveControllerPersistenceTests testReviewedUIHidesControlsForReleasedUnreviewedPractice]' passed (0.021 seconds).
Test Case '-[NeuroForgeTests.EditorialLiveControllerPersistenceTests testSameWriterUUIDCannotReviveACommandFromItsEarlierOwnershipGeneration]' started.
Test Case '-[NeuroForgeTests.EditorialLiveControllerPersistenceTests testSameWriterUUIDCannotReviveACommandFromItsEarlierOwnershipGeneration]' passed (0.166 seconds).
Test Case '-[NeuroForgeTests.EditorialLiveControllerPersistenceTests testSeparateReviewedUIReleasesOnlyOldWriterAndKeepsItsExactFixedDraft]' started.
Test Case '-[NeuroForgeTests.EditorialLiveControllerPersistenceTests testSeparateReviewedUIReleasesOnlyOldWriterAndKeepsItsExactFixedDraft]' passed (0.156 seconds).
Test Case '-[NeuroForgeTests.EditorialLiveControllerPersistenceTests testTakeoverRejectsOldAcceptedPreferenceRetryBeforeAnyCommandMutation]' started.
Test Case '-[NeuroForgeTests.EditorialLiveControllerPersistenceTests testTakeoverRejectsOldAcceptedPreferenceRetryBeforeAnyCommandMutation]' passed (0.188 seconds).
Test Case '-[NeuroForgeTests.EditorialLiveControllerPersistenceTests testTimedLaunchRejectsWrongScopeAndColdManifestDriftWithoutPublishingDraftOrClock]' started.
/Users/takamimarsh/Developer/Projects/Zacro Tech/NeuroForge/Tests/LocalLearningLifecycleTests.swift:3069: error: -[NeuroForgeTests.EditorialLiveControllerPersistenceTests testTimedLaunchRejectsWrongScopeAndColdManifestDriftWithoutPublishingDraftOrClock] : XCTUnwrap failed: expected non-nil value of type "NFSessionTimingCondition"
Test Case '-[NeuroForgeTests.EditorialLiveControllerPersistenceTests testTimedLaunchRejectsWrongScopeAndColdManifestDriftWithoutPublishingDraftOrClock]' failed (0.924 seconds).
Test Case '-[NeuroForgeTests.EditorialLiveControllerPersistenceTests testTimingMatcherRequiresExternalExactAdmissionAndNeverTrustsEmbeddedDemand]' started.
Test Case '-[NeuroForgeTests.EditorialLiveControllerPersistenceTests testTimingMatcherRequiresExternalExactAdmissionAndNeverTrustsEmbeddedDemand]' passed (0.054 seconds).
Test Case '-[NeuroForgeTests.EditorialLiveControllerPersistenceTests testUnavailableAdjacentBandNeverSilentlyJumpsAndFailureRetainsTheCompleteArchive]' started.
Test Case '-[NeuroForgeTests.EditorialLiveControllerPersistenceTests testUnavailableAdjacentBandNeverSilentlyJumpsAndFailureRetainsTheCompleteArchive]' passed (0.122 seconds).
Test Case '-[NeuroForgeTests.EditorialLiveControllerPersistenceTests testUnknownControllerVersionAndChangedManifestCannotReinterpretSavedDecision]' started.
Test Case '-[NeuroForgeTests.EditorialLiveControllerPersistenceTests testUnknownControllerVersionAndChangedManifestCannotReinterpretSavedDecision]' passed (0.136 seconds).
Test Case '-[NeuroForgeTests.EditorialLiveControllerPersistenceTests testUnknownMixedPolicyIsRetainedReadOnlyAndCannotBecomeSingleFamilyAuthority]' started.
Test Case '-[NeuroForgeTests.EditorialLiveControllerPersistenceTests testUnknownMixedPolicyIsRetainedReadOnlyAndCannotBecomeSingleFamilyAuthority]' passed (0.328 seconds).
Test Case '-[NeuroForgeTests.EditorialLiveControllerPersistenceTests testUnpresentedNextSlotRefusesPreferenceUntilActualVisibleAcknowledgement]' started.
Test Case '-[NeuroForgeTests.EditorialLiveControllerPersistenceTests testUnpresentedNextSlotRefusesPreferenceUntilActualVisibleAcknowledgement]' passed (0.262 seconds).
Test Case '-[NeuroForgeTests.EditorialLiveControllerPersistenceTests testUnscoredPresentationsAdvanceSupportWindowWithoutCreatingAcademicObservations]' started.
Test Case '-[NeuroForgeTests.EditorialLiveControllerPersistenceTests testUnscoredPresentationsAdvanceSupportWindowWithoutCreatingAcademicObservations]' passed (0.699 seconds).
Test Case '-[NeuroForgeTests.EditorialLiveControllerPersistenceTests testVisibleReviewedChoiceWaitsForPresentationAndQueuesWithoutChangingTheQuestion]' started.
Test Case '-[NeuroForgeTests.EditorialLiveControllerPersistenceTests testVisibleReviewedChoiceWaitsForPresentationAndQueuesWithoutChangingTheQuestion]' passed (0.250 seconds).
Test Suite 'EditorialLiveControllerPersistenceTests' failed at 2026-09-05 16:29:20.969.
	 Executed 56 tests, with 8 failures (0 unexpected) in 42.342 (42.358) seconds
Test Suite 'FocusedQuizRotationIntegrationTests' started at 2026-09-05 16:29:20.971.
Test Case '-[NeuroForgeTests.FocusedQuizRotationIntegrationTests testAbandoningMixedQuizReservesDisjointQuestionsForRelaunch]' started.
Test Case '-[NeuroForgeTests.FocusedQuizRotationIntegrationTests testAbandoningMixedQuizReservesDisjointQuestionsForRelaunch]' passed (0.053 seconds).
Test Case '-[NeuroForgeTests.FocusedQuizRotationIntegrationTests testAbandoningSelectedActivityChangesLaunchSeed]' started.
Test Case '-[NeuroForgeTests.FocusedQuizRotationIntegrationTests testAbandoningSelectedActivityChangesLaunchSeed]' passed (0.016 seconds).
Test Case '-[NeuroForgeTests.FocusedQuizRotationIntegrationTests testAcceptedCountAlternativeUsesCanonicalFiveQuestionPlanAndRetainsLaunchContract]' started.
Test Case '-[NeuroForgeTests.FocusedQuizRotationIntegrationTests testAcceptedCountAlternativeUsesCanonicalFiveQuestionPlanAndRetainsLaunchContract]' passed (0.048 seconds).
Test Case '-[NeuroForgeTests.FocusedQuizRotationIntegrationTests testAdaptiveAcceptanceAuthenticatesContractAndRejectsExtraConsumedPositions]' started.
Test Case '-[NeuroForgeTests.FocusedQuizRotationIntegrationTests testAdaptiveAcceptanceAuthenticatesContractAndRejectsExtraConsumedPositions]' passed (0.012 seconds).
Test Case '-[NeuroForgeTests.FocusedQuizRotationIntegrationTests testAdaptiveDurationChoiceDoesNotConsumeUntilExactCountAlternativeIsAccepted]' started.
Test Case '-[NeuroForgeTests.FocusedQuizRotationIntegrationTests testAdaptiveDurationChoiceDoesNotConsumeUntilExactCountAlternativeIsAccepted]' passed (0.016 seconds).
Test Case '-[NeuroForgeTests.FocusedQuizRotationIntegrationTests testAdaptiveExclusionLeavesHoleAndAbandonmentDoesNotReturnAcceptedPosition]' started.
Test Case '-[NeuroForgeTests.FocusedQuizRotationIntegrationTests testAdaptiveExclusionLeavesHoleAndAbandonmentDoesNotReturnAcceptedPosition]' passed (0.020 seconds).
Test Case '-[NeuroForgeTests.FocusedQuizRotationIntegrationTests testAdaptiveFailedPublicationAndChangedEligibilityRetainUnconsumedPredecessor]' started.
Test Case '-[NeuroForgeTests.FocusedQuizRotationIntegrationTests testAdaptiveFailedPublicationAndChangedEligibilityRetainUnconsumedPredecessor]' passed (0.010 seconds).
Test Case '-[NeuroForgeTests.FocusedQuizRotationIntegrationTests testAdaptiveNextAndReplacementRefuseExhaustedRevisionUnderValidWriterWithoutConsumption]' started.
Test Case '-[NeuroForgeTests.FocusedQuizRotationIntegrationTests testAdaptiveNextAndReplacementRefuseExhaustedRevisionUnderValidWriterWithoutConsumption]' passed (0.064 seconds).
Test Case '-[NeuroForgeTests.FocusedQuizRotationIntegrationTests testAdaptivePortableRecoveryCannotMintAuthorityAndDeletionRetainsConsumption]' started.
Test Case '-[NeuroForgeTests.FocusedQuizRotationIntegrationTests testAdaptivePortableRecoveryCannotMintAuthorityAndDeletionRetainsConsumption]' passed (0.012 seconds).
Test Case '-[NeuroForgeTests.FocusedQuizRotationIntegrationTests testAdaptiveRepeatedReplaceThenNextKeepsQuestionCountAndColdExactPath]' started.
Test Case '-[NeuroForgeTests.FocusedQuizRotationIntegrationTests testAdaptiveRepeatedReplaceThenNextKeepsQuestionCountAndColdExactPath]' passed (0.087 seconds).
Test Case '-[NeuroForgeTests.FocusedQuizRotationIntegrationTests testAdaptiveReplaceBusyPublicationAndEligibilityChangePreserveOriginalAndSameRetry]' started.
Test Case '-[NeuroForgeTests.FocusedQuizRotationIntegrationTests testAdaptiveReplaceBusyPublicationAndEligibilityChangePreserveOriginalAndSameRetry]' passed (0.020 seconds).
Test Case '-[NeuroForgeTests.FocusedQuizRotationIntegrationTests testAdaptiveReplaceFiniteTailShortageRetainsDraftAndDoesNotRerollEpoch]' started.
Test Case '-[NeuroForgeTests.FocusedQuizRotationIntegrationTests testAdaptiveReplaceFiniteTailShortageRetainsDraftAndDoesNotRerollEpoch]' passed (0.071 seconds).
Test Case '-[NeuroForgeTests.FocusedQuizRotationIntegrationTests testAdaptiveReplaceRetainsUnsubmittedDraftAssistanceAndKnownTimeWithoutScoring]' started.
Test Case '-[NeuroForgeTests.FocusedQuizRotationIntegrationTests testAdaptiveReplaceRetainsUnsubmittedDraftAssistanceAndKnownTimeWithoutScoring]' passed (0.040 seconds).
Test Case '-[NeuroForgeTests.FocusedQuizRotationIntegrationTests testAdaptiveReplaceRetryIsIdempotentAndCannotRewriteRetiredOrCurrentDraft]' started.
Test Case '-[NeuroForgeTests.FocusedQuizRotationIntegrationTests testAdaptiveReplaceRetryIsIdempotentAndCannotRewriteRetiredOrCurrentDraft]' passed (0.022 seconds).
Test Case '-[NeuroForgeTests.FocusedQuizRotationIntegrationTests testAdaptiveRetiredDraftPortableRecoveryAndDeletionTraverseWholePath]' started.
Test Case '-[NeuroForgeTests.FocusedQuizRotationIntegrationTests testAdaptiveRetiredDraftPortableRecoveryAndDeletionTraverseWholePath]' passed (0.025 seconds).
Test Case '-[NeuroForgeTests.FocusedQuizRotationIntegrationTests testAdaptiveRuntimeNextRetainsPriorSlotAndColdResumesExactNextQuestion]' started.
Test Case '-[NeuroForgeTests.FocusedQuizRotationIntegrationTests testAdaptiveRuntimeNextRetainsPriorSlotAndColdResumesExactNextQuestion]' passed (0.056 seconds).
Test Case '-[NeuroForgeTests.FocusedQuizRotationIntegrationTests testAdaptiveSchemaOneReceiptCanReplaceWhileFutureOperationRemainsRecoveryOnly]' started.
Test Case '-[NeuroForgeTests.FocusedQuizRotationIntegrationTests testAdaptiveSchemaOneReceiptCanReplaceWhileFutureOperationRemainsRecoveryOnly]' passed (0.034 seconds).
Test Case '-[NeuroForgeTests.FocusedQuizRotationIntegrationTests testAdaptiveSkipAndSolutionRevealRecordDistinctOutcomesBeforeNextAcceptance]' started.
Test Case '-[NeuroForgeTests.FocusedQuizRotationIntegrationTests testAdaptiveSkipAndSolutionRevealRecordDistinctOutcomesBeforeNextAcceptance]' passed (0.083 seconds).
Test Case '-[NeuroForgeTests.FocusedQuizRotationIntegrationTests testAdaptiveSpeculationCASAndRepreparationPreserveExactBankPermutation]' started.
Test Case '-[NeuroForgeTests.FocusedQuizRotationIntegrationTests testAdaptiveSpeculationCASAndRepreparationPreserveExactBankPermutation]' passed (0.018 seconds).
Test Case '-[NeuroForgeTests.FocusedQuizRotationIntegrationTests testArchiveRefreshRejectsDuplicateRunsAndBoundsFilesThatGrowAfterInitialization]' started.
Test Case '-[NeuroForgeTests.FocusedQuizRotationIntegrationTests testArchiveRefreshRejectsDuplicateRunsAndBoundsFilesThatGrowAfterInitialization]' passed (0.017 seconds).
Test Case '-[NeuroForgeTests.FocusedQuizRotationIntegrationTests testCancellingMinuteOnlyChoiceDoesNotConsumeMixedOrActivityRotation]' started.
Test Case '-[NeuroForgeTests.FocusedQuizRotationIntegrationTests testCancellingMinuteOnlyChoiceDoesNotConsumeMixedOrActivityRotation]' passed (0.028 seconds).
Test Case '-[NeuroForgeTests.FocusedQuizRotationIntegrationTests testCompetingFileLockFailsBeforePublicationAndSameCommandRetriesAfterRelease]' started.
Test Case '-[NeuroForgeTests.FocusedQuizRotationIntegrationTests testCompetingFileLockFailsBeforePublicationAndSameCommandRetriesAfterRelease]' passed (0.025 seconds).
Test Case '-[NeuroForgeTests.FocusedQuizRotationIntegrationTests testCountAlternativeBootstrapFailureKeepsOriginalChoiceAndRetriesOnce]' started.
Test Case '-[NeuroForgeTests.FocusedQuizRotationIntegrationTests testCountAlternativeBootstrapFailureKeepsOriginalChoiceAndRetriesOnce]' passed (0.024 seconds).
Test Case '-[NeuroForgeTests.FocusedQuizRotationIntegrationTests testDefaultMixedLaunchAcceptsOnlyOnePositionAndReplaysWithoutNewExposure]' started.
Test Case '-[NeuroForgeTests.FocusedQuizRotationIntegrationTests testDefaultMixedLaunchAcceptsOnlyOnePositionAndReplaysWithoutNewExposure]' passed (0.016 seconds).
Test Case '-[NeuroForgeTests.FocusedQuizRotationIntegrationTests testExcludedFirstFixedDescriptorLeavesUnconsumedHoleAndReinstatementKeepsItsIdentity]' started.
Test Case '-[NeuroForgeTests.FocusedQuizRotationIntegrationTests testExcludedFirstFixedDescriptorLeavesUnconsumedHoleAndReinstatementKeepsItsIdentity]' passed (0.026 seconds).
Test Case '-[NeuroForgeTests.FocusedQuizRotationIntegrationTests testExcludedLaterFixedPlanSlotDoesNotSubstituteAnotherSeedOrReplaceFeedback]' started.
Test Case '-[NeuroForgeTests.FocusedQuizRotationIntegrationTests testExcludedLaterFixedPlanSlotDoesNotSubstituteAnotherSeedOrReplaceFeedback]' passed (0.080 seconds).
Test Case '-[NeuroForgeTests.FocusedQuizRotationIntegrationTests testFailedAtomicPublicationConsumesNothingAndSameProposalCanRetry]' started.
Test Case '-[NeuroForgeTests.FocusedQuizRotationIntegrationTests testFailedAtomicPublicationConsumesNothingAndSameProposalCanRetry]' passed (0.012 seconds).
Test Case '-[NeuroForgeTests.FocusedQuizRotationIntegrationTests testFiveQuestionAlternativeReportsFiniteFamilyExhaustionWithoutFakeCompletion]' started.
Test Case '-[NeuroForgeTests.FocusedQuizRotationIntegrationTests testFiveQuestionAlternativeReportsFiniteFamilyExhaustionWithoutFakeCompletion]' passed (0.059 seconds).
Test Case '-[NeuroForgeTests.FocusedQuizRotationIntegrationTests testFixedBlockShortageAtAnIneligibleEpochTailPublishesNoPartialLaunch]' started.
Test Case '-[NeuroForgeTests.FocusedQuizRotationIntegrationTests testFixedBlockShortageAtAnIneligibleEpochTailPublishesNoPartialLaunch]' passed (0.059 seconds).
Test Case '-[NeuroForgeTests.FocusedQuizRotationIntegrationTests testFixedLaunchAtomicallyPublishesExactRunAndLeavesLegacyStoreReadOnly]' started.
Test Case '-[NeuroForgeTests.FocusedQuizRotationIntegrationTests testFixedLaunchAtomicallyPublishesExactRunAndLeavesLegacyStoreReadOnly]' passed (0.019 seconds).
Test Case '-[NeuroForgeTests.FocusedQuizRotationIntegrationTests testFixedLaunchCommandReplayKeepsOriginalRunAndRejectsChangedConfiguration]' started.
Test Case '-[NeuroForgeTests.FocusedQuizRotationIntegrationTests testFixedLaunchCommandReplayKeepsOriginalRunAndRejectsChangedConfiguration]' passed (0.019 seconds).
Test Case '-[NeuroForgeTests.FocusedQuizRotationIntegrationTests testFutureOrdinaryDeliveryPinRemainsRetainedAndUnavailableAfterColdLoad]' started.
Test Case '-[NeuroForgeTests.FocusedQuizRotationIntegrationTests testFutureOrdinaryDeliveryPinRemainsRetainedAndUnavailableAfterColdLoad]' passed (0.011 seconds).
Test Case '-[NeuroForgeTests.FocusedQuizRotationIntegrationTests testLaunchAuthorityIsNotPortableAndDeletionTombstonePreventsResurrection]' started.
Test Case '-[NeuroForgeTests.FocusedQuizRotationIntegrationTests testLaunchAuthorityIsNotPortableAndDeletionTombstonePreventsResurrection]' passed (0.011 seconds).
Test Case '-[NeuroForgeTests.FocusedQuizRotationIntegrationTests testLegacyMigrationPreservesEpochBoundaryAndNeverConsultsLegacyAfterBootstrap]' started.
Test Case '-[NeuroForgeTests.FocusedQuizRotationIntegrationTests testLegacyMigrationPreservesEpochBoundaryAndNeverConsultsLegacyAfterBootstrap]' passed (0.099 seconds).
Test Case '-[NeuroForgeTests.FocusedQuizRotationIntegrationTests testLegacySourceChangedDuringPreparationRejectsAtomicBootstrap]' started.
Test Case '-[NeuroForgeTests.FocusedQuizRotationIntegrationTests testLegacySourceChangedDuringPreparationRejectsAtomicBootstrap]' passed (0.015 seconds).
Test Case '-[NeuroForgeTests.FocusedQuizRotationIntegrationTests testLoadRejectsBrokenLaunchReceiptReferenceWithoutOverwritingRecoveryFile]' started.
Test Case '-[NeuroForgeTests.FocusedQuizRotationIntegrationTests testLoadRejectsBrokenLaunchReceiptReferenceWithoutOverwritingRecoveryFile]' passed (0.016 seconds).
Test Case '-[NeuroForgeTests.FocusedQuizRotationIntegrationTests testMixedTenAndTwentyQuestionRunsGenerateUniqueQuestionFingerprints]' started.
Test Case '-[NeuroForgeTests.FocusedQuizRotationIntegrationTests testMixedTenAndTwentyQuestionRunsGenerateUniqueQuestionFingerprints]' passed (10.939 seconds).
Test Case '-[NeuroForgeTests.FocusedQuizRotationIntegrationTests testOneHundredTenQuestionLaunchesCoverFullLabBankBeforeAnyRepeat]' started.
Test Case '-[NeuroForgeTests.FocusedQuizRotationIntegrationTests testOneHundredTenQuestionLaunchesCoverFullLabBankBeforeAnyRepeat]' passed (17.807 seconds).
Test Case '-[NeuroForgeTests.FocusedQuizRotationIntegrationTests testSameDeviceRestoredRunWithoutLaunchReceiptCannotBeAcceptedAsDuplicate]' started.
Test Case '-[NeuroForgeTests.FocusedQuizRotationIntegrationTests testSameDeviceRestoredRunWithoutLaunchReceiptCannotBeAcceptedAsDuplicate]' passed (0.034 seconds).
Test Case '-[NeuroForgeTests.FocusedQuizRotationIntegrationTests testSelectedActivitiesStayInTheirFamilyAndStopBeforeRepeatingWhenFinitePoolExhausts]' started.
Test Case '-[NeuroForgeTests.FocusedQuizRotationIntegrationTests testSelectedActivitiesStayInTheirFamilyAndStopBeforeRepeatingWhenFinitePoolExhausts]' passed (5.709 seconds).
Test Case '-[NeuroForgeTests.FocusedQuizRotationIntegrationTests testSparseFixedBlockPersistsExactEligibilityAndReplaysBothProvisionalAndCanonicalRequests]' started.
Test Case '-[NeuroForgeTests.FocusedQuizRotationIntegrationTests testSparseFixedBlockPersistsExactEligibilityAndReplaysBothProvisionalAndCanonicalRequests]' passed (0.026 seconds).
Test Case '-[NeuroForgeTests.FocusedQuizRotationIntegrationTests testStaleIndependentRepositoryCannotPublishDuplicateFixedPositions]' started.
Test Case '-[NeuroForgeTests.FocusedQuizRotationIntegrationTests testStaleIndependentRepositoryCannotPublishDuplicateFixedPositions]' passed (0.021 seconds).
Test Suite 'FocusedQuizRotationIntegrationTests' passed at 2026-09-05 16:29:56.766.
	 Executed 42 tests, with 0 failures (0 unexpected) in 35.775 (35.795) seconds
Test Suite 'GeneratedLifecycleParityTests' started at 2026-09-05 16:29:56.767.
Test Case '-[NeuroForgeTests.GeneratedLifecycleParityTests testColdGeneratedMaximumRevisionDoesNotWrapOrEraseSavedPayload]' started.
Test Case '-[NeuroForgeTests.GeneratedLifecycleParityTests testColdGeneratedMaximumRevisionDoesNotWrapOrEraseSavedPayload]' passed (0.025 seconds).
Test Case '-[NeuroForgeTests.GeneratedLifecycleParityTests testCompletedInventoryKeepsEveryAttemptAndOriginalCompletionScope]' started.
Test Case '-[NeuroForgeTests.GeneratedLifecycleParityTests testCompletedInventoryKeepsEveryAttemptAndOriginalCompletionScope]' passed (0.061 seconds).
Test Case '-[NeuroForgeTests.GeneratedLifecycleParityTests testEarlyEndFailurePreservesEditorUntilDurableTerminalAcknowledgement]' started.
Test Case '-[NeuroForgeTests.GeneratedLifecycleParityTests testEarlyEndFailurePreservesEditorUntilDurableTerminalAcknowledgement]' passed (0.049 seconds).
Test Case '-[NeuroForgeTests.GeneratedLifecycleParityTests testExactLegacyPendingCommitKeepsOriginalRunAndAttemptProtocol]' started.
Test Case '-[NeuroForgeTests.GeneratedLifecycleParityTests testExactLegacyPendingCommitKeepsOriginalRunAndAttemptProtocol]' passed (0.019 seconds).
Test Case '-[NeuroForgeTests.GeneratedLifecycleParityTests testExpiredTemporaryInventoryStillPinsSuspendedRunUntilExplicitEnd]' started.
Test Case '-[NeuroForgeTests.GeneratedLifecycleParityTests testExpiredTemporaryInventoryStillPinsSuspendedRunUntilExplicitEnd]' passed (0.078 seconds).
Test Case '-[NeuroForgeTests.GeneratedLifecycleParityTests testGeneratedCheckpointRetainsCapturedGenerationAcrossRealPrewriteFailureHook]' started.
Test Case '-[NeuroForgeTests.GeneratedLifecycleParityTests testGeneratedCheckpointRetainsCapturedGenerationAcrossRealPrewriteFailureHook]' passed (0.010 seconds).
Test Case '-[NeuroForgeTests.GeneratedLifecycleParityTests testGeneratedReceiptThenWriterLossKeepsPreparedDraftAndColdReconcilesExactlyOnce]' started.
Test Case '-[NeuroForgeTests.GeneratedLifecycleParityTests testGeneratedReceiptThenWriterLossKeepsPreparedDraftAndColdReconcilesExactlyOnce]' passed (0.020 seconds).
Test Case '-[NeuroForgeTests.GeneratedLifecycleParityTests testHintFailureRevealsNoStageAndCapturedSkipCannotSkipTheFollowingItem]' started.
Test Case '-[NeuroForgeTests.GeneratedLifecycleParityTests testHintFailureRevealsNoStageAndCapturedSkipCannotSkipTheFollowingItem]' passed (0.025 seconds).
Test Case '-[NeuroForgeTests.GeneratedLifecycleParityTests testInitialFailedAcknowledgementCannotEditSubmitHintOrStartAnswerClock]' started.
Test Case '-[NeuroForgeTests.GeneratedLifecycleParityTests testInitialFailedAcknowledgementCannotEditSubmitHintOrStartAnswerClock]' passed (0.013 seconds).
Test Case '-[NeuroForgeTests.GeneratedLifecycleParityTests testInitialReferenceAndSelfRatingAreLockedWhilePausedAndCountAsActivity]' started.
Test Case '-[NeuroForgeTests.GeneratedLifecycleParityTests testInitialReferenceAndSelfRatingAreLockedWhilePausedAndCountAsActivity]' passed (0.021 seconds).
Test Case '-[NeuroForgeTests.GeneratedLifecycleParityTests testLegacyGeneratedCommandRejectsABAAndExactPayloadConflictWithoutInventingSlots]' started.
Test Case '-[NeuroForgeTests.GeneratedLifecycleParityTests testLegacyGeneratedCommandRejectsABAAndExactPayloadConflictWithoutInventingSlots]' passed (0.009 seconds).
Test Case '-[NeuroForgeTests.GeneratedLifecycleParityTests testNoDraftStartDoesNotInferRunFromSetHistoryAndRetainedTerminalCannotReopen]' started.
Test Case '-[NeuroForgeTests.GeneratedLifecycleParityTests testNoDraftStartDoesNotInferRunFromSetHistoryAndRetainedTerminalCannotReopen]' passed (0.020 seconds).
Test Case '-[NeuroForgeTests.GeneratedLifecycleParityTests testPreparedResponseCannotBeRewrittenByAValidLookingSameSlotCheckpoint]' started.
Test Case '-[NeuroForgeTests.GeneratedLifecycleParityTests testPreparedResponseCannotBeRewrittenByAValidLookingSameSlotCheckpoint]' passed (0.017 seconds).
Test Case '-[NeuroForgeTests.GeneratedLifecycleParityTests testRawModernDraftCASRefusesExhaustedRevisionWithoutArithmeticOverflow]' started.
Test Case '-[NeuroForgeTests.GeneratedLifecycleParityTests testRawModernDraftCASRefusesExhaustedRevisionWithoutArithmeticOverflow]' passed (0.011 seconds).
Test Case '-[NeuroForgeTests.GeneratedLifecycleParityTests testRealUnwritableFileRetainsInitialIdentityAndCannotPublishOrAdvance]' started.
Test Case '-[NeuroForgeTests.GeneratedLifecycleParityTests testRealUnwritableFileRetainsInitialIdentityAndCannotPublishOrAdvance]' passed (0.030 seconds).
Test Case '-[NeuroForgeTests.GeneratedLifecycleParityTests testSkipFailedNextRetainsOneUnscoredReceiptAndExactDraftThenColdAdvances]' started.
Test Case '-[NeuroForgeTests.GeneratedLifecycleParityTests testSkipFailedNextRetainsOneUnscoredReceiptAndExactDraftThenColdAdvances]' passed (0.037 seconds).
Test Case '-[NeuroForgeTests.GeneratedLifecycleParityTests testTerminalCollectionFailedFileWritePreservesAllOriginalPayloadsForRetry]' started.
Test Case '-[NeuroForgeTests.GeneratedLifecycleParityTests testTerminalCollectionFailedFileWritePreservesAllOriginalPayloadsForRetry]' passed (0.029 seconds).
Test Case '-[NeuroForgeTests.GeneratedLifecycleParityTests testTerminalCollectionSkipsActiveOwnedAndAmbiguousLegacyPayloads]' started.
Test Case '-[NeuroForgeTests.GeneratedLifecycleParityTests testTerminalCollectionSkipsActiveOwnedAndAmbiguousLegacyPayloads]' passed (0.022 seconds).
Test Case '-[NeuroForgeTests.GeneratedLifecycleParityTests testTerminalInventoryCASRejectsTamperedCountsQuestionAndSourceClosure]' started.
Test Case '-[NeuroForgeTests.GeneratedLifecycleParityTests testTerminalInventoryCASRejectsTamperedCountsQuestionAndSourceClosure]' passed (0.035 seconds).
Test Case '-[NeuroForgeTests.GeneratedLifecycleParityTests testTerminalInventoryFailedWriteRetainsFullRunUntilAtomicRetry]' started.
Test Case '-[NeuroForgeTests.GeneratedLifecycleParityTests testTerminalInventoryFailedWriteRetainsFullRunUntilAtomicRetry]' passed (0.029 seconds).
Test Case '-[NeuroForgeTests.GeneratedLifecycleParityTests testTerminalInventoryReleasesFutureQuestionsAndRetainsExactUnfinishedSlotOnColdOpen]' started.
Test Case '-[NeuroForgeTests.GeneratedLifecycleParityTests testTerminalInventoryReleasesFutureQuestionsAndRetainsExactUnfinishedSlotOnColdOpen]' passed (0.055 seconds).
Test Case '-[NeuroForgeTests.GeneratedLifecycleParityTests testTerminalSourceClosureDropsOnlyUnusedChunksAndPreservesReusableCollection]' started.
Test Case '-[NeuroForgeTests.GeneratedLifecycleParityTests testTerminalSourceClosureDropsOnlyUnusedChunksAndPreservesReusableCollection]' passed (0.031 seconds).
Test Case '-[NeuroForgeTests.GeneratedLifecycleParityTests testTerminalSourceClosureRetainsLowercaseDocumentAndUnresolvedLegacyReferences]' started.
Test Case '-[NeuroForgeTests.GeneratedLifecycleParityTests testTerminalSourceClosureRetainsLowercaseDocumentAndUnresolvedLegacyReferences]' passed (0.047 seconds).
Test Case '-[NeuroForgeTests.GeneratedLifecycleParityTests testTwoRunsOfOneSetHaveSeparateAttemptSessionsAndStableNextSlots]' started.
Test Case '-[NeuroForgeTests.GeneratedLifecycleParityTests testTwoRunsOfOneSetHaveSeparateAttemptSessionsAndStableNextSlots]' passed (0.041 seconds).
Test Case '-[NeuroForgeTests.GeneratedLifecycleParityTests testWorkedSolutionWaitsForReceiptAndFeedbackFailureReplaysWithoutGrading]' started.
Test Case '-[NeuroForgeTests.GeneratedLifecycleParityTests testWorkedSolutionWaitsForReceiptAndFeedbackFailureReplaysWithoutGrading]' passed (0.024 seconds).
Test Suite 'GeneratedLifecycleParityTests' passed at 2026-09-05 16:29:57.533.
	 Executed 25 tests, with 0 failures (0 unexpected) in 0.758 (0.766) seconds
Test Suite 'LocalizationCatalogTests' started at 2026-09-05 16:29:57.534.
Test Case '-[NeuroForgeTests.LocalizationCatalogTests testAppIntentMetadataDoesNotNameApple]' started.
Test Case '-[NeuroForgeTests.LocalizationCatalogTests testAppIntentMetadataDoesNotNameApple]' passed (0.004 seconds).
Test Case '-[NeuroForgeTests.LocalizationCatalogTests testCentralizedCountAndDurationCopyHandlesSingularPluralRangesAndLocales]' started.
Test Case '-[NeuroForgeTests.LocalizationCatalogTests testCentralizedCountAndDurationCopyHandlesSingularPluralRangesAndLocales]' passed (0.003 seconds).
Test Case '-[NeuroForgeTests.LocalizationCatalogTests testCompositeResponseLabelsLocalizeWithoutChangingCanonicalKeys]' started.
Test Case '-[NeuroForgeTests.LocalizationCatalogTests testCompositeResponseLabelsLocalizeWithoutChangingCanonicalKeys]' passed (0.001 seconds).
Test Case '-[NeuroForgeTests.LocalizationCatalogTests testCurrentComputedQuestionWriterAndSettingsKeysAreManuallyInventoriedAndCataloged]' started.
Test Case '-[NeuroForgeTests.LocalizationCatalogTests testCurrentComputedQuestionWriterAndSettingsKeysAreManuallyInventoriedAndCataloged]' passed (0.162 seconds).
Test Case '-[NeuroForgeTests.LocalizationCatalogTests testDeterministicExercisesHonorRequestedJapaneseLocaleAcrossEveryLab]' started.
Test Case '-[NeuroForgeTests.LocalizationCatalogTests testDeterministicExercisesHonorRequestedJapaneseLocaleAcrossEveryLab]' passed (0.023 seconds).
Test Case '-[NeuroForgeTests.LocalizationCatalogTests testDynamicTitlesHonorExplicitAppLocale]' started.
Test Case '-[NeuroForgeTests.LocalizationCatalogTests testDynamicTitlesHonorExplicitAppLocale]' passed (0.001 seconds).
Test Case '-[NeuroForgeTests.LocalizationCatalogTests testEveryExtractedProductionKeyIsCataloged]' started.
Test Case '-[NeuroForgeTests.LocalizationCatalogTests testEveryExtractedProductionKeyIsCataloged]' passed (0.605 seconds).
Test Case '-[NeuroForgeTests.LocalizationCatalogTests testEveryTranslatableCatalogEntryHasJapaneseAndMatchingPlaceholders]' started.
/Users/takamimarsh/Developer/Projects/Zacro Tech/NeuroForge/Tests/LocalizationCatalogTests.swift:51: error: -[NeuroForgeTests.LocalizationCatalogTests testEveryTranslatableCatalogEntryHasJapaneseAndMatchingPlaceholders] : XCTUnwrap failed: expected non-nil value of type "Array<String>" - Missing Japanese draft for 'Choose a reviewed starting challenge before choosing timed fluency.' in Localizable.xcstrings
Test Case '-[NeuroForgeTests.LocalizationCatalogTests testEveryTranslatableCatalogEntryHasJapaneseAndMatchingPlaceholders]' failed (0.101 seconds).
Test Case '-[NeuroForgeTests.LocalizationCatalogTests testJapaneseLocalizationDoesNotChangeDeterministicAuthorityTopology]' started.
Test Case '-[NeuroForgeTests.LocalizationCatalogTests testJapaneseLocalizationDoesNotChangeDeterministicAuthorityTopology]' passed (0.040 seconds).
Test Case '-[NeuroForgeTests.LocalizationCatalogTests testJapaneseMentalMathDomainPacksLocalizeVisibleCopyAndPreserveStableIDs]' started.
Test Case '-[NeuroForgeTests.LocalizationCatalogTests testJapaneseMentalMathDomainPacksLocalizeVisibleCopyAndPreserveStableIDs]' passed (0.024 seconds).
Test Case '-[NeuroForgeTests.LocalizationCatalogTests testLocaleAwareDateFormattingDiffersAcrossSupportedLanguages]' started.
Test Case '-[NeuroForgeTests.LocalizationCatalogTests testLocaleAwareDateFormattingDiffersAcrossSupportedLanguages]' passed (0.003 seconds).
Test Case '-[NeuroForgeTests.LocalizationCatalogTests testNewFirstRunAndQuestionWriterJourneysHaveRealJapaneseCopy]' started.
Test Case '-[NeuroForgeTests.LocalizationCatalogTests testNewFirstRunAndQuestionWriterJourneysHaveRealJapaneseCopy]' passed (0.025 seconds).
Test Case '-[NeuroForgeTests.LocalizationCatalogTests testPersistedDailyPlanPresentationReprojectsForSelectedLocaleWithoutChangingAuthority]' started.
Test Case '-[NeuroForgeTests.LocalizationCatalogTests testPersistedDailyPlanPresentationReprojectsForSelectedLocaleWithoutChangingAuthority]' passed (0.002 seconds).
Test Case '-[NeuroForgeTests.LocalizationCatalogTests testProductionAvoidsProcessLocaleDateConvenienceFormatting]' started.
Test Case '-[NeuroForgeTests.LocalizationCatalogTests testProductionAvoidsProcessLocaleDateConvenienceFormatting]' passed (0.038 seconds).
Test Case '-[NeuroForgeTests.LocalizationCatalogTests testRemovedNativeAndObsoleteConsentCopyIsAbsentFromShippingCatalog]' started.
Test Case '-[NeuroForgeTests.LocalizationCatalogTests testRemovedNativeAndObsoleteConsentCopyIsAbsentFromShippingCatalog]' passed (0.071 seconds).
Test Case '-[NeuroForgeTests.LocalizationCatalogTests testRuntimeComputedLocalizationAlwaysUsesTheExplicitAppBundleResolver]' started.
Test Case '-[NeuroForgeTests.LocalizationCatalogTests testRuntimeComputedLocalizationAlwaysUsesTheExplicitAppBundleResolver]' passed (0.034 seconds).
Test Case '-[NeuroForgeTests.LocalizationCatalogTests testShortcutPhraseMetadataIsCataloged]' started.
Test Case '-[NeuroForgeTests.LocalizationCatalogTests testShortcutPhraseMetadataIsCataloged]' passed (0.001 seconds).
Test Suite 'LocalizationCatalogTests' failed at 2026-09-05 16:29:58.675.
	 Executed 17 tests, with 1 failure (0 unexpected) in 1.135 (1.142) seconds
Test Suite 'LocalizationResidualTests' started at 2026-09-05 16:29:58.675.
Test Case '-[NeuroForgeTests.LocalizationResidualTests testReportHistorySearchIncludesLocaleFormattedCreatedDate]' started.
Test Case '-[NeuroForgeTests.LocalizationResidualTests testReportHistorySearchIncludesLocaleFormattedCreatedDate]' passed (0.005 seconds).
Test Case '-[NeuroForgeTests.LocalizationResidualTests testReportStatusesLocalizeInBothSupportedLanguages]' started.
Test Case '-[NeuroForgeTests.LocalizationResidualTests testReportStatusesLocalizeInBothSupportedLanguages]' passed (0.001 seconds).
Test Case '-[NeuroForgeTests.LocalizationResidualTests testUnknownScoringCodeNeverReachesLearnerFacingCopy]' started.
Test Case '-[NeuroForgeTests.LocalizationResidualTests testUnknownScoringCodeNeverReachesLearnerFacingCopy]' passed (0.001 seconds).
Test Suite 'LocalizationResidualTests' passed at 2026-09-05 16:29:58.683.
	 Executed 3 tests, with 0 failures (0 unexpected) in 0.007 (0.008) seconds
Test Suite 'ReviewedCoordinateProtocolTests' started at 2026-09-05 16:29:58.683.
Test Case '-[NeuroForgeTests.ReviewedCoordinateProtocolTests testActualCoordinateCommitCapturesFamilyBandAndNextUsesEligibleTypedObservation]' started.
Test Case '-[NeuroForgeTests.ReviewedCoordinateProtocolTests testActualCoordinateCommitCapturesFamilyBandAndNextUsesEligibleTypedObservation]' passed (0.381 seconds).
Test Case '-[NeuroForgeTests.ReviewedCoordinateProtocolTests testHalfCreditIsNotFullSuccessAndHelpIsExcludedWithoutChangingOriginalPoint]' started.
/Users/takamimarsh/Developer/Projects/Zacro Tech/NeuroForge/Tests/ContentImprovementRegressionTests.swift:3351: error: -[NeuroForgeTests.ReviewedCoordinateProtocolTests testHalfCreditIsNotFullSuccessAndHelpIsExcludedWithoutChangingOriginalPoint] : XCTAssertEqual failed: ("Optional(0.0)") is not equal to ("Optional(0.5)")
/Users/takamimarsh/Developer/Projects/Zacro Tech/NeuroForge/Tests/ContentImprovementRegressionTests.swift:3351: error: -[NeuroForgeTests.ReviewedCoordinateProtocolTests testHalfCreditIsNotFullSuccessAndHelpIsExcludedWithoutChangingOriginalPoint] : XCTAssertEqual failed: ("Optional(0.0)") is not equal to ("Optional(0.5)")
/Users/takamimarsh/Developer/Projects/Zacro Tech/NeuroForge/Tests/ContentImprovementRegressionTests.swift:3351: error: -[NeuroForgeTests.ReviewedCoordinateProtocolTests testHalfCreditIsNotFullSuccessAndHelpIsExcludedWithoutChangingOriginalPoint] : XCTAssertEqual failed: ("Optional(0.0)") is not equal to ("Optional(0.5)")
/Users/takamimarsh/Developer/Projects/Zacro Tech/NeuroForge/Tests/ContentImprovementRegressionTests.swift:3351: error: -[NeuroForgeTests.ReviewedCoordinateProtocolTests testHalfCreditIsNotFullSuccessAndHelpIsExcludedWithoutChangingOriginalPoint] : XCTAssertEqual failed: ("Optional(0.0)") is not equal to ("Optional(0.5)")
/Users/takamimarsh/Developer/Projects/Zacro Tech/NeuroForge/Tests/ContentImprovementRegressionTests.swift:3410: error: -[NeuroForgeTests.ReviewedCoordinateProtocolTests testHalfCreditIsNotFullSuccessAndHelpIsExcludedWithoutChangingOriginalPoint] : XCTAssertTrue failed
Test Case '-[NeuroForgeTests.ReviewedCoordinateProtocolTests testHalfCreditIsNotFullSuccessAndHelpIsExcludedWithoutChangingOriginalPoint]' failed (0.867 seconds).
Test Case '-[NeuroForgeTests.ReviewedCoordinateProtocolTests testHarderPreferenceAndColdFileResumeRetainActualBandWithoutInventingDemonstration]' started.
/Users/takamimarsh/Developer/Projects/Zacro Tech/NeuroForge/Tests/ContentImprovementRegressionTests.swift:3351: error: -[NeuroForgeTests.ReviewedCoordinateProtocolTests testHarderPreferenceAndColdFileResumeRetainActualBandWithoutInventingDemonstration] : XCTAssertEqual failed: ("Optional(0.0)") is not equal to ("Optional(0.5)")
/Users/takamimarsh/Developer/Projects/Zacro Tech/NeuroForge/Tests/ContentImprovementRegressionTests.swift:3447: error: -[NeuroForgeTests.ReviewedCoordinateProtocolTests testHarderPreferenceAndColdFileResumeRetainActualBandWithoutInventingDemonstration] : XCTUnwrap failed: expected non-nil value of type "NFEditorialCommitCapture"
Test Case '-[NeuroForgeTests.ReviewedCoordinateProtocolTests testHarderPreferenceAndColdFileResumeRetainActualBandWithoutInventingDemonstration]' failed (0.484 seconds).
Test Case '-[NeuroForgeTests.ReviewedCoordinateProtocolTests testInvalidTypedInputAndCurrentExclusionCannotContributeEligibleCoordinateEvidence]' started.
Test Case '-[NeuroForgeTests.ReviewedCoordinateProtocolTests testInvalidTypedInputAndCurrentExclusionCannotContributeEligibleCoordinateEvidence]' passed (0.348 seconds).
Test Case '-[NeuroForgeTests.ReviewedCoordinateProtocolTests testOnlyCompleteOrdinaryCoordinateContractExtendsStructuredResponseProtocol]' started.
Test Case '-[NeuroForgeTests.ReviewedCoordinateProtocolTests testOnlyCompleteOrdinaryCoordinateContractExtendsStructuredResponseProtocol]' passed (0.250 seconds).
Test Case '-[NeuroForgeTests.ReviewedCoordinateProtocolTests testReleasedEmptyRegistryKeepsCoordinatePracticeAvailableWithoutReviewedAuthority]' started.
Test Case '-[NeuroForgeTests.ReviewedCoordinateProtocolTests testReleasedEmptyRegistryKeepsCoordinatePracticeAvailableWithoutReviewedAuthority]' passed (0.286 seconds).
Test Suite 'ReviewedCoordinateProtocolTests' failed at 2026-09-05 16:30:01.301.
	 Executed 6 tests, with 7 failures (0 unexpected) in 2.616 (2.618) seconds
Test Suite 'SpatialStructureContractTests' started at 2026-09-05 16:30:01.303.
Test Case '-[NeuroForgeTests.SpatialStructureContractTests testActualLaunchColdChoiceQuarantineAndHistoryKeepTheExactNewStructure]' started.
Test Case '-[NeuroForgeTests.SpatialStructureContractTests testActualLaunchColdChoiceQuarantineAndHistoryKeepTheExactNewStructure]' passed (0.051 seconds).
Test Case '-[NeuroForgeTests.SpatialStructureContractTests testAllOccupiedFootprintsMatchIndependentProjectionAndNativeCellPositions]' started.
2026-09-05 16:30:01.628923-0400 NeuroForge[50034:5866122] [Assets] asset string 'engine:throttleGhosted.rematerial' parse failed: Invalid asset path: Unknown asset type suffix 'engine:throttleGhosted.rematerial'
Test Case '-[NeuroForgeTests.SpatialStructureContractTests testAllOccupiedFootprintsMatchIndependentProjectionAndNativeCellPositions]' passed (0.565 seconds).
Test Case '-[NeuroForgeTests.SpatialStructureContractTests testEveryFaceContractHasOnePhysicalKeyAndAllTwentyFourProperOrientations]' started.
Test Case '-[NeuroForgeTests.SpatialStructureContractTests testEveryFaceContractHasOnePhysicalKeyAndAllTwentyFourProperOrientations]' passed (0.545 seconds).
Test Case '-[NeuroForgeTests.SpatialStructureContractTests testGeneratedRetainedAssemblyUsesSameTypedChoiceAndSavedHistory]' started.
Test Case '-[NeuroForgeTests.SpatialStructureContractTests testGeneratedRetainedAssemblyUsesSameTypedChoiceAndSavedHistory]' passed (0.055 seconds).
Test Case '-[NeuroForgeTests.SpatialStructureContractTests testMalformedUnsupportedAndProtectedGeometryFailsBeforeScoringOrRendering]' started.
Test Case '-[NeuroForgeTests.SpatialStructureContractTests testMalformedUnsupportedAndProtectedGeometryFailsBeforeScoringOrRendering]' passed (0.008 seconds).
Test Case '-[NeuroForgeTests.SpatialStructureContractTests testSemanticAliasesAndMissingPinnedPolicyCannotMintOrOverwriteAQuestion]' started.
Test Case '-[NeuroForgeTests.SpatialStructureContractTests testSemanticAliasesAndMissingPinnedPolicyCannotMintOrOverwriteAQuestion]' passed (0.018 seconds).
Test Case '-[NeuroForgeTests.SpatialStructureContractTests testTwoViewQuestionsAcceptEveryValidProposalAndRejectEveryIncompleteOrExtraSet]' started.
Test Case '-[NeuroForgeTests.SpatialStructureContractTests testTwoViewQuestionsAcceptEveryValidProposalAndRejectEveryIncompleteOrExtraSet]' passed (0.154 seconds).
Test Case '-[NeuroForgeTests.SpatialStructureContractTests testWorkedEXC102UsesActualLabeledNativeFacesAndNeverReplaysBeforeCommit]' started.
Test Case '-[NeuroForgeTests.SpatialStructureContractTests testWorkedEXC102UsesActualLabeledNativeFacesAndNeverReplaysBeforeCommit]' passed (0.062 seconds).
Test Suite 'SpatialStructureContractTests' passed at 2026-09-05 16:30:02.763.
	 Executed 8 tests, with 0 failures (0 unexpected) in 1.457 (1.460) seconds
Test Suite 'NeuroForgeTests.xctest' failed at 2026-09-05 16:30:02.763.
	 Executed 158 tests, with 16 failures (0 unexpected) in 88.394 (88.455) seconds
Test Suite 'Selected tests' failed at 2026-09-05 16:30:02.764.
	 Executed 158 tests, with 16 failures (0 unexpected) in 88.394 (88.456) seconds
2026-09-05 16:30:12.827 xcodebuild[47987:5848441] [MT] IDETestOperationsObserverDebug: 228.822 elapsed -- Testing started completed.
2026-09-05 16:30:12.827 xcodebuild[47987:5848441] [MT] IDETestOperationsObserverDebug: 0.000 sec, +0.000 sec -- start
2026-09-05 16:30:12.827 xcodebuild[47987:5848441] [MT] IDETestOperationsObserverDebug: 228.823 sec, +228.823 sec -- end

Test session results, code coverage, and logs:
	/tmp/NeuroForge-improvement-build/Logs/Test/Test-NeuroForge-2026.09.05_16-24-49--0400.xcresult

Failing tests:
	CoordinateTransformContractTests.testAllBoundedCoordinateContractsMatchIndependentAffineOracleAndTypedCredit()
	DefaultContentCatalogTests.testAutomaticCatalogStartKeepsColdAndRecentReasonsDistinctFromExplicitPreference()
	DefaultContentCatalogTests.testPrelaunchFieldMismatchAndMissingPrerequisitesCannotOfferOrLaunchHigherBand()
	DefaultContentCatalogTests.testReviewedLaunchRechecksQuarantineAfterReadOnlyInventoryPreview()
	DefaultContentCatalogTests.testReviewedPrelaunchShortageRequiresExplicitSmallerCountAndRechecksAtAcceptance()
	DefaultContentCatalogTests.testReviewedPreviewReadsAllBandsAndActualDemandsWithoutCreatingPlansOrReservations()
	DefaultContentCatalogTests.testReviewedPreviewUsesCurrentQuarantineAndUntimedElapsedDoNotChangeDemand()
	DefaultContentCatalogTests.testTypedRetrievalAssetPreviewAndNextRemainInEquationActivity()
	EditorialLiveControllerPersistenceTests.testActualExternalAdmissionsUnlockTimedFluencyAfterTwoSessionsAndSurviveNextAndColdResume()
	EditorialLiveControllerPersistenceTests.testActualExternalAdmissionsUnlockTimedFluencyAfterTwoSessionsAndSurviveNextAndColdResume()
	EditorialLiveControllerPersistenceTests.testActualExternalAdmissionsUnlockTimedFluencyAfterTwoSessionsAndSurviveNextAndColdResume()
	EditorialLiveControllerPersistenceTests.testFluencyActivityGateUsesExactContractWhenLegacyMechanicLabelIsAbsent()
	EditorialLiveControllerPersistenceTests.testFluencyReadinessRejectsWrongFamilyBandProfileAndMutatedOriginalCommit()
	EditorialLiveControllerPersistenceTests.testFluencyReadinessRejectsWrongFamilyBandProfileAndMutatedOriginalCommit()
	EditorialLiveControllerPersistenceTests.testFluencyReadinessRejectsWrongFamilyBandProfileAndMutatedOriginalCommit()
	EditorialLiveControllerPersistenceTests.testTimedLaunchRejectsWrongScopeAndColdManifestDriftWithoutPublishingDraftOrClock()
	LocalizationCatalogTests.testEveryTranslatableCatalogEntryHasJapaneseAndMatchingPlaceholders()
	ReviewedCoordinateProtocolTests.testHalfCreditIsNotFullSuccessAndHelpIsExcludedWithoutChangingOriginalPoint()
	ReviewedCoordinateProtocolTests.testHalfCreditIsNotFullSuccessAndHelpIsExcludedWithoutChangingOriginalPoint()
	ReviewedCoordinateProtocolTests.testHarderPreferenceAndColdFileResumeRetainActualBandWithoutInventingDemonstration()
	ReviewedCoordinateProtocolTests.testHarderPreferenceAndColdFileResumeRetainActualBandWithoutInventingDemonstration()

** TEST FAILED **

Testing started
