Command line invocation:
    /Applications/Xcode.app/Contents/Developer/usr/bin/xcodebuild -project NeuroForge.xcodeproj -scheme NeuroForgeUISmoke -destination "platform=iOS Simulator,id=064C7C8F-D941-4D8C-9B55-958F4123AF02" -derivedDataPath /tmp/NeuroForge-improvement-ios CODE_SIGNING_ALLOWED=NO test-without-building "-only-testing:NeuroForgeUITests/NavigationSmokeUITests/testClaimEvidenceSelectionShowsFeedbackAndAdvances" "-only-testing:NeuroForgeUITests/NavigationSmokeUITests/testLogicStateInputsAndInvariantShowFeedbackAndAdvance" "-only-testing:NeuroForgeUITests/NavigationSmokeUITests/testQuantitativeNumberAndUnitShowFeedbackAndAdvance"

Build settings from command line:
    CODE_SIGNING_ALLOWED = NO

Resolve Package Graph


Resolved source packages:
  SwiftMath: https://github.com/mgriebling/SwiftMath.git @ 1d2c908

2026-09-05 12:33:07.142267-0400 NeuroForgeUITests-Runner[53633:4894178] [Default] Running tests...
objc[53633]: Class UIAccessibilityLoaderWebShared is implemented in both /Library/Developer/CoreSimulator/Volumes/iOS_23F77/Library/Developer/CoreSimulator/Profiles/Runtimes/iOS 26.5.simruntime/Contents/Resources/RuntimeRoot/System/Library/AccessibilityBundles/WebCore.axbundle/WebCore (0x106124310) and /Library/Developer/CoreSimulator/Volumes/iOS_23F77/Library/Developer/CoreSimulator/Profiles/Runtimes/iOS 26.5.simruntime/Contents/Resources/RuntimeRoot/System/Library/AccessibilityBundles/WebKit.axbundle/WebKit (0x106978398). This may cause spurious casting failures and mysterious crashes. One of the duplicates must be removed or renamed.
    t =      nans Interface orientation changed to Portrait
Test Suite 'Selected tests' started at 2026-09-05 12:33:09.684.
Test Suite 'NeuroForgeUITests.xctest' started at 2026-09-05 12:33:09.685.
Test Suite 'NavigationSmokeUITests' started at 2026-09-05 12:33:09.685.
Test Case '-[NeuroForgeUITests.NavigationSmokeUITests testClaimEvidenceSelectionShowsFeedbackAndAdvances]' started.
    t =     0.00s Start Test at 2026-09-05 12:33:09.687
    t =     0.73s Set Up
    t =     0.73s Open com.zacrotech.NeuroForge
    t =     0.73s     Launch com.zacrotech.NeuroForge
2026-09-05 12:33:11.170 xcodebuild[53576:4893454] [MT] IDELaunchParametersSnapshot: The operation couldn’t be completed. (DebuggerLLDB.DebuggerVersionStore.StoreError error 0.)
2026-09-05 12:33:11.170 xcodebuild[53576:4893454] [MT] IDELaunchParametersSnapshot: no debugger version
    t =     3.18s         Setting up automation session
    t =     5.10s         Wait for com.zacrotech.NeuroForge to idle
    t =     9.43s Waiting 15.0s for "universal-session" Any to exist
    t =    10.47s     Checking `Expect predicate `existsNoRetry == 1` for object "universal-session" Any`
    t =    10.48s         Checking existence of `"universal-session" Any`
    t =    11.08s Waiting 3.0s for "session-resume" Any to exist
    t =    12.12s     Checking `Expect predicate `existsNoRetry == 1` for object "session-resume" Any`
    t =    12.12s         Checking existence of `"session-resume" Any`
    t =    12.50s         Capturing element debug description
    t =    13.13s     Checking `Expect predicate `existsNoRetry == 1` for object "session-resume" Any`
    t =    13.13s         Checking existence of `"session-resume" Any`
    t =    13.36s         Capturing element debug description
    t =    14.08s     Checking `Expect predicate `existsNoRetry == 1` for object "session-resume" Any`
    t =    14.09s         Checking existence of `"session-resume" Any`
    t =    14.29s         Capturing element debug description
    t =    14.29s     Checking existence of `"session-resume" Any`
    t =    14.48s Collecting debug information to assist test failure triage
    t =    14.48s     Requesting snapshot of accessibility hierarchy for app with pid 53684
    t =    14.73s Waiting 8.0s for "session-position" Any to exist
    t =    15.77s     Checking `Expect predicate `existsNoRetry == 1` for object "session-position" Any`
    t =    15.77s         Checking existence of `"session-position" Any`
    t =    15.92s Find the "session-position" Any
    t =    16.07s Find the "session-prompt" Any
    t =    16.25s Get all elements bound by index for: Descendants matching type ScrollView
    t =    16.33s Find the ScrollView (Element at index 0)
    t =    16.45s Find the Target Application 'com.zacrotech.NeuroForge'
    t =    16.52s Checking existence of `Keyboard (First Match)`
    t =    16.65s Find the ScrollView at {{0.0, 154.5}, {375.0, 512.5}}
    t =    16.73s Find the ScrollView at {{0.0, 154.5}, {375.0, 512.5}}
    t =    16.80s Checking existence of `"science-study-stage" Any`
    t =    16.95s Find the "science-study-stage" Any
    t =    17.09s Checking existence of `"session-submit" Any`
    t =    17.24s Find the "session-submit" Any
    t =    17.40s Find the "session-submit" Button
    t =    17.56s Checking existence of `"session-next" Any`
    t =    17.71s Checking existence of `"science-study-stage" StaticText`
    t =    17.84s Find the "science-study-stage" StaticText
    t =    17.99s Find the "science-study-stage" StaticText
    t =    18.14s Find the "science-study-stage" StaticText
    t =    18.28s Find the "science-study-stage" StaticText
    t =    18.42s Checking existence of `"session-next" Any`
    t =    18.56s Find the "session-submit" Any
    t =    18.70s Get all elements bound by index for: Descendants matching type ScrollView
    t =    18.77s Find the ScrollView (Element at index 0)
    t =    18.85s Find the Target Application 'com.zacrotech.NeuroForge'
    t =    18.92s Checking existence of `Keyboard (First Match)`
    t =    19.05s Find the ScrollView at {{0.0, 154.5}, {375.0, 512.5}}
    t =    19.13s Find the ScrollView at {{0.0, 154.5}, {375.0, 512.5}}
    t =    19.20s Checking existence of `Button (First Match)`
    t =    19.24s Find the Button (First Match)
    t =    19.28s Checking existence of `"session-submit" Any`
    t =    19.42s Find the "session-submit" Any
    t =    19.61s Find the "session-submit" Button
    t =    19.88s Checking existence of `"session-next" Any`
    t =    20.07s Checking existence of `"The workshop group had the higher observed final score.: The workshop mean was 39 points; the comparison mean was 36 points." Button`
    t =    20.14s Find the "The workshop group had the higher observed final score.: The workshop mean was 39 points; the comparison mean was 36 points." Button
    t =    20.21s Checking existence of `"The workshop group had the higher observed final score.: The workshop mean was 39 points; the comparison mean was 36 points." Button`
    t =    20.28s Find the "The workshop group had the higher observed final score.: The workshop mean was 39 points; the comparison mean was 36 points." Button
    t =    20.33s Find the ScrollView at {{0.0, 154.5}, {375.0, 512.5}}
    t =    20.42s Checking existence of `"The workshop group had the higher observed final score.: The workshop mean was 39 points; the comparison mean was 36 points." Button`
    t =    20.46s Find the "The workshop group had the higher observed final score.: The workshop mean was 39 points; the comparison mean was 36 points." Button
    t =    20.51s Press Target Application 'com.zacrotech.NeuroForge'[0.00, 0.00] -> (187.5, 506.5) for 0.1 seconds, then drag to Target Application 'com.zacrotech.NeuroForge'[0.00, 0.00] -> (187.5, 248.5) with velocity of 250.00 pixels per second, and then hold for 0.2 seconds 
    t =    20.51s     Wait for com.zacrotech.NeuroForge to idle
    t =    20.51s     Find the Target Application 'com.zacrotech.NeuroForge'
    t =    20.58s     Check for interrupting elements affecting "NeuroForge" Application
    t =    20.75s     Synthesize event
    t =    20.75s         Find the Target Application 'com.zacrotech.NeuroForge'
    t =    20.81s         Find the Target Application 'com.zacrotech.NeuroForge'
    t =    20.88s         Find the Target Application 'com.zacrotech.NeuroForge'
    t =    20.95s         Find the Target Application 'com.zacrotech.NeuroForge'
    t =    21.01s         Find the Target Application 'com.zacrotech.NeuroForge'
    t =    22.74s     Wait for com.zacrotech.NeuroForge to idle
    t =    22.75s Get all elements bound by index for: Descendants matching type ScrollView
    t =    22.84s Find the ScrollView (Element at index 0)
    t =    22.92s Find the Target Application 'com.zacrotech.NeuroForge'
    t =    22.99s Checking existence of `Keyboard (First Match)`
    t =    23.11s Find the ScrollView at {{0.0, 154.5}, {375.0, 512.5}}
    t =    23.18s Find the ScrollView at {{0.0, 154.5}, {375.0, 512.5}}
    t =    23.25s Checking existence of `"The workshop group had the higher observed final score.: The workshop mean was 39 points; the comparison mean was 36 points." Button`
    t =    23.29s Find the "The workshop group had the higher observed final score.: The workshop mean was 39 points; the comparison mean was 36 points." Button
    t =    23.32s Checking existence of `"session-submit" Any`
    t =    23.47s Find the "session-submit" Any
    t =    23.61s Find the "session-submit" Button
    t =    23.75s Checking existence of `"session-next" Any`
    t =    23.88s Checking existence of `"The workshop group had the higher observed final score.: The workshop mean was 39 points; the comparison mean was 36 points." Button`
    t =    23.92s Find the "The workshop group had the higher observed final score.: The workshop mean was 39 points; the comparison mean was 36 points." Button
    t =    23.97s Find the "The workshop group had the higher observed final score.: The workshop mean was 39 points; the comparison mean was 36 points." Button
    t =    24.01s Find the "The workshop group had the higher observed final score.: The workshop mean was 39 points; the comparison mean was 36 points." Button
    t =    24.06s Checking existence of `"The workshop group had the higher observed final score.: The workshop mean was 39 points; the comparison mean was 36 points." Button`
    t =    24.10s Find the "The workshop group had the higher observed final score.: The workshop mean was 39 points; the comparison mean was 36 points." Button
    t =    24.16s Find the ScrollView at {{0.0, 154.5}, {375.0, 512.5}}
    t =    24.24s Checking existence of `"The workshop group had the higher observed final score.: The workshop mean was 39 points; the comparison mean was 36 points." Button`
    t =    24.27s Find the "The workshop group had the higher observed final score.: The workshop mean was 39 points; the comparison mean was 36 points." Button
    t =    24.32s Press Target Application 'com.zacrotech.NeuroForge'[0.00, 0.00] -> (187.5, 506.5) for 0.1 seconds, then drag to Target Application 'com.zacrotech.NeuroForge'[0.00, 0.00] -> (187.5, 483.5) with velocity of 250.00 pixels per second, and then hold for 0.2 seconds 
    t =    24.32s     Wait for com.zacrotech.NeuroForge to idle
    t =    24.33s     Find the Target Application 'com.zacrotech.NeuroForge'
    t =    24.42s     Check for interrupting elements affecting "NeuroForge" Application
    t =    24.54s     Synthesize event
    t =    24.54s         Find the Target Application 'com.zacrotech.NeuroForge'
    t =    24.63s         Find the Target Application 'com.zacrotech.NeuroForge'
    t =    24.71s         Find the Target Application 'com.zacrotech.NeuroForge'
    t =    24.78s         Find the Target Application 'com.zacrotech.NeuroForge'
    t =    24.85s         Find the Target Application 'com.zacrotech.NeuroForge'
    t =    25.52s     Wait for com.zacrotech.NeuroForge to idle
    t =    25.52s Get all elements bound by index for: Descendants matching type ScrollView
    t =    25.60s Find the ScrollView (Element at index 0)
    t =    25.68s Find the Target Application 'com.zacrotech.NeuroForge'
    t =    25.73s Checking existence of `Keyboard (First Match)`
    t =    25.86s Find the ScrollView at {{0.0, 154.5}, {375.0, 512.5}}
    t =    25.93s Find the ScrollView at {{0.0, 154.5}, {375.0, 512.5}}
    t =    26.00s Checking existence of `"The workshop group had the higher observed final score.: The workshop mean was 39 points; the comparison mean was 36 points." Button`
    t =    26.04s Find the "The workshop group had the higher observed final score.: The workshop mean was 39 points; the comparison mean was 36 points." Button
    t =    26.07s Checking existence of `"session-submit" Any`
    t =    26.21s Find the "session-submit" Any
    t =    26.35s Find the "session-submit" Button
    t =    26.49s Checking existence of `"session-next" Any`
    t =    26.63s Checking existence of `"The workshop group had the higher observed final score.: The workshop mean was 39 points; the comparison mean was 36 points." Button`
    t =    26.66s Find the "The workshop group had the higher observed final score.: The workshop mean was 39 points; the comparison mean was 36 points." Button
    t =    26.71s Find the "The workshop group had the higher observed final score.: The workshop mean was 39 points; the comparison mean was 36 points." Button
    t =    26.75s Find the "The workshop group had the higher observed final score.: The workshop mean was 39 points; the comparison mean was 36 points." Button
    t =    26.80s Checking existence of `"The workshop group had the higher observed final score.: The workshop mean was 39 points; the comparison mean was 36 points." Button`
    t =    26.83s Find the "The workshop group had the higher observed final score.: The workshop mean was 39 points; the comparison mean was 36 points." Button
    t =    26.88s Find the ScrollView at {{0.0, 154.5}, {375.0, 512.5}}
    t =    26.95s Checking existence of `"The workshop group had the higher observed final score.: The workshop mean was 39 points; the comparison mean was 36 points." Button`
    t =    26.99s Find the "The workshop group had the higher observed final score.: The workshop mean was 39 points; the comparison mean was 36 points." Button
    t =    27.02s Press Target Application 'com.zacrotech.NeuroForge'[0.00, 0.00] -> (187.5, 506.5) for 0.1 seconds, then drag to Target Application 'com.zacrotech.NeuroForge'[0.00, 0.00] -> (187.5, 490.5) with velocity of 250.00 pixels per second, and then hold for 0.2 seconds 
    t =    27.02s     Wait for com.zacrotech.NeuroForge to idle
    t =    27.03s     Find the Target Application 'com.zacrotech.NeuroForge'
    t =    27.09s     Check for interrupting elements affecting "NeuroForge" Application
    t =    27.17s     Synthesize event
    t =    27.17s         Find the Target Application 'com.zacrotech.NeuroForge'
    t =    27.23s         Find the Target Application 'com.zacrotech.NeuroForge'
    t =    27.30s         Find the Target Application 'com.zacrotech.NeuroForge'
    t =    27.36s         Find the Target Application 'com.zacrotech.NeuroForge'
    t =    27.42s         Find the Target Application 'com.zacrotech.NeuroForge'
    t =    28.06s     Wait for com.zacrotech.NeuroForge to idle
    t =    29.51s Get all elements bound by index for: Descendants matching type ScrollView
    t =    29.58s Find the ScrollView (Element at index 0)
    t =    29.66s Find the Target Application 'com.zacrotech.NeuroForge'
    t =    29.72s Checking existence of `Keyboard (First Match)`
    t =    29.84s Find the ScrollView at {{0.0, 154.5}, {375.0, 512.5}}
    t =    29.91s Find the ScrollView at {{0.0, 154.5}, {375.0, 512.5}}
    t =    30.01s Checking existence of `"The workshop group had the higher observed final score.: The workshop mean was 39 points; the comparison mean was 36 points." Button`
    t =    30.05s Find the "The workshop group had the higher observed final score.: The workshop mean was 39 points; the comparison mean was 36 points." Button
    t =    30.10s Checking existence of `"session-submit" Any`
    t =    30.23s Find the "session-submit" Any
    t =    30.37s Find the "session-submit" Button
    t =    30.51s Checking existence of `"session-next" Any`
    t =    30.65s Checking existence of `"The workshop group had the higher observed final score.: The workshop mean was 39 points; the comparison mean was 36 points." Button`
    t =    30.69s Find the "The workshop group had the higher observed final score.: The workshop mean was 39 points; the comparison mean was 36 points." Button
    t =    30.74s Find the "The workshop group had the higher observed final score.: The workshop mean was 39 points; the comparison mean was 36 points." Button
    t =    30.78s Find the "The workshop group had the higher observed final score.: The workshop mean was 39 points; the comparison mean was 36 points." Button
    t =    30.82s Find the "The workshop group had the higher observed final score.: The workshop mean was 39 points; the comparison mean was 36 points." Button
    t =    30.86s Find the "The workshop group had the higher observed final score.: The workshop mean was 39 points; the comparison mean was 36 points." Button
    t =    30.91s Tap "The workshop group had the higher observed final score.: The workshop mean was 39 points; the comparison mean was 36 points." Button
    t =    30.91s     Wait for com.zacrotech.NeuroForge to idle
    t =    30.91s     Find the "The workshop group had the higher observed final score.: The workshop mean was 39 points; the comparison mean was 36 points." Button
    t =    30.95s     Check for interrupting elements affecting "The workshop group had the higher observed final score.: The workshop mean was 39 points; the comparison mean was 36 points." Button
    t =    31.04s     Synthesize event
    t =    31.33s     Wait for com.zacrotech.NeuroForge to idle
    t =    33.03s Checking `Expect predicate `selected == 1` for object "The workshop group had the higher observed final score.: The workshop mean was 39 points; the comparison mean was 36 points." Button`
    t =    33.04s     Find the "The workshop group had the higher observed final score.: The workshop mean was 39 points; the comparison mean was 36 points." Button
    t =    33.09s Get all elements bound by index for: Descendants matching type ScrollView
    t =    33.16s Find the ScrollView (Element at index 0)
    t =    33.23s Find the Target Application 'com.zacrotech.NeuroForge'
    t =    33.29s Checking existence of `Keyboard (First Match)`
    t =    33.41s Find the ScrollView at {{0.0, 154.5}, {375.0, 512.5}}
    t =    33.47s Find the ScrollView at {{0.0, 154.5}, {375.0, 512.5}}
    t =    33.54s Checking existence of `Button (First Match)`
    t =    33.58s Find the Button (First Match)
    t =    33.61s Checking existence of `"session-submit" Any`
    t =    33.75s Find the "session-submit" Any
    t =    33.90s Find the "session-submit" Button
    t =    34.04s Checking existence of `"session-next" Any`
    t =    34.16s Checking existence of `"Claim, The workshop group had the higher observed final score." Button`
    t =    34.20s Find the "Claim, The workshop group had the higher observed final score." Button
    t =    34.25s Find the "Claim, The workshop group had the higher observed final score." Button
    t =    34.29s Find the "Claim, The workshop group had the higher observed final score." Button
    t =    34.33s Tap "Claim, The workshop group had the higher observed final score." Button
    t =    34.33s     Wait for com.zacrotech.NeuroForge to idle
    t =    34.33s     Find the "Claim, The workshop group had the higher observed final score." Button
    t =    34.38s     Check for interrupting elements affecting "Claim, The workshop group had the higher observed final score." Button
    t =    34.46s     Synthesize event
    t =    34.76s     Wait for com.zacrotech.NeuroForge to idle
    t =    34.94s Waiting 5.0s for "This comparison cannot separate a workshop effect from differences in prior skill." Button to exist
    t =    35.98s     Checking `Expect predicate `existsNoRetry == 1` for object "This comparison cannot separate a workshop effect from differences in prior skill." Button`
    t =    35.98s         Checking existence of `"This comparison cannot separate a workshop effect from differences in prior skill." Button`
    t =    36.14s Tap "This comparison cannot separate a workshop effect from differences in prior skill." Button
    t =    36.14s     Wait for com.zacrotech.NeuroForge to idle
    t =    36.15s     Find the "This comparison cannot separate a workshop effect from differences in prior skill." Button
    t =    36.33s     Check for interrupting elements affecting "This comparison cannot separate a workshop effect from differences in prior skill." Button
    t =    36.42s     Synthesize event
    t =    36.72s     Wait for com.zacrotech.NeuroForge to idle
2026-09-05 12:33:47.840113-0400 NeuroForgeUITests-Runner[53633:4894178] [general] *** Assertion failure in -[XCUIElementQuery _predicateWithType:identifier:], XCUIElementQuery.m:360
/Users/takamimarsh/Developer/Projects/Zacro Tech/NeuroForge/UITests/NavigationSmokeUITests.swift:728: error: -[NeuroForgeUITests.NavigationSmokeUITests testClaimEvidenceSelectionShowsFeedbackAndAdvances] : Invalid query - string identifier 'This comparison cannot separate a workshop effect from differences in prior skill.: Participants chose their group instead of being randomly assigned.' exceeds maximum length of 128 characters. You can work around this limitation by constructing a query with a custom NSPredicate that specifies the property (label, title, value, placeholderValue, or identifier) to match against. (NSInternalInconsistencyException)
    t =    38.51s Tear Down
Test Case '-[NeuroForgeUITests.NavigationSmokeUITests testClaimEvidenceSelectionShowsFeedbackAndAdvances]' failed (38.854 seconds).
Test Case '-[NeuroForgeUITests.NavigationSmokeUITests testLogicStateInputsAndInvariantShowFeedbackAndAdvance]' started.
    t =     0.00s Start Test at 2026-09-05 12:33:48.542
    t =     0.05s Set Up
    t =     0.05s Open com.zacrotech.NeuroForge
    t =     0.05s     Launch com.zacrotech.NeuroForge
    t =     0.05s         Terminate com.zacrotech.NeuroForge:53684
2026-09-05 12:33:49.703 xcodebuild[53576:4893454] [MT] IDELaunchParametersSnapshot: The operation couldn’t be completed. (DebuggerLLDB.DebuggerVersionStore.StoreError error 0.)
2026-09-05 12:33:49.703 xcodebuild[53576:4893454] [MT] IDELaunchParametersSnapshot: no debugger version
    t =     1.58s         Setting up automation session
    t =     3.04s         Wait for com.zacrotech.NeuroForge to idle
    t =     6.52s Waiting 15.0s for "universal-session" Any to exist
    t =     7.55s     Checking `Expect predicate `existsNoRetry == 1` for object "universal-session" Any`
    t =     7.56s         Checking existence of `"universal-session" Any`
    t =     7.90s Waiting 3.0s for "session-resume" Any to exist
    t =     8.91s     Checking `Expect predicate `existsNoRetry == 1` for object "session-resume" Any`
    t =     8.92s         Checking existence of `"session-resume" Any`
    t =     9.06s         Capturing element debug description
    t =     9.97s     Checking `Expect predicate `existsNoRetry == 1` for object "session-resume" Any`
    t =     9.97s         Checking existence of `"session-resume" Any`
    t =    10.09s         Capturing element debug description
    t =    10.90s     Checking `Expect predicate `existsNoRetry == 1` for object "session-resume" Any`
    t =    10.91s         Checking existence of `"session-resume" Any`
    t =    11.04s         Capturing element debug description
    t =    11.04s     Checking existence of `"session-resume" Any`
    t =    11.15s Collecting debug information to assist test failure triage
    t =    11.15s     Requesting snapshot of accessibility hierarchy for app with pid 53838
    t =    11.31s Waiting 8.0s for "session-position" Any to exist
    t =    12.32s     Checking `Expect predicate `existsNoRetry == 1` for object "session-position" Any`
    t =    12.32s         Checking existence of `"session-position" Any`
    t =    12.44s Find the "session-position" Any
    t =    12.56s Waiting 8.0s for "session-prompt" Any to exist
    t =    13.60s     Checking `Expect predicate `existsNoRetry == 1` for object "session-prompt" Any`
    t =    13.60s         Checking existence of `"session-prompt" Any`
    t =    13.73s Find the "session-prompt" Any
    t =    13.85s Get all elements bound by index for: Descendants matching type ScrollView
    t =    13.92s Find the ScrollView (Element at index 0)
    t =    14.02s Find the Target Application 'com.zacrotech.NeuroForge'
    t =    14.09s Checking existence of `Keyboard (First Match)`
    t =    14.21s Find the ScrollView at {{0.0, 154.5}, {375.0, 512.5}}
    t =    14.29s Find the ScrollView at {{0.0, 154.5}, {375.0, 512.5}}
    t =    14.36s Checking existence of `Button (First Match)`
    t =    14.40s Find the Button (First Match)
    t =    14.43s Checking existence of `"session-submit" Any`
    t =    14.55s Find the "session-submit" Any
    t =    14.67s Find the "session-submit" Button
    t =    14.79s Checking existence of `"session-next" Any`
    t =    14.90s Checking existence of `"ready must equal (count <= 7)" Button`
    t =    14.93s Find the "ready must equal (count <= 7)" Button
    t =    14.97s Checking existence of `"ready must equal (count <= 7)" Button`
    t =    15.00s Find the "ready must equal (count <= 7)" Button
    t =    15.04s Find the ScrollView at {{0.0, 154.5}, {375.0, 512.5}}
    t =    15.11s Checking existence of `"ready must equal (count <= 7)" Button`
    t =    15.14s Find the "ready must equal (count <= 7)" Button
    t =    15.18s Press Target Application 'com.zacrotech.NeuroForge'[0.00, 0.00] -> (187.5, 506.5) for 0.1 seconds, then drag to Target Application 'com.zacrotech.NeuroForge'[0.00, 0.00] -> (187.5, 248.5) with velocity of 250.00 pixels per second, and then hold for 0.2 seconds 
    t =    15.18s     Wait for com.zacrotech.NeuroForge to idle
    t =    15.18s     Find the Target Application 'com.zacrotech.NeuroForge'
    t =    15.25s     Check for interrupting elements affecting "NeuroForge" Application
    t =    15.38s     Synthesize event
    t =    15.38s         Find the Target Application 'com.zacrotech.NeuroForge'
    t =    15.44s         Find the Target Application 'com.zacrotech.NeuroForge'
    t =    15.50s         Find the Target Application 'com.zacrotech.NeuroForge'
    t =    15.56s         Find the Target Application 'com.zacrotech.NeuroForge'
    t =    15.63s         Find the Target Application 'com.zacrotech.NeuroForge'
    t =    17.22s     Wait for com.zacrotech.NeuroForge to idle
    t =    17.22s Get all elements bound by index for: Descendants matching type ScrollView
    t =    17.30s Find the ScrollView (Element at index 0)
    t =    17.37s Find the Target Application 'com.zacrotech.NeuroForge'
    t =    17.43s Checking existence of `Keyboard (First Match)`
    t =    17.56s Find the ScrollView at {{0.0, 154.5}, {375.0, 512.5}}
    t =    17.63s Find the ScrollView at {{0.0, 154.5}, {375.0, 512.5}}
    t =    17.70s Checking existence of `"ready must equal (count <= 7)" Button`
    t =    17.73s Find the "ready must equal (count <= 7)" Button
    t =    17.77s Checking existence of `"session-submit" Any`
    t =    17.89s Find the "session-submit" Any
    t =    18.01s Find the "session-submit" Button
    t =    18.18s Checking existence of `"session-next" Any`
    t =    18.35s Checking existence of `"ready must equal (count <= 7)" Button`
    t =    18.38s Find the "ready must equal (count <= 7)" Button
    t =    18.43s Checking existence of `"ready must equal (count <= 7)" Button`
    t =    18.46s Find the "ready must equal (count <= 7)" Button
    t =    18.49s Find the ScrollView at {{0.0, 154.5}, {375.0, 512.5}}
    t =    18.57s Checking existence of `"ready must equal (count <= 7)" Button`
    t =    18.60s Find the "ready must equal (count <= 7)" Button
    t =    18.64s Press Target Application 'com.zacrotech.NeuroForge'[0.00, 0.00] -> (187.5, 506.5) for 0.1 seconds, then drag to Target Application 'com.zacrotech.NeuroForge'[0.00, 0.00] -> (187.5, 277.5) with velocity of 250.00 pixels per second, and then hold for 0.2 seconds 
    t =    18.64s     Wait for com.zacrotech.NeuroForge to idle
    t =    18.64s     Find the Target Application 'com.zacrotech.NeuroForge'
    t =    18.71s     Check for interrupting elements affecting "NeuroForge" Application
    t =    18.80s     Synthesize event
    t =    18.80s         Find the Target Application 'com.zacrotech.NeuroForge'
    t =    18.87s         Find the Target Application 'com.zacrotech.NeuroForge'
    t =    18.94s         Find the Target Application 'com.zacrotech.NeuroForge'
    t =    19.00s         Find the Target Application 'com.zacrotech.NeuroForge'
    t =    19.07s         Find the Target Application 'com.zacrotech.NeuroForge'
    t =    20.55s     Wait for com.zacrotech.NeuroForge to idle
    t =    20.56s Get all elements bound by index for: Descendants matching type ScrollView
    t =    20.63s Find the ScrollView (Element at index 0)
    t =    20.71s Find the Target Application 'com.zacrotech.NeuroForge'
    t =    20.77s Checking existence of `Keyboard (First Match)`
    t =    20.89s Find the ScrollView at {{0.0, 154.5}, {375.0, 512.5}}
    t =    20.97s Find the ScrollView at {{0.0, 154.5}, {375.0, 512.5}}
    t =    21.04s Checking existence of `"ready must equal (count <= 7)" Button`
    t =    21.07s Find the "ready must equal (count <= 7)" Button
    t =    21.10s Checking existence of `"session-submit" Any`
    t =    21.22s Find the "session-submit" Any
    t =    21.34s Find the "session-submit" Button
    t =    21.46s Checking existence of `"session-next" Any`
    t =    21.58s Checking existence of `"ready must equal (count <= 7)" Button`
    t =    21.61s Find the "ready must equal (count <= 7)" Button
    t =    21.65s Find the "ready must equal (count <= 7)" Button
    t =    21.69s Find the "ready must equal (count <= 7)" Button
    t =    21.74s Checking existence of `"ready must equal (count <= 7)" Button`
    t =    21.78s Find the "ready must equal (count <= 7)" Button
    t =    21.82s Find the ScrollView at {{0.0, 154.5}, {375.0, 512.5}}
    t =    21.90s Checking existence of `"ready must equal (count <= 7)" Button`
    t =    21.93s Find the "ready must equal (count <= 7)" Button
    t =    21.97s Press Target Application 'com.zacrotech.NeuroForge'[0.00, 0.00] -> (187.5, 506.5) for 0.1 seconds, then drag to Target Application 'com.zacrotech.NeuroForge'[0.00, 0.00] -> (187.5, 490.5) with velocity of 250.00 pixels per second, and then hold for 0.2 seconds 
    t =    21.97s     Wait for com.zacrotech.NeuroForge to idle
    t =    21.97s     Find the Target Application 'com.zacrotech.NeuroForge'
    t =    22.04s     Check for interrupting elements affecting "NeuroForge" Application
    t =    22.12s     Synthesize event
    t =    22.13s         Find the Target Application 'com.zacrotech.NeuroForge'
    t =    22.19s         Find the Target Application 'com.zacrotech.NeuroForge'
    t =    22.26s         Find the Target Application 'com.zacrotech.NeuroForge'
    t =    22.33s         Find the Target Application 'com.zacrotech.NeuroForge'
    t =    22.44s         Find the Target Application 'com.zacrotech.NeuroForge'
    t =    23.08s     Wait for com.zacrotech.NeuroForge to idle
    t =    24.53s Get all elements bound by index for: Descendants matching type ScrollView
    t =    24.61s Find the ScrollView (Element at index 0)
    t =    24.69s Find the Target Application 'com.zacrotech.NeuroForge'
    t =    24.76s Checking existence of `Keyboard (First Match)`
    t =    24.88s Find the ScrollView at {{0.0, 154.5}, {375.0, 512.5}}
    t =    24.96s Find the ScrollView at {{0.0, 154.5}, {375.0, 512.5}}
    t =    25.03s Checking existence of `"ready must equal (count <= 7)" Button`
    t =    25.07s Find the "ready must equal (count <= 7)" Button
    t =    25.10s Checking existence of `"session-submit" Any`
    t =    25.22s Find the "session-submit" Any
    t =    25.35s Find the "session-submit" Button
    t =    25.46s Checking existence of `"session-next" Any`
    t =    25.58s Checking existence of `"ready must equal (count <= 7)" Button`
    t =    25.61s Find the "ready must equal (count <= 7)" Button
    t =    25.66s Find the "ready must equal (count <= 7)" Button
    t =    25.71s Find the "ready must equal (count <= 7)" Button
    t =    25.75s Tap "ready must equal (count <= 7)" Button
    t =    25.75s     Wait for com.zacrotech.NeuroForge to idle
    t =    25.82s     Find the "ready must equal (count <= 7)" Button
    t =    25.86s     Check for interrupting elements affecting "ready must equal (count <= 7)" Button
    t =    25.95s     Synthesize event
    t =    26.24s     Wait for com.zacrotech.NeuroForge to idle
    t =    27.42s Checking `Expect predicate `selected == 1` for object "ready must equal (count <= 7)" Button`
    t =    27.43s     Find the "ready must equal (count <= 7)" Button
    t =    27.47s Waiting 8.0s for "Response for count" TextField to exist
    t =    28.50s     Checking `Expect predicate `existsNoRetry == 1` for object "Response for count" TextField`
    t =    28.51s         Checking existence of `"Response for count" TextField`
    t =    28.63s Get all elements bound by index for: Descendants matching type ScrollView
    t =    28.70s Find the ScrollView (Element at index 0)
    t =    28.78s Find the Target Application 'com.zacrotech.NeuroForge'
    t =    28.84s Checking existence of `Keyboard (First Match)`
    t =    28.98s Find the ScrollView at {{0.0, 154.5}, {375.0, 512.5}}
    t =    29.05s Find the ScrollView at {{0.0, 154.5}, {375.0, 512.5}}
    t =    29.12s Checking existence of `"Response for count" TextField`
    t =    29.22s Find the "Response for count" TextField
    t =    29.35s Checking existence of `"session-submit" Any`
    t =    29.48s Find the "session-submit" Any
    t =    29.60s Find the "session-submit" Button
    t =    29.71s Checking existence of `"session-next" Any`
    t =    29.83s Checking existence of `"Response for count" TextField`
    t =    29.94s Find the "Response for count" TextField
    t =    30.06s Find the "Response for count" TextField
    t =    30.17s Find the "Response for count" TextField
    t =    30.30s Find the "Response for count" TextField
    t =    30.42s Tap "Response for count" TextField
    t =    30.42s     Wait for com.zacrotech.NeuroForge to idle
    t =    30.43s     Find the "Response for count" TextField
    t =    30.55s     Check for interrupting elements affecting "Response for count" TextField
    t =    30.64s     Synthesize event
    t =    30.94s     Wait for com.zacrotech.NeuroForge to idle
    t =    32.41s Type '0' into "Response for count" TextField
    t =    32.41s     Wait for com.zacrotech.NeuroForge to idle
    t =    32.79s     Find the "Response for count" TextField
    t =    32.98s     Check for interrupting elements affecting "Response for count" TextField
    t =    33.13s     Synthesize event
    t =    33.37s     Wait for com.zacrotech.NeuroForge to idle
    t =    34.64s Checking `Expect predicate `value == "0"` for object "Response for count" TextField`
    t =    34.64s     Find the "Response for count" TextField
    t =    34.80s Type '
' into "Response for count" TextField
    t =    34.80s     Wait for com.zacrotech.NeuroForge to idle
    t =    34.80s     Find the "Response for count" TextField
    t =    34.94s     Check for interrupting elements affecting "Response for count" TextField
    t =    35.04s     Synthesize event
    t =    35.26s     Wait for com.zacrotech.NeuroForge to idle
    t =    35.30s Waiting 8.0s for "Response for ready" TextField to exist
    t =    36.33s     Checking `Expect predicate `existsNoRetry == 1` for object "Response for ready" TextField`
    t =    36.33s         Checking existence of `"Response for ready" TextField`
    t =    36.48s Get all elements bound by index for: Descendants matching type ScrollView
    t =    36.56s Find the ScrollView (Element at index 0)
    t =    36.65s Find the Target Application 'com.zacrotech.NeuroForge'
    t =    36.72s Checking existence of `Keyboard (First Match)`
    t =    36.74s Find the Keyboard (First Match)
    t =    36.77s Find the ScrollView at {{0.0, 154.5}, {375.0, 512.5}}
    t =    36.85s Find the ScrollView at {{0.0, 154.5}, {375.0, 512.5}}
    t =    36.93s Checking existence of `"Response for ready" TextField`
    t =    37.08s Find the "Response for ready" TextField
    t =    37.21s Checking existence of `"session-submit" Any`
    t =    37.34s Find the "session-submit" Any
    t =    37.48s Find the "session-submit" Button
    t =    37.61s Checking existence of `"session-next" Any`
    t =    37.74s Checking existence of `"Response for ready" TextField`
    t =    37.90s Find the "Response for ready" TextField
    t =    38.05s Find the "Response for ready" TextField
    t =    38.17s Find the "Response for ready" TextField
    t =    38.30s Find the "Response for ready" TextField
    t =    38.44s Tap "Response for ready" TextField
    t =    38.44s     Wait for com.zacrotech.NeuroForge to idle
    t =    38.44s     Find the "Response for ready" TextField
    t =    38.57s     Check for interrupting elements affecting "Response for ready" TextField
    t =    38.67s     Synthesize event
    t =    38.97s     Wait for com.zacrotech.NeuroForge to idle
    t =    38.98s Type 'true' into "Response for ready" TextField
    t =    38.98s     Wait for com.zacrotech.NeuroForge to idle
    t =    38.98s     Find the "Response for ready" TextField
    t =    39.36s     Check for interrupting elements affecting "Response for ready" TextField
    t =    39.48s     Synthesize event
    t =    39.75s     Wait for com.zacrotech.NeuroForge to idle
    t =    41.09s Checking `Expect predicate `value == "true"` for object "Response for ready" TextField`
    t =    41.10s     Find the "Response for ready" TextField
    t =    41.24s Get all elements bound by index for: Descendants matching type ScrollView
    t =    41.32s Find the ScrollView (Element at index 0)
    t =    41.41s Find the Target Application 'com.zacrotech.NeuroForge'
    t =    41.48s Checking existence of `Keyboard (First Match)`
    t =    41.49s Find the Keyboard (First Match)
    t =    41.51s Find the ScrollView at {{0.0, 154.5}, {375.0, 512.5}}
    t =    41.60s Find the ScrollView at {{0.0, 154.5}, {375.0, 512.5}}
    t =    41.68s Checking existence of `"code-trace-start" Button`
    t =    41.81s Find the "code-trace-start" Button
    t =    41.93s Checking existence of `"session-submit" Any`
    t =    42.07s Find the "session-submit" Any
    t =    42.21s Find the "session-submit" Button
    t =    42.35s Checking existence of `"session-next" Any`
    t =    42.48s Checking existence of `"code-trace-start" Button`
    t =    42.61s Find the "code-trace-start" Button
    t =    42.75s Find the "code-trace-start" Button
    t =    42.88s Find the "code-trace-start" Button
    t =    43.01s Find the "code-trace-start" Button
    t =    43.14s Tap "code-trace-start" Button
    t =    43.14s     Wait for com.zacrotech.NeuroForge to idle
    t =    43.15s     Find the "code-trace-start" Button
    t =    43.28s     Check for interrupting elements affecting "code-trace-start" Button
    t =    43.43s     Synthesize event
    t =    43.74s     Wait for com.zacrotech.NeuroForge to idle
    t =    44.06s Waiting 5.0s for "code-trace-state" Any to exist
    t =    45.06s     Checking `Expect predicate `existsNoRetry == 1` for object "code-trace-state" Any`
    t =    45.07s         Checking existence of `"code-trace-state" Any`
    t =    45.40s Get all elements bound by index for: Descendants matching type ScrollView
    t =    45.49s Find the ScrollView (Element at index 0)
    t =    45.60s Find the Target Application 'com.zacrotech.NeuroForge'
    t =    45.67s Checking existence of `Keyboard (First Match)`
    t =    45.81s Find the ScrollView at {{0.0, 154.5}, {375.0, 512.5}}
    t =    45.90s Find the ScrollView at {{0.0, 154.5}, {375.0, 512.5}}
    t =    45.99s Checking existence of `"code-trace-state" Any`
    t =    46.12s Find the "code-trace-state" Any
    t =    46.26s Checking existence of `"session-submit" Any`
    t =    46.40s Find the "session-submit" Any
    t =    46.57s Find the "session-submit" Button
    t =    46.72s Checking existence of `"session-next" Any`
    t =    46.86s Checking existence of `"code-trace-state" Other`
    t =    47.01s Find the "code-trace-state" Other
    t =    47.18s Checking existence of `"code-trace-state" Other`
    t =    47.32s Find the "code-trace-state" Other
    t =    47.47s Find the ScrollView at {{0.0, 154.5}, {375.0, 512.5}}
    t =    47.55s Checking existence of `"code-trace-state" Other`
    t =    47.68s Find the "code-trace-state" Other
    t =    47.81s Press Target Application 'com.zacrotech.NeuroForge'[0.00, 0.00] -> (187.5, 248.5) for 0.1 seconds, then drag to Target Application 'com.zacrotech.NeuroForge'[0.00, 0.00] -> (187.5, 438.5) with velocity of 250.00 pixels per second, and then hold for 0.2 seconds 
    t =    47.82s     Wait for com.zacrotech.NeuroForge to idle
    t =    47.82s     Find the Target Application 'com.zacrotech.NeuroForge'
    t =    47.89s     Check for interrupting elements affecting "NeuroForge" Application
    t =    47.99s     Synthesize event
    t =    47.99s         Find the Target Application 'com.zacrotech.NeuroForge'
    t =    48.06s         Find the Target Application 'com.zacrotech.NeuroForge'
    t =    48.13s         Find the Target Application 'com.zacrotech.NeuroForge'
    t =    48.21s         Find the Target Application 'com.zacrotech.NeuroForge'
    t =    48.28s         Find the Target Application 'com.zacrotech.NeuroForge'
    t =    49.63s     Wait for com.zacrotech.NeuroForge to idle
    t =    49.64s Get all elements bound by index for: Descendants matching type ScrollView
    t =    49.73s Find the ScrollView (Element at index 0)
    t =    49.82s Find the Target Application 'com.zacrotech.NeuroForge'
    t =    49.90s Checking existence of `Keyboard (First Match)`
    t =    50.03s Find the ScrollView at {{0.0, 154.5}, {375.0, 512.5}}
    t =    50.12s Find the ScrollView at {{0.0, 154.5}, {375.0, 512.5}}
    t =    50.19s Checking existence of `"code-trace-state" Other`
    t =    50.32s Find the "code-trace-state" Other
    t =    50.44s Checking existence of `"session-submit" Any`
    t =    50.58s Find the "session-submit" Any
    t =    50.74s Find the "session-submit" Button
    t =    50.89s Checking existence of `"session-next" Any`
    t =    51.02s Checking existence of `"code-trace-state" Other`
    t =    51.14s Find the "code-trace-state" Other
    t =    51.29s Find the "code-trace-state" Other
    t =    51.42s Checking existence of `"code-trace-state" Other`
    t =    51.59s Find the "code-trace-state" Other
    t =    51.75s Find the ScrollView at {{0.0, 154.5}, {375.0, 512.5}}
    t =    51.84s Checking existence of `"code-trace-state" Other`
    t =    51.96s Find the "code-trace-state" Other
    t =    52.11s Press Target Application 'com.zacrotech.NeuroForge'[0.00, 0.00] -> (187.5, 248.5) for 0.1 seconds, then drag to Target Application 'com.zacrotech.NeuroForge'[0.00, 0.00] -> (187.5, 282.5) with velocity of 250.00 pixels per second, and then hold for 0.2 seconds 
    t =    52.11s     Wait for com.zacrotech.NeuroForge to idle
    t =    52.11s     Find the Target Application 'com.zacrotech.NeuroForge'
    t =    52.18s     Check for interrupting elements affecting "NeuroForge" Application
    t =    52.32s     Synthesize event
    t =    52.32s         Find the Target Application 'com.zacrotech.NeuroForge'
    t =    52.41s         Find the Target Application 'com.zacrotech.NeuroForge'
    t =    52.48s         Find the Target Application 'com.zacrotech.NeuroForge'
    t =    52.55s         Find the Target Application 'com.zacrotech.NeuroForge'
    t =    52.62s         Find the Target Application 'com.zacrotech.NeuroForge'
    t =    53.38s     Wait for com.zacrotech.NeuroForge to idle
    t =    53.38s Get all elements bound by index for: Descendants matching type ScrollView
    t =    53.59s Find the ScrollView (Element at index 0)
    t =    53.71s Find the Target Application 'com.zacrotech.NeuroForge'
    t =    53.78s Checking existence of `Keyboard (First Match)`
    t =    53.92s Find the ScrollView at {{0.0, 154.5}, {375.0, 512.5}}
    t =    54.00s Find the ScrollView at {{0.0, 154.5}, {375.0, 512.5}}
    t =    54.08s Checking existence of `"code-trace-state" Other`
    t =    54.22s Find the "code-trace-state" Other
    t =    54.37s Checking existence of `"session-submit" Any`
    t =    54.52s Find the "session-submit" Any
    t =    54.66s Find the "session-submit" Button
    t =    54.79s Checking existence of `"session-next" Any`
    t =    54.92s Checking existence of `"code-trace-state" Other`
    t =    55.04s Find the "code-trace-state" Other
    t =    55.18s Find the "code-trace-state" Other
    t =    55.31s Checking existence of `"code-trace-state" Other`
    t =    55.44s Find the "code-trace-state" Other
    t =    55.59s Find the ScrollView at {{0.0, 154.5}, {375.0, 512.5}}
    t =    55.67s Checking existence of `"code-trace-state" Other`
    t =    55.80s Find the "code-trace-state" Other
    t =    55.94s Press Target Application 'com.zacrotech.NeuroForge'[0.00, 0.00] -> (187.5, 248.5) for 0.1 seconds, then drag to Target Application 'com.zacrotech.NeuroForge'[0.00, 0.00] -> (187.5, 264.5) with velocity of 250.00 pixels per second, and then hold for 0.2 seconds 
    t =    55.94s     Wait for com.zacrotech.NeuroForge to idle
    t =    55.94s     Find the Target Application 'com.zacrotech.NeuroForge'
    t =    56.02s     Check for interrupting elements affecting "NeuroForge" Application
    t =    56.11s     Synthesize event
    t =    56.11s         Find the Target Application 'com.zacrotech.NeuroForge'
    t =    56.18s         Find the Target Application 'com.zacrotech.NeuroForge'
    t =    56.26s         Find the Target Application 'com.zacrotech.NeuroForge'
    t =    56.34s         Find the Target Application 'com.zacrotech.NeuroForge'
    t =    56.41s         Find the Target Application 'com.zacrotech.NeuroForge'
    t =    57.07s     Wait for com.zacrotech.NeuroForge to idle
    t =    58.53s Get all elements bound by index for: Descendants matching type ScrollView
    t =    58.64s Find the ScrollView (Element at index 0)
    t =    58.73s Find the Target Application 'com.zacrotech.NeuroForge'
    t =    58.80s Checking existence of `Keyboard (First Match)`
    t =    58.94s Find the ScrollView at {{0.0, 154.5}, {375.0, 512.5}}
    t =    59.02s Find the ScrollView at {{0.0, 154.5}, {375.0, 512.5}}
    t =    59.10s Checking existence of `"code-trace-state" Other`
    t =    59.23s Find the "code-trace-state" Other
    t =    59.36s Checking existence of `"session-submit" Any`
    t =    59.49s Find the "session-submit" Any
    t =    59.64s Find the "session-submit" Button
    t =    59.77s Checking existence of `"session-next" Any`
    t =    59.91s Checking existence of `"code-trace-state" Other`
    t =    60.04s Find the "code-trace-state" Other
    t =    60.20s Find the "code-trace-state" Other
    t =    60.36s Find the "code-trace-state" Other
    t =    60.51s Checking existence of `"Execution inspection is recorded as support. Your first prediction stays saved." StaticText`
    t =    60.63s Get all elements bound by index for: Descendants matching type ScrollView
    t =    60.71s Find the ScrollView (Element at index 0)
    t =    60.80s Find the Target Application 'com.zacrotech.NeuroForge'
    t =    60.87s Checking existence of `Keyboard (First Match)`
    t =    61.00s Find the ScrollView at {{0.0, 154.5}, {375.0, 512.5}}
    t =    61.08s Find the ScrollView at {{0.0, 154.5}, {375.0, 512.5}}
    t =    61.15s Checking existence of `"code-trace-reset" Button`
    t =    61.28s Find the "code-trace-reset" Button
    t =    61.41s Checking existence of `"session-submit" Any`
    t =    61.54s Find the "session-submit" Any
    t =    61.67s Find the "session-submit" Button
    t =    61.79s Checking existence of `"session-next" Any`
    t =    61.93s Checking existence of `"code-trace-reset" Button`
    t =    62.05s Find the "code-trace-reset" Button
    t =    62.19s Find the "code-trace-reset" Button
    t =    62.32s Find the "code-trace-reset" Button
    t =    62.45s Checking existence of `"code-trace-reset" Button`
    t =    62.58s Find the "code-trace-reset" Button
    t =    62.72s Find the ScrollView at {{0.0, 154.5}, {375.0, 512.5}}
    t =    62.81s Checking existence of `"code-trace-reset" Button`
    t =    62.97s Find the "code-trace-reset" Button
    t =    63.10s Press Target Application 'com.zacrotech.NeuroForge'[0.00, 0.00] -> (187.5, 506.5) for 0.1 seconds, then drag to Target Application 'com.zacrotech.NeuroForge'[0.00, 0.00] -> (187.5, 392.0) with velocity of 250.00 pixels per second, and then hold for 0.2 seconds 
    t =    63.10s     Wait for com.zacrotech.NeuroForge to idle
    t =    63.10s     Find the Target Application 'com.zacrotech.NeuroForge'
    t =    63.17s     Check for interrupting elements affecting "NeuroForge" Application
    t =    63.25s     Synthesize event
    t =    63.26s         Find the Target Application 'com.zacrotech.NeuroForge'
    t =    63.33s         Find the Target Application 'com.zacrotech.NeuroForge'
    t =    63.40s         Find the Target Application 'com.zacrotech.NeuroForge'
    t =    63.47s         Find the Target Application 'com.zacrotech.NeuroForge'
    t =    63.54s         Find the Target Application 'com.zacrotech.NeuroForge'
    t =    64.59s     Wait for com.zacrotech.NeuroForge to idle
    t =    64.59s Get all elements bound by index for: Descendants matching type ScrollView
    t =    64.68s Find the ScrollView (Element at index 0)
    t =    64.78s Find the Target Application 'com.zacrotech.NeuroForge'
    t =    64.85s Checking existence of `Keyboard (First Match)`
    t =    64.99s Find the ScrollView at {{0.0, 154.5}, {375.0, 512.5}}
    t =    65.07s Find the ScrollView at {{0.0, 154.5}, {375.0, 512.5}}
    t =    65.15s Checking existence of `"code-trace-reset" Button`
    t =    65.32s Find the "code-trace-reset" Button
    t =    65.45s Checking existence of `"session-submit" Any`
    t =    65.60s Find the "session-submit" Any
    t =    65.75s Find the "session-submit" Button
    t =    65.89s Checking existence of `"session-next" Any`
    t =    66.02s Checking existence of `"code-trace-reset" Button`
    t =    66.15s Find the "code-trace-reset" Button
    t =    66.30s Find the "code-trace-reset" Button
    t =    66.43s Find the "code-trace-reset" Button
    t =    66.56s Checking existence of `"code-trace-reset" Button`
    t =    66.69s Find the "code-trace-reset" Button
    t =    66.83s Find the ScrollView at {{0.0, 154.5}, {375.0, 512.5}}
    t =    66.91s Checking existence of `"code-trace-reset" Button`
    t =    67.03s Find the "code-trace-reset" Button
    t =    67.15s Press Target Application 'com.zacrotech.NeuroForge'[0.00, 0.00] -> (187.5, 506.5) for 0.1 seconds, then drag to Target Application 'com.zacrotech.NeuroForge'[0.00, 0.00] -> (187.5, 490.5) with velocity of 250.00 pixels per second, and then hold for 0.2 seconds 
    t =    67.15s     Wait for com.zacrotech.NeuroForge to idle
    t =    67.15s     Find the Target Application 'com.zacrotech.NeuroForge'
    t =    67.22s     Check for interrupting elements affecting "NeuroForge" Application
    t =    67.30s     Synthesize event
    t =    67.30s         Find the Target Application 'com.zacrotech.NeuroForge'
    t =    67.37s         Find the Target Application 'com.zacrotech.NeuroForge'
    t =    67.44s         Find the Target Application 'com.zacrotech.NeuroForge'
    t =    67.51s         Find the Target Application 'com.zacrotech.NeuroForge'
    t =    67.58s         Find the Target Application 'com.zacrotech.NeuroForge'
    t =    68.22s     Wait for com.zacrotech.NeuroForge to idle
    t =    69.33s Get all elements bound by index for: Descendants matching type ScrollView
    t =    69.42s Find the ScrollView (Element at index 0)
    t =    69.50s Find the Target Application 'com.zacrotech.NeuroForge'
    t =    69.57s Checking existence of `Keyboard (First Match)`
    t =    69.70s Find the ScrollView at {{0.0, 154.5}, {375.0, 512.5}}
    t =    69.79s Find the ScrollView at {{0.0, 154.5}, {375.0, 512.5}}
    t =    69.88s Checking existence of `"code-trace-reset" Button`
    t =    70.00s Find the "code-trace-reset" Button
    t =    70.13s Checking existence of `"session-submit" Any`
    t =    70.27s Find the "session-submit" Any
    t =    70.40s Find the "session-submit" Button
    t =    70.53s Checking existence of `"session-next" Any`
    t =    70.67s Checking existence of `"code-trace-reset" Button`
    t =    70.81s Find the "code-trace-reset" Button
    t =    70.96s Find the "code-trace-reset" Button
    t =    71.13s Find the "code-trace-reset" Button
    t =    71.28s Find the "code-trace-reset" Button
    t =    71.42s Tap "code-trace-reset" Button
    t =    71.42s     Wait for com.zacrotech.NeuroForge to idle
    t =    71.42s     Find the "code-trace-reset" Button
    t =    71.60s     Check for interrupting elements affecting "code-trace-reset" Button
    t =    71.72s     Synthesize event
    t =    72.03s     Wait for com.zacrotech.NeuroForge to idle
    t =    72.58s Checking existence of `"Original starting state" StaticText`
    t =    72.73s Find the "Response for count" TextField
    t =    72.86s Find the "Response for ready" TextField
    t =    73.00s Find the Target Application 'com.zacrotech.NeuroForge'
    t =    73.32s Added attachment named 'state-trace-saved-prediction-original-input-reset'
    t =    73.32s Get all elements bound by index for: Descendants matching type TextField
    t =    73.39s Find the TextField (Element at index 0)
    t =    73.47s Find the "Response for count" TextField
    t =    73.55s Find the "Response for count" TextField
    t =    73.63s Find the TextField (Element at index 1)
    t =    73.71s Find the "Response for ready" TextField
    t =    73.79s Find the "Response for ready" TextField
    t =    73.86s Get all elements bound by index for: Descendants matching type TextView
    t =    73.94s Waiting 8.0s for "session-submit" Any to exist
    t =    74.98s     Checking `Expect predicate `existsNoRetry == 1` for object "session-submit" Any`
    t =    74.99s         Checking existence of `"session-submit" Any`
    t =    75.12s Get all elements bound by index for: Descendants matching type ScrollView
    t =    75.19s Find the ScrollView (Element at index 0)
    t =    75.28s Find the Target Application 'com.zacrotech.NeuroForge'
    t =    75.34s Checking existence of `Keyboard (First Match)`
    t =    75.47s Find the ScrollView at {{0.0, 154.5}, {375.0, 512.5}}
    t =    75.54s Find the ScrollView at {{0.0, 154.5}, {375.0, 512.5}}
    t =    75.62s Checking existence of `"session-submit" Any`
    t =    75.75s Find the "session-submit" Any
    t =    75.88s Checking existence of `"session-submit" Button`
    t =    76.02s Find the "session-submit" Button
    t =    76.15s Find the "session-submit" Button
    t =    76.29s Find the "session-submit" Button
    t =    77.44s Checking `Expect predicate `enabled == 1` for object "session-submit" Button`
    t =    77.44s     Find the "session-submit" Button
    t =    77.60s Tap "session-submit" Button
    t =    77.60s     Wait for com.zacrotech.NeuroForge to idle
    t =    77.60s     Find the "session-submit" Button
    t =    77.73s     Check for interrupting elements affecting "session-submit" Button
    t =    77.82s     Synthesize event
    t =    78.12s     Wait for com.zacrotech.NeuroForge to idle
    t =    78.32s Waiting 8.0s for "session-next" Any to exist
    t =    79.34s     Checking `Expect predicate `existsNoRetry == 1` for object "session-next" Any`
    t =    79.34s         Checking existence of `"session-next" Any`
    t =    79.49s Find the "session-position" ProgressIndicator
    t =    79.61s Find the "session-prompt" Any
    t =    79.73s Checking existence of `"Your answer" StaticText`
    t =    79.86s Checking existence of `TextField (First Match)`
/Users/takamimarsh/Developer/Projects/Zacro Tech/NeuroForge/UITests/NavigationSmokeUITests.swift:929: error: -[NeuroForgeUITests.NavigationSmokeUITests testLogicStateInputsAndInvariantShowFeedbackAndAdvance] : XCTAssertTrue failed - The submitted response surface remains available with feedback.
    t =    80.00s Tear Down
Test Case '-[NeuroForgeUITests.NavigationSmokeUITests testLogicStateInputsAndInvariantShowFeedbackAndAdvance]' failed (80.316 seconds).
Test Case '-[NeuroForgeUITests.NavigationSmokeUITests testQuantitativeNumberAndUnitShowFeedbackAndAdvance]' started.
    t =     0.00s Start Test at 2026-09-05 12:35:08.858
    t =     0.04s Set Up
    t =     0.04s Open com.zacrotech.NeuroForge
    t =     0.04s     Launch com.zacrotech.NeuroForge
    t =     0.04s         Terminate com.zacrotech.NeuroForge:53838
2026-09-05 12:35:09.966 xcodebuild[53576:4893454] [MT] IDELaunchParametersSnapshot: The operation couldn’t be completed. (DebuggerLLDB.DebuggerVersionStore.StoreError error 0.)
2026-09-05 12:35:09.966 xcodebuild[53576:4893454] [MT] IDELaunchParametersSnapshot: no debugger version
    t =     1.53s         Setting up automation session
    t =     2.86s         Wait for com.zacrotech.NeuroForge to idle
    t =     6.86s Waiting 15.0s for "universal-session" Any to exist
    t =     7.88s     Checking `Expect predicate `existsNoRetry == 1` for object "universal-session" Any`
    t =     7.88s         Checking existence of `"universal-session" Any`
    t =     8.30s Waiting 3.0s for "session-resume" Any to exist
    t =     9.31s     Checking `Expect predicate `existsNoRetry == 1` for object "session-resume" Any`
    t =     9.31s         Checking existence of `"session-resume" Any`
    t =     9.43s         Capturing element debug description
    t =    10.34s     Checking `Expect predicate `existsNoRetry == 1` for object "session-resume" Any`
    t =    10.34s         Checking existence of `"session-resume" Any`
    t =    10.46s         Capturing element debug description
    t =    11.31s     Checking `Expect predicate `existsNoRetry == 1` for object "session-resume" Any`
    t =    11.31s         Checking existence of `"session-resume" Any`
    t =    11.41s         Capturing element debug description
    t =    11.41s     Checking existence of `"session-resume" Any`
    t =    11.52s Collecting debug information to assist test failure triage
    t =    11.52s     Requesting snapshot of accessibility hierarchy for app with pid 54251
    t =    11.65s Waiting 8.0s for "session-position" Any to exist
    t =    12.65s     Checking `Expect predicate `existsNoRetry == 1` for object "session-position" Any`
    t =    12.66s         Checking existence of `"session-position" Any`
    t =    12.76s Find the "session-position" Any
    t =    12.86s Waiting 8.0s for "session-prompt" Any to exist
    t =    13.87s     Checking `Expect predicate `existsNoRetry == 1` for object "session-prompt" Any`
    t =    13.87s         Checking existence of `"session-prompt" Any`
    t =    14.01s Find the "session-prompt" Any
    t =    14.11s Waiting 8.0s for "session-numeric-answer" Any to exist
    t =    15.12s     Checking `Expect predicate `existsNoRetry == 1` for object "session-numeric-answer" Any`
    t =    15.13s         Checking existence of `"session-numeric-answer" Any`
    t =    15.24s Checking existence of `"session-numeric-answer" Any`
    t =    15.35s Find the "session-numeric-answer" Any
    t =    15.49s Get all elements bound by index for: Descendants matching type ScrollView
    t =    15.55s Find the ScrollView (Element at index 0)
    t =    15.63s Swipe up ScrollView at {{0.0, 154.5}, {375.0, 512.5}}
    t =    15.63s     Wait for com.zacrotech.NeuroForge to idle
    t =    15.63s     Find the ScrollView at {{0.0, 154.5}, {375.0, 512.5}}
    t =    15.69s     Check for interrupting elements affecting ScrollView
    t =    15.78s     Synthesize event
    t =    16.23s     Wait for com.zacrotech.NeuroForge to idle
    t =    18.35s Checking existence of `"session-numeric-answer" TextField`
    t =    18.49s Find the "session-numeric-answer" TextField
    t =    18.61s Find the "session-numeric-answer" TextField
    t =    18.73s Tap "session-numeric-answer" TextField
    t =    18.73s     Wait for com.zacrotech.NeuroForge to idle
    t =    18.73s     Find the "session-numeric-answer" TextField
    t =    18.84s     Check for interrupting elements affecting "session-numeric-answer" TextField
    t =    18.92s     Synthesize event
    t =    19.22s     Wait for com.zacrotech.NeuroForge to idle
    t =    20.64s Find the "session-numeric-answer" TextField
    t =    20.82s Type '67.2' into "session-numeric-answer" TextField
    t =    20.82s     Wait for com.zacrotech.NeuroForge to idle
    t =    21.78s     Find the "session-numeric-answer" TextField
    t =    21.89s     Check for interrupting elements affecting "session-numeric-answer" TextField
    t =    22.01s     Synthesize event
    t =    22.29s     Wait for com.zacrotech.NeuroForge to idle
    t =    23.30s Checking `Expect predicate `value == "67.2"` for object "session-numeric-answer" TextField`
    t =    23.31s     Find the "session-numeric-answer" TextField
    t =    23.44s Checking existence of `"session-submit" Any`
    t =    23.55s Find the "session-submit" Any
    t =    23.66s Get all elements bound by index for: Descendants matching type ScrollView
    t =    23.73s Find the ScrollView (Element at index 0)
    t =    23.80s Find the Target Application 'com.zacrotech.NeuroForge'
    t =    23.86s Checking existence of `Keyboard (First Match)`
    t =    23.87s Find the Keyboard (First Match)
    t =    23.89s Find the ScrollView at {{0.0, 154.5}, {375.0, 512.5}}
    t =    23.96s Find the ScrollView at {{0.0, 154.5}, {375.0, 512.5}}
    t =    24.02s Checking existence of `"session-data-inspection" Button`
    t =    24.13s Find the "session-data-inspection" Button
    t =    24.23s Checking existence of `"session-submit" Any`
    t =    24.33s Find the "session-submit" Any
    t =    24.44s Find the "session-submit" Button
    t =    24.56s Checking existence of `"session-next" Any`
    t =    24.68s Checking existence of `"session-data-inspection" Button`
    t =    24.78s Find the "session-data-inspection" Button
    t =    24.88s Checking existence of `"session-data-inspection" Button`
    t =    24.98s Find the "session-data-inspection" Button
    t =    25.09s Find the ScrollView at {{0.0, 154.5}, {375.0, 512.5}}
    t =    25.16s Checking existence of `"session-data-inspection" Button`
    t =    25.26s Find the "session-data-inspection" Button
    t =    25.36s Press Target Application 'com.zacrotech.NeuroForge'[0.00, 0.00] -> (187.5, 201.9) for 0.1 seconds, then drag to Target Application 'com.zacrotech.NeuroForge'[0.00, 0.00] -> (187.5, 320.1) with velocity of 250.00 pixels per second, and then hold for 0.2 seconds 
    t =    25.36s     Wait for com.zacrotech.NeuroForge to idle
    t =    25.36s     Find the Target Application 'com.zacrotech.NeuroForge'
    t =    25.42s     Check for interrupting elements affecting "NeuroForge" Application
    t =    25.49s     Synthesize event
    t =    25.50s         Find the Target Application 'com.zacrotech.NeuroForge'
    t =    25.56s         Find the Target Application 'com.zacrotech.NeuroForge'
    t =    25.62s         Find the Target Application 'com.zacrotech.NeuroForge'
    t =    25.67s         Find the Target Application 'com.zacrotech.NeuroForge'
    t =    25.73s         Find the Target Application 'com.zacrotech.NeuroForge'
    t =    26.77s     Wait for com.zacrotech.NeuroForge to idle
    t =    26.78s Get all elements bound by index for: Descendants matching type ScrollView
    t =    26.86s Find the ScrollView (Element at index 0)
    t =    26.93s Find the Target Application 'com.zacrotech.NeuroForge'
    t =    26.99s Checking existence of `Keyboard (First Match)`
    t =    27.00s Find the Keyboard (First Match)
    t =    27.02s Find the ScrollView at {{0.0, 154.5}, {375.0, 512.5}}
    t =    27.09s Find the ScrollView at {{0.0, 154.5}, {375.0, 512.5}}
    t =    27.16s Checking existence of `"session-data-inspection" Button`
    t =    27.25s Find the "session-data-inspection" Button
    t =    27.35s Checking existence of `"session-submit" Any`
    t =    27.45s Find the "session-submit" Any
    t =    27.56s Find the "session-submit" Button
    t =    27.68s Checking existence of `"session-next" Any`
    t =    27.80s Checking existence of `"session-data-inspection" Button`
    t =    27.90s Find the "session-data-inspection" Button
    t =    28.02s Checking existence of `"session-data-inspection" Button`
    t =    28.13s Find the "session-data-inspection" Button
    t =    28.23s Find the ScrollView at {{0.0, 154.5}, {375.0, 512.5}}
    t =    28.30s Checking existence of `"session-data-inspection" Button`
    t =    28.40s Find the "session-data-inspection" Button
    t =    28.50s Press Target Application 'com.zacrotech.NeuroForge'[0.00, 0.00] -> (187.5, 201.9) for 0.1 seconds, then drag to Target Application 'com.zacrotech.NeuroForge'[0.00, 0.00] -> (187.5, 320.1) with velocity of 250.00 pixels per second, and then hold for 0.2 seconds 
    t =    28.50s     Wait for com.zacrotech.NeuroForge to idle
    t =    28.50s     Find the Target Application 'com.zacrotech.NeuroForge'
    t =    28.57s     Check for interrupting elements affecting "NeuroForge" Application
    t =    28.64s     Synthesize event
    t =    28.64s         Find the Target Application 'com.zacrotech.NeuroForge'
    t =    28.70s         Find the Target Application 'com.zacrotech.NeuroForge'
    t =    28.77s         Find the Target Application 'com.zacrotech.NeuroForge'
    t =    28.82s         Find the Target Application 'com.zacrotech.NeuroForge'
    t =    28.88s         Find the Target Application 'com.zacrotech.NeuroForge'
    t =    29.93s     Wait for com.zacrotech.NeuroForge to idle
    t =    29.94s Get all elements bound by index for: Descendants matching type ScrollView
    t =    30.02s Find the ScrollView (Element at index 0)
    t =    30.09s Find the Target Application 'com.zacrotech.NeuroForge'
    t =    30.15s Checking existence of `Keyboard (First Match)`
    t =    30.16s Find the Keyboard (First Match)
    t =    30.18s Find the ScrollView at {{0.0, 154.5}, {375.0, 512.5}}
    t =    30.25s Find the ScrollView at {{0.0, 154.5}, {375.0, 512.5}}
    t =    30.32s Checking existence of `"session-data-inspection" Button`
    t =    30.42s Find the "session-data-inspection" Button
    t =    30.54s Checking existence of `"session-submit" Any`
    t =    30.65s Find the "session-submit" Any
    t =    30.76s Find the "session-submit" Button
    t =    30.87s Checking existence of `"session-next" Any`
    t =    30.98s Checking existence of `"session-data-inspection" Button`
    t =    31.08s Find the "session-data-inspection" Button
    t =    31.19s Checking existence of `"session-data-inspection" Button`
    t =    31.28s Find the "session-data-inspection" Button
    t =    31.39s Find the ScrollView at {{0.0, 154.5}, {375.0, 512.5}}
    t =    31.46s Checking existence of `"session-data-inspection" Button`
    t =    31.55s Find the "session-data-inspection" Button
    t =    31.66s Press Target Application 'com.zacrotech.NeuroForge'[0.00, 0.00] -> (187.5, 201.9) for 0.1 seconds, then drag to Target Application 'com.zacrotech.NeuroForge'[0.00, 0.00] -> (187.5, 320.1) with velocity of 250.00 pixels per second, and then hold for 0.2 seconds 
    t =    31.66s     Wait for com.zacrotech.NeuroForge to idle
    t =    31.66s     Find the Target Application 'com.zacrotech.NeuroForge'
    t =    31.72s     Check for interrupting elements affecting "NeuroForge" Application
    t =    31.79s     Synthesize event
    t =    31.79s         Find the Target Application 'com.zacrotech.NeuroForge'
    t =    31.85s         Find the Target Application 'com.zacrotech.NeuroForge'
    t =    31.91s         Find the Target Application 'com.zacrotech.NeuroForge'
    t =    31.96s         Find the Target Application 'com.zacrotech.NeuroForge'
    t =    32.01s         Find the Target Application 'com.zacrotech.NeuroForge'
    t =    33.05s     Wait for com.zacrotech.NeuroForge to idle
    t =    33.06s Get all elements bound by index for: Descendants matching type ScrollView
    t =    33.14s Find the ScrollView (Element at index 0)
    t =    33.21s Find the Target Application 'com.zacrotech.NeuroForge'
    t =    33.26s Checking existence of `Keyboard (First Match)`
    t =    33.27s Find the Keyboard (First Match)
    t =    33.29s Find the ScrollView at {{0.0, 154.5}, {375.0, 512.5}}
    t =    33.36s Find the ScrollView at {{0.0, 154.5}, {375.0, 512.5}}
    t =    33.46s Checking existence of `"session-data-inspection" Button`
    t =    33.56s Find the "session-data-inspection" Button
    t =    33.66s Checking existence of `"session-submit" Any`
    t =    33.77s Find the "session-submit" Any
    t =    33.89s Find the "session-submit" Button
    t =    34.00s Checking existence of `"session-next" Any`
    t =    34.10s Checking existence of `"session-data-inspection" Button`
    t =    34.20s Find the "session-data-inspection" Button
    t =    34.31s Checking existence of `"session-data-inspection" Button`
    t =    34.42s Find the "session-data-inspection" Button
    t =    34.53s Find the ScrollView at {{0.0, 154.5}, {375.0, 512.5}}
    t =    34.60s Checking existence of `"session-data-inspection" Button`
    t =    34.72s Find the "session-data-inspection" Button
    t =    34.82s Press Target Application 'com.zacrotech.NeuroForge'[0.00, 0.00] -> (187.5, 201.9) for 0.1 seconds, then drag to Target Application 'com.zacrotech.NeuroForge'[0.00, 0.00] -> (187.5, 318.9) with velocity of 250.00 pixels per second, and then hold for 0.2 seconds 
    t =    34.82s     Wait for com.zacrotech.NeuroForge to idle
    t =    34.82s     Find the Target Application 'com.zacrotech.NeuroForge'
    t =    34.89s     Check for interrupting elements affecting "NeuroForge" Application
    t =    34.96s     Synthesize event
    t =    34.96s         Find the Target Application 'com.zacrotech.NeuroForge'
    t =    35.02s         Find the Target Application 'com.zacrotech.NeuroForge'
    t =    35.08s         Find the Target Application 'com.zacrotech.NeuroForge'
    t =    35.14s         Find the Target Application 'com.zacrotech.NeuroForge'
    t =    35.20s         Find the Target Application 'com.zacrotech.NeuroForge'
    t =    36.25s     Wait for com.zacrotech.NeuroForge to idle
    t =    36.25s Get all elements bound by index for: Descendants matching type ScrollView
    t =    36.33s Find the ScrollView (Element at index 0)
    t =    36.41s Find the Target Application 'com.zacrotech.NeuroForge'
    t =    36.47s Checking existence of `Keyboard (First Match)`
    t =    36.48s Find the Keyboard (First Match)
    t =    36.50s Find the ScrollView at {{0.0, 154.5}, {375.0, 512.5}}
    t =    36.56s Find the ScrollView at {{0.0, 154.5}, {375.0, 512.5}}
    t =    36.63s Checking existence of `"session-data-inspection" Button`
    t =    36.73s Find the "session-data-inspection" Button
    t =    36.85s Checking existence of `"session-submit" Any`
    t =    36.96s Find the "session-submit" Any
    t =    37.08s Find the "session-submit" Button
    t =    37.19s Checking existence of `"session-next" Any`
    t =    37.30s Checking existence of `"session-data-inspection" Button`
    t =    37.39s Find the "session-data-inspection" Button
    t =    37.51s Find the "session-data-inspection" Button
    t =    37.62s Checking existence of `"session-data-inspection" Button`
    t =    37.72s Find the "session-data-inspection" Button
    t =    37.84s Find the ScrollView at {{0.0, 154.5}, {375.0, 512.5}}
    t =    37.91s Checking existence of `"session-data-inspection" Button`
    t =    38.02s Find the "session-data-inspection" Button
    t =    38.16s Press Target Application 'com.zacrotech.NeuroForge'[0.00, 0.00] -> (187.5, 201.9) for 0.1 seconds, then drag to Target Application 'com.zacrotech.NeuroForge'[0.00, 0.00] -> (187.5, 217.9) with velocity of 250.00 pixels per second, and then hold for 0.2 seconds 
    t =    38.16s     Wait for com.zacrotech.NeuroForge to idle
    t =    38.17s     Find the Target Application 'com.zacrotech.NeuroForge'
    t =    38.24s     Check for interrupting elements affecting "NeuroForge" Application
    t =    38.33s     Synthesize event
    t =    38.33s         Find the Target Application 'com.zacrotech.NeuroForge'
    t =    38.39s         Find the Target Application 'com.zacrotech.NeuroForge'
    t =    38.45s         Find the Target Application 'com.zacrotech.NeuroForge'
    t =    38.52s         Find the Target Application 'com.zacrotech.NeuroForge'
    t =    38.59s         Find the Target Application 'com.zacrotech.NeuroForge'
    t =    39.22s     Wait for com.zacrotech.NeuroForge to idle
    t =    40.68s Get all elements bound by index for: Descendants matching type ScrollView
    t =    40.76s Find the ScrollView (Element at index 0)
    t =    40.84s Find the Target Application 'com.zacrotech.NeuroForge'
    t =    40.90s Checking existence of `Keyboard (First Match)`
    t =    40.92s Find the Keyboard (First Match)
    t =    40.94s Find the ScrollView at {{0.0, 154.5}, {375.0, 512.5}}
    t =    41.01s Find the ScrollView at {{0.0, 154.5}, {375.0, 512.5}}
    t =    41.07s Checking existence of `"session-data-inspection" Button`
    t =    41.20s Find the "session-data-inspection" Button
    t =    41.30s Checking existence of `"session-submit" Any`
    t =    41.40s Find the "session-submit" Any
    t =    41.60s Find the "session-submit" Button
    t =    41.75s Checking existence of `"session-next" Any`
    t =    41.87s Checking existence of `"session-data-inspection" Button`
    t =    41.98s Find the "session-data-inspection" Button
    t =    42.10s Find the "session-data-inspection" Button
    t =    42.21s Find the "session-data-inspection" Button
    t =    42.32s Tap "session-data-inspection" Button
    t =    42.32s     Wait for com.zacrotech.NeuroForge to idle
    t =    42.32s     Find the "session-data-inspection" Button
    t =    42.42s     Check for interrupting elements affecting "session-data-inspection" Button
    t =    42.54s     Synthesize event
    t =    42.84s     Wait for com.zacrotech.NeuroForge to idle
    t =    43.78s Waiting 5.0s for "Does not meet" Button to exist
    t =    44.81s     Checking `Expect predicate `existsNoRetry == 1` for object "Does not meet" Button`
    t =    44.82s         Checking existence of `"Does not meet" Button`
    t =    44.97s Find the "Does not meet" Button
    t =    45.10s Tap "Does not meet" Button
    t =    45.10s     Wait for com.zacrotech.NeuroForge to idle
    t =    45.11s     Find the "Does not meet" Button
    t =    45.22s     Check for interrupting elements affecting "Does not meet" Button
    t =    45.30s     Synthesize event
    t =    45.60s     Wait for com.zacrotech.NeuroForge to idle
    t =    47.25s Waiting 5.0s for "session-data-inspected-point" Any to exist
    t =    48.27s     Checking `Expect predicate `existsNoRetry == 1` for object "session-data-inspected-point" Any`
    t =    48.27s         Checking existence of `"session-data-inspected-point" Any`
    t =    48.41s Find the "session-data-inspected-point" Any
    t =    48.53s Find the "session-data-inspected-point" StaticText
    t =    48.65s Get all elements bound by index for: Descendants matching type ScrollView
    t =    48.72s Find the ScrollView (Element at index 0)
    t =    48.79s Find the Target Application 'com.zacrotech.NeuroForge'
    t =    48.86s Checking existence of `Keyboard (First Match)`
    t =    48.88s Find the Keyboard (First Match)
    t =    48.90s Find the ScrollView at {{0.0, 154.5}, {375.0, 512.5}}
    t =    48.97s Find the ScrollView at {{0.0, 154.5}, {375.0, 512.5}}
    t =    49.04s Checking existence of `"session-data-table" Button`
    t =    49.15s Find the "session-data-table" Button
    t =    49.28s Checking existence of `"session-submit" Any`
    t =    49.40s Find the "session-submit" Any
    t =    49.52s Find the "session-submit" Button
    t =    49.65s Checking existence of `"session-next" Any`
    t =    49.77s Checking existence of `"session-data-table" Button`
    t =    49.88s Find the "session-data-table" Button
    t =    49.99s Checking existence of `"session-data-table" Button`
    t =    50.10s Find the "session-data-table" Button
    t =    50.22s Find the ScrollView at {{0.0, 154.5}, {375.0, 512.5}}
    t =    50.30s Checking existence of `"session-data-table" Button`
    t =    50.41s Find the "session-data-table" Button
    t =    50.52s Press Target Application 'com.zacrotech.NeuroForge'[0.00, 0.00] -> (187.5, 201.9) for 0.1 seconds, then drag to Target Application 'com.zacrotech.NeuroForge'[0.00, 0.00] -> (187.5, 320.1) with velocity of 250.00 pixels per second, and then hold for 0.2 seconds 
    t =    50.52s     Wait for com.zacrotech.NeuroForge to idle
    t =    50.52s     Find the Target Application 'com.zacrotech.NeuroForge'
    t =    50.58s     Check for interrupting elements affecting "NeuroForge" Application
    t =    50.67s     Synthesize event
    t =    50.67s         Find the Target Application 'com.zacrotech.NeuroForge'
    t =    50.73s         Find the Target Application 'com.zacrotech.NeuroForge'
    t =    50.80s         Find the Target Application 'com.zacrotech.NeuroForge'
    t =    50.86s         Find the Target Application 'com.zacrotech.NeuroForge'
    t =    50.92s         Find the Target Application 'com.zacrotech.NeuroForge'
    t =    51.97s     Wait for com.zacrotech.NeuroForge to idle
    t =    51.97s Get all elements bound by index for: Descendants matching type ScrollView
    t =    52.04s Find the ScrollView (Element at index 0)
    t =    52.12s Find the Target Application 'com.zacrotech.NeuroForge'
    t =    52.18s Checking existence of `Keyboard (First Match)`
    t =    52.20s Find the Keyboard (First Match)
    t =    52.22s Find the ScrollView at {{0.0, 154.5}, {375.0, 512.5}}
    t =    52.30s Find the ScrollView at {{0.0, 154.5}, {375.0, 512.5}}
    t =    52.37s Checking existence of `"session-data-table" Button`
    t =    52.48s Find the "session-data-table" Button
    t =    52.60s Checking existence of `"session-submit" Any`
    t =    52.74s Find the "session-submit" Any
    t =    52.87s Find the "session-submit" Button
    t =    52.99s Checking existence of `"session-next" Any`
    t =    53.10s Checking existence of `"session-data-table" Button`
    t =    53.22s Find the "session-data-table" Button
    t =    53.35s Checking existence of `"session-data-table" Button`
    t =    53.46s Find the "session-data-table" Button
    t =    53.57s Find the ScrollView at {{0.0, 154.5}, {375.0, 512.5}}
    t =    53.65s Checking existence of `"session-data-table" Button`
    t =    53.77s Find the "session-data-table" Button
    t =    53.88s Press Target Application 'com.zacrotech.NeuroForge'[0.00, 0.00] -> (187.5, 201.9) for 0.1 seconds, then drag to Target Application 'com.zacrotech.NeuroForge'[0.00, 0.00] -> (187.5, 320.1) with velocity of 250.00 pixels per second, and then hold for 0.2 seconds 
    t =    53.88s     Wait for com.zacrotech.NeuroForge to idle
    t =    53.88s     Find the Target Application 'com.zacrotech.NeuroForge'
    t =    53.95s     Check for interrupting elements affecting "NeuroForge" Application
    t =    54.03s     Synthesize event
    t =    54.03s         Find the Target Application 'com.zacrotech.NeuroForge'
    t =    54.09s         Find the Target Application 'com.zacrotech.NeuroForge'
    t =    54.16s         Find the Target Application 'com.zacrotech.NeuroForge'
    t =    54.22s         Find the Target Application 'com.zacrotech.NeuroForge'
    t =    54.28s         Find the Target Application 'com.zacrotech.NeuroForge'
    t =    55.34s     Wait for com.zacrotech.NeuroForge to idle
    t =    55.35s Get all elements bound by index for: Descendants matching type ScrollView
    t =    55.46s Find the ScrollView (Element at index 0)
    t =    55.55s Find the Target Application 'com.zacrotech.NeuroForge'
    t =    55.61s Checking existence of `Keyboard (First Match)`
    t =    55.63s Find the Keyboard (First Match)
    t =    55.65s Find the ScrollView at {{0.0, 154.5}, {375.0, 512.5}}
    t =    55.72s Find the ScrollView at {{0.0, 154.5}, {375.0, 512.5}}
    t =    55.79s Checking existence of `"session-data-table" Button`
    t =    55.91s Find the "session-data-table" Button
    t =    56.03s Checking existence of `"session-submit" Any`
    t =    56.15s Find the "session-submit" Any
    t =    56.29s Find the "session-submit" Button
    t =    56.42s Checking existence of `"session-next" Any`
    t =    56.54s Checking existence of `"session-data-table" Button`
    t =    56.65s Find the "session-data-table" Button
    t =    56.79s Checking existence of `"session-data-table" Button`
    t =    56.91s Find the "session-data-table" Button
    t =    57.03s Find the ScrollView at {{0.0, 154.5}, {375.0, 512.5}}
    t =    57.10s Checking existence of `"session-data-table" Button`
    t =    57.21s Find the "session-data-table" Button
    t =    57.33s Press Target Application 'com.zacrotech.NeuroForge'[0.00, 0.00] -> (187.5, 201.9) for 0.1 seconds, then drag to Target Application 'com.zacrotech.NeuroForge'[0.00, 0.00] -> (187.5, 313.4) with velocity of 250.00 pixels per second, and then hold for 0.2 seconds 
    t =    57.33s     Wait for com.zacrotech.NeuroForge to idle
    t =    57.33s     Find the Target Application 'com.zacrotech.NeuroForge'
    t =    57.40s     Check for interrupting elements affecting "NeuroForge" Application
    t =    57.54s     Synthesize event
    t =    57.54s         Find the Target Application 'com.zacrotech.NeuroForge'
    t =    57.60s         Find the Target Application 'com.zacrotech.NeuroForge'
    t =    57.67s         Find the Target Application 'com.zacrotech.NeuroForge'
    t =    57.73s         Find the Target Application 'com.zacrotech.NeuroForge'
    t =    57.80s         Find the Target Application 'com.zacrotech.NeuroForge'
    t =    58.83s     Wait for com.zacrotech.NeuroForge to idle
    t =    58.83s Get all elements bound by index for: Descendants matching type ScrollView
    t =    58.91s Find the ScrollView (Element at index 0)
    t =    58.99s Find the Target Application 'com.zacrotech.NeuroForge'
    t =    59.05s Checking existence of `Keyboard (First Match)`
    t =    59.06s Find the Keyboard (First Match)
    t =    59.08s Find the ScrollView at {{0.0, 154.5}, {375.0, 512.5}}
    t =    59.15s Find the ScrollView at {{0.0, 154.5}, {375.0, 512.5}}
    t =    59.23s Checking existence of `"session-data-table" Button`
    t =    59.34s Find the "session-data-table" Button
    t =    59.45s Checking existence of `"session-submit" Any`
    t =    59.57s Find the "session-submit" Any
    t =    59.69s Find the "session-submit" Button
    t =    59.81s Checking existence of `"session-next" Any`
    t =    59.92s Checking existence of `"session-data-table" Button`
    t =    60.03s Find the "session-data-table" Button
    t =    60.17s Find the "session-data-table" Button
    t =    60.29s Checking existence of `"session-data-table" Button`
    t =    60.40s Find the "session-data-table" Button
    t =    60.52s Find the ScrollView at {{0.0, 154.5}, {375.0, 512.5}}
    t =    60.59s Checking existence of `"session-data-table" Button`
    t =    60.70s Find the "session-data-table" Button
    t =    60.82s Press Target Application 'com.zacrotech.NeuroForge'[0.00, 0.00] -> (187.5, 201.9) for 0.1 seconds, then drag to Target Application 'com.zacrotech.NeuroForge'[0.00, 0.00] -> (187.5, 217.9) with velocity of 250.00 pixels per second, and then hold for 0.2 seconds 
    t =    60.82s     Wait for com.zacrotech.NeuroForge to idle
    t =    60.83s     Find the Target Application 'com.zacrotech.NeuroForge'
    t =    60.89s     Check for interrupting elements affecting "NeuroForge" Application
    t =    60.98s     Synthesize event
    t =    60.98s         Find the Target Application 'com.zacrotech.NeuroForge'
    t =    61.04s         Find the Target Application 'com.zacrotech.NeuroForge'
    t =    61.11s         Find the Target Application 'com.zacrotech.NeuroForge'
    t =    61.17s         Find the Target Application 'com.zacrotech.NeuroForge'
    t =    61.24s         Find the Target Application 'com.zacrotech.NeuroForge'
    t =    61.88s     Wait for com.zacrotech.NeuroForge to idle
    t =    63.35s Get all elements bound by index for: Descendants matching type ScrollView
    t =    63.48s Find the ScrollView (Element at index 0)
    t =    63.58s Find the Target Application 'com.zacrotech.NeuroForge'
    t =    63.87s Checking existence of `Keyboard (First Match)`
    t =    63.91s Find the Keyboard (First Match)
    t =    63.94s Find the ScrollView at {{0.0, 154.5}, {375.0, 512.5}}
    t =    64.03s Find the ScrollView at {{0.0, 154.5}, {375.0, 512.5}}
    t =    64.14s Checking existence of `"session-data-table" Button`
    t =    64.35s Find the "session-data-table" Button
    t =    64.47s Checking existence of `"session-submit" Any`
    t =    64.60s Find the "session-submit" Any
    t =    64.74s Find the "session-submit" Button
    t =    64.87s Checking existence of `"session-next" Any`
    t =    64.99s Checking existence of `"session-data-table" Button`
    t =    65.12s Find the "session-data-table" Button
    t =    65.27s Find the "session-data-table" Button
    t =    65.39s Find the "session-data-table" Button
    t =    65.52s Tap "session-data-table" Button
    t =    65.52s     Wait for com.zacrotech.NeuroForge to idle
    t =    65.52s     Find the "session-data-table" Button
    t =    65.64s     Check for interrupting elements affecting "session-data-table" Button
    t =    65.82s     Synthesize event
    t =    66.15s     Wait for com.zacrotech.NeuroForge to idle
    t =    66.26s Waiting 5.0s for Any (First Match) to exist
    t =    67.27s     Checking `Expect predicate `existsNoRetry == 1` for object Any (First Match)`
    t =    67.29s         Checking existence of `Any (First Match)`
    t =    67.35s Get all elements bound by index for: Descendants matching type ScrollView
    t =    67.42s Find the ScrollView (Element at index 0)
    t =    67.52s Find the Target Application 'com.zacrotech.NeuroForge'
    t =    67.58s Checking existence of `Keyboard (First Match)`
    t =    67.60s Find the Keyboard (First Match)
    t =    67.62s Find the ScrollView at {{0.0, 154.5}, {375.0, 512.5}}
    t =    67.70s Find the ScrollView at {{0.0, 154.5}, {375.0, 512.5}}
    t =    67.78s Checking existence of `Any (First Match)`
    t =    67.83s Find the Any (First Match)
    t =    67.89s Checking existence of `"session-submit" Any`
    t =    68.01s Find the "session-submit" Any
    t =    68.15s Find the "session-submit" Button
    t =    68.28s Checking existence of `"session-next" Any`
    t =    68.41s Checking existence of `"session-data-table" StaticText`
    t =    68.46s Find the "session-data-table" StaticText
    t =    68.52s Find the "session-data-table" StaticText
    t =    68.58s Find the "session-data-table" StaticText
    t =    68.64s Checking existence of `"session-data-table" StaticText`
    t =    68.69s Find the "session-data-table" StaticText
    t =    68.74s Find the ScrollView at {{0.0, 154.5}, {375.0, 512.5}}
    t =    68.82s Checking existence of `"session-data-table" StaticText`
    t =    68.87s Find the "session-data-table" StaticText
    t =    68.92s Press Target Application 'com.zacrotech.NeuroForge'[0.00, 0.00] -> (187.5, 320.1) for 0.1 seconds, then drag to Target Application 'com.zacrotech.NeuroForge'[0.00, 0.00] -> (187.5, 250.1) with velocity of 250.00 pixels per second, and then hold for 0.2 seconds 
    t =    68.92s     Wait for com.zacrotech.NeuroForge to idle
    t =    68.93s     Find the Target Application 'com.zacrotech.NeuroForge'
    t =    69.00s     Check for interrupting elements affecting "NeuroForge" Application
    t =    69.10s     Synthesize event
    t =    69.10s         Find the Target Application 'com.zacrotech.NeuroForge'
    t =    69.16s         Find the Target Application 'com.zacrotech.NeuroForge'
    t =    69.23s         Find the Target Application 'com.zacrotech.NeuroForge'
    t =    69.29s         Find the Target Application 'com.zacrotech.NeuroForge'
    t =    69.36s         Find the Target Application 'com.zacrotech.NeuroForge'
    t =    70.20s     Wait for com.zacrotech.NeuroForge to idle
    t =    70.21s Get all elements bound by index for: Descendants matching type ScrollView
    t =    70.29s Find the ScrollView (Element at index 0)
    t =    70.38s Find the Target Application 'com.zacrotech.NeuroForge'
    t =    70.45s Checking existence of `Keyboard (First Match)`
    t =    70.46s Find the Keyboard (First Match)
    t =    70.49s Find the ScrollView at {{0.0, 154.5}, {375.0, 512.5}}
    t =    70.57s Find the ScrollView at {{0.0, 154.5}, {375.0, 512.5}}
    t =    70.65s Checking existence of `"session-data-table" StaticText`
    t =    70.70s Find the "session-data-table" StaticText
    t =    70.75s Checking existence of `"session-submit" Any`
    t =    70.88s Find the "session-submit" Any
    t =    71.01s Find the "session-submit" Button
    t =    71.13s Checking existence of `"session-next" Any`
    t =    71.27s Checking existence of `"session-data-table" StaticText`
    t =    71.32s Find the "session-data-table" StaticText
    t =    71.38s Find the "session-data-table" StaticText
    t =    71.44s Find the "session-data-table" StaticText
    t =    71.49s Checking existence of `"session-data-table" StaticText`
    t =    71.54s Find the "session-data-table" StaticText
    t =    71.60s Find the ScrollView at {{0.0, 154.5}, {375.0, 512.5}}
    t =    71.68s Checking existence of `"session-data-table" StaticText`
    t =    71.72s Find the "session-data-table" StaticText
    t =    71.78s Press Target Application 'com.zacrotech.NeuroForge'[0.00, 0.00] -> (187.5, 320.1) for 0.1 seconds, then drag to Target Application 'com.zacrotech.NeuroForge'[0.00, 0.00] -> (187.5, 304.1) with velocity of 250.00 pixels per second, and then hold for 0.2 seconds 
    t =    71.78s     Wait for com.zacrotech.NeuroForge to idle
    t =    71.78s     Find the Target Application 'com.zacrotech.NeuroForge'
    t =    71.86s     Check for interrupting elements affecting "NeuroForge" Application
    t =    71.95s     Synthesize event
    t =    71.95s         Find the Target Application 'com.zacrotech.NeuroForge'
    t =    72.02s         Find the Target Application 'com.zacrotech.NeuroForge'
    t =    72.09s         Find the Target Application 'com.zacrotech.NeuroForge'
    t =    72.15s         Find the Target Application 'com.zacrotech.NeuroForge'
    t =    72.27s         Find the Target Application 'com.zacrotech.NeuroForge'
    t =    72.92s     Wait for com.zacrotech.NeuroForge to idle
    t =    74.37s Get all elements bound by index for: Descendants matching type ScrollView
    t =    74.55s Find the ScrollView (Element at index 0)
    t =    74.66s Find the Target Application 'com.zacrotech.NeuroForge'
    t =    74.73s Checking existence of `Keyboard (First Match)`
    t =    74.75s Find the Keyboard (First Match)
    t =    74.77s Find the ScrollView at {{0.0, 154.5}, {375.0, 512.5}}
    t =    74.86s Find the ScrollView at {{0.0, 154.5}, {375.0, 512.5}}
    t =    74.93s Checking existence of `"session-data-table" StaticText`
    t =    75.00s Find the "session-data-table" StaticText
    t =    75.05s Checking existence of `"session-submit" Any`
    t =    75.21s Find the "session-submit" Any
    t =    75.34s Find the "session-submit" Button
    t =    75.46s Checking existence of `"session-next" Any`
    t =    75.58s Checking existence of `"session-data-table" StaticText`
    t =    75.62s Find the "session-data-table" StaticText
    t =    75.68s Find the "session-data-table" StaticText
    t =    75.74s Find the "session-data-table" StaticText
    t =    75.79s Find the "session-numeric-answer" TextField
    t =    75.90s Find the Target Application 'com.zacrotech.NeuroForge'
    t =    76.14s Added attachment named 'quantitative-original-count-inspection-table-en'
    t =    76.14s Waiting 8.0s for "Unit" TextField to exist
    t =    77.18s     Checking `Expect predicate `existsNoRetry == 1` for object "Unit" TextField`
    t =    77.29s         Checking existence of `"Unit" TextField`
    t =    77.44s Get all elements bound by index for: Descendants matching type ScrollView
    t =    77.51s Find the ScrollView (Element at index 0)
    t =    77.59s Find the Target Application 'com.zacrotech.NeuroForge'
    t =    77.66s Checking existence of `Keyboard (First Match)`
    t =    77.67s Find the Keyboard (First Match)
    t =    77.69s Find the ScrollView at {{0.0, 154.5}, {375.0, 512.5}}
    t =    77.77s Find the ScrollView at {{0.0, 154.5}, {375.0, 512.5}}
    t =    77.84s Checking existence of `"Unit" TextField`
    t =    77.95s Find the "Unit" TextField
    t =    78.06s Checking existence of `"session-submit" Any`
    t =    78.17s Find the "session-submit" Any
    t =    78.30s Find the "session-submit" Button
    t =    78.43s Checking existence of `"session-next" Any`
    t =    78.54s Checking existence of `"Unit" TextField`
    t =    78.66s Find the "Unit" TextField
    t =    78.79s Checking existence of `"Unit" TextField`
    t =    78.90s Find the "Unit" TextField
    t =    79.02s Find the ScrollView at {{0.0, 154.5}, {375.0, 512.5}}
    t =    79.09s Checking existence of `"Unit" TextField`
    t =    79.22s Find the "Unit" TextField
    t =    79.35s Press Target Application 'com.zacrotech.NeuroForge'[0.00, 0.00] -> (187.5, 320.1) for 0.1 seconds, then drag to Target Application 'com.zacrotech.NeuroForge'[0.00, 0.00] -> (187.5, 201.9) with velocity of 250.00 pixels per second, and then hold for 0.2 seconds 
    t =    79.35s     Wait for com.zacrotech.NeuroForge to idle
    t =    79.36s     Find the Target Application 'com.zacrotech.NeuroForge'
    t =    79.42s     Check for interrupting elements affecting "NeuroForge" Application
    t =    79.58s     Synthesize event
    t =    79.58s         Find the Target Application 'com.zacrotech.NeuroForge'
    t =    79.64s         Find the Target Application 'com.zacrotech.NeuroForge'
    t =    79.71s         Find the Target Application 'com.zacrotech.NeuroForge'
    t =    79.77s         Find the Target Application 'com.zacrotech.NeuroForge'
    t =    79.84s         Find the Target Application 'com.zacrotech.NeuroForge'
    t =    80.88s     Wait for com.zacrotech.NeuroForge to idle
    t =    80.89s Get all elements bound by index for: Descendants matching type ScrollView
    t =    80.97s Find the ScrollView (Element at index 0)
    t =    81.05s Find the Target Application 'com.zacrotech.NeuroForge'
    t =    81.11s Checking existence of `Keyboard (First Match)`
    t =    81.13s Find the Keyboard (First Match)
    t =    81.15s Find the ScrollView at {{0.0, 154.5}, {375.0, 512.5}}
    t =    81.22s Find the ScrollView at {{0.0, 154.5}, {375.0, 512.5}}
    t =    81.29s Checking existence of `"Unit" TextField`
    t =    81.41s Find the "Unit" TextField
    t =    81.52s Checking existence of `"session-submit" Any`
    t =    81.64s Find the "session-submit" Any
    t =    81.76s Find the "session-submit" Button
    t =    81.89s Checking existence of `"session-next" Any`
    t =    82.01s Checking existence of `"Unit" TextField`
    t =    82.12s Find the "Unit" TextField
    t =    82.24s Checking existence of `"Unit" TextField`
    t =    82.35s Find the "Unit" TextField
    t =    82.47s Find the ScrollView at {{0.0, 154.5}, {375.0, 512.5}}
    t =    82.54s Checking existence of `"Unit" TextField`
    t =    82.65s Find the "Unit" TextField
    t =    82.77s Press Target Application 'com.zacrotech.NeuroForge'[0.00, 0.00] -> (187.5, 320.1) for 0.1 seconds, then drag to Target Application 'com.zacrotech.NeuroForge'[0.00, 0.00] -> (187.5, 201.9) with velocity of 250.00 pixels per second, and then hold for 0.2 seconds 
    t =    82.77s     Wait for com.zacrotech.NeuroForge to idle
    t =    82.77s     Find the Target Application 'com.zacrotech.NeuroForge'
    t =    82.84s     Check for interrupting elements affecting "NeuroForge" Application
    t =    82.92s     Synthesize event
    t =    82.92s         Find the Target Application 'com.zacrotech.NeuroForge'
    t =    82.98s         Find the Target Application 'com.zacrotech.NeuroForge'
    t =    83.05s         Find the Target Application 'com.zacrotech.NeuroForge'
    t =    83.11s         Find the Target Application 'com.zacrotech.NeuroForge'
    t =    83.18s         Find the Target Application 'com.zacrotech.NeuroForge'
    t =    84.22s     Wait for com.zacrotech.NeuroForge to idle
    t =    84.23s Get all elements bound by index for: Descendants matching type ScrollView
    t =    84.30s Find the ScrollView (Element at index 0)
    t =    84.38s Find the Target Application 'com.zacrotech.NeuroForge'
    t =    84.44s Checking existence of `Keyboard (First Match)`
    t =    84.45s Find the Keyboard (First Match)
    t =    84.47s Find the ScrollView at {{0.0, 154.5}, {375.0, 512.5}}
    t =    84.55s Find the ScrollView at {{0.0, 154.5}, {375.0, 512.5}}
    t =    84.62s Checking existence of `"Unit" TextField`
    t =    84.73s Find the "Unit" TextField
    t =    84.84s Checking existence of `"session-submit" Any`
    t =    84.96s Find the "session-submit" Any
    t =    85.08s Find the "session-submit" Button
    t =    85.21s Checking existence of `"session-next" Any`
    t =    85.35s Checking existence of `"Unit" TextField`
    t =    85.48s Find the "Unit" TextField
    t =    85.60s Checking existence of `"Unit" TextField`
    t =    85.72s Find the "Unit" TextField
    t =    85.84s Find the ScrollView at {{0.0, 154.5}, {375.0, 512.5}}
    t =    85.91s Checking existence of `"Unit" TextField`
    t =    86.03s Find the "Unit" TextField
    t =    86.14s Press Target Application 'com.zacrotech.NeuroForge'[0.00, 0.00] -> (187.5, 320.1) for 0.1 seconds, then drag to Target Application 'com.zacrotech.NeuroForge'[0.00, 0.00] -> (187.5, 201.9) with velocity of 250.00 pixels per second, and then hold for 0.2 seconds 
    t =    86.14s     Wait for com.zacrotech.NeuroForge to idle
    t =    86.14s     Find the Target Application 'com.zacrotech.NeuroForge'
    t =    86.21s     Check for interrupting elements affecting "NeuroForge" Application
    t =    86.29s     Synthesize event
    t =    86.29s         Find the Target Application 'com.zacrotech.NeuroForge'
    t =    86.36s         Find the Target Application 'com.zacrotech.NeuroForge'
    t =    86.43s         Find the Target Application 'com.zacrotech.NeuroForge'
    t =    86.49s         Find the Target Application 'com.zacrotech.NeuroForge'
    t =    86.56s         Find the Target Application 'com.zacrotech.NeuroForge'
    t =    87.59s     Wait for com.zacrotech.NeuroForge to idle
    t =    87.60s Get all elements bound by index for: Descendants matching type ScrollView
    t =    87.67s Find the ScrollView (Element at index 0)
    t =    87.75s Find the Target Application 'com.zacrotech.NeuroForge'
    t =    87.81s Checking existence of `Keyboard (First Match)`
    t =    87.82s Find the Keyboard (First Match)
    t =    87.84s Find the ScrollView at {{0.0, 154.5}, {375.0, 512.5}}
    t =    87.92s Find the ScrollView at {{0.0, 154.5}, {375.0, 512.5}}
    t =    87.99s Checking existence of `"Unit" TextField`
    t =    88.10s Find the "Unit" TextField
    t =    88.22s Checking existence of `"session-submit" Any`
    t =    88.34s Find the "session-submit" Any
    t =    88.46s Find the "session-submit" Button
    t =    88.58s Checking existence of `"session-next" Any`
    t =    88.70s Checking existence of `"Unit" TextField`
    t =    88.81s Find the "Unit" TextField
    t =    88.94s Find the "Unit" TextField
    t =    89.05s Find the "Unit" TextField
    t =    89.17s Checking existence of `"Unit" TextField`
    t =    89.27s Find the "Unit" TextField
    t =    89.40s Find the ScrollView at {{0.0, 154.5}, {375.0, 512.5}}
    t =    89.47s Checking existence of `"Unit" TextField`
    t =    89.58s Find the "Unit" TextField
    t =    89.70s Press Target Application 'com.zacrotech.NeuroForge'[0.00, 0.00] -> (187.5, 320.1) for 0.1 seconds, then drag to Target Application 'com.zacrotech.NeuroForge'[0.00, 0.00] -> (187.5, 202.6) with velocity of 250.00 pixels per second, and then hold for 0.2 seconds 
    t =    89.70s     Wait for com.zacrotech.NeuroForge to idle
    t =    89.70s     Find the Target Application 'com.zacrotech.NeuroForge'
    t =    89.77s     Check for interrupting elements affecting "NeuroForge" Application
    t =    89.85s     Synthesize event
    t =    89.85s         Find the Target Application 'com.zacrotech.NeuroForge'
    t =    89.91s         Find the Target Application 'com.zacrotech.NeuroForge'
    t =    89.98s         Find the Target Application 'com.zacrotech.NeuroForge'
    t =    90.04s         Find the Target Application 'com.zacrotech.NeuroForge'
    t =    90.10s         Find the Target Application 'com.zacrotech.NeuroForge'
    t =    91.14s     Wait for com.zacrotech.NeuroForge to idle
    t =    91.14s Get all elements bound by index for: Descendants matching type ScrollView
    t =    91.22s Find the ScrollView (Element at index 0)
    t =    91.30s Find the Target Application 'com.zacrotech.NeuroForge'
    t =    91.36s Checking existence of `Keyboard (First Match)`
    t =    91.37s Find the Keyboard (First Match)
    t =    91.39s Find the ScrollView at {{0.0, 154.5}, {375.0, 512.5}}
    t =    91.48s Find the ScrollView at {{0.0, 154.5}, {375.0, 512.5}}
    t =    91.55s Checking existence of `"Unit" TextField`
    t =    91.67s Find the "Unit" TextField
    t =    91.78s Checking existence of `"session-submit" Any`
    t =    91.89s Find the "session-submit" Any
    t =    92.01s Find the "session-submit" Button
    t =    92.13s Checking existence of `"session-next" Any`
    t =    92.24s Checking existence of `"Unit" TextField`
    t =    92.35s Find the "Unit" TextField
    t =    92.47s Find the "Unit" TextField
    t =    92.59s Find the "Unit" TextField
    t =    92.70s Checking existence of `"Unit" TextField`
    t =    92.81s Find the "Unit" TextField
    t =    92.92s Find the ScrollView at {{0.0, 154.5}, {375.0, 512.5}}
    t =    92.99s Checking existence of `"Unit" TextField`
    t =    93.11s Find the "Unit" TextField
    t =    93.22s Press Target Application 'com.zacrotech.NeuroForge'[0.00, 0.00] -> (187.5, 320.1) for 0.1 seconds, then drag to Target Application 'com.zacrotech.NeuroForge'[0.00, 0.00] -> (187.5, 304.1) with velocity of 250.00 pixels per second, and then hold for 0.2 seconds 
    t =    93.22s     Wait for com.zacrotech.NeuroForge to idle
    t =    93.22s     Find the Target Application 'com.zacrotech.NeuroForge'
    t =    93.29s     Check for interrupting elements affecting "NeuroForge" Application
    t =    93.37s     Synthesize event
    t =    93.37s         Find the Target Application 'com.zacrotech.NeuroForge'
    t =    93.44s         Find the Target Application 'com.zacrotech.NeuroForge'
    t =    93.50s         Find the Target Application 'com.zacrotech.NeuroForge'
    t =    93.56s         Find the Target Application 'com.zacrotech.NeuroForge'
    t =    93.62s         Find the Target Application 'com.zacrotech.NeuroForge'
    t =    94.26s     Wait for com.zacrotech.NeuroForge to idle
    t =    95.71s Get all elements bound by index for: Descendants matching type ScrollView
    t =    95.78s Find the ScrollView (Element at index 0)
    t =    95.87s Find the Target Application 'com.zacrotech.NeuroForge'
    t =    95.93s Checking existence of `Keyboard (First Match)`
    t =    95.94s Find the Keyboard (First Match)
    t =    95.96s Find the ScrollView at {{0.0, 154.5}, {375.0, 512.5}}
    t =    96.03s Find the ScrollView at {{0.0, 154.5}, {375.0, 512.5}}
    t =    96.10s Checking existence of `"Unit" TextField`
    t =    96.22s Find the "Unit" TextField
    t =    96.33s Checking existence of `"session-submit" Any`
    t =    96.44s Find the "session-submit" Any
    t =    96.56s Find the "session-submit" Button
    t =    96.68s Checking existence of `"session-next" Any`
    t =    96.80s Checking existence of `"Unit" TextField`
    t =    96.91s Find the "Unit" TextField
    t =    97.03s Find the "Unit" TextField
    t =    97.15s Find the "Unit" TextField
    t =    97.26s Find the "Unit" TextField
    t =    97.37s Tap "Unit" TextField
    t =    97.37s     Wait for com.zacrotech.NeuroForge to idle
    t =    97.38s     Find the "Unit" TextField
    t =    97.48s     Check for interrupting elements affecting "Unit" TextField
    t =    97.57s     Synthesize event
    t =    97.87s     Wait for com.zacrotech.NeuroForge to idle
    t =    98.30s Type '%' into "Unit" TextField
    t =    98.30s     Wait for com.zacrotech.NeuroForge to idle
    t =    99.23s     Find the "Unit" TextField
    t =    99.39s     Check for interrupting elements affecting "Unit" TextField
    t =    99.47s     Synthesize event
    t =    99.69s     Wait for com.zacrotech.NeuroForge to idle
    t =   100.88s Checking `Expect predicate `value == "%"` for object "Unit" TextField`
    t =   100.88s     Find the "Unit" TextField
    t =   101.01s Get all elements bound by index for: Descendants matching type TextField
    t =   101.07s Find the TextField (Element at index 0)
    t =   101.15s Find the "session-data-prediction-input" TextField
    t =   101.22s Find the "session-data-prediction-input" TextField
    t =   101.29s Find the TextField (Element at index 1)
    t =   101.36s Find the "session-numeric-answer" TextField
    t =   101.43s Find the "session-numeric-answer" TextField
    t =   101.50s Find the TextField (Element at index 2)
    t =   101.58s Find the "Unit" TextField
    t =   101.65s Find the "Unit" TextField
    t =   101.72s Get all elements bound by index for: Descendants matching type TextView
    t =   101.78s Waiting 8.0s for "session-submit" Any to exist
    t =   102.79s     Checking `Expect predicate `existsNoRetry == 1` for object "session-submit" Any`
    t =   102.79s         Checking existence of `"session-submit" Any`
    t =   102.91s Get all elements bound by index for: Descendants matching type ScrollView
    t =   102.98s Find the ScrollView (Element at index 0)
    t =   103.07s Find the Target Application 'com.zacrotech.NeuroForge'
    t =   103.13s Checking existence of `Keyboard (First Match)`
    t =   103.14s Find the Keyboard (First Match)
    t =   103.17s Find the ScrollView at {{0.0, 154.5}, {375.0, 512.5}}
    t =   103.25s Find the ScrollView at {{0.0, 154.5}, {375.0, 512.5}}
    t =   103.32s Checking existence of `"session-submit" Any`
    t =   103.44s Find the "session-submit" Any
    t =   103.56s Checking existence of `"session-submit" Button`
    t =   103.67s Find the "session-submit" Button
    t =   103.80s Find the "session-submit" Button
    t =   103.93s Find the "session-submit" Button
    t =   105.07s Checking `Expect predicate `enabled == 1` for object "session-submit" Button`
    t =   105.08s     Find the "session-submit" Button
    t =   105.20s Tap "session-submit" Button
    t =   105.20s     Wait for com.zacrotech.NeuroForge to idle
    t =   105.20s     Find the "session-submit" Button
    t =   105.32s     Check for interrupting elements affecting "session-submit" Button
    t =   105.41s     Synthesize event
    t =   105.70s     Wait for com.zacrotech.NeuroForge to idle
    t =   105.94s Waiting 8.0s for "session-next" Any to exist
    t =   106.96s     Checking `Expect predicate `existsNoRetry == 1` for object "session-next" Any`
    t =   106.97s         Checking existence of `"session-next" Any`
    t =   107.10s Find the "session-position" ProgressIndicator
    t =   107.20s Find the "session-prompt" Any
    t =   107.31s Checking existence of `"Your answer" StaticText`
    t =   107.41s Checking existence of `"session-data-prediction-input" TextField`
/Users/takamimarsh/Developer/Projects/Zacro Tech/NeuroForge/UITests/NavigationSmokeUITests.swift:929: error: -[NeuroForgeUITests.NavigationSmokeUITests testQuantitativeNumberAndUnitShowFeedbackAndAdvance] : XCTAssertTrue failed - The submitted response surface remains available with feedback.
    t =   107.54s Tear Down
Test Case '-[NeuroForgeUITests.NavigationSmokeUITests testQuantitativeNumberAndUnitShowFeedbackAndAdvance]' failed (107.895 seconds).
Test Suite 'NavigationSmokeUITests' failed at 2026-09-05 12:36:56.753.
	 Executed 3 tests, with 3 failures (1 unexpected) in 227.064 (227.068) seconds
Test Suite 'NeuroForgeUITests.xctest' failed at 2026-09-05 12:36:56.754.
	 Executed 3 tests, with 3 failures (1 unexpected) in 227.064 (227.069) seconds
Test Suite 'Selected tests' failed at 2026-09-05 12:36:56.755.
	 Executed 3 tests, with 3 failures (1 unexpected) in 227.064 (227.071) seconds
2026-09-05 12:37:18.965 xcodebuild[53576:4893454] [MT] IDETestOperationsObserverDebug: 255.855 elapsed -- Testing started completed.
2026-09-05 12:37:18.968 xcodebuild[53576:4893454] [MT] IDETestOperationsObserverDebug: 0.000 sec, +0.000 sec -- start
2026-09-05 12:37:18.968 xcodebuild[53576:4893454] [MT] IDETestOperationsObserverDebug: 255.855 sec, +255.855 sec -- end

Test session results, code coverage, and logs:
	/tmp/NeuroForge-improvement-ios/Logs/Test/Test-NeuroForgeUISmoke-2026.09.05_12-33-02--0400.xcresult

Failing tests:
	NavigationSmokeUITests.testClaimEvidenceSelectionShowsFeedbackAndAdvances()
	NavigationSmokeUITests.testLogicStateInputsAndInvariantShowFeedbackAndAdvance()
	NavigationSmokeUITests.testQuantitativeNumberAndUnitShowFeedbackAndAdvance()

** TEST EXECUTE FAILED **

Testing started
