Command line invocation:
    /Applications/Xcode.app/Contents/Developer/usr/bin/xcodebuild -project NeuroForge.xcodeproj -scheme NeuroForge -destination platform=macOS -derivedDataPath /tmp/NeuroForge-improvement-build CODE_SIGNING_ALLOWED=NO test "-only-testing:NeuroForgeTests/LinkedTransferWorkflowTests" "-only-testing:NeuroForgeTests/LinkedScienceStudyTests" "-only-testing:NeuroForgeTests/CodeTraceInteractionTests" "-only-testing:NeuroForgeTests/LocalizationCatalogTests"

Build settings from command line:
    CODE_SIGNING_ALLOWED = NO

Resolve Package Graph


Resolved source packages:
  SwiftMath: https://github.com/mgriebling/SwiftMath.git @ 1d2c908

--- xcodebuild: WARNING: Using the first of multiple matching destinations:
{ platform:macOS, arch:arm64, id:00006020-000228AE0287401E, name:My Mac }
{ platform:macOS, arch:x86_64, id:00006020-000228AE0287401E, name:My Mac }
ComputePackagePrebuildTargetDependencyGraph

Prepare packages

CreateBuildRequest

SendProjectDescription

CreateBuildOperation

ComputeTargetDependencyGraph
note: Building targets in dependency order
note: Target dependency graph (5 targets)
    Target 'NeuroForgeTests' in project 'NeuroForge'
        ➜ Explicit dependency on target 'NeuroForge' in project 'NeuroForge'
    Target 'NeuroForge' in project 'NeuroForge'
        ➜ Explicit dependency on target 'SwiftMath' in project 'SwiftMath'
    Target 'SwiftMath' in project 'SwiftMath'
        ➜ Explicit dependency on target 'SwiftMath' in project 'SwiftMath'
        ➜ Explicit dependency on target 'SwiftMath_SwiftMath' in project 'SwiftMath'
    Target 'SwiftMath' in project 'SwiftMath'
        ➜ Explicit dependency on target 'SwiftMath_SwiftMath' in project 'SwiftMath'
    Target 'SwiftMath_SwiftMath' in project 'SwiftMath' (no dependencies)

GatherProvisioningInputs

CreateBuildDescription

ExecuteExternalTool /Applications/Xcode.app/Contents/Developer/usr/bin/xcstringstool compile --dry-run --output-directory /tmp/NeuroForge-improvement-build/Build/Intermediates.noindex/NeuroForge.build/Debug/NeuroForge.build /Users/takamimarsh/Developer/Projects/Zacro Tech/NeuroForge/Sources/Resources/AppShortcuts.xcstrings

ExecuteExternalTool /Applications/Xcode.app/Contents/Developer/Toolchains/XcodeDefault.xctoolchain/usr/bin/clang -v -E -dM -isysroot /Applications/Xcode.app/Contents/Developer/Platforms/MacOSX.platform/Developer/SDKs/MacOSX26.5.sdk -x c -c /dev/null

ExecuteExternalTool /Applications/Xcode.app/Contents/Developer/Toolchains/XcodeDefault.xctoolchain/usr/bin/swiftc --version

ExecuteExternalTool /Applications/Xcode.app/Contents/Developer/usr/bin/actool --version --output-format xml1

ExecuteExternalTool /Applications/Xcode.app/Contents/Developer/usr/bin/xcstringstool compile --dry-run --output-directory /tmp/NeuroForge-improvement-build/Build/Intermediates.noindex/NeuroForge.build/Debug/NeuroForge.build /Users/takamimarsh/Developer/Projects/Zacro Tech/NeuroForge/Sources/Resources/Localizable.xcstrings

ExecuteExternalTool /Applications/Xcode.app/Contents/Developer/Toolchains/XcodeDefault.xctoolchain/usr/bin/ld -version_details

Build description signature: fa58c8b3e73eefbd63cedeb5f771debd
Build description path: /tmp/NeuroForge-improvement-build/Build/Intermediates.noindex/XCBuildData/fa58c8b3e73eefbd63cedeb5f771debd.xcbuilddata
ClangStatCache /Applications/Xcode.app/Contents/Developer/Toolchains/XcodeDefault.xctoolchain/usr/bin/clang-stat-cache /Applications/Xcode.app/Contents/Developer/Platforms/MacOSX.platform/Developer/SDKs/MacOSX26.5.sdk /tmp/NeuroForge-improvement-build/SDKStatCaches.noindex/macosx26.5-25F70-e082c4a02f00227109f4ed75e425c832.sdkstatcache
    cd /Users/takamimarsh/Developer/Projects/Zacro\ Tech/NeuroForge/NeuroForge.xcodeproj
    /Applications/Xcode.app/Contents/Developer/Toolchains/XcodeDefault.xctoolchain/usr/bin/clang-stat-cache /Applications/Xcode.app/Contents/Developer/Platforms/MacOSX.platform/Developer/SDKs/MacOSX26.5.sdk -o /tmp/NeuroForge-improvement-build/SDKStatCaches.noindex/macosx26.5-25F70-e082c4a02f00227109f4ed75e425c832.sdkstatcache

SwiftDriver NeuroForge normal arm64 com.apple.xcode.tools.swift.compiler (in target 'NeuroForge' from project 'NeuroForge')
    cd /Users/takamimarsh/Developer/Projects/Zacro\ Tech/NeuroForge
    builtin-SwiftDriver -- /Applications/Xcode.app/Contents/Developer/Toolchains/XcodeDefault.xctoolchain/usr/bin/swiftc -module-name NeuroForge -Onone @/tmp/NeuroForge-improvement-build/Build/Intermediates.noindex/NeuroForge.build/Debug/NeuroForge.build/Objects-normal/arm64/NeuroForge.SwiftFileList -DDEBUG -enable-experimental-feature DebugDescriptionMacro -sdk /Applications/Xcode.app/Contents/Developer/Platforms/MacOSX.platform/Developer/SDKs/MacOSX26.5.sdk -target arm64-apple-macos26.4 -g -module-cache-path /tmp/NeuroForge-improvement-build/ModuleCache.noindex -Xfrontend -serialize-debugging-options -enable-testing -warnings-as-errors -index-store-path /tmp/NeuroForge-improvement-build/Index.noindex/DataStore -Xcc -D_LIBCPP_HARDENING_MODE\=_LIBCPP_HARDENING_MODE_DEBUG -swift-version 6 -I /tmp/NeuroForge-improvement-build/Build/Products/Debug -F /tmp/NeuroForge-improvement-build/Build/Products/Debug/PackageFrameworks -F /tmp/NeuroForge-improvement-build/Build/Products/Debug -emit-localized-strings -emit-localized-strings-path /tmp/NeuroForge-improvement-build/Build/Intermediates.noindex/NeuroForge.build/Debug/NeuroForge.build/Objects-normal/arm64 -c -j12 -disable-batch-mode -incremental -Xcc -ivfsstatcache -Xcc /tmp/NeuroForge-improvement-build/SDKStatCaches.noindex/macosx26.5-25F70-e082c4a02f00227109f4ed75e425c832.sdkstatcache -output-file-map /tmp/NeuroForge-improvement-build/Build/Intermediates.noindex/NeuroForge.build/Debug/NeuroForge.build/Objects-normal/arm64/NeuroForge-OutputFileMap.json -use-frontend-parseable-output -save-temps -no-color-diagnostics -explicit-module-build -module-cache-path /tmp/NeuroForge-improvement-build/Build/Intermediates.noindex/SwiftExplicitPrecompiledModules -clang-scanner-module-cache-path /tmp/NeuroForge-improvement-build/ModuleCache.noindex -sdk-module-cache-path /tmp/NeuroForge-improvement-build/ModuleCache.noindex -serialize-diagnostics -emit-dependencies -emit-module -emit-module-path /tmp/NeuroForge-improvement-build/Build/Intermediates.noindex/NeuroForge.build/Debug/NeuroForge.build/Objects-normal/arm64/NeuroForge.swiftmodule -validate-clang-modules-once -clang-build-session-file /tmp/NeuroForge-improvement-build/ModuleCache.noindex/Session.modulevalidation -Xcc -I/tmp/NeuroForge-improvement-build/Build/Intermediates.noindex/NeuroForge.build/Debug/NeuroForge.build/swift-overrides.hmap -emit-const-values -Xfrontend -const-gather-protocols-file -Xfrontend /tmp/NeuroForge-improvement-build/Build/Intermediates.noindex/NeuroForge.build/Debug/NeuroForge.build/Objects-normal/arm64/NeuroForge_const_extract_protocols.json -Xcc -iquote -Xcc /tmp/NeuroForge-improvement-build/Build/Intermediates.noindex/NeuroForge.build/Debug/NeuroForge.build/NeuroForge-generated-files.hmap -Xcc -I/tmp/NeuroForge-improvement-build/Build/Intermediates.noindex/NeuroForge.build/Debug/NeuroForge.build/NeuroForge-own-target-headers.hmap -Xcc -I/tmp/NeuroForge-improvement-build/Build/Intermediates.noindex/NeuroForge.build/Debug/NeuroForge.build/NeuroForge-all-non-framework-target-headers.hmap -Xcc -ivfsoverlay -Xcc /tmp/NeuroForge-improvement-build/Build/Intermediates.noindex/NeuroForge.build/Debug/NeuroForge-1f477e43189f7d9a813ad7fc7bf5f2ec-VFS/all-product-headers.yaml -Xcc -iquote -Xcc /tmp/NeuroForge-improvement-build/Build/Intermediates.noindex/NeuroForge.build/Debug/NeuroForge.build/NeuroForge-project-headers.hmap -Xcc -I/tmp/NeuroForge-improvement-build/Build/Products/Debug/include -Xcc -I/tmp/NeuroForge-improvement-build/Build/Intermediates.noindex/NeuroForge.build/Debug/NeuroForge.build/DerivedSources-normal/arm64 -Xcc -I/tmp/NeuroForge-improvement-build/Build/Intermediates.noindex/NeuroForge.build/Debug/NeuroForge.build/DerivedSources/arm64 -Xcc -I/tmp/NeuroForge-improvement-build/Build/Intermediates.noindex/NeuroForge.build/Debug/NeuroForge.build/DerivedSources -Xcc -DDEBUG\=1 -emit-objc-header -emit-objc-header-path /tmp/NeuroForge-improvement-build/Build/Intermediates.noindex/NeuroForge.build/Debug/NeuroForge.build/Objects-normal/arm64/NeuroForge-Swift.h -working-directory /Users/takamimarsh/Developer/Projects/Zacro\ Tech/NeuroForge -experimental-emit-module-separately -disable-cmo

CompileXCStrings /tmp/NeuroForge-improvement-build/Build/Intermediates.noindex/NeuroForge.build/Debug/NeuroForge.build/ /Users/takamimarsh/Developer/Projects/Zacro\ Tech/NeuroForge/Sources/Resources/Localizable.xcstrings (in target 'NeuroForge' from project 'NeuroForge')
    cd /Users/takamimarsh/Developer/Projects/Zacro\ Tech/NeuroForge
    /Applications/Xcode.app/Contents/Developer/usr/bin/xcstringstool compile --output-directory /tmp/NeuroForge-improvement-build/Build/Intermediates.noindex/NeuroForge.build/Debug/NeuroForge.build /Users/takamimarsh/Developer/Projects/Zacro\ Tech/NeuroForge/Sources/Resources/Localizable.xcstrings

CopyStringsFile /tmp/NeuroForge-improvement-build/Build/Products/Debug/NeuroForge.app/Contents/Resources/ja.lproj/Localizable.strings /tmp/NeuroForge-improvement-build/Build/Intermediates.noindex/NeuroForge.build/Debug/NeuroForge.build/ja.lproj/Localizable.strings (in target 'NeuroForge' from project 'NeuroForge')
    cd /Users/takamimarsh/Developer/Projects/Zacro\ Tech/NeuroForge
    builtin-copyStrings --validate --outputencoding UTF-16 --outfilename Localizable.strings --outdir /tmp/NeuroForge-improvement-build/Build/Products/Debug/NeuroForge.app/Contents/Resources/ja.lproj -- /tmp/NeuroForge-improvement-build/Build/Intermediates.noindex/NeuroForge.build/Debug/NeuroForge.build/ja.lproj/Localizable.strings
/tmp/NeuroForge-improvement-build/Build/Intermediates.noindex/NeuroForge.build/Debug/NeuroForge.build/ja.lproj/Localizable.strings:1:1: note: detected encoding of input file as Unicode (UTF-8) (in target 'NeuroForge' from project 'NeuroForge')

CopyStringsFile /tmp/NeuroForge-improvement-build/Build/Products/Debug/NeuroForge.app/Contents/Resources/en.lproj/Localizable.strings /tmp/NeuroForge-improvement-build/Build/Intermediates.noindex/NeuroForge.build/Debug/NeuroForge.build/en.lproj/Localizable.strings (in target 'NeuroForge' from project 'NeuroForge')
    cd /Users/takamimarsh/Developer/Projects/Zacro\ Tech/NeuroForge
    builtin-copyStrings --validate --outputencoding UTF-16 --outfilename Localizable.strings --outdir /tmp/NeuroForge-improvement-build/Build/Products/Debug/NeuroForge.app/Contents/Resources/en.lproj -- /tmp/NeuroForge-improvement-build/Build/Intermediates.noindex/NeuroForge.build/Debug/NeuroForge.build/en.lproj/Localizable.strings
/tmp/NeuroForge-improvement-build/Build/Intermediates.noindex/NeuroForge.build/Debug/NeuroForge.build/en.lproj/Localizable.strings:1:1: note: detected encoding of input file as Unicode (UTF-8) (in target 'NeuroForge' from project 'NeuroForge')

SwiftCompile normal arm64 Compiling\ PersistenceModels.swift /Users/takamimarsh/Developer/Projects/Zacro\ Tech/NeuroForge/Sources/Persistence/PersistenceModels.swift (in target 'NeuroForge' from project 'NeuroForge')

SwiftCompile normal arm64 /Users/takamimarsh/Developer/Projects/Zacro\ Tech/NeuroForge/Sources/Persistence/PersistenceModels.swift (in target 'NeuroForge' from project 'NeuroForge')
    cd /Users/takamimarsh/Developer/Projects/Zacro\ Tech/NeuroForge
    

SwiftCompile normal arm64 Compiling\ NFExerciseScoringEngine.swift /Users/takamimarsh/Developer/Projects/Zacro\ Tech/NeuroForge/Sources/TrainingEngine/NFExerciseScoringEngine.swift (in target 'NeuroForge' from project 'NeuroForge')

SwiftCompile normal arm64 /Users/takamimarsh/Developer/Projects/Zacro\ Tech/NeuroForge/Sources/TrainingEngine/NFExerciseScoringEngine.swift (in target 'NeuroForge' from project 'NeuroForge')
    cd /Users/takamimarsh/Developer/Projects/Zacro\ Tech/NeuroForge
    

SwiftCompile normal arm64 Compiling\ AIStudioView.swift /Users/takamimarsh/Developer/Projects/Zacro\ Tech/NeuroForge/Sources/Features/AI/AIStudioView.swift (in target 'NeuroForge' from project 'NeuroForge')
SwiftCompile normal arm64 /Users/takamimarsh/Developer/Projects/Zacro\ Tech/NeuroForge/Sources/Features/AI/AIStudioView.swift (in target 'NeuroForge' from project 'NeuroForge')
    cd /Users/takamimarsh/Developer/Projects/Zacro\ Tech/NeuroForge
    

SwiftCompile normal arm64 Compiling\ NFLocalSessionRepository.swift /Users/takamimarsh/Developer/Projects/Zacro\ Tech/NeuroForge/Sources/Persistence/NFLocalSessionRepository.swift (in target 'NeuroForge' from project 'NeuroForge')

SwiftCompile normal arm64 /Users/takamimarsh/Developer/Projects/Zacro\ Tech/NeuroForge/Sources/Persistence/NFLocalSessionRepository.swift (in target 'NeuroForge' from project 'NeuroForge')
    cd /Users/takamimarsh/Developer/Projects/Zacro\ Tech/NeuroForge
    

SwiftEmitModule normal arm64 Emitting\ module\ for\ NeuroForge (in target 'NeuroForge' from project 'NeuroForge')

EmitSwiftModule normal arm64 (in target 'NeuroForge' from project 'NeuroForge')
    cd /Users/takamimarsh/Developer/Projects/Zacro\ Tech/NeuroForge
    

SwiftCompile normal arm64 Compiling\ ProgressDashboardView.swift /Users/takamimarsh/Developer/Projects/Zacro\ Tech/NeuroForge/Sources/Features/Progress/ProgressDashboardView.swift (in target 'NeuroForge' from project 'NeuroForge')

SwiftCompile normal arm64 /Users/takamimarsh/Developer/Projects/Zacro\ Tech/NeuroForge/Sources/Features/Progress/ProgressDashboardView.swift (in target 'NeuroForge' from project 'NeuroForge')
    cd /Users/takamimarsh/Developer/Projects/Zacro\ Tech/NeuroForge
    

SwiftCompile normal arm64 Compiling\ UniversalSessionView.swift /Users/takamimarsh/Developer/Projects/Zacro\ Tech/NeuroForge/Sources/Features/Training/UniversalSessionView.swift (in target 'NeuroForge' from project 'NeuroForge')

SwiftCompile normal arm64 /Users/takamimarsh/Developer/Projects/Zacro\ Tech/NeuroForge/Sources/Features/Training/UniversalSessionView.swift (in target 'NeuroForge' from project 'NeuroForge')
    cd /Users/takamimarsh/Developer/Projects/Zacro\ Tech/NeuroForge
    

SwiftCompile normal arm64 Compiling\ NFResponsePresentation.swift /Users/takamimarsh/Developer/Projects/Zacro\ Tech/NeuroForge/Sources/Features/Progress/NFResponsePresentation.swift (in target 'NeuroForge' from project 'NeuroForge')

SwiftCompile normal arm64 /Users/takamimarsh/Developer/Projects/Zacro\ Tech/NeuroForge/Sources/Features/Progress/NFResponsePresentation.swift (in target 'NeuroForge' from project 'NeuroForge')
    cd /Users/takamimarsh/Developer/Projects/Zacro\ Tech/NeuroForge
    

SwiftCompile normal arm64 Compiling\ NFNextDayPlanPreparationService.swift /Users/takamimarsh/Developer/Projects/Zacro\ Tech/NeuroForge/Sources/AI/NFNextDayPlanPreparationService.swift (in target 'NeuroForge' from project 'NeuroForge')

SwiftCompile normal arm64 /Users/takamimarsh/Developer/Projects/Zacro\ Tech/NeuroForge/Sources/AI/NFNextDayPlanPreparationService.swift (in target 'NeuroForge' from project 'NeuroForge')
    cd /Users/takamimarsh/Developer/Projects/Zacro\ Tech/NeuroForge
    

SwiftCompile normal arm64 Compiling\ NFFallbackExerciseGenerator.swift /Users/takamimarsh/Developer/Projects/Zacro\ Tech/NeuroForge/Sources/TrainingEngine/NFFallbackExerciseGenerator.swift (in target 'NeuroForge' from project 'NeuroForge')

SwiftCompile normal arm64 /Users/takamimarsh/Developer/Projects/Zacro\ Tech/NeuroForge/Sources/TrainingEngine/NFFallbackExerciseGenerator.swift (in target 'NeuroForge' from project 'NeuroForge')
    cd /Users/takamimarsh/Developer/Projects/Zacro\ Tech/NeuroForge
    

SwiftCompile normal arm64 Compiling\ NFGeneratedPracticeDraft.swift /Users/takamimarsh/Developer/Projects/Zacro\ Tech/NeuroForge/Sources/Features/AI/NFGeneratedPracticeDraft.swift (in target 'NeuroForge' from project 'NeuroForge')

SwiftCompile normal arm64 /Users/takamimarsh/Developer/Projects/Zacro\ Tech/NeuroForge/Sources/Features/AI/NFGeneratedPracticeDraft.swift (in target 'NeuroForge' from project 'NeuroForge')
    cd /Users/takamimarsh/Developer/Projects/Zacro\ Tech/NeuroForge
    

SwiftCompile normal arm64 Compiling\ NFExerciseContractMetadata.swift /Users/takamimarsh/Developer/Projects/Zacro\ Tech/NeuroForge/Sources/TrainingEngine/NFExerciseContractMetadata.swift (in target 'NeuroForge' from project 'NeuroForge')

SwiftCompile normal arm64 /Users/takamimarsh/Developer/Projects/Zacro\ Tech/NeuroForge/Sources/TrainingEngine/NFExerciseContractMetadata.swift (in target 'NeuroForge' from project 'NeuroForge')
    cd /Users/takamimarsh/Developer/Projects/Zacro\ Tech/NeuroForge
    

SwiftCompile normal arm64 Compiling\ NFClaimEvidenceEditor.swift /Users/takamimarsh/Developer/Projects/Zacro\ Tech/NeuroForge/Sources/Features/Training/NFClaimEvidenceEditor.swift (in target 'NeuroForge' from project 'NeuroForge')

SwiftCompile normal arm64 /Users/takamimarsh/Developer/Projects/Zacro\ Tech/NeuroForge/Sources/Features/Training/NFClaimEvidenceEditor.swift (in target 'NeuroForge' from project 'NeuroForge')
    cd /Users/takamimarsh/Developer/Projects/Zacro\ Tech/NeuroForge
    

SwiftDriverJobDiscovery normal arm64 Compiling NFResponsePresentation.swift (in target 'NeuroForge' from project 'NeuroForge')

SwiftDriverJobDiscovery normal arm64 Compiling NFExerciseContractMetadata.swift (in target 'NeuroForge' from project 'NeuroForge')

SwiftCompile normal arm64 Compiling\ NFAttemptAnnotationView.swift /Users/takamimarsh/Developer/Projects/Zacro\ Tech/NeuroForge/Sources/Features/Progress/NFAttemptAnnotationView.swift (in target 'NeuroForge' from project 'NeuroForge')

SwiftCompile normal arm64 /Users/takamimarsh/Developer/Projects/Zacro\ Tech/NeuroForge/Sources/Features/Progress/NFAttemptAnnotationView.swift (in target 'NeuroForge' from project 'NeuroForge')
    cd /Users/takamimarsh/Developer/Projects/Zacro\ Tech/NeuroForge
    

SwiftCompile normal arm64 Compiling\ SettingsView.swift /Users/takamimarsh/Developer/Projects/Zacro\ Tech/NeuroForge/Sources/Features/Settings/SettingsView.swift (in target 'NeuroForge' from project 'NeuroForge')

SwiftCompile normal arm64 /Users/takamimarsh/Developer/Projects/Zacro\ Tech/NeuroForge/Sources/Features/Settings/SettingsView.swift (in target 'NeuroForge' from project 'NeuroForge')
    cd /Users/takamimarsh/Developer/Projects/Zacro\ Tech/NeuroForge
    

SwiftDriverJobDiscovery normal arm64 Compiling NFGeneratedPracticeDraft.swift (in target 'NeuroForge' from project 'NeuroForge')

SwiftCompile normal arm64 Compiling\ NotificationSettingsControls.swift /Users/takamimarsh/Developer/Projects/Zacro\ Tech/NeuroForge/Sources/Features/Settings/NotificationSettingsControls.swift (in target 'NeuroForge' from project 'NeuroForge')

SwiftCompile normal arm64 /Users/takamimarsh/Developer/Projects/Zacro\ Tech/NeuroForge/Sources/Features/Settings/NotificationSettingsControls.swift (in target 'NeuroForge' from project 'NeuroForge')
    cd /Users/takamimarsh/Developer/Projects/Zacro\ Tech/NeuroForge
    

SwiftDriverJobDiscovery normal arm64 Compiling NFNextDayPlanPreparationService.swift (in target 'NeuroForge' from project 'NeuroForge')

SwiftCompile normal arm64 Compiling\ NFContinueSessionsCard.swift /Users/takamimarsh/Developer/Projects/Zacro\ Tech/NeuroForge/Sources/Features/Today/NFContinueSessionsCard.swift (in target 'NeuroForge' from project 'NeuroForge')

SwiftCompile normal arm64 /Users/takamimarsh/Developer/Projects/Zacro\ Tech/NeuroForge/Sources/Features/Today/NFContinueSessionsCard.swift (in target 'NeuroForge' from project 'NeuroForge')
    cd /Users/takamimarsh/Developer/Projects/Zacro\ Tech/NeuroForge
    

SwiftDriverJobDiscovery normal arm64 Compiling NFClaimEvidenceEditor.swift (in target 'NeuroForge' from project 'NeuroForge')

SwiftCompile normal arm64 Compiling\ NFExerciseModels.swift /Users/takamimarsh/Developer/Projects/Zacro\ Tech/NeuroForge/Sources/TrainingEngine/NFExerciseModels.swift (in target 'NeuroForge' from project 'NeuroForge')

SwiftCompile normal arm64 /Users/takamimarsh/Developer/Projects/Zacro\ Tech/NeuroForge/Sources/TrainingEngine/NFExerciseModels.swift (in target 'NeuroForge' from project 'NeuroForge')
    cd /Users/takamimarsh/Developer/Projects/Zacro\ Tech/NeuroForge
    

SwiftDriverJobDiscovery normal arm64 Compiling NFExerciseScoringEngine.swift (in target 'NeuroForge' from project 'NeuroForge')

SwiftCompile normal arm64 Compiling\ NFOfflineQuestionBank.swift /Users/takamimarsh/Developer/Projects/Zacro\ Tech/NeuroForge/Sources/TrainingEngine/NFOfflineQuestionBank.swift (in target 'NeuroForge' from project 'NeuroForge')

SwiftCompile normal arm64 /Users/takamimarsh/Developer/Projects/Zacro\ Tech/NeuroForge/Sources/TrainingEngine/NFOfflineQuestionBank.swift (in target 'NeuroForge' from project 'NeuroForge')
    cd /Users/takamimarsh/Developer/Projects/Zacro\ Tech/NeuroForge
    

SwiftDriverJobDiscovery normal arm64 Compiling NFFallbackExerciseGenerator.swift (in target 'NeuroForge' from project 'NeuroForge')

SwiftCompile normal arm64 Compiling\ TrainCatalogView.swift /Users/takamimarsh/Developer/Projects/Zacro\ Tech/NeuroForge/Sources/Features/Train/TrainCatalogView.swift (in target 'NeuroForge' from project 'NeuroForge')

SwiftCompile normal arm64 /Users/takamimarsh/Developer/Projects/Zacro\ Tech/NeuroForge/Sources/Features/Train/TrainCatalogView.swift (in target 'NeuroForge' from project 'NeuroForge')
    cd /Users/takamimarsh/Developer/Projects/Zacro\ Tech/NeuroForge
    

SwiftDriverJobDiscovery normal arm64 Compiling NFAttemptAnnotationView.swift (in target 'NeuroForge' from project 'NeuroForge')

SwiftCompile normal arm64 Compiling\ NFMentalMathProgressAdapter.swift /Users/takamimarsh/Developer/Projects/Zacro\ Tech/NeuroForge/Sources/Adaptive/NFMentalMathProgressAdapter.swift (in target 'NeuroForge' from project 'NeuroForge')

SwiftCompile normal arm64 /Users/takamimarsh/Developer/Projects/Zacro\ Tech/NeuroForge/Sources/Adaptive/NFMentalMathProgressAdapter.swift (in target 'NeuroForge' from project 'NeuroForge')
    cd /Users/takamimarsh/Developer/Projects/Zacro\ Tech/NeuroForge
    

SwiftDriverJobDiscovery normal arm64 Compiling NFOfflineQuestionBank.swift (in target 'NeuroForge' from project 'NeuroForge')

SwiftCompile normal arm64 Compiling\ NFProgressInsightEngine.swift /Users/takamimarsh/Developer/Projects/Zacro\ Tech/NeuroForge/Sources/Adaptive/NFProgressInsightEngine.swift (in target 'NeuroForge' from project 'NeuroForge')

SwiftCompile normal arm64 /Users/takamimarsh/Developer/Projects/Zacro\ Tech/NeuroForge/Sources/Adaptive/NFProgressInsightEngine.swift (in target 'NeuroForge' from project 'NeuroForge')
    cd /Users/takamimarsh/Developer/Projects/Zacro\ Tech/NeuroForge
    

SwiftDriverJobDiscovery normal arm64 Compiling NotificationSettingsControls.swift (in target 'NeuroForge' from project 'NeuroForge')

SwiftCompile normal arm64 Compiling\ EditorialBandEvidenceV1.swift /Users/takamimarsh/Developer/Projects/Zacro\ Tech/NeuroForge/Sources/Adaptive/EditorialBandEvidenceV1.swift (in target 'NeuroForge' from project 'NeuroForge')

SwiftCompile normal arm64 /Users/takamimarsh/Developer/Projects/Zacro\ Tech/NeuroForge/Sources/Adaptive/EditorialBandEvidenceV1.swift (in target 'NeuroForge' from project 'NeuroForge')
    cd /Users/takamimarsh/Developer/Projects/Zacro\ Tech/NeuroForge
    

SwiftDriverJobDiscovery normal arm64 Compiling NFContinueSessionsCard.swift (in target 'NeuroForge' from project 'NeuroForge')

SwiftCompile normal arm64 Compiling\ NFSchemaMigration.swift /Users/takamimarsh/Developer/Projects/Zacro\ Tech/NeuroForge/Sources/Persistence/NFSchemaMigration.swift (in target 'NeuroForge' from project 'NeuroForge')

SwiftCompile normal arm64 /Users/takamimarsh/Developer/Projects/Zacro\ Tech/NeuroForge/Sources/Persistence/NFSchemaMigration.swift (in target 'NeuroForge' from project 'NeuroForge')
    cd /Users/takamimarsh/Developer/Projects/Zacro\ Tech/NeuroForge
    

SwiftDriverJobDiscovery normal arm64 Compiling NFMentalMathProgressAdapter.swift (in target 'NeuroForge' from project 'NeuroForge')

SwiftCompile normal arm64 Compiling\ TodayView.swift /Users/takamimarsh/Developer/Projects/Zacro\ Tech/NeuroForge/Sources/Features/Today/TodayView.swift (in target 'NeuroForge' from project 'NeuroForge')

SwiftCompile normal arm64 /Users/takamimarsh/Developer/Projects/Zacro\ Tech/NeuroForge/Sources/Features/Today/TodayView.swift (in target 'NeuroForge' from project 'NeuroForge')
    cd /Users/takamimarsh/Developer/Projects/Zacro\ Tech/NeuroForge
    

SwiftDriverJobDiscovery normal arm64 Compiling NFExerciseModels.swift (in target 'NeuroForge' from project 'NeuroForge')

SwiftCompile normal arm64 Compiling\ ScratchpadView.swift /Users/takamimarsh/Developer/Projects/Zacro\ Tech/NeuroForge/Sources/Features/Training/ScratchpadView.swift (in target 'NeuroForge' from project 'NeuroForge')

SwiftCompile normal arm64 /Users/takamimarsh/Developer/Projects/Zacro\ Tech/NeuroForge/Sources/Features/Training/ScratchpadView.swift (in target 'NeuroForge' from project 'NeuroForge')
    cd /Users/takamimarsh/Developer/Projects/Zacro\ Tech/NeuroForge
    

SwiftDriverJobDiscovery normal arm64 Compiling NFProgressInsightEngine.swift (in target 'NeuroForge' from project 'NeuroForge')

SwiftCompile normal arm64 Compiling\ NFSystemIntegrationCoordinator.swift /Users/takamimarsh/Developer/Projects/Zacro\ Tech/NeuroForge/Sources/Integrations/System/NFSystemIntegrationCoordinator.swift (in target 'NeuroForge' from project 'NeuroForge')

SwiftCompile normal arm64 /Users/takamimarsh/Developer/Projects/Zacro\ Tech/NeuroForge/Sources/Integrations/System/NFSystemIntegrationCoordinator.swift (in target 'NeuroForge' from project 'NeuroForge')
    cd /Users/takamimarsh/Developer/Projects/Zacro\ Tech/NeuroForge
    

SwiftDriverJobDiscovery normal arm64 Compiling SettingsView.swift (in target 'NeuroForge' from project 'NeuroForge')

SwiftCompile normal arm64 Compiling\ NFShortcutAuthoringBridge.swift /Users/takamimarsh/Developer/Projects/Zacro\ Tech/NeuroForge/Sources/Integrations/NFShortcutAuthoringBridge.swift (in target 'NeuroForge' from project 'NeuroForge')

SwiftCompile normal arm64 /Users/takamimarsh/Developer/Projects/Zacro\ Tech/NeuroForge/Sources/Integrations/NFShortcutAuthoringBridge.swift (in target 'NeuroForge' from project 'NeuroForge')
    cd /Users/takamimarsh/Developer/Projects/Zacro\ Tech/NeuroForge
    

SwiftDriverJobDiscovery normal arm64 Compiling NFSchemaMigration.swift (in target 'NeuroForge' from project 'NeuroForge')

SwiftCompile normal arm64 Compiling\ NFContentCorrectionPolicy.swift /Users/takamimarsh/Developer/Projects/Zacro\ Tech/NeuroForge/Sources/TrainingEngine/NFContentCorrectionPolicy.swift (in target 'NeuroForge' from project 'NeuroForge')

SwiftCompile normal arm64 /Users/takamimarsh/Developer/Projects/Zacro\ Tech/NeuroForge/Sources/TrainingEngine/NFContentCorrectionPolicy.swift (in target 'NeuroForge' from project 'NeuroForge')
    cd /Users/takamimarsh/Developer/Projects/Zacro\ Tech/NeuroForge
    

SwiftDriverJobDiscovery normal arm64 Compiling TrainCatalogView.swift (in target 'NeuroForge' from project 'NeuroForge')

SwiftCompile normal arm64 Compiling\ NFRetentionTransferScheduler.swift /Users/takamimarsh/Developer/Projects/Zacro\ Tech/NeuroForge/Sources/Assessment/NFRetentionTransferScheduler.swift (in target 'NeuroForge' from project 'NeuroForge')

SwiftCompile normal arm64 /Users/takamimarsh/Developer/Projects/Zacro\ Tech/NeuroForge/Sources/Assessment/NFRetentionTransferScheduler.swift (in target 'NeuroForge' from project 'NeuroForge')
    cd /Users/takamimarsh/Developer/Projects/Zacro\ Tech/NeuroForge
    

SwiftDriverJobDiscovery normal arm64 Compiling ProgressDashboardView.swift (in target 'NeuroForge' from project 'NeuroForge')

SwiftCompile normal arm64 Compiling\ NFNextDayEnhancementCache.swift /Users/takamimarsh/Developer/Projects/Zacro\ Tech/NeuroForge/Sources/AI/NFNextDayEnhancementCache.swift (in target 'NeuroForge' from project 'NeuroForge')

SwiftCompile normal arm64 /Users/takamimarsh/Developer/Projects/Zacro\ Tech/NeuroForge/Sources/AI/NFNextDayEnhancementCache.swift (in target 'NeuroForge' from project 'NeuroForge')
    cd /Users/takamimarsh/Developer/Projects/Zacro\ Tech/NeuroForge
    

SwiftDriverJobDiscovery normal arm64 Compiling ScratchpadView.swift (in target 'NeuroForge' from project 'NeuroForge')

SwiftCompile normal arm64 Compiling\ NFDefaultContentCatalog.swift /Users/takamimarsh/Developer/Projects/Zacro\ Tech/NeuroForge/Sources/TrainingEngine/NFDefaultContentCatalog.swift (in target 'NeuroForge' from project 'NeuroForge')

SwiftCompile normal arm64 /Users/takamimarsh/Developer/Projects/Zacro\ Tech/NeuroForge/Sources/TrainingEngine/NFDefaultContentCatalog.swift (in target 'NeuroForge' from project 'NeuroForge')
    cd /Users/takamimarsh/Developer/Projects/Zacro\ Tech/NeuroForge
    

SwiftDriverJobDiscovery normal arm64 Compiling EditorialBandEvidenceV1.swift (in target 'NeuroForge' from project 'NeuroForge')

SwiftCompile normal arm64 Compiling\ NFUserFacingContentLinter.swift /Users/takamimarsh/Developer/Projects/Zacro\ Tech/NeuroForge/Sources/TrainingEngine/NFUserFacingContentLinter.swift (in target 'NeuroForge' from project 'NeuroForge')

SwiftCompile normal arm64 /Users/takamimarsh/Developer/Projects/Zacro\ Tech/NeuroForge/Sources/TrainingEngine/NFUserFacingContentLinter.swift (in target 'NeuroForge' from project 'NeuroForge')
    cd /Users/takamimarsh/Developer/Projects/Zacro\ Tech/NeuroForge
    

SwiftDriverJobDiscovery normal arm64 Compiling NFShortcutAuthoringBridge.swift (in target 'NeuroForge' from project 'NeuroForge')

SwiftCompile normal arm64 Compiling\ NFDataInspectionView.swift /Users/takamimarsh/Developer/Projects/Zacro\ Tech/NeuroForge/Sources/Features/Training/NFDataInspectionView.swift (in target 'NeuroForge' from project 'NeuroForge')

SwiftCompile normal arm64 /Users/takamimarsh/Developer/Projects/Zacro\ Tech/NeuroForge/Sources/Features/Training/NFDataInspectionView.swift (in target 'NeuroForge' from project 'NeuroForge')
    cd /Users/takamimarsh/Developer/Projects/Zacro\ Tech/NeuroForge
    

SwiftDriverJobDiscovery normal arm64 Compiling NFDefaultContentCatalog.swift (in target 'NeuroForge' from project 'NeuroForge')

SwiftCompile normal arm64 Compiling\ InputCalibrationSettingsView.swift /Users/takamimarsh/Developer/Projects/Zacro\ Tech/NeuroForge/Sources/Features/Settings/InputCalibrationSettingsView.swift (in target 'NeuroForge' from project 'NeuroForge')

SwiftCompile normal arm64 /Users/takamimarsh/Developer/Projects/Zacro\ Tech/NeuroForge/Sources/Features/Settings/InputCalibrationSettingsView.swift (in target 'NeuroForge' from project 'NeuroForge')
    cd /Users/takamimarsh/Developer/Projects/Zacro\ Tech/NeuroForge
    

SwiftDriverJobDiscovery normal arm64 Compiling NFContentCorrectionPolicy.swift (in target 'NeuroForge' from project 'NeuroForge')

SwiftCompile normal arm64 Compiling\ NFTransferTaxonomy.swift /Users/takamimarsh/Developer/Projects/Zacro\ Tech/NeuroForge/Sources/Adaptive/NFTransferTaxonomy.swift (in target 'NeuroForge' from project 'NeuroForge')

SwiftCompile normal arm64 /Users/takamimarsh/Developer/Projects/Zacro\ Tech/NeuroForge/Sources/Adaptive/NFTransferTaxonomy.swift (in target 'NeuroForge' from project 'NeuroForge')
    cd /Users/takamimarsh/Developer/Projects/Zacro\ Tech/NeuroForge
    

SwiftDriverJobDiscovery normal arm64 Compiling NFRetentionTransferScheduler.swift (in target 'NeuroForge' from project 'NeuroForge')

SwiftCompile normal arm64 Compiling\ NFWidgetSnapshotPublishing.swift /Users/takamimarsh/Developer/Projects/Zacro\ Tech/NeuroForge/Sources/Integrations/NFWidgetSnapshotPublishing.swift (in target 'NeuroForge' from project 'NeuroForge')

SwiftCompile normal arm64 /Users/takamimarsh/Developer/Projects/Zacro\ Tech/NeuroForge/Sources/Integrations/NFWidgetSnapshotPublishing.swift (in target 'NeuroForge' from project 'NeuroForge')
    cd /Users/takamimarsh/Developer/Projects/Zacro\ Tech/NeuroForge
    

SwiftDriverJobDiscovery normal arm64 Compiling NFNextDayEnhancementCache.swift (in target 'NeuroForge' from project 'NeuroForge')

SwiftCompile normal arm64 Compiling\ SpatialDiagramView.swift /Users/takamimarsh/Developer/Projects/Zacro\ Tech/NeuroForge/Sources/Features/Training/SpatialDiagramView.swift (in target 'NeuroForge' from project 'NeuroForge')

SwiftCompile normal arm64 /Users/takamimarsh/Developer/Projects/Zacro\ Tech/NeuroForge/Sources/Features/Training/SpatialDiagramView.swift (in target 'NeuroForge' from project 'NeuroForge')
    cd /Users/takamimarsh/Developer/Projects/Zacro\ Tech/NeuroForge
    

SwiftDriverJobDiscovery normal arm64 Compiling NFUserFacingContentLinter.swift (in target 'NeuroForge' from project 'NeuroForge')

SwiftCompile normal arm64 Compiling\ NFPlanReplacementPersistence.swift /Users/takamimarsh/Developer/Projects/Zacro\ Tech/NeuroForge/Sources/Persistence/NFPlanReplacementPersistence.swift (in target 'NeuroForge' from project 'NeuroForge')

SwiftCompile normal arm64 /Users/takamimarsh/Developer/Projects/Zacro\ Tech/NeuroForge/Sources/Persistence/NFPlanReplacementPersistence.swift (in target 'NeuroForge' from project 'NeuroForge')
    cd /Users/takamimarsh/Developer/Projects/Zacro\ Tech/NeuroForge
    

SwiftDriverJobDiscovery normal arm64 Compiling NFTransferTaxonomy.swift (in target 'NeuroForge' from project 'NeuroForge')

SwiftCompile normal arm64 Compiling\ NeuroForgeIntents.swift /Users/takamimarsh/Developer/Projects/Zacro\ Tech/NeuroForge/Sources/Integrations/NeuroForgeIntents.swift (in target 'NeuroForge' from project 'NeuroForge')

SwiftCompile normal arm64 /Users/takamimarsh/Developer/Projects/Zacro\ Tech/NeuroForge/Sources/Integrations/NeuroForgeIntents.swift (in target 'NeuroForge' from project 'NeuroForge')
    cd /Users/takamimarsh/Developer/Projects/Zacro\ Tech/NeuroForge
    

SwiftDriverJobDiscovery normal arm64 Compiling NFDataInspectionView.swift (in target 'NeuroForge' from project 'NeuroForge')

SwiftCompile normal arm64 Compiling\ NFRestoreRuntimeController.swift /Users/takamimarsh/Developer/Projects/Zacro\ Tech/NeuroForge/Sources/Privacy/NFRestoreRuntimeController.swift (in target 'NeuroForge' from project 'NeuroForge')

SwiftCompile normal arm64 /Users/takamimarsh/Developer/Projects/Zacro\ Tech/NeuroForge/Sources/Privacy/NFRestoreRuntimeController.swift (in target 'NeuroForge' from project 'NeuroForge')
    cd /Users/takamimarsh/Developer/Projects/Zacro\ Tech/NeuroForge
    

SwiftDriverJobDiscovery normal arm64 Emitting module for NeuroForge (in target 'NeuroForge' from project 'NeuroForge')

SwiftDriver\ Compilation\ Requirements NeuroForge normal arm64 com.apple.xcode.tools.swift.compiler (in target 'NeuroForge' from project 'NeuroForge')
    cd /Users/takamimarsh/Developer/Projects/Zacro\ Tech/NeuroForge
    builtin-Swift-Compilation-Requirements -- /Applications/Xcode.app/Contents/Developer/Toolchains/XcodeDefault.xctoolchain/usr/bin/swiftc -module-name NeuroForge -Onone @/tmp/NeuroForge-improvement-build/Build/Intermediates.noindex/NeuroForge.build/Debug/NeuroForge.build/Objects-normal/arm64/NeuroForge.SwiftFileList -DDEBUG -enable-experimental-feature DebugDescriptionMacro -sdk /Applications/Xcode.app/Contents/Developer/Platforms/MacOSX.platform/Developer/SDKs/MacOSX26.5.sdk -target arm64-apple-macos26.4 -g -module-cache-path /tmp/NeuroForge-improvement-build/ModuleCache.noindex -Xfrontend -serialize-debugging-options -enable-testing -warnings-as-errors -index-store-path /tmp/NeuroForge-improvement-build/Index.noindex/DataStore -Xcc -D_LIBCPP_HARDENING_MODE\=_LIBCPP_HARDENING_MODE_DEBUG -swift-version 6 -I /tmp/NeuroForge-improvement-build/Build/Products/Debug -F /tmp/NeuroForge-improvement-build/Build/Products/Debug/PackageFrameworks -F /tmp/NeuroForge-improvement-build/Build/Products/Debug -emit-localized-strings -emit-localized-strings-path /tmp/NeuroForge-improvement-build/Build/Intermediates.noindex/NeuroForge.build/Debug/NeuroForge.build/Objects-normal/arm64 -c -j12 -disable-batch-mode -incremental -Xcc -ivfsstatcache -Xcc /tmp/NeuroForge-improvement-build/SDKStatCaches.noindex/macosx26.5-25F70-e082c4a02f00227109f4ed75e425c832.sdkstatcache -output-file-map /tmp/NeuroForge-improvement-build/Build/Intermediates.noindex/NeuroForge.build/Debug/NeuroForge.build/Objects-normal/arm64/NeuroForge-OutputFileMap.json -use-frontend-parseable-output -save-temps -no-color-diagnostics -explicit-module-build -module-cache-path /tmp/NeuroForge-improvement-build/Build/Intermediates.noindex/SwiftExplicitPrecompiledModules -clang-scanner-module-cache-path /tmp/NeuroForge-improvement-build/ModuleCache.noindex -sdk-module-cache-path /tmp/NeuroForge-improvement-build/ModuleCache.noindex -serialize-diagnostics -emit-dependencies -emit-module -emit-module-path /tmp/NeuroForge-improvement-build/Build/Intermediates.noindex/NeuroForge.build/Debug/NeuroForge.build/Objects-normal/arm64/NeuroForge.swiftmodule -validate-clang-modules-once -clang-build-session-file /tmp/NeuroForge-improvement-build/ModuleCache.noindex/Session.modulevalidation -Xcc -I/tmp/NeuroForge-improvement-build/Build/Intermediates.noindex/NeuroForge.build/Debug/NeuroForge.build/swift-overrides.hmap -emit-const-values -Xfrontend -const-gather-protocols-file -Xfrontend /tmp/NeuroForge-improvement-build/Build/Intermediates.noindex/NeuroForge.build/Debug/NeuroForge.build/Objects-normal/arm64/NeuroForge_const_extract_protocols.json -Xcc -iquote -Xcc /tmp/NeuroForge-improvement-build/Build/Intermediates.noindex/NeuroForge.build/Debug/NeuroForge.build/NeuroForge-generated-files.hmap -Xcc -I/tmp/NeuroForge-improvement-build/Build/Intermediates.noindex/NeuroForge.build/Debug/NeuroForge.build/NeuroForge-own-target-headers.hmap -Xcc -I/tmp/NeuroForge-improvement-build/Build/Intermediates.noindex/NeuroForge.build/Debug/NeuroForge.build/NeuroForge-all-non-framework-target-headers.hmap -Xcc -ivfsoverlay -Xcc /tmp/NeuroForge-improvement-build/Build/Intermediates.noindex/NeuroForge.build/Debug/NeuroForge-1f477e43189f7d9a813ad7fc7bf5f2ec-VFS/all-product-headers.yaml -Xcc -iquote -Xcc /tmp/NeuroForge-improvement-build/Build/Intermediates.noindex/NeuroForge.build/Debug/NeuroForge.build/NeuroForge-project-headers.hmap -Xcc -I/tmp/NeuroForge-improvement-build/Build/Products/Debug/include -Xcc -I/tmp/NeuroForge-improvement-build/Build/Intermediates.noindex/NeuroForge.build/Debug/NeuroForge.build/DerivedSources-normal/arm64 -Xcc -I/tmp/NeuroForge-improvement-build/Build/Intermediates.noindex/NeuroForge.build/Debug/NeuroForge.build/DerivedSources/arm64 -Xcc -I/tmp/NeuroForge-improvement-build/Build/Intermediates.noindex/NeuroForge.build/Debug/NeuroForge.build/DerivedSources -Xcc -DDEBUG\=1 -emit-objc-header -emit-objc-header-path /tmp/NeuroForge-improvement-build/Build/Intermediates.noindex/NeuroForge.build/Debug/NeuroForge.build/Objects-normal/arm64/NeuroForge-Swift.h -working-directory /Users/takamimarsh/Developer/Projects/Zacro\ Tech/NeuroForge -experimental-emit-module-separately -disable-cmo

SwiftDriverJobDiscovery normal arm64 Compiling InputCalibrationSettingsView.swift (in target 'NeuroForge' from project 'NeuroForge')

SwiftCompile normal arm64 Compiling\ NFLocalReservationBridge.swift /Users/takamimarsh/Developer/Projects/Zacro\ Tech/NeuroForge/Sources/Adaptive/NFLocalReservationBridge.swift (in target 'NeuroForge' from project 'NeuroForge')

SwiftCompile normal arm64 /Users/takamimarsh/Developer/Projects/Zacro\ Tech/NeuroForge/Sources/Adaptive/NFLocalReservationBridge.swift (in target 'NeuroForge' from project 'NeuroForge')
    cd /Users/takamimarsh/Developer/Projects/Zacro\ Tech/NeuroForge
    

Copy /tmp/NeuroForge-improvement-build/Build/Products/Debug/NeuroForge.swiftmodule/arm64-apple-macos.swiftmodule /tmp/NeuroForge-improvement-build/Build/Intermediates.noindex/NeuroForge.build/Debug/NeuroForge.build/Objects-normal/arm64/NeuroForge.swiftmodule (in target 'NeuroForge' from project 'NeuroForge')
    cd /Users/takamimarsh/Developer/Projects/Zacro\ Tech/NeuroForge
    builtin-copy -exclude .DS_Store -exclude CVS -exclude .svn -exclude .git -exclude .hg -resolve-src-symlinks -rename /tmp/NeuroForge-improvement-build/Build/Intermediates.noindex/NeuroForge.build/Debug/NeuroForge.build/Objects-normal/arm64/NeuroForge.swiftmodule /tmp/NeuroForge-improvement-build/Build/Products/Debug/NeuroForge.swiftmodule/arm64-apple-macos.swiftmodule

SwiftDriverJobDiscovery normal arm64 Compiling NFWidgetSnapshotPublishing.swift (in target 'NeuroForge' from project 'NeuroForge')

Copy /tmp/NeuroForge-improvement-build/Build/Products/Debug/NeuroForge.swiftmodule/arm64-apple-macos.swiftdoc /tmp/NeuroForge-improvement-build/Build/Intermediates.noindex/NeuroForge.build/Debug/NeuroForge.build/Objects-normal/arm64/NeuroForge.swiftdoc (in target 'NeuroForge' from project 'NeuroForge')
    cd /Users/takamimarsh/Developer/Projects/Zacro\ Tech/NeuroForge
    builtin-copy -exclude .DS_Store -exclude CVS -exclude .svn -exclude .git -exclude .hg -resolve-src-symlinks -rename /tmp/NeuroForge-improvement-build/Build/Intermediates.noindex/NeuroForge.build/Debug/NeuroForge.build/Objects-normal/arm64/NeuroForge.swiftdoc /tmp/NeuroForge-improvement-build/Build/Products/Debug/NeuroForge.swiftmodule/arm64-apple-macos.swiftdoc

Copy /tmp/NeuroForge-improvement-build/Build/Products/Debug/NeuroForge.swiftmodule/arm64-apple-macos.abi.json /tmp/NeuroForge-improvement-build/Build/Intermediates.noindex/NeuroForge.build/Debug/NeuroForge.build/Objects-normal/arm64/NeuroForge.abi.json (in target 'NeuroForge' from project 'NeuroForge')
    cd /Users/takamimarsh/Developer/Projects/Zacro\ Tech/NeuroForge
    builtin-copy -exclude .DS_Store -exclude CVS -exclude .svn -exclude .git -exclude .hg -resolve-src-symlinks -rename /tmp/NeuroForge-improvement-build/Build/Intermediates.noindex/NeuroForge.build/Debug/NeuroForge.build/Objects-normal/arm64/NeuroForge.abi.json /tmp/NeuroForge-improvement-build/Build/Products/Debug/NeuroForge.swiftmodule/arm64-apple-macos.abi.json

Copy /tmp/NeuroForge-improvement-build/Build/Products/Debug/NeuroForge.swiftmodule/Project/arm64-apple-macos.swiftsourceinfo /tmp/NeuroForge-improvement-build/Build/Intermediates.noindex/NeuroForge.build/Debug/NeuroForge.build/Objects-normal/arm64/NeuroForge.swiftsourceinfo (in target 'NeuroForge' from project 'NeuroForge')
    cd /Users/takamimarsh/Developer/Projects/Zacro\ Tech/NeuroForge
    builtin-copy -exclude .DS_Store -exclude CVS -exclude .svn -exclude .git -exclude .hg -resolve-src-symlinks -rename /tmp/NeuroForge-improvement-build/Build/Intermediates.noindex/NeuroForge.build/Debug/NeuroForge.build/Objects-normal/arm64/NeuroForge.swiftsourceinfo /tmp/NeuroForge-improvement-build/Build/Products/Debug/NeuroForge.swiftmodule/Project/arm64-apple-macos.swiftsourceinfo

SwiftCompile normal arm64 Compiling\ NFExternalRoute.swift /Users/takamimarsh/Developer/Projects/Zacro\ Tech/NeuroForge/Sources/App/NFExternalRoute.swift (in target 'NeuroForge' from project 'NeuroForge')

SwiftCompile normal arm64 /Users/takamimarsh/Developer/Projects/Zacro\ Tech/NeuroForge/Sources/App/NFExternalRoute.swift (in target 'NeuroForge' from project 'NeuroForge')
    cd /Users/takamimarsh/Developer/Projects/Zacro\ Tech/NeuroForge
    

SwiftCompile normal arm64 Compiling\ AppRootView.swift /Users/takamimarsh/Developer/Projects/Zacro\ Tech/NeuroForge/Sources/App/AppRootView.swift (in target 'NeuroForge' from project 'NeuroForge')

SwiftCompile normal arm64 /Users/takamimarsh/Developer/Projects/Zacro\ Tech/NeuroForge/Sources/App/AppRootView.swift (in target 'NeuroForge' from project 'NeuroForge')
    cd /Users/takamimarsh/Developer/Projects/Zacro\ Tech/NeuroForge
    

SwiftDriverJobDiscovery normal arm64 Compiling PersistenceModels.swift (in target 'NeuroForge' from project 'NeuroForge')

SwiftDriver NeuroForgeTests normal arm64 com.apple.xcode.tools.swift.compiler (in target 'NeuroForgeTests' from project 'NeuroForge')
    cd /Users/takamimarsh/Developer/Projects/Zacro\ Tech/NeuroForge
    builtin-SwiftDriver -- /Applications/Xcode.app/Contents/Developer/Toolchains/XcodeDefault.xctoolchain/usr/bin/swiftc -module-name NeuroForgeTests -Onone @/tmp/NeuroForge-improvement-build/Build/Intermediates.noindex/NeuroForge.build/Debug/NeuroForgeTests.build/Objects-normal/arm64/NeuroForgeTests.SwiftFileList -DDEBUG -plugin-path /Applications/Xcode.app/Contents/Developer/Toolchains/XcodeDefault.xctoolchain/usr/lib/swift/host/plugins/testing -enable-experimental-feature DebugDescriptionMacro -sdk /Applications/Xcode.app/Contents/Developer/Platforms/MacOSX.platform/Developer/SDKs/MacOSX26.5.sdk -target arm64-apple-macos26.4 -g -module-cache-path /tmp/NeuroForge-improvement-build/ModuleCache.noindex -Xfrontend -serialize-debugging-options -enable-testing -warnings-as-errors -index-store-path /tmp/NeuroForge-improvement-build/Index.noindex/DataStore -Xcc -D_LIBCPP_HARDENING_MODE\=_LIBCPP_HARDENING_MODE_DEBUG -swift-version 6 -I /tmp/NeuroForge-improvement-build/Build/Products/Debug -Isystem /Applications/Xcode.app/Contents/Developer/Platforms/MacOSX.platform/Developer/usr/lib -F /tmp/NeuroForge-improvement-build/Build/Products/Debug/PackageFrameworks -F /tmp/NeuroForge-improvement-build/Build/Products/Debug -F /Applications/Xcode.app/Contents/Developer/Platforms/MacOSX.platform/Developer/Library/Frameworks -emit-localized-strings -emit-localized-strings-path /tmp/NeuroForge-improvement-build/Build/Intermediates.noindex/NeuroForge.build/Debug/NeuroForgeTests.build/Objects-normal/arm64 -c -j12 -disable-batch-mode -incremental -Xcc -ivfsstatcache -Xcc /tmp/NeuroForge-improvement-build/SDKStatCaches.noindex/macosx26.5-25F70-e082c4a02f00227109f4ed75e425c832.sdkstatcache -output-file-map /tmp/NeuroForge-improvement-build/Build/Intermediates.noindex/NeuroForge.build/Debug/NeuroForgeTests.build/Objects-normal/arm64/NeuroForgeTests-OutputFileMap.json -use-frontend-parseable-output -save-temps -no-color-diagnostics -explicit-module-build -module-cache-path /tmp/NeuroForge-improvement-build/Build/Intermediates.noindex/SwiftExplicitPrecompiledModules -clang-scanner-module-cache-path /tmp/NeuroForge-improvement-build/ModuleCache.noindex -sdk-module-cache-path /tmp/NeuroForge-improvement-build/ModuleCache.noindex -serialize-diagnostics -emit-dependencies -emit-module -emit-module-path /tmp/NeuroForge-improvement-build/Build/Intermediates.noindex/NeuroForge.build/Debug/NeuroForgeTests.build/Objects-normal/arm64/NeuroForgeTests.swiftmodule -validate-clang-modules-once -clang-build-session-file /tmp/NeuroForge-improvement-build/ModuleCache.noindex/Session.modulevalidation -Xcc -I/tmp/NeuroForge-improvement-build/Build/Intermediates.noindex/NeuroForge.build/Debug/NeuroForgeTests.build/swift-overrides.hmap -emit-const-values -Xfrontend -const-gather-protocols-file -Xfrontend /tmp/NeuroForge-improvement-build/Build/Intermediates.noindex/NeuroForge.build/Debug/NeuroForgeTests.build/Objects-normal/arm64/NeuroForgeTests_const_extract_protocols.json -Xcc -iquote -Xcc /tmp/NeuroForge-improvement-build/Build/Intermediates.noindex/NeuroForge.build/Debug/NeuroForgeTests.build/NeuroForgeTests-generated-files.hmap -Xcc -I/tmp/NeuroForge-improvement-build/Build/Intermediates.noindex/NeuroForge.build/Debug/NeuroForgeTests.build/NeuroForgeTests-own-target-headers.hmap -Xcc -I/tmp/NeuroForge-improvement-build/Build/Intermediates.noindex/NeuroForge.build/Debug/NeuroForgeTests.build/NeuroForgeTests-all-non-framework-target-headers.hmap -Xcc -ivfsoverlay -Xcc /tmp/NeuroForge-improvement-build/Build/Intermediates.noindex/NeuroForge.build/Debug/NeuroForge-1f477e43189f7d9a813ad7fc7bf5f2ec-VFS/all-product-headers.yaml -Xcc -iquote -Xcc /tmp/NeuroForge-improvement-build/Build/Intermediates.noindex/NeuroForge.build/Debug/NeuroForgeTests.build/NeuroForgeTests-project-headers.hmap -Xcc -I/tmp/NeuroForge-improvement-build/Build/Products/Debug/include -Xcc -I/tmp/NeuroForge-improvement-build/Build/Intermediates.noindex/NeuroForge.build/Debug/NeuroForgeTests.build/DerivedSources-normal/arm64 -Xcc -I/tmp/NeuroForge-improvement-build/Build/Intermediates.noindex/NeuroForge.build/Debug/NeuroForgeTests.build/DerivedSources/arm64 -Xcc -I/tmp/NeuroForge-improvement-build/Build/Intermediates.noindex/NeuroForge.build/Debug/NeuroForgeTests.build/DerivedSources -Xcc -DDEBUG\=1 -emit-objc-header -emit-objc-header-path /tmp/NeuroForge-improvement-build/Build/Intermediates.noindex/NeuroForge.build/Debug/NeuroForgeTests.build/Objects-normal/arm64/NeuroForgeTests-Swift.h -working-directory /Users/takamimarsh/Developer/Projects/Zacro\ Tech/NeuroForge -experimental-emit-module-separately -disable-cmo

SwiftDriverJobDiscovery normal arm64 Compiling SpatialDiagramView.swift (in target 'NeuroForge' from project 'NeuroForge')

SwiftCompile normal arm64 Compiling\ SpotlightSettingsControls.swift /Users/takamimarsh/Developer/Projects/Zacro\ Tech/NeuroForge/Sources/Features/Settings/SpotlightSettingsControls.swift (in target 'NeuroForge' from project 'NeuroForge')

SwiftCompile normal arm64 /Users/takamimarsh/Developer/Projects/Zacro\ Tech/NeuroForge/Sources/Features/Settings/SpotlightSettingsControls.swift (in target 'NeuroForge' from project 'NeuroForge')
    cd /Users/takamimarsh/Developer/Projects/Zacro\ Tech/NeuroForge
    

SwiftDriverJobDiscovery normal arm64 Compiling NFPlanReplacementPersistence.swift (in target 'NeuroForge' from project 'NeuroForge')

SwiftCompile normal arm64 Compiling\ NFDataArchiveRestoreService.swift /Users/takamimarsh/Developer/Projects/Zacro\ Tech/NeuroForge/Sources/Privacy/NFDataArchiveRestoreService.swift (in target 'NeuroForge' from project 'NeuroForge')
SwiftCompile normal arm64 /Users/takamimarsh/Developer/Projects/Zacro\ Tech/NeuroForge/Sources/Privacy/NFDataArchiveRestoreService.swift (in target 'NeuroForge' from project 'NeuroForge')
    cd /Users/takamimarsh/Developer/Projects/Zacro\ Tech/NeuroForge
    

SwiftDriverJobDiscovery normal arm64 Compiling NFSystemIntegrationCoordinator.swift (in target 'NeuroForge' from project 'NeuroForge')

SwiftCompile normal arm64 Compiling\ ProgressAnnotationsView.swift /Users/takamimarsh/Developer/Projects/Zacro\ Tech/NeuroForge/Sources/Features/Progress/ProgressAnnotationsView.swift (in target 'NeuroForge' from project 'NeuroForge')

SwiftCompile normal arm64 /Users/takamimarsh/Developer/Projects/Zacro\ Tech/NeuroForge/Sources/Features/Progress/ProgressAnnotationsView.swift (in target 'NeuroForge' from project 'NeuroForge')
    cd /Users/takamimarsh/Developer/Projects/Zacro\ Tech/NeuroForge
    

SwiftDriverJobDiscovery normal arm64 Compiling NeuroForgeIntents.swift (in target 'NeuroForge' from project 'NeuroForge')

SwiftCompile normal arm64 Compiling\ NFAdaptiveQuestionPopulationAppBridge.swift /Users/takamimarsh/Developer/Projects/Zacro\ Tech/NeuroForge/Sources/AI/NFAdaptiveQuestionPopulationAppBridge.swift (in target 'NeuroForge' from project 'NeuroForge')

SwiftCompile normal arm64 /Users/takamimarsh/Developer/Projects/Zacro\ Tech/NeuroForge/Sources/AI/NFAdaptiveQuestionPopulationAppBridge.swift (in target 'NeuroForge' from project 'NeuroForge')
    cd /Users/takamimarsh/Developer/Projects/Zacro\ Tech/NeuroForge
    

SwiftDriverJobDiscovery normal arm64 Compiling NFLocalReservationBridge.swift (in target 'NeuroForge' from project 'NeuroForge')

SwiftCompile normal arm64 Compiling\ NFAuthoredExerciseAuthority.swift /Users/takamimarsh/Developer/Projects/Zacro\ Tech/NeuroForge/Sources/AI/NFAuthoredExerciseAuthority.swift (in target 'NeuroForge' from project 'NeuroForge')

SwiftCompile normal arm64 /Users/takamimarsh/Developer/Projects/Zacro\ Tech/NeuroForge/Sources/AI/NFAuthoredExerciseAuthority.swift (in target 'NeuroForge' from project 'NeuroForge')
    cd /Users/takamimarsh/Developer/Projects/Zacro\ Tech/NeuroForge
    

SwiftDriverJobDiscovery normal arm64 Compiling NFExternalRoute.swift (in target 'NeuroForge' from project 'NeuroForge')

SwiftCompile normal arm64 Compiling\ OnboardingView.swift /Users/takamimarsh/Developer/Projects/Zacro\ Tech/NeuroForge/Sources/Features/Onboarding/OnboardingView.swift (in target 'NeuroForge' from project 'NeuroForge')

SwiftCompile normal arm64 /Users/takamimarsh/Developer/Projects/Zacro\ Tech/NeuroForge/Sources/Features/Onboarding/OnboardingView.swift (in target 'NeuroForge' from project 'NeuroForge')
    cd /Users/takamimarsh/Developer/Projects/Zacro\ Tech/NeuroForge
    

SwiftEmitModule normal arm64 Emitting\ module\ for\ NeuroForgeTests (in target 'NeuroForgeTests' from project 'NeuroForge')

EmitSwiftModule normal arm64 (in target 'NeuroForgeTests' from project 'NeuroForge')
    cd /Users/takamimarsh/Developer/Projects/Zacro\ Tech/NeuroForge
    

SwiftDriverJobDiscovery normal arm64 Compiling TodayView.swift (in target 'NeuroForge' from project 'NeuroForge')

SwiftCompile normal arm64 Compiling\ ResidualIntegrationContractTests.swift /Users/takamimarsh/Developer/Projects/Zacro\ Tech/NeuroForge/Tests/ResidualIntegrationContractTests.swift (in target 'NeuroForgeTests' from project 'NeuroForge')

SwiftCompile normal arm64 /Users/takamimarsh/Developer/Projects/Zacro\ Tech/NeuroForge/Tests/ResidualIntegrationContractTests.swift (in target 'NeuroForgeTests' from project 'NeuroForge')
    cd /Users/takamimarsh/Developer/Projects/Zacro\ Tech/NeuroForge
    

SwiftDriverJobDiscovery normal arm64 Compiling NFLocalSessionRepository.swift (in target 'NeuroForge' from project 'NeuroForge')

SwiftCompile normal arm64 Compiling\ StarterQuestionSetCatalogTests.swift /Users/takamimarsh/Developer/Projects/Zacro\ Tech/NeuroForge/Tests/StarterQuestionSetCatalogTests.swift (in target 'NeuroForgeTests' from project 'NeuroForge')

SwiftCompile normal arm64 /Users/takamimarsh/Developer/Projects/Zacro\ Tech/NeuroForge/Tests/StarterQuestionSetCatalogTests.swift (in target 'NeuroForgeTests' from project 'NeuroForge')
    cd /Users/takamimarsh/Developer/Projects/Zacro\ Tech/NeuroForge
    

SwiftDriverJobDiscovery normal arm64 Compiling NFAuthoredExerciseAuthority.swift (in target 'NeuroForge' from project 'NeuroForge')

SwiftCompile normal arm64 Compiling\ SemanticSourceImportTests.swift /Users/takamimarsh/Developer/Projects/Zacro\ Tech/NeuroForge/Tests/SemanticSourceImportTests.swift (in target 'NeuroForgeTests' from project 'NeuroForge')

SwiftCompile normal arm64 /Users/takamimarsh/Developer/Projects/Zacro\ Tech/NeuroForge/Tests/SemanticSourceImportTests.swift (in target 'NeuroForgeTests' from project 'NeuroForge')
    cd /Users/takamimarsh/Developer/Projects/Zacro\ Tech/NeuroForge
    

SwiftDriverJobDiscovery normal arm64 Compiling NFRestoreRuntimeController.swift (in target 'NeuroForge' from project 'NeuroForge')

SwiftCompile normal arm64 Compiling\ RecoveryMigrationTests.swift /Users/takamimarsh/Developer/Projects/Zacro\ Tech/NeuroForge/Tests/RecoveryMigrationTests.swift (in target 'NeuroForgeTests' from project 'NeuroForge')

SwiftCompile normal arm64 /Users/takamimarsh/Developer/Projects/Zacro\ Tech/NeuroForge/Tests/RecoveryMigrationTests.swift (in target 'NeuroForgeTests' from project 'NeuroForge')
    cd /Users/takamimarsh/Developer/Projects/Zacro\ Tech/NeuroForge
    

SwiftDriverJobDiscovery normal arm64 Compiling SpotlightSettingsControls.swift (in target 'NeuroForge' from project 'NeuroForge')

SwiftCompile normal arm64 Compiling\ OfflineQuestionBankTests.swift /Users/takamimarsh/Developer/Projects/Zacro\ Tech/NeuroForge/Tests/OfflineQuestionBankTests.swift (in target 'NeuroForgeTests' from project 'NeuroForge')

SwiftCompile normal arm64 /Users/takamimarsh/Developer/Projects/Zacro\ Tech/NeuroForge/Tests/OfflineQuestionBankTests.swift (in target 'NeuroForgeTests' from project 'NeuroForge')
    cd /Users/takamimarsh/Developer/Projects/Zacro\ Tech/NeuroForge
    

SwiftDriverJobDiscovery normal arm64 Compiling ResidualIntegrationContractTests.swift (in target 'NeuroForgeTests' from project 'NeuroForge')

SwiftCompile normal arm64 Compiling\ NextDayEnhancementCacheTests.swift /Users/takamimarsh/Developer/Projects/Zacro\ Tech/NeuroForge/Tests/NextDayEnhancementCacheTests.swift (in target 'NeuroForgeTests' from project 'NeuroForge')

SwiftCompile normal arm64 /Users/takamimarsh/Developer/Projects/Zacro\ Tech/NeuroForge/Tests/NextDayEnhancementCacheTests.swift (in target 'NeuroForgeTests' from project 'NeuroForge')
    cd /Users/takamimarsh/Developer/Projects/Zacro\ Tech/NeuroForge
    

SwiftDriverJobDiscovery normal arm64 Compiling NFAdaptiveQuestionPopulationAppBridge.swift (in target 'NeuroForge' from project 'NeuroForge')

SwiftCompile normal arm64 Compiling\ AIAndSourceTests.swift /Users/takamimarsh/Developer/Projects/Zacro\ Tech/NeuroForge/Tests/AIAndSourceTests.swift (in target 'NeuroForgeTests' from project 'NeuroForge')

SwiftCompile normal arm64 /Users/takamimarsh/Developer/Projects/Zacro\ Tech/NeuroForge/Tests/AIAndSourceTests.swift (in target 'NeuroForgeTests' from project 'NeuroForge')
    cd /Users/takamimarsh/Developer/Projects/Zacro\ Tech/NeuroForge
    

SwiftDriverJobDiscovery normal arm64 Compiling RecoveryMigrationTests.swift (in target 'NeuroForgeTests' from project 'NeuroForge')

SwiftCompile normal arm64 Compiling\ ReleaseContentIntegrityTests.swift /Users/takamimarsh/Developer/Projects/Zacro\ Tech/NeuroForge/Tests/ReleaseContentIntegrityTests.swift (in target 'NeuroForgeTests' from project 'NeuroForge')

SwiftCompile normal arm64 /Users/takamimarsh/Developer/Projects/Zacro\ Tech/NeuroForge/Tests/ReleaseContentIntegrityTests.swift (in target 'NeuroForgeTests' from project 'NeuroForge')
    cd /Users/takamimarsh/Developer/Projects/Zacro\ Tech/NeuroForge
    

SwiftDriverJobDiscovery normal arm64 Compiling SemanticSourceImportTests.swift (in target 'NeuroForgeTests' from project 'NeuroForge')

SwiftCompile normal arm64 Compiling\ HistoricalContentCorrectionPolicyTests.swift /Users/takamimarsh/Developer/Projects/Zacro\ Tech/NeuroForge/Tests/HistoricalContentCorrectionPolicyTests.swift (in target 'NeuroForgeTests' from project 'NeuroForge')

SwiftCompile normal arm64 /Users/takamimarsh/Developer/Projects/Zacro\ Tech/NeuroForge/Tests/HistoricalContentCorrectionPolicyTests.swift (in target 'NeuroForgeTests' from project 'NeuroForge')
    cd /Users/takamimarsh/Developer/Projects/Zacro\ Tech/NeuroForge
    

SwiftDriverJobDiscovery normal arm64 Compiling OfflineQuestionBankTests.swift (in target 'NeuroForgeTests' from project 'NeuroForge')

SwiftCompile normal arm64 Compiling\ PrivacyLifecycleTests.swift /Users/takamimarsh/Developer/Projects/Zacro\ Tech/NeuroForge/Tests/PrivacyLifecycleTests.swift (in target 'NeuroForgeTests' from project 'NeuroForge')

SwiftCompile normal arm64 /Users/takamimarsh/Developer/Projects/Zacro\ Tech/NeuroForge/Tests/PrivacyLifecycleTests.swift (in target 'NeuroForgeTests' from project 'NeuroForge')
    cd /Users/takamimarsh/Developer/Projects/Zacro\ Tech/NeuroForge
    

SwiftDriverJobDiscovery normal arm64 Compiling ProgressAnnotationsView.swift (in target 'NeuroForge' from project 'NeuroForge')

SwiftCompile normal arm64 Compiling\ ProtectedPortableArchiveTests.swift /Users/takamimarsh/Developer/Projects/Zacro\ Tech/NeuroForge/Tests/ProtectedPortableArchiveTests.swift (in target 'NeuroForgeTests' from project 'NeuroForge')

SwiftCompile normal arm64 /Users/takamimarsh/Developer/Projects/Zacro\ Tech/NeuroForge/Tests/ProtectedPortableArchiveTests.swift (in target 'NeuroForgeTests' from project 'NeuroForge')
    cd /Users/takamimarsh/Developer/Projects/Zacro\ Tech/NeuroForge
    

SwiftDriverJobDiscovery normal arm64 Compiling NextDayEnhancementCacheTests.swift (in target 'NeuroForgeTests' from project 'NeuroForge')

SwiftCompile normal arm64 Compiling\ SessionWorkloadBudgetTests.swift /Users/takamimarsh/Developer/Projects/Zacro\ Tech/NeuroForge/Tests/SessionWorkloadBudgetTests.swift (in target 'NeuroForgeTests' from project 'NeuroForge')

SwiftCompile normal arm64 /Users/takamimarsh/Developer/Projects/Zacro\ Tech/NeuroForge/Tests/SessionWorkloadBudgetTests.swift (in target 'NeuroForgeTests' from project 'NeuroForge')
    cd /Users/takamimarsh/Developer/Projects/Zacro\ Tech/NeuroForge
    

SwiftDriverJobDiscovery normal arm64 Emitting module for NeuroForgeTests (in target 'NeuroForgeTests' from project 'NeuroForge')

SwiftDriverJobDiscovery normal arm64 Compiling PrivacyLifecycleTests.swift (in target 'NeuroForgeTests' from project 'NeuroForge')

SwiftDriver\ Compilation\ Requirements NeuroForgeTests normal arm64 com.apple.xcode.tools.swift.compiler (in target 'NeuroForgeTests' from project 'NeuroForge')
    cd /Users/takamimarsh/Developer/Projects/Zacro\ Tech/NeuroForge
    builtin-Swift-Compilation-Requirements -- /Applications/Xcode.app/Contents/Developer/Toolchains/XcodeDefault.xctoolchain/usr/bin/swiftc -module-name NeuroForgeTests -Onone @/tmp/NeuroForge-improvement-build/Build/Intermediates.noindex/NeuroForge.build/Debug/NeuroForgeTests.build/Objects-normal/arm64/NeuroForgeTests.SwiftFileList -DDEBUG -plugin-path /Applications/Xcode.app/Contents/Developer/Toolchains/XcodeDefault.xctoolchain/usr/lib/swift/host/plugins/testing -enable-experimental-feature DebugDescriptionMacro -sdk /Applications/Xcode.app/Contents/Developer/Platforms/MacOSX.platform/Developer/SDKs/MacOSX26.5.sdk -target arm64-apple-macos26.4 -g -module-cache-path /tmp/NeuroForge-improvement-build/ModuleCache.noindex -Xfrontend -serialize-debugging-options -enable-testing -warnings-as-errors -index-store-path /tmp/NeuroForge-improvement-build/Index.noindex/DataStore -Xcc -D_LIBCPP_HARDENING_MODE\=_LIBCPP_HARDENING_MODE_DEBUG -swift-version 6 -I /tmp/NeuroForge-improvement-build/Build/Products/Debug -Isystem /Applications/Xcode.app/Contents/Developer/Platforms/MacOSX.platform/Developer/usr/lib -F /tmp/NeuroForge-improvement-build/Build/Products/Debug/PackageFrameworks -F /tmp/NeuroForge-improvement-build/Build/Products/Debug -F /Applications/Xcode.app/Contents/Developer/Platforms/MacOSX.platform/Developer/Library/Frameworks -emit-localized-strings -emit-localized-strings-path /tmp/NeuroForge-improvement-build/Build/Intermediates.noindex/NeuroForge.build/Debug/NeuroForgeTests.build/Objects-normal/arm64 -c -j12 -disable-batch-mode -incremental -Xcc -ivfsstatcache -Xcc /tmp/NeuroForge-improvement-build/SDKStatCaches.noindex/macosx26.5-25F70-e082c4a02f00227109f4ed75e425c832.sdkstatcache -output-file-map /tmp/NeuroForge-improvement-build/Build/Intermediates.noindex/NeuroForge.build/Debug/NeuroForgeTests.build/Objects-normal/arm64/NeuroForgeTests-OutputFileMap.json -use-frontend-parseable-output -save-temps -no-color-diagnostics -explicit-module-build -module-cache-path /tmp/NeuroForge-improvement-build/Build/Intermediates.noindex/SwiftExplicitPrecompiledModules -clang-scanner-module-cache-path /tmp/NeuroForge-improvement-build/ModuleCache.noindex -sdk-module-cache-path /tmp/NeuroForge-improvement-build/ModuleCache.noindex -serialize-diagnostics -emit-dependencies -emit-module -emit-module-path /tmp/NeuroForge-improvement-build/Build/Intermediates.noindex/NeuroForge.build/Debug/NeuroForgeTests.build/Objects-normal/arm64/NeuroForgeTests.swiftmodule -validate-clang-modules-once -clang-build-session-file /tmp/NeuroForge-improvement-build/ModuleCache.noindex/Session.modulevalidation -Xcc -I/tmp/NeuroForge-improvement-build/Build/Intermediates.noindex/NeuroForge.build/Debug/NeuroForgeTests.build/swift-overrides.hmap -emit-const-values -Xfrontend -const-gather-protocols-file -Xfrontend /tmp/NeuroForge-improvement-build/Build/Intermediates.noindex/NeuroForge.build/Debug/NeuroForgeTests.build/Objects-normal/arm64/NeuroForgeTests_const_extract_protocols.json -Xcc -iquote -Xcc /tmp/NeuroForge-improvement-build/Build/Intermediates.noindex/NeuroForge.build/Debug/NeuroForgeTests.build/NeuroForgeTests-generated-files.hmap -Xcc -I/tmp/NeuroForge-improvement-build/Build/Intermediates.noindex/NeuroForge.build/Debug/NeuroForgeTests.build/NeuroForgeTests-own-target-headers.hmap -Xcc -I/tmp/NeuroForge-improvement-build/Build/Intermediates.noindex/NeuroForge.build/Debug/NeuroForgeTests.build/NeuroForgeTests-all-non-framework-target-headers.hmap -Xcc -ivfsoverlay -Xcc /tmp/NeuroForge-improvement-build/Build/Intermediates.noindex/NeuroForge.build/Debug/NeuroForge-1f477e43189f7d9a813ad7fc7bf5f2ec-VFS/all-product-headers.yaml -Xcc -iquote -Xcc /tmp/NeuroForge-improvement-build/Build/Intermediates.noindex/NeuroForge.build/Debug/NeuroForgeTests.build/NeuroForgeTests-project-headers.hmap -Xcc -I/tmp/NeuroForge-improvement-build/Build/Products/Debug/include -Xcc -I/tmp/NeuroForge-improvement-build/Build/Intermediates.noindex/NeuroForge.build/Debug/NeuroForgeTests.build/DerivedSources-normal/arm64 -Xcc -I/tmp/NeuroForge-improvement-build/Build/Intermediates.noindex/NeuroForge.build/Debug/NeuroForgeTests.build/DerivedSources/arm64 -Xcc -I/tmp/NeuroForge-improvement-build/Build/Intermediates.noindex/NeuroForge.build/Debug/NeuroForgeTests.build/DerivedSources -Xcc -DDEBUG\=1 -emit-objc-header -emit-objc-header-path /tmp/NeuroForge-improvement-build/Build/Intermediates.noindex/NeuroForge.build/Debug/NeuroForgeTests.build/Objects-normal/arm64/NeuroForgeTests-Swift.h -working-directory /Users/takamimarsh/Developer/Projects/Zacro\ Tech/NeuroForge -experimental-emit-module-separately -disable-cmo

SwiftCompile normal arm64 Compiling\ DataExportRoundTripTests.swift /Users/takamimarsh/Developer/Projects/Zacro\ Tech/NeuroForge/Tests/DataExportRoundTripTests.swift (in target 'NeuroForgeTests' from project 'NeuroForge')
SwiftCompile normal arm64 /Users/takamimarsh/Developer/Projects/Zacro\ Tech/NeuroForge/Tests/DataExportRoundTripTests.swift (in target 'NeuroForgeTests' from project 'NeuroForge')
    cd /Users/takamimarsh/Developer/Projects/Zacro\ Tech/NeuroForge
    

Copy /tmp/NeuroForge-improvement-build/Build/Products/Debug/NeuroForgeTests.swiftmodule/arm64-apple-macos.swiftmodule /tmp/NeuroForge-improvement-build/Build/Intermediates.noindex/NeuroForge.build/Debug/NeuroForgeTests.build/Objects-normal/arm64/NeuroForgeTests.swiftmodule (in target 'NeuroForgeTests' from project 'NeuroForge')
    cd /Users/takamimarsh/Developer/Projects/Zacro\ Tech/NeuroForge
    builtin-copy -exclude .DS_Store -exclude CVS -exclude .svn -exclude .git -exclude .hg -resolve-src-symlinks -rename /tmp/NeuroForge-improvement-build/Build/Intermediates.noindex/NeuroForge.build/Debug/NeuroForgeTests.build/Objects-normal/arm64/NeuroForgeTests.swiftmodule /tmp/NeuroForge-improvement-build/Build/Products/Debug/NeuroForgeTests.swiftmodule/arm64-apple-macos.swiftmodule

SwiftDriverJobDiscovery normal arm64 Compiling ReleaseContentIntegrityTests.swift (in target 'NeuroForgeTests' from project 'NeuroForge')

Copy /tmp/NeuroForge-improvement-build/Build/Products/Debug/NeuroForgeTests.swiftmodule/arm64-apple-macos.abi.json /tmp/NeuroForge-improvement-build/Build/Intermediates.noindex/NeuroForge.build/Debug/NeuroForgeTests.build/Objects-normal/arm64/NeuroForgeTests.abi.json (in target 'NeuroForgeTests' from project 'NeuroForge')
    cd /Users/takamimarsh/Developer/Projects/Zacro\ Tech/NeuroForge
    builtin-copy -exclude .DS_Store -exclude CVS -exclude .svn -exclude .git -exclude .hg -resolve-src-symlinks -rename /tmp/NeuroForge-improvement-build/Build/Intermediates.noindex/NeuroForge.build/Debug/NeuroForgeTests.build/Objects-normal/arm64/NeuroForgeTests.abi.json /tmp/NeuroForge-improvement-build/Build/Products/Debug/NeuroForgeTests.swiftmodule/arm64-apple-macos.abi.json

Copy /tmp/NeuroForge-improvement-build/Build/Products/Debug/NeuroForgeTests.swiftmodule/Project/arm64-apple-macos.swiftsourceinfo /tmp/NeuroForge-improvement-build/Build/Intermediates.noindex/NeuroForge.build/Debug/NeuroForgeTests.build/Objects-normal/arm64/NeuroForgeTests.swiftsourceinfo (in target 'NeuroForgeTests' from project 'NeuroForge')
    cd /Users/takamimarsh/Developer/Projects/Zacro\ Tech/NeuroForge
    builtin-copy -exclude .DS_Store -exclude CVS -exclude .svn -exclude .git -exclude .hg -resolve-src-symlinks -rename /tmp/NeuroForge-improvement-build/Build/Intermediates.noindex/NeuroForge.build/Debug/NeuroForgeTests.build/Objects-normal/arm64/NeuroForgeTests.swiftsourceinfo /tmp/NeuroForge-improvement-build/Build/Products/Debug/NeuroForgeTests.swiftmodule/Project/arm64-apple-macos.swiftsourceinfo

SwiftCompile normal arm64 Compiling\ EditorialBandEvidenceTests.swift /Users/takamimarsh/Developer/Projects/Zacro\ Tech/NeuroForge/Tests/EditorialBandEvidenceTests.swift (in target 'NeuroForgeTests' from project 'NeuroForge')

SwiftCompile normal arm64 /Users/takamimarsh/Developer/Projects/Zacro\ Tech/NeuroForge/Tests/EditorialBandEvidenceTests.swift (in target 'NeuroForgeTests' from project 'NeuroForge')
    cd /Users/takamimarsh/Developer/Projects/Zacro\ Tech/NeuroForge
    

SwiftCompile normal arm64 Compiling\ DocumentImportLifecycleTests.swift /Users/takamimarsh/Developer/Projects/Zacro\ Tech/NeuroForge/Tests/DocumentImportLifecycleTests.swift (in target 'NeuroForgeTests' from project 'NeuroForge')

SwiftCompile normal arm64 /Users/takamimarsh/Developer/Projects/Zacro\ Tech/NeuroForge/Tests/DocumentImportLifecycleTests.swift (in target 'NeuroForgeTests' from project 'NeuroForge')
    cd /Users/takamimarsh/Developer/Projects/Zacro\ Tech/NeuroForge
    

SwiftDriverJobDiscovery normal arm64 Compiling StarterQuestionSetCatalogTests.swift (in target 'NeuroForgeTests' from project 'NeuroForge')

SwiftCompile normal arm64 Compiling\ SessionIntegrityReviewTests.swift /Users/takamimarsh/Developer/Projects/Zacro\ Tech/NeuroForge/Tests/SessionIntegrityReviewTests.swift (in target 'NeuroForgeTests' from project 'NeuroForge')

SwiftCompile normal arm64 /Users/takamimarsh/Developer/Projects/Zacro\ Tech/NeuroForge/Tests/SessionIntegrityReviewTests.swift (in target 'NeuroForgeTests' from project 'NeuroForge')
    cd /Users/takamimarsh/Developer/Projects/Zacro\ Tech/NeuroForge
    

SwiftDriverJobDiscovery normal arm64 Compiling OnboardingView.swift (in target 'NeuroForge' from project 'NeuroForge')

SwiftCompile normal arm64 Compiling\ ProgressEvidenceTests.swift /Users/takamimarsh/Developer/Projects/Zacro\ Tech/NeuroForge/Tests/ProgressEvidenceTests.swift (in target 'NeuroForgeTests' from project 'NeuroForge')

SwiftCompile normal arm64 /Users/takamimarsh/Developer/Projects/Zacro\ Tech/NeuroForge/Tests/ProgressEvidenceTests.swift (in target 'NeuroForgeTests' from project 'NeuroForge')
    cd /Users/takamimarsh/Developer/Projects/Zacro\ Tech/NeuroForge
    

SwiftDriverJobDiscovery normal arm64 Compiling HistoricalContentCorrectionPolicyTests.swift (in target 'NeuroForgeTests' from project 'NeuroForge')

SwiftCompile normal arm64 Compiling\ RetrievalMechanicsContractTests.swift /Users/takamimarsh/Developer/Projects/Zacro\ Tech/NeuroForge/Tests/RetrievalMechanicsContractTests.swift (in target 'NeuroForgeTests' from project 'NeuroForge')

SwiftCompile normal arm64 /Users/takamimarsh/Developer/Projects/Zacro\ Tech/NeuroForge/Tests/RetrievalMechanicsContractTests.swift (in target 'NeuroForgeTests' from project 'NeuroForge')
    cd /Users/takamimarsh/Developer/Projects/Zacro\ Tech/NeuroForge
    

SwiftDriverJobDiscovery normal arm64 Compiling SessionWorkloadBudgetTests.swift (in target 'NeuroForgeTests' from project 'NeuroForge')

SwiftCompile normal arm64 Compiling\ PrivateCloudTransportTests.swift /Users/takamimarsh/Developer/Projects/Zacro\ Tech/NeuroForge/Tests/PrivateCloudTransportTests.swift (in target 'NeuroForgeTests' from project 'NeuroForge')

SwiftCompile normal arm64 /Users/takamimarsh/Developer/Projects/Zacro\ Tech/NeuroForge/Tests/PrivateCloudTransportTests.swift (in target 'NeuroForgeTests' from project 'NeuroForge')
    cd /Users/takamimarsh/Developer/Projects/Zacro\ Tech/NeuroForge
    

SwiftDriverJobDiscovery normal arm64 Compiling DocumentImportLifecycleTests.swift (in target 'NeuroForgeTests' from project 'NeuroForge')

SwiftCompile normal arm64 Compiling\ CloudAuthoringTests.swift /Users/takamimarsh/Developer/Projects/Zacro\ Tech/NeuroForge/Tests/CloudAuthoringTests.swift (in target 'NeuroForgeTests' from project 'NeuroForge')

SwiftCompile normal arm64 /Users/takamimarsh/Developer/Projects/Zacro\ Tech/NeuroForge/Tests/CloudAuthoringTests.swift (in target 'NeuroForgeTests' from project 'NeuroForge')
    cd /Users/takamimarsh/Developer/Projects/Zacro\ Tech/NeuroForge
    

SwiftDriverJobDiscovery normal arm64 Compiling RetrievalMechanicsContractTests.swift (in target 'NeuroForgeTests' from project 'NeuroForge')

SwiftCompile normal arm64 Compiling\ ProfileProgressContractsTests.swift /Users/takamimarsh/Developer/Projects/Zacro\ Tech/NeuroForge/Tests/ProfileProgressContractsTests.swift (in target 'NeuroForgeTests' from project 'NeuroForge')

SwiftCompile normal arm64 /Users/takamimarsh/Developer/Projects/Zacro\ Tech/NeuroForge/Tests/ProfileProgressContractsTests.swift (in target 'NeuroForgeTests' from project 'NeuroForge')
    cd /Users/takamimarsh/Developer/Projects/Zacro\ Tech/NeuroForge
    

SwiftDriverJobDiscovery normal arm64 Compiling ProtectedPortableArchiveTests.swift (in target 'NeuroForgeTests' from project 'NeuroForge')

SwiftCompile normal arm64 Compiling\ DataExportTests.swift /Users/takamimarsh/Developer/Projects/Zacro\ Tech/NeuroForge/Tests/DataExportTests.swift (in target 'NeuroForgeTests' from project 'NeuroForge')

SwiftCompile normal arm64 /Users/takamimarsh/Developer/Projects/Zacro\ Tech/NeuroForge/Tests/DataExportTests.swift (in target 'NeuroForgeTests' from project 'NeuroForge')
    cd /Users/takamimarsh/Developer/Projects/Zacro\ Tech/NeuroForge
    

SwiftDriverJobDiscovery normal arm64 Compiling AppRootView.swift (in target 'NeuroForge' from project 'NeuroForge')

SwiftCompile normal arm64 Compiling\ SystemIntegrationTests.swift /Users/takamimarsh/Developer/Projects/Zacro\ Tech/NeuroForge/Tests/SystemIntegrationTests.swift (in target 'NeuroForgeTests' from project 'NeuroForge')

SwiftCompile normal arm64 /Users/takamimarsh/Developer/Projects/Zacro\ Tech/NeuroForge/Tests/SystemIntegrationTests.swift (in target 'NeuroForgeTests' from project 'NeuroForge')
    cd /Users/takamimarsh/Developer/Projects/Zacro\ Tech/NeuroForge
    

SwiftDriverJobDiscovery normal arm64 Compiling EditorialBandEvidenceTests.swift (in target 'NeuroForgeTests' from project 'NeuroForge')

SwiftCompile normal arm64 Compiling\ GeneralExerciseEngineTests.swift /Users/takamimarsh/Developer/Projects/Zacro\ Tech/NeuroForge/Tests/GeneralExerciseEngineTests.swift (in target 'NeuroForgeTests' from project 'NeuroForge')

SwiftCompile normal arm64 /Users/takamimarsh/Developer/Projects/Zacro\ Tech/NeuroForge/Tests/GeneralExerciseEngineTests.swift (in target 'NeuroForgeTests' from project 'NeuroForge')
    cd /Users/takamimarsh/Developer/Projects/Zacro\ Tech/NeuroForge
    

SwiftCompile normal arm64 Compiling\ AdaptiveQuestionPopulationPolicyTests.swift /Users/takamimarsh/Developer/Projects/Zacro\ Tech/NeuroForge/Tests/AdaptiveQuestionPopulationPolicyTests.swift (in target 'NeuroForgeTests' from project 'NeuroForge')

SwiftCompile normal arm64 /Users/takamimarsh/Developer/Projects/Zacro\ Tech/NeuroForge/Tests/AdaptiveQuestionPopulationPolicyTests.swift (in target 'NeuroForgeTests' from project 'NeuroForge')
    cd /Users/takamimarsh/Developer/Projects/Zacro\ Tech/NeuroForge
    

SwiftDriverJobDiscovery normal arm64 Compiling CloudAuthoringTests.swift (in target 'NeuroForgeTests' from project 'NeuroForge')

SwiftDriverJobDiscovery normal arm64 Compiling ProgressEvidenceTests.swift (in target 'NeuroForgeTests' from project 'NeuroForge')

SwiftCompile normal arm64 Compiling\ SessionFlowContractTests.swift /Users/takamimarsh/Developer/Projects/Zacro\ Tech/NeuroForge/Tests/SessionFlowContractTests.swift (in target 'NeuroForgeTests' from project 'NeuroForge')

SwiftCompile normal arm64 /Users/takamimarsh/Developer/Projects/Zacro\ Tech/NeuroForge/Tests/SessionFlowContractTests.swift (in target 'NeuroForgeTests' from project 'NeuroForge')
    cd /Users/takamimarsh/Developer/Projects/Zacro\ Tech/NeuroForge
    

SwiftDriverJobDiscovery normal arm64 Compiling SessionIntegrityReviewTests.swift (in target 'NeuroForgeTests' from project 'NeuroForge')

SwiftCompile normal arm64 Compiling\ OrderedResponseInteractionTests.swift /Users/takamimarsh/Developer/Projects/Zacro\ Tech/NeuroForge/Tests/OrderedResponseInteractionTests.swift (in target 'NeuroForgeTests' from project 'NeuroForge')

SwiftCompile normal arm64 /Users/takamimarsh/Developer/Projects/Zacro\ Tech/NeuroForge/Tests/OrderedResponseInteractionTests.swift (in target 'NeuroForgeTests' from project 'NeuroForge')
    cd /Users/takamimarsh/Developer/Projects/Zacro\ Tech/NeuroForge
    

SwiftCompile normal arm64 Compiling\ LocalizationResidualTests.swift /Users/takamimarsh/Developer/Projects/Zacro\ Tech/NeuroForge/Tests/LocalizationResidualTests.swift (in target 'NeuroForgeTests' from project 'NeuroForge')

SwiftCompile normal arm64 /Users/takamimarsh/Developer/Projects/Zacro\ Tech/NeuroForge/Tests/LocalizationResidualTests.swift (in target 'NeuroForgeTests' from project 'NeuroForge')
    cd /Users/takamimarsh/Developer/Projects/Zacro\ Tech/NeuroForge
    

SwiftDriverJobDiscovery normal arm64 Compiling DataExportTests.swift (in target 'NeuroForgeTests' from project 'NeuroForge')

SwiftDriverJobDiscovery normal arm64 Compiling AdaptiveQuestionPopulationPolicyTests.swift (in target 'NeuroForgeTests' from project 'NeuroForge')

SwiftCompile normal arm64 Compiling\ MathContentContractTests.swift /Users/takamimarsh/Developer/Projects/Zacro\ Tech/NeuroForge/Tests/MathContentContractTests.swift (in target 'NeuroForgeTests' from project 'NeuroForge')

SwiftCompile normal arm64 /Users/takamimarsh/Developer/Projects/Zacro\ Tech/NeuroForge/Tests/MathContentContractTests.swift (in target 'NeuroForgeTests' from project 'NeuroForge')
    cd /Users/takamimarsh/Developer/Projects/Zacro\ Tech/NeuroForge
    

SwiftDriverJobDiscovery normal arm64 Compiling SystemIntegrationTests.swift (in target 'NeuroForgeTests' from project 'NeuroForge')

SwiftCompile normal arm64 Compiling\ SelectionReservationLedgerTests.swift /Users/takamimarsh/Developer/Projects/Zacro\ Tech/NeuroForge/Tests/SelectionReservationLedgerTests.swift (in target 'NeuroForgeTests' from project 'NeuroForge')

SwiftCompile normal arm64 /Users/takamimarsh/Developer/Projects/Zacro\ Tech/NeuroForge/Tests/SelectionReservationLedgerTests.swift (in target 'NeuroForgeTests' from project 'NeuroForge')
    cd /Users/takamimarsh/Developer/Projects/Zacro\ Tech/NeuroForge
    

SwiftDriverJobDiscovery normal arm64 Compiling LocalizationResidualTests.swift (in target 'NeuroForgeTests' from project 'NeuroForge')

SwiftCompile normal arm64 Compiling\ PersistenceRuntimeTests.swift /Users/takamimarsh/Developer/Projects/Zacro\ Tech/NeuroForge/Tests/PersistenceRuntimeTests.swift (in target 'NeuroForgeTests' from project 'NeuroForge')

SwiftCompile normal arm64 /Users/takamimarsh/Developer/Projects/Zacro\ Tech/NeuroForge/Tests/PersistenceRuntimeTests.swift (in target 'NeuroForgeTests' from project 'NeuroForge')
    cd /Users/takamimarsh/Developer/Projects/Zacro\ Tech/NeuroForge
    

SwiftDriverJobDiscovery normal arm64 Compiling ProfileProgressContractsTests.swift (in target 'NeuroForgeTests' from project 'NeuroForge')

SwiftCompile normal arm64 Compiling\ LocalLearningLifecycleTests.swift /Users/takamimarsh/Developer/Projects/Zacro\ Tech/NeuroForge/Tests/LocalLearningLifecycleTests.swift (in target 'NeuroForgeTests' from project 'NeuroForge')

SwiftCompile normal arm64 /Users/takamimarsh/Developer/Projects/Zacro\ Tech/NeuroForge/Tests/LocalLearningLifecycleTests.swift (in target 'NeuroForgeTests' from project 'NeuroForge')
    cd /Users/takamimarsh/Developer/Projects/Zacro\ Tech/NeuroForge
    

SwiftDriverJobDiscovery normal arm64 Compiling SessionFlowContractTests.swift (in target 'NeuroForgeTests' from project 'NeuroForge')

SwiftCompile normal arm64 Compiling\ AdaptiveEngineTests.swift /Users/takamimarsh/Developer/Projects/Zacro\ Tech/NeuroForge/Tests/AdaptiveEngineTests.swift (in target 'NeuroForgeTests' from project 'NeuroForge')

SwiftCompile normal arm64 /Users/takamimarsh/Developer/Projects/Zacro\ Tech/NeuroForge/Tests/AdaptiveEngineTests.swift (in target 'NeuroForgeTests' from project 'NeuroForge')
    cd /Users/takamimarsh/Developer/Projects/Zacro\ Tech/NeuroForge
    

SwiftDriverJobDiscovery normal arm64 Compiling GeneralExerciseEngineTests.swift (in target 'NeuroForgeTests' from project 'NeuroForge')

SwiftCompile normal arm64 Compiling\ AdaptivePlanHistoryTests.swift /Users/takamimarsh/Developer/Projects/Zacro\ Tech/NeuroForge/Tests/AdaptivePlanHistoryTests.swift (in target 'NeuroForgeTests' from project 'NeuroForge')

SwiftCompile normal arm64 /Users/takamimarsh/Developer/Projects/Zacro\ Tech/NeuroForge/Tests/AdaptivePlanHistoryTests.swift (in target 'NeuroForgeTests' from project 'NeuroForge')
    cd /Users/takamimarsh/Developer/Projects/Zacro\ Tech/NeuroForge
    

SwiftDriverJobDiscovery normal arm64 Compiling SelectionReservationLedgerTests.swift (in target 'NeuroForgeTests' from project 'NeuroForge')

SwiftCompile normal arm64 Compiling\ RetrievalRuntimeScoringTests.swift /Users/takamimarsh/Developer/Projects/Zacro\ Tech/NeuroForge/Tests/RetrievalRuntimeScoringTests.swift (in target 'NeuroForgeTests' from project 'NeuroForge')

SwiftCompile normal arm64 /Users/takamimarsh/Developer/Projects/Zacro\ Tech/NeuroForge/Tests/RetrievalRuntimeScoringTests.swift (in target 'NeuroForgeTests' from project 'NeuroForge')
    cd /Users/takamimarsh/Developer/Projects/Zacro\ Tech/NeuroForge
    

SwiftDriverJobDiscovery normal arm64 Compiling OrderedResponseInteractionTests.swift (in target 'NeuroForgeTests' from project 'NeuroForge')

SwiftCompile normal arm64 Compiling\ RestoreRequestStoreTests.swift /Users/takamimarsh/Developer/Projects/Zacro\ Tech/NeuroForge/Tests/RestoreRequestStoreTests.swift (in target 'NeuroForgeTests' from project 'NeuroForge')

SwiftCompile normal arm64 /Users/takamimarsh/Developer/Projects/Zacro\ Tech/NeuroForge/Tests/RestoreRequestStoreTests.swift (in target 'NeuroForgeTests' from project 'NeuroForge')
    cd /Users/takamimarsh/Developer/Projects/Zacro\ Tech/NeuroForge
    

SwiftDriverJobDiscovery normal arm64 Compiling AIAndSourceTests.swift (in target 'NeuroForgeTests' from project 'NeuroForge')

SwiftCompile normal arm64 Compiling\ FocusedQuizRotationIntegrationTests.swift /Users/takamimarsh/Developer/Projects/Zacro\ Tech/NeuroForge/Tests/FocusedQuizRotationIntegrationTests.swift (in target 'NeuroForgeTests' from project 'NeuroForge')

SwiftCompile normal arm64 /Users/takamimarsh/Developer/Projects/Zacro\ Tech/NeuroForge/Tests/FocusedQuizRotationIntegrationTests.swift (in target 'NeuroForgeTests' from project 'NeuroForge')
    cd /Users/takamimarsh/Developer/Projects/Zacro\ Tech/NeuroForge
    

SwiftDriverJobDiscovery normal arm64 Compiling RetrievalRuntimeScoringTests.swift (in target 'NeuroForgeTests' from project 'NeuroForge')

SwiftCompile normal arm64 Compiling\ ContentImprovementRegressionTests.swift /Users/takamimarsh/Developer/Projects/Zacro\ Tech/NeuroForge/Tests/ContentImprovementRegressionTests.swift (in target 'NeuroForgeTests' from project 'NeuroForge')

SwiftCompile normal arm64 /Users/takamimarsh/Developer/Projects/Zacro\ Tech/NeuroForge/Tests/ContentImprovementRegressionTests.swift (in target 'NeuroForgeTests' from project 'NeuroForge')
    cd /Users/takamimarsh/Developer/Projects/Zacro\ Tech/NeuroForge
    

SwiftDriverJobDiscovery normal arm64 Compiling AdaptivePlanHistoryTests.swift (in target 'NeuroForgeTests' from project 'NeuroForge')

SwiftCompile normal arm64 Compiling\ OfflineQuestionRotationTests.swift /Users/takamimarsh/Developer/Projects/Zacro\ Tech/NeuroForge/Tests/OfflineQuestionRotationTests.swift (in target 'NeuroForgeTests' from project 'NeuroForge')

SwiftCompile normal arm64 /Users/takamimarsh/Developer/Projects/Zacro\ Tech/NeuroForge/Tests/OfflineQuestionRotationTests.swift (in target 'NeuroForgeTests' from project 'NeuroForge')
    cd /Users/takamimarsh/Developer/Projects/Zacro\ Tech/NeuroForge
    

SwiftDriverJobDiscovery normal arm64 Compiling AdaptiveEngineTests.swift (in target 'NeuroForgeTests' from project 'NeuroForge')

SwiftCompile normal arm64 Compiling\ CodeTraceInteractionTests.swift /Users/takamimarsh/Developer/Projects/Zacro\ Tech/NeuroForge/Tests/CodeTraceInteractionTests.swift (in target 'NeuroForgeTests' from project 'NeuroForge')

SwiftCompile normal arm64 /Users/takamimarsh/Developer/Projects/Zacro\ Tech/NeuroForge/Tests/CodeTraceInteractionTests.swift (in target 'NeuroForgeTests' from project 'NeuroForge')
    cd /Users/takamimarsh/Developer/Projects/Zacro\ Tech/NeuroForge
    

SwiftDriverJobDiscovery normal arm64 Compiling PrivateCloudTransportTests.swift (in target 'NeuroForgeTests' from project 'NeuroForge')

SwiftCompile normal arm64 Compiling\ LocalReservationBridgeTests.swift /Users/takamimarsh/Developer/Projects/Zacro\ Tech/NeuroForge/Tests/LocalReservationBridgeTests.swift (in target 'NeuroForgeTests' from project 'NeuroForge')

SwiftCompile normal arm64 /Users/takamimarsh/Developer/Projects/Zacro\ Tech/NeuroForge/Tests/LocalReservationBridgeTests.swift (in target 'NeuroForgeTests' from project 'NeuroForge')
    cd /Users/takamimarsh/Developer/Projects/Zacro\ Tech/NeuroForge
    

SwiftDriverJobDiscovery normal arm64 Compiling RestoreRequestStoreTests.swift (in target 'NeuroForgeTests' from project 'NeuroForge')

SwiftCompile normal arm64 Compiling\ LocalizationCatalogTests.swift /Users/takamimarsh/Developer/Projects/Zacro\ Tech/NeuroForge/Tests/LocalizationCatalogTests.swift (in target 'NeuroForgeTests' from project 'NeuroForge')

SwiftCompile normal arm64 /Users/takamimarsh/Developer/Projects/Zacro\ Tech/NeuroForge/Tests/LocalizationCatalogTests.swift (in target 'NeuroForgeTests' from project 'NeuroForge')
    cd /Users/takamimarsh/Developer/Projects/Zacro\ Tech/NeuroForge
    

SwiftDriverJobDiscovery normal arm64 Compiling MathContentContractTests.swift (in target 'NeuroForgeTests' from project 'NeuroForge')

SwiftCompile normal arm64 Compiling\ DefaultContentCatalogTests.swift /Users/takamimarsh/Developer/Projects/Zacro\ Tech/NeuroForge/Tests/DefaultContentCatalogTests.swift (in target 'NeuroForgeTests' from project 'NeuroForge')

SwiftCompile normal arm64 /Users/takamimarsh/Developer/Projects/Zacro\ Tech/NeuroForge/Tests/DefaultContentCatalogTests.swift (in target 'NeuroForgeTests' from project 'NeuroForge')
    cd /Users/takamimarsh/Developer/Projects/Zacro\ Tech/NeuroForge
    

SwiftDriverJobDiscovery normal arm64 Compiling UniversalSessionView.swift (in target 'NeuroForge' from project 'NeuroForge')

SwiftCompile normal arm64 Compiling\ BundledRetrievalCatalogTests.swift /Users/takamimarsh/Developer/Projects/Zacro\ Tech/NeuroForge/Tests/BundledRetrievalCatalogTests.swift (in target 'NeuroForgeTests' from project 'NeuroForge')

SwiftCompile normal arm64 /Users/takamimarsh/Developer/Projects/Zacro\ Tech/NeuroForge/Tests/BundledRetrievalCatalogTests.swift (in target 'NeuroForgeTests' from project 'NeuroForge')
    cd /Users/takamimarsh/Developer/Projects/Zacro\ Tech/NeuroForge
    

SwiftCompile normal arm64 Compiling\ TransferTaxonomyTests.swift /Users/takamimarsh/Developer/Projects/Zacro\ Tech/NeuroForge/Tests/TransferTaxonomyTests.swift (in target 'NeuroForgeTests' from project 'NeuroForge')

SwiftCompile normal arm64 /Users/takamimarsh/Developer/Projects/Zacro\ Tech/NeuroForge/Tests/TransferTaxonomyTests.swift (in target 'NeuroForgeTests' from project 'NeuroForge')
    cd /Users/takamimarsh/Developer/Projects/Zacro\ Tech/NeuroForge
    

SwiftDriverJobDiscovery normal arm64 Compiling OfflineQuestionRotationTests.swift (in target 'NeuroForgeTests' from project 'NeuroForge')

SwiftDriverJobDiscovery normal arm64 Compiling AIStudioView.swift (in target 'NeuroForge' from project 'NeuroForge')

SwiftCompile normal arm64 Compiling\ AttemptReflectionContractTests.swift /Users/takamimarsh/Developer/Projects/Zacro\ Tech/NeuroForge/Tests/AttemptReflectionContractTests.swift (in target 'NeuroForgeTests' from project 'NeuroForge')

SwiftCompile normal arm64 /Users/takamimarsh/Developer/Projects/Zacro\ Tech/NeuroForge/Tests/AttemptReflectionContractTests.swift (in target 'NeuroForgeTests' from project 'NeuroForge')
    cd /Users/takamimarsh/Developer/Projects/Zacro\ Tech/NeuroForge
    

SwiftDriverJobDiscovery normal arm64 Compiling CodeTraceInteractionTests.swift (in target 'NeuroForgeTests' from project 'NeuroForge')

SwiftCompile normal arm64 Compiling\ UserFacingContentLintTests.swift /Users/takamimarsh/Developer/Projects/Zacro\ Tech/NeuroForge/Tests/UserFacingContentLintTests.swift (in target 'NeuroForgeTests' from project 'NeuroForge')

SwiftCompile normal arm64 /Users/takamimarsh/Developer/Projects/Zacro\ Tech/NeuroForge/Tests/UserFacingContentLintTests.swift (in target 'NeuroForgeTests' from project 'NeuroForge')
    cd /Users/takamimarsh/Developer/Projects/Zacro\ Tech/NeuroForge
    

SwiftDriverJobDiscovery normal arm64 Compiling LocalReservationBridgeTests.swift (in target 'NeuroForgeTests' from project 'NeuroForge')

SwiftCompile normal arm64 Compiling\ ExperienceImprovementTests.swift /Users/takamimarsh/Developer/Projects/Zacro\ Tech/NeuroForge/Tests/ExperienceImprovementTests.swift (in target 'NeuroForgeTests' from project 'NeuroForge')

SwiftCompile normal arm64 /Users/takamimarsh/Developer/Projects/Zacro\ Tech/NeuroForge/Tests/ExperienceImprovementTests.swift (in target 'NeuroForgeTests' from project 'NeuroForge')
    cd /Users/takamimarsh/Developer/Projects/Zacro\ Tech/NeuroForge
    

SwiftDriverJobDiscovery normal arm64 Compiling BundledRetrievalCatalogTests.swift (in target 'NeuroForgeTests' from project 'NeuroForge')

SwiftCompile normal arm64 Compiling\ ExactSessionContinuityTests.swift /Users/takamimarsh/Developer/Projects/Zacro\ Tech/NeuroForge/Tests/ExactSessionContinuityTests.swift (in target 'NeuroForgeTests' from project 'NeuroForge')

SwiftCompile normal arm64 /Users/takamimarsh/Developer/Projects/Zacro\ Tech/NeuroForge/Tests/ExactSessionContinuityTests.swift (in target 'NeuroForgeTests' from project 'NeuroForge')
    cd /Users/takamimarsh/Developer/Projects/Zacro\ Tech/NeuroForge
    

SwiftDriverJobDiscovery normal arm64 Compiling TransferTaxonomyTests.swift (in target 'NeuroForgeTests' from project 'NeuroForge')

SwiftCompile normal arm64 Compiling\ AssessmentSchedulerTests.swift /Users/takamimarsh/Developer/Projects/Zacro\ Tech/NeuroForge/Tests/AssessmentSchedulerTests.swift (in target 'NeuroForgeTests' from project 'NeuroForge')

SwiftCompile normal arm64 /Users/takamimarsh/Developer/Projects/Zacro\ Tech/NeuroForge/Tests/AssessmentSchedulerTests.swift (in target 'NeuroForgeTests' from project 'NeuroForge')
    cd /Users/takamimarsh/Developer/Projects/Zacro\ Tech/NeuroForge
    

SwiftDriverJobDiscovery normal arm64 Compiling DefaultContentCatalogTests.swift (in target 'NeuroForgeTests' from project 'NeuroForge')

SwiftCompile normal arm64 Compiling\ MethodologyLibraryView.swift /Users/takamimarsh/Developer/Projects/Zacro\ Tech/NeuroForge/Sources/Features/Methodology/MethodologyLibraryView.swift (in target 'NeuroForge' from project 'NeuroForge')

SwiftCompile normal arm64 /Users/takamimarsh/Developer/Projects/Zacro\ Tech/NeuroForge/Sources/Features/Methodology/MethodologyLibraryView.swift (in target 'NeuroForge' from project 'NeuroForge')
    cd /Users/takamimarsh/Developer/Projects/Zacro\ Tech/NeuroForge
    

SwiftDriverJobDiscovery normal arm64 Compiling UserFacingContentLintTests.swift (in target 'NeuroForgeTests' from project 'NeuroForge')

SwiftCompile normal arm64 Compiling\ NFAssessmentEngine.swift /Users/takamimarsh/Developer/Projects/Zacro\ Tech/NeuroForge/Sources/Assessment/NFAssessmentEngine.swift (in target 'NeuroForge' from project 'NeuroForge')

SwiftCompile normal arm64 /Users/takamimarsh/Developer/Projects/Zacro\ Tech/NeuroForge/Sources/Assessment/NFAssessmentEngine.swift (in target 'NeuroForge' from project 'NeuroForge')
    cd /Users/takamimarsh/Developer/Projects/Zacro\ Tech/NeuroForge
    

SwiftDriverJobDiscovery normal arm64 Compiling PersistenceRuntimeTests.swift (in target 'NeuroForgeTests' from project 'NeuroForge')

SwiftCompile normal arm64 Compiling\ SourceGrounding.swift /Users/takamimarsh/Developer/Projects/Zacro\ Tech/NeuroForge/Sources/AI/SourceGrounding.swift (in target 'NeuroForge' from project 'NeuroForge')

SwiftCompile normal arm64 /Users/takamimarsh/Developer/Projects/Zacro\ Tech/NeuroForge/Sources/AI/SourceGrounding.swift (in target 'NeuroForge' from project 'NeuroForge')
    cd /Users/takamimarsh/Developer/Projects/Zacro\ Tech/NeuroForge
    

SwiftDriverJobDiscovery normal arm64 Compiling AttemptReflectionContractTests.swift (in target 'NeuroForgeTests' from project 'NeuroForge')

SwiftCompile normal arm64 Compiling\ NFSpotlightIntegration.swift /Users/takamimarsh/Developer/Projects/Zacro\ Tech/NeuroForge/Sources/Integrations/System/NFSpotlightIntegration.swift (in target 'NeuroForge' from project 'NeuroForge')

SwiftCompile normal arm64 /Users/takamimarsh/Developer/Projects/Zacro\ Tech/NeuroForge/Sources/Integrations/System/NFSpotlightIntegration.swift (in target 'NeuroForge' from project 'NeuroForge')
    cd /Users/takamimarsh/Developer/Projects/Zacro\ Tech/NeuroForge
    

SwiftDriverJobDiscovery normal arm64 Compiling LocalizationCatalogTests.swift (in target 'NeuroForgeTests' from project 'NeuroForge')

SwiftCompile normal arm64 Compiling\ NFCubeNetEngine.swift /Users/takamimarsh/Developer/Projects/Zacro\ Tech/NeuroForge/Sources/TrainingEngine/NFCubeNetEngine.swift (in target 'NeuroForge' from project 'NeuroForge')

SwiftCompile normal arm64 /Users/takamimarsh/Developer/Projects/Zacro\ Tech/NeuroForge/Sources/TrainingEngine/NFCubeNetEngine.swift (in target 'NeuroForge' from project 'NeuroForge')
    cd /Users/takamimarsh/Developer/Projects/Zacro\ Tech/NeuroForge
    

SwiftDriverJobDiscovery normal arm64 Compiling LocalLearningLifecycleTests.swift (in target 'NeuroForgeTests' from project 'NeuroForge')

SwiftCompile normal arm64 Compiling\ AdaptiveEngine.swift /Users/takamimarsh/Developer/Projects/Zacro\ Tech/NeuroForge/Sources/Adaptive/AdaptiveEngine.swift (in target 'NeuroForge' from project 'NeuroForge')

SwiftCompile normal arm64 /Users/takamimarsh/Developer/Projects/Zacro\ Tech/NeuroForge/Sources/Adaptive/AdaptiveEngine.swift (in target 'NeuroForge' from project 'NeuroForge')
    cd /Users/takamimarsh/Developer/Projects/Zacro\ Tech/NeuroForge
    

SwiftDriverJobDiscovery normal arm64 Compiling NFDataArchiveRestoreService.swift (in target 'NeuroForge' from project 'NeuroForge')

SwiftCompile normal arm64 Compiling\ NFOnboardingSampleView.swift /Users/takamimarsh/Developer/Projects/Zacro\ Tech/NeuroForge/Sources/Features/Onboarding/NFOnboardingSampleView.swift (in target 'NeuroForge' from project 'NeuroForge')

SwiftCompile normal arm64 /Users/takamimarsh/Developer/Projects/Zacro\ Tech/NeuroForge/Sources/Features/Onboarding/NFOnboardingSampleView.swift (in target 'NeuroForge' from project 'NeuroForge')
    cd /Users/takamimarsh/Developer/Projects/Zacro\ Tech/NeuroForge
    

SwiftDriverJobDiscovery normal arm64 Compiling MethodologyLibraryView.swift (in target 'NeuroForge' from project 'NeuroForge')

SwiftCompile normal arm64 Compiling\ NFRetrievalResponseAuthority.swift /Users/takamimarsh/Developer/Projects/Zacro\ Tech/NeuroForge/Sources/TrainingEngine/NFRetrievalResponseAuthority.swift (in target 'NeuroForge' from project 'NeuroForge')

SwiftCompile normal arm64 /Users/takamimarsh/Developer/Projects/Zacro\ Tech/NeuroForge/Sources/TrainingEngine/NFRetrievalResponseAuthority.swift (in target 'NeuroForge' from project 'NeuroForge')
    cd /Users/takamimarsh/Developer/Projects/Zacro\ Tech/NeuroForge
    

SwiftDriverJobDiscovery normal arm64 Compiling FocusedQuizRotationIntegrationTests.swift (in target 'NeuroForgeTests' from project 'NeuroForge')

SwiftCompile normal arm64 Compiling\ NFPrivateDocumentAssetCloudKitAdapter.swift /Users/takamimarsh/Developer/Projects/Zacro\ Tech/NeuroForge/Sources/Integrations/System/NFPrivateDocumentAssetCloudKitAdapter.swift (in target 'NeuroForge' from project 'NeuroForge')

SwiftCompile normal arm64 /Users/takamimarsh/Developer/Projects/Zacro\ Tech/NeuroForge/Sources/Integrations/System/NFPrivateDocumentAssetCloudKitAdapter.swift (in target 'NeuroForge' from project 'NeuroForge')
    cd /Users/takamimarsh/Developer/Projects/Zacro\ Tech/NeuroForge
    

SwiftDriverJobDiscovery normal arm64 Compiling ExperienceImprovementTests.swift (in target 'NeuroForgeTests' from project 'NeuroForge')

SwiftCompile normal arm64 Compiling\ NFDocumentImportPipeline.swift /Users/takamimarsh/Developer/Projects/Zacro\ Tech/NeuroForge/Sources/AI/NFDocumentImportPipeline.swift (in target 'NeuroForge' from project 'NeuroForge')

SwiftCompile normal arm64 /Users/takamimarsh/Developer/Projects/Zacro\ Tech/NeuroForge/Sources/AI/NFDocumentImportPipeline.swift (in target 'NeuroForge' from project 'NeuroForge')
    cd /Users/takamimarsh/Developer/Projects/Zacro\ Tech/NeuroForge
    

SwiftDriverJobDiscovery normal arm64 Compiling NFSpotlightIntegration.swift (in target 'NeuroForge' from project 'NeuroForge')

SwiftCompile normal arm64 Compiling\ NFDailyScheduler.swift /Users/takamimarsh/Developer/Projects/Zacro\ Tech/NeuroForge/Sources/Assessment/NFDailyScheduler.swift (in target 'NeuroForge' from project 'NeuroForge')
SwiftCompile normal arm64 /Users/takamimarsh/Developer/Projects/Zacro\ Tech/NeuroForge/Sources/Assessment/NFDailyScheduler.swift (in target 'NeuroForge' from project 'NeuroForge')
    cd /Users/takamimarsh/Developer/Projects/Zacro\ Tech/NeuroForge
    

SwiftDriverJobDiscovery normal arm64 Compiling NFCubeNetEngine.swift (in target 'NeuroForge' from project 'NeuroForge')

SwiftCompile normal arm64 Compiling\ Theme.swift /Users/takamimarsh/Developer/Projects/Zacro\ Tech/NeuroForge/Sources/DesignSystem/Theme.swift (in target 'NeuroForge' from project 'NeuroForge')
SwiftCompile normal arm64 /Users/takamimarsh/Developer/Projects/Zacro\ Tech/NeuroForge/Sources/DesignSystem/Theme.swift (in target 'NeuroForge' from project 'NeuroForge')
    cd /Users/takamimarsh/Developer/Projects/Zacro\ Tech/NeuroForge
    

SwiftDriverJobDiscovery normal arm64 Compiling NFAssessmentEngine.swift (in target 'NeuroForge' from project 'NeuroForge')

SwiftCompile normal arm64 Compiling\ SessionView.swift /Users/takamimarsh/Developer/Projects/Zacro\ Tech/NeuroForge/Sources/Features/Training/SessionView.swift (in target 'NeuroForge' from project 'NeuroForge')

SwiftCompile normal arm64 /Users/takamimarsh/Developer/Projects/Zacro\ Tech/NeuroForge/Sources/Features/Training/SessionView.swift (in target 'NeuroForge' from project 'NeuroForge')
    cd /Users/takamimarsh/Developer/Projects/Zacro\ Tech/NeuroForge
    

SwiftDriverJobDiscovery normal arm64 Compiling NFRetrievalResponseAuthority.swift (in target 'NeuroForge' from project 'NeuroForge')

SwiftCompile normal arm64 Compiling\ NFOrderedResponseEditor.swift /Users/takamimarsh/Developer/Projects/Zacro\ Tech/NeuroForge/Sources/Features/Training/NFOrderedResponseEditor.swift (in target 'NeuroForge' from project 'NeuroForge')
SwiftCompile normal arm64 /Users/takamimarsh/Developer/Projects/Zacro\ Tech/NeuroForge/Sources/Features/Training/NFOrderedResponseEditor.swift (in target 'NeuroForge' from project 'NeuroForge')
    cd /Users/takamimarsh/Developer/Projects/Zacro\ Tech/NeuroForge
    

SwiftDriverJobDiscovery normal arm64 Compiling ExactSessionContinuityTests.swift (in target 'NeuroForgeTests' from project 'NeuroForge')

SwiftCompile normal arm64 Compiling\ NFRestrictedSymbolicAuthority.swift /Users/takamimarsh/Developer/Projects/Zacro\ Tech/NeuroForge/Sources/TrainingEngine/NFRestrictedSymbolicAuthority.swift (in target 'NeuroForge' from project 'NeuroForge')

SwiftCompile normal arm64 /Users/takamimarsh/Developer/Projects/Zacro\ Tech/NeuroForge/Sources/TrainingEngine/NFRestrictedSymbolicAuthority.swift (in target 'NeuroForge' from project 'NeuroForge')
    cd /Users/takamimarsh/Developer/Projects/Zacro\ Tech/NeuroForge
    

SwiftDriverJobDiscovery normal arm64 Compiling AdaptiveEngine.swift (in target 'NeuroForge' from project 'NeuroForge')

SwiftCompile normal arm64 Compiling\ NFRestoreColdCoordinator.swift /Users/takamimarsh/Developer/Projects/Zacro\ Tech/NeuroForge/Sources/Privacy/NFRestoreColdCoordinator.swift (in target 'NeuroForge' from project 'NeuroForge')

SwiftCompile normal arm64 /Users/takamimarsh/Developer/Projects/Zacro\ Tech/NeuroForge/Sources/Privacy/NFRestoreColdCoordinator.swift (in target 'NeuroForge' from project 'NeuroForge')
    cd /Users/takamimarsh/Developer/Projects/Zacro\ Tech/NeuroForge
    

SwiftDriverJobDiscovery normal arm64 Compiling AssessmentSchedulerTests.swift (in target 'NeuroForgeTests' from project 'NeuroForge')

SwiftCompile normal arm64 Compiling\ NFCodeTraceView.swift /Users/takamimarsh/Developer/Projects/Zacro\ Tech/NeuroForge/Sources/Features/Training/NFCodeTraceView.swift (in target 'NeuroForge' from project 'NeuroForge')

SwiftCompile normal arm64 /Users/takamimarsh/Developer/Projects/Zacro\ Tech/NeuroForge/Sources/Features/Training/NFCodeTraceView.swift (in target 'NeuroForge' from project 'NeuroForge')
    cd /Users/takamimarsh/Developer/Projects/Zacro\ Tech/NeuroForge
    

SwiftCompile normal arm64 Compiling\ NFAdaptiveQuestionPopulationPolicy.swift /Users/takamimarsh/Developer/Projects/Zacro\ Tech/NeuroForge/Sources/AI/NFAdaptiveQuestionPopulationPolicy.swift (in target 'NeuroForge' from project 'NeuroForge')

SwiftCompile normal arm64 /Users/takamimarsh/Developer/Projects/Zacro\ Tech/NeuroForge/Sources/AI/NFAdaptiveQuestionPopulationPolicy.swift (in target 'NeuroForge' from project 'NeuroForge')
    cd /Users/takamimarsh/Developer/Projects/Zacro\ Tech/NeuroForge
    

SwiftDriverJobDiscovery normal arm64 Compiling NFDocumentImportPipeline.swift (in target 'NeuroForge' from project 'NeuroForge')

SwiftDriverJobDiscovery normal arm64 Compiling SourceGrounding.swift (in target 'NeuroForge' from project 'NeuroForge')

SwiftCompile normal arm64 Compiling\ NFStarterQuestionSetCatalog.swift /Users/takamimarsh/Developer/Projects/Zacro\ Tech/NeuroForge/Sources/TrainingEngine/NFStarterQuestionSetCatalog.swift (in target 'NeuroForge' from project 'NeuroForge')

SwiftCompile normal arm64 /Users/takamimarsh/Developer/Projects/Zacro\ Tech/NeuroForge/Sources/TrainingEngine/NFStarterQuestionSetCatalog.swift (in target 'NeuroForge' from project 'NeuroForge')
    cd /Users/takamimarsh/Developer/Projects/Zacro\ Tech/NeuroForge
    

SwiftDriverJobDiscovery normal arm64 Compiling SessionView.swift (in target 'NeuroForge' from project 'NeuroForge')

SwiftCompile normal arm64 Compiling\ NFLaTeXEquationView.swift /Users/takamimarsh/Developer/Projects/Zacro\ Tech/NeuroForge/Sources/DesignSystem/NFLaTeXEquationView.swift (in target 'NeuroForge' from project 'NeuroForge')

SwiftCompile normal arm64 /Users/takamimarsh/Developer/Projects/Zacro\ Tech/NeuroForge/Sources/DesignSystem/NFLaTeXEquationView.swift (in target 'NeuroForge' from project 'NeuroForge')
    cd /Users/takamimarsh/Developer/Projects/Zacro\ Tech/NeuroForge
    

SwiftCompile normal arm64 Compiling\ LibraryView.swift /Users/takamimarsh/Developer/Projects/Zacro\ Tech/NeuroForge/Sources/Features/Library/LibraryView.swift (in target 'NeuroForge' from project 'NeuroForge')
SwiftCompile normal arm64 /Users/takamimarsh/Developer/Projects/Zacro\ Tech/NeuroForge/Sources/Features/Library/LibraryView.swift (in target 'NeuroForge' from project 'NeuroForge')
    cd /Users/takamimarsh/Developer/Projects/Zacro\ Tech/NeuroForge
    

SwiftDriverJobDiscovery normal arm64 Compiling NFPrivateDocumentAssetCloudKitAdapter.swift (in target 'NeuroForge' from project 'NeuroForge')

SwiftDriverJobDiscovery normal arm64 Compiling NFOnboardingSampleView.swift (in target 'NeuroForge' from project 'NeuroForge')

SwiftCompile normal arm64 Compiling\ NFCodeTraceContract.swift /Users/takamimarsh/Developer/Projects/Zacro\ Tech/NeuroForge/Sources/TrainingEngine/NFCodeTraceContract.swift (in target 'NeuroForge' from project 'NeuroForge')

SwiftCompile normal arm64 /Users/takamimarsh/Developer/Projects/Zacro\ Tech/NeuroForge/Sources/TrainingEngine/NFCodeTraceContract.swift (in target 'NeuroForge' from project 'NeuroForge')
    cd /Users/takamimarsh/Developer/Projects/Zacro\ Tech/NeuroForge
    

SwiftDriverJobDiscovery normal arm64 Compiling ContentImprovementRegressionTests.swift (in target 'NeuroForgeTests' from project 'NeuroForge')

SwiftCompile normal arm64 Compiling\ NFOCRService.swift /Users/takamimarsh/Developer/Projects/Zacro\ Tech/NeuroForge/Sources/AI/NFOCRService.swift (in target 'NeuroForge' from project 'NeuroForge')

SwiftCompile normal arm64 /Users/takamimarsh/Developer/Projects/Zacro\ Tech/NeuroForge/Sources/AI/NFOCRService.swift (in target 'NeuroForge' from project 'NeuroForge')
    cd /Users/takamimarsh/Developer/Projects/Zacro\ Tech/NeuroForge
    

SwiftDriverJobDiscovery normal arm64 Compiling DataExportRoundTripTests.swift (in target 'NeuroForgeTests' from project 'NeuroForge')

SwiftDriverJobDiscovery normal arm64 Compiling NFRestrictedSymbolicAuthority.swift (in target 'NeuroForge' from project 'NeuroForge')

SwiftDriver\ Compilation NeuroForgeTests normal arm64 com.apple.xcode.tools.swift.compiler (in target 'NeuroForgeTests' from project 'NeuroForge')
    cd /Users/takamimarsh/Developer/Projects/Zacro\ Tech/NeuroForge
    builtin-Swift-Compilation -- /Applications/Xcode.app/Contents/Developer/Toolchains/XcodeDefault.xctoolchain/usr/bin/swiftc -module-name NeuroForgeTests -Onone @/tmp/NeuroForge-improvement-build/Build/Intermediates.noindex/NeuroForge.build/Debug/NeuroForgeTests.build/Objects-normal/arm64/NeuroForgeTests.SwiftFileList -DDEBUG -plugin-path /Applications/Xcode.app/Contents/Developer/Toolchains/XcodeDefault.xctoolchain/usr/lib/swift/host/plugins/testing -enable-experimental-feature DebugDescriptionMacro -sdk /Applications/Xcode.app/Contents/Developer/Platforms/MacOSX.platform/Developer/SDKs/MacOSX26.5.sdk -target arm64-apple-macos26.4 -g -module-cache-path /tmp/NeuroForge-improvement-build/ModuleCache.noindex -Xfrontend -serialize-debugging-options -enable-testing -warnings-as-errors -index-store-path /tmp/NeuroForge-improvement-build/Index.noindex/DataStore -Xcc -D_LIBCPP_HARDENING_MODE\=_LIBCPP_HARDENING_MODE_DEBUG -swift-version 6 -I /tmp/NeuroForge-improvement-build/Build/Products/Debug -Isystem /Applications/Xcode.app/Contents/Developer/Platforms/MacOSX.platform/Developer/usr/lib -F /tmp/NeuroForge-improvement-build/Build/Products/Debug/PackageFrameworks -F /tmp/NeuroForge-improvement-build/Build/Products/Debug -F /Applications/Xcode.app/Contents/Developer/Platforms/MacOSX.platform/Developer/Library/Frameworks -emit-localized-strings -emit-localized-strings-path /tmp/NeuroForge-improvement-build/Build/Intermediates.noindex/NeuroForge.build/Debug/NeuroForgeTests.build/Objects-normal/arm64 -c -j12 -disable-batch-mode -incremental -Xcc -ivfsstatcache -Xcc /tmp/NeuroForge-improvement-build/SDKStatCaches.noindex/macosx26.5-25F70-e082c4a02f00227109f4ed75e425c832.sdkstatcache -output-file-map /tmp/NeuroForge-improvement-build/Build/Intermediates.noindex/NeuroForge.build/Debug/NeuroForgeTests.build/Objects-normal/arm64/NeuroForgeTests-OutputFileMap.json -use-frontend-parseable-output -save-temps -no-color-diagnostics -explicit-module-build -module-cache-path /tmp/NeuroForge-improvement-build/Build/Intermediates.noindex/SwiftExplicitPrecompiledModules -clang-scanner-module-cache-path /tmp/NeuroForge-improvement-build/ModuleCache.noindex -sdk-module-cache-path /tmp/NeuroForge-improvement-build/ModuleCache.noindex -serialize-diagnostics -emit-dependencies -emit-module -emit-module-path /tmp/NeuroForge-improvement-build/Build/Intermediates.noindex/NeuroForge.build/Debug/NeuroForgeTests.build/Objects-normal/arm64/NeuroForgeTests.swiftmodule -validate-clang-modules-once -clang-build-session-file /tmp/NeuroForge-improvement-build/ModuleCache.noindex/Session.modulevalidation -Xcc -I/tmp/NeuroForge-improvement-build/Build/Intermediates.noindex/NeuroForge.build/Debug/NeuroForgeTests.build/swift-overrides.hmap -emit-const-values -Xfrontend -const-gather-protocols-file -Xfrontend /tmp/NeuroForge-improvement-build/Build/Intermediates.noindex/NeuroForge.build/Debug/NeuroForgeTests.build/Objects-normal/arm64/NeuroForgeTests_const_extract_protocols.json -Xcc -iquote -Xcc /tmp/NeuroForge-improvement-build/Build/Intermediates.noindex/NeuroForge.build/Debug/NeuroForgeTests.build/NeuroForgeTests-generated-files.hmap -Xcc -I/tmp/NeuroForge-improvement-build/Build/Intermediates.noindex/NeuroForge.build/Debug/NeuroForgeTests.build/NeuroForgeTests-own-target-headers.hmap -Xcc -I/tmp/NeuroForge-improvement-build/Build/Intermediates.noindex/NeuroForge.build/Debug/NeuroForgeTests.build/NeuroForgeTests-all-non-framework-target-headers.hmap -Xcc -ivfsoverlay -Xcc /tmp/NeuroForge-improvement-build/Build/Intermediates.noindex/NeuroForge.build/Debug/NeuroForge-1f477e43189f7d9a813ad7fc7bf5f2ec-VFS/all-product-headers.yaml -Xcc -iquote -Xcc /tmp/NeuroForge-improvement-build/Build/Intermediates.noindex/NeuroForge.build/Debug/NeuroForgeTests.build/NeuroForgeTests-project-headers.hmap -Xcc -I/tmp/NeuroForge-improvement-build/Build/Products/Debug/include -Xcc -I/tmp/NeuroForge-improvement-build/Build/Intermediates.noindex/NeuroForge.build/Debug/NeuroForgeTests.build/DerivedSources-normal/arm64 -Xcc -I/tmp/NeuroForge-improvement-build/Build/Intermediates.noindex/NeuroForge.build/Debug/NeuroForgeTests.build/DerivedSources/arm64 -Xcc -I/tmp/NeuroForge-improvement-build/Build/Intermediates.noindex/NeuroForge.build/Debug/NeuroForgeTests.build/DerivedSources -Xcc -DDEBUG\=1 -emit-objc-header -emit-objc-header-path /tmp/NeuroForge-improvement-build/Build/Intermediates.noindex/NeuroForge.build/Debug/NeuroForgeTests.build/Objects-normal/arm64/NeuroForgeTests-Swift.h -working-directory /Users/takamimarsh/Developer/Projects/Zacro\ Tech/NeuroForge -experimental-emit-module-separately -disable-cmo

SwiftCompile normal arm64 Compiling\ NFRestrictedPseudocodeInterpreter.swift /Users/takamimarsh/Developer/Projects/Zacro\ Tech/NeuroForge/Sources/TrainingEngine/NFRestrictedPseudocodeInterpreter.swift (in target 'NeuroForge' from project 'NeuroForge')

SwiftCompile normal arm64 /Users/takamimarsh/Developer/Projects/Zacro\ Tech/NeuroForge/Sources/TrainingEngine/NFRestrictedPseudocodeInterpreter.swift (in target 'NeuroForge' from project 'NeuroForge')
    cd /Users/takamimarsh/Developer/Projects/Zacro\ Tech/NeuroForge
    

SwiftCompile normal arm64 Compiling\ NFBundledRetrievalCatalog.swift /Users/takamimarsh/Developer/Projects/Zacro\ Tech/NeuroForge/Sources/TrainingEngine/NFBundledRetrievalCatalog.swift (in target 'NeuroForge' from project 'NeuroForge')

SwiftCompile normal arm64 /Users/takamimarsh/Developer/Projects/Zacro\ Tech/NeuroForge/Sources/TrainingEngine/NFBundledRetrievalCatalog.swift (in target 'NeuroForge' from project 'NeuroForge')
    cd /Users/takamimarsh/Developer/Projects/Zacro\ Tech/NeuroForge
    

SwiftDriverJobDiscovery normal arm64 Compiling NFLaTeXEquationView.swift (in target 'NeuroForge' from project 'NeuroForge')

SwiftCompile normal arm64 Compiling\ NFSelectionReservationLedger.swift /Users/takamimarsh/Developer/Projects/Zacro\ Tech/NeuroForge/Sources/Adaptive/NFSelectionReservationLedger.swift (in target 'NeuroForge' from project 'NeuroForge')

SwiftCompile normal arm64 /Users/takamimarsh/Developer/Projects/Zacro\ Tech/NeuroForge/Sources/Adaptive/NFSelectionReservationLedger.swift (in target 'NeuroForge' from project 'NeuroForge')
    cd /Users/takamimarsh/Developer/Projects/Zacro\ Tech/NeuroForge
    

SwiftDriverJobDiscovery normal arm64 Compiling NFDailyScheduler.swift (in target 'NeuroForge' from project 'NeuroForge')

SwiftCompile normal arm64 Compiling\ BaselineOverviewView.swift /Users/takamimarsh/Developer/Projects/Zacro\ Tech/NeuroForge/Sources/Features/Assessment/BaselineOverviewView.swift (in target 'NeuroForge' from project 'NeuroForge')

SwiftCompile normal arm64 /Users/takamimarsh/Developer/Projects/Zacro\ Tech/NeuroForge/Sources/Features/Assessment/BaselineOverviewView.swift (in target 'NeuroForge' from project 'NeuroForge')
    cd /Users/takamimarsh/Developer/Projects/Zacro\ Tech/NeuroForge
    

SwiftDriverJobDiscovery normal arm64 Compiling Theme.swift (in target 'NeuroForge' from project 'NeuroForge')

SwiftCompile normal arm64 Compiling\ NFRestoreRequestStore.swift /Users/takamimarsh/Developer/Projects/Zacro\ Tech/NeuroForge/Sources/Privacy/NFRestoreRequestStore.swift (in target 'NeuroForge' from project 'NeuroForge')

SwiftCompile normal arm64 /Users/takamimarsh/Developer/Projects/Zacro\ Tech/NeuroForge/Sources/Privacy/NFRestoreRequestStore.swift (in target 'NeuroForge' from project 'NeuroForge')
    cd /Users/takamimarsh/Developer/Projects/Zacro\ Tech/NeuroForge
    

SwiftDriverJobDiscovery normal arm64 Compiling NFStarterQuestionSetCatalog.swift (in target 'NeuroForge' from project 'NeuroForge')

SwiftCompile normal arm64 Compiling\ NFCodeTraceSampleView.swift /Users/takamimarsh/Developer/Projects/Zacro\ Tech/NeuroForge/Sources/Features/Training/NFCodeTraceSampleView.swift (in target 'NeuroForge' from project 'NeuroForge')

SwiftCompile normal arm64 /Users/takamimarsh/Developer/Projects/Zacro\ Tech/NeuroForge/Sources/Features/Training/NFCodeTraceSampleView.swift (in target 'NeuroForge' from project 'NeuroForge')
    cd /Users/takamimarsh/Developer/Projects/Zacro\ Tech/NeuroForge
    

SwiftDriverJobDiscovery normal arm64 Compiling NFCodeTraceView.swift (in target 'NeuroForge' from project 'NeuroForge')

SwiftCompile normal arm64 Compiling\ NFReleaseContentCatalog.swift /Users/takamimarsh/Developer/Projects/Zacro\ Tech/NeuroForge/Sources/TrainingEngine/NFReleaseContentCatalog.swift (in target 'NeuroForge' from project 'NeuroForge')

SwiftCompile normal arm64 /Users/takamimarsh/Developer/Projects/Zacro\ Tech/NeuroForge/Sources/TrainingEngine/NFReleaseContentCatalog.swift (in target 'NeuroForge' from project 'NeuroForge')
    cd /Users/takamimarsh/Developer/Projects/Zacro\ Tech/NeuroForge
    

SwiftDriverJobDiscovery normal arm64 Compiling NFAdaptiveQuestionPopulationPolicy.swift (in target 'NeuroForge' from project 'NeuroForge')

SwiftCompile normal arm64 Compiling\ NFMentalMathDomainPacks.swift /Users/takamimarsh/Developer/Projects/Zacro\ Tech/NeuroForge/Sources/TrainingEngine/NFMentalMathDomainPacks.swift (in target 'NeuroForge' from project 'NeuroForge')

SwiftCompile normal arm64 /Users/takamimarsh/Developer/Projects/Zacro\ Tech/NeuroForge/Sources/TrainingEngine/NFMentalMathDomainPacks.swift (in target 'NeuroForge' from project 'NeuroForge')
    cd /Users/takamimarsh/Developer/Projects/Zacro\ Tech/NeuroForge
    

SwiftDriverJobDiscovery normal arm64 Compiling NFRestoreColdCoordinator.swift (in target 'NeuroForge' from project 'NeuroForge')

SwiftCompile normal arm64 Compiling\ NFDirtyEditorGuard.swift /Users/takamimarsh/Developer/Projects/Zacro\ Tech/NeuroForge/Sources/DesignSystem/NFDirtyEditorGuard.swift (in target 'NeuroForge' from project 'NeuroForge')

SwiftCompile normal arm64 /Users/takamimarsh/Developer/Projects/Zacro\ Tech/NeuroForge/Sources/DesignSystem/NFDirtyEditorGuard.swift (in target 'NeuroForge' from project 'NeuroForge')
    cd /Users/takamimarsh/Developer/Projects/Zacro\ Tech/NeuroForge
    

SwiftDriverJobDiscovery normal arm64 Compiling NFOCRService.swift (in target 'NeuroForge' from project 'NeuroForge')

SwiftCompile normal arm64 Compiling\ SystemControlsCard.swift /Users/takamimarsh/Developer/Projects/Zacro\ Tech/NeuroForge/Sources/Features/Settings/SystemControlsCard.swift (in target 'NeuroForge' from project 'NeuroForge')

SwiftCompile normal arm64 /Users/takamimarsh/Developer/Projects/Zacro\ Tech/NeuroForge/Sources/Features/Settings/SystemControlsCard.swift (in target 'NeuroForge' from project 'NeuroForge')
    cd /Users/takamimarsh/Developer/Projects/Zacro\ Tech/NeuroForge
    

SwiftDriverJobDiscovery normal arm64 Compiling NFRestrictedPseudocodeInterpreter.swift (in target 'NeuroForge' from project 'NeuroForge')

SwiftCompile normal arm64 Compiling\ NFSessionCommandBridge.swift /Users/takamimarsh/Developer/Projects/Zacro\ Tech/NeuroForge/Sources/Features/Training/NFSessionCommandBridge.swift (in target 'NeuroForge' from project 'NeuroForge')

SwiftCompile normal arm64 /Users/takamimarsh/Developer/Projects/Zacro\ Tech/NeuroForge/Sources/Features/Training/NFSessionCommandBridge.swift (in target 'NeuroForge' from project 'NeuroForge')
    cd /Users/takamimarsh/Developer/Projects/Zacro\ Tech/NeuroForge
    

SwiftDriverJobDiscovery normal arm64 Compiling NFCodeTraceContract.swift (in target 'NeuroForge' from project 'NeuroForge')

SwiftCompile normal arm64 Compiling\ AIModels.swift /Users/takamimarsh/Developer/Projects/Zacro\ Tech/NeuroForge/Sources/AI/AIModels.swift (in target 'NeuroForge' from project 'NeuroForge')

SwiftCompile normal arm64 /Users/takamimarsh/Developer/Projects/Zacro\ Tech/NeuroForge/Sources/AI/AIModels.swift (in target 'NeuroForge' from project 'NeuroForge')
    cd /Users/takamimarsh/Developer/Projects/Zacro\ Tech/NeuroForge
    

SwiftDriverJobDiscovery normal arm64 Compiling NFMentalMathDomainPacks.swift (in target 'NeuroForge' from project 'NeuroForge')

SwiftCompile normal arm64 Compiling\ NFQuestionFingerprint.swift /Users/takamimarsh/Developer/Projects/Zacro\ Tech/NeuroForge/Sources/TrainingEngine/NFQuestionFingerprint.swift (in target 'NeuroForge' from project 'NeuroForge')

SwiftCompile normal arm64 /Users/takamimarsh/Developer/Projects/Zacro\ Tech/NeuroForge/Sources/TrainingEngine/NFQuestionFingerprint.swift (in target 'NeuroForge' from project 'NeuroForge')
    cd /Users/takamimarsh/Developer/Projects/Zacro\ Tech/NeuroForge
    

SwiftDriverJobDiscovery normal arm64 Compiling SystemControlsCard.swift (in target 'NeuroForge' from project 'NeuroForge')

SwiftCompile normal arm64 Compiling\ NFContentInventoryAudit.swift /Users/takamimarsh/Developer/Projects/Zacro\ Tech/NeuroForge/Sources/TrainingEngine/NFContentInventoryAudit.swift (in target 'NeuroForge' from project 'NeuroForge')

SwiftCompile normal arm64 /Users/takamimarsh/Developer/Projects/Zacro\ Tech/NeuroForge/Sources/TrainingEngine/NFContentInventoryAudit.swift (in target 'NeuroForge' from project 'NeuroForge')
    cd /Users/takamimarsh/Developer/Projects/Zacro\ Tech/NeuroForge
    

SwiftDriverJobDiscovery normal arm64 Compiling NFReleaseContentCatalog.swift (in target 'NeuroForge' from project 'NeuroForge')

SwiftCompile normal arm64 Compiling\ NFWidgetSnapshot.swift /Users/takamimarsh/Developer/Projects/Zacro\ Tech/NeuroForge/Sources/Integrations/NFWidgetSnapshot.swift (in target 'NeuroForge' from project 'NeuroForge')

SwiftCompile normal arm64 /Users/takamimarsh/Developer/Projects/Zacro\ Tech/NeuroForge/Sources/Integrations/NFWidgetSnapshot.swift (in target 'NeuroForge' from project 'NeuroForge')
    cd /Users/takamimarsh/Developer/Projects/Zacro\ Tech/NeuroForge
    

SwiftDriverJobDiscovery normal arm64 Compiling NFCodeTraceSampleView.swift (in target 'NeuroForge' from project 'NeuroForge')

SwiftCompile normal arm64 Compiling\ NFSyncIntegration.swift /Users/takamimarsh/Developer/Projects/Zacro\ Tech/NeuroForge/Sources/Integrations/System/NFSyncIntegration.swift (in target 'NeuroForge' from project 'NeuroForge')

SwiftCompile normal arm64 /Users/takamimarsh/Developer/Projects/Zacro\ Tech/NeuroForge/Sources/Integrations/System/NFSyncIntegration.swift (in target 'NeuroForge' from project 'NeuroForge')
    cd /Users/takamimarsh/Developer/Projects/Zacro\ Tech/NeuroForge
    

SwiftDriverJobDiscovery normal arm64 Compiling NFSessionCommandBridge.swift (in target 'NeuroForge' from project 'NeuroForge')

SwiftCompile normal arm64 Compiling\ NFNotificationIntegration.swift /Users/takamimarsh/Developer/Projects/Zacro\ Tech/NeuroForge/Sources/Integrations/System/NFNotificationIntegration.swift (in target 'NeuroForge' from project 'NeuroForge')

SwiftCompile normal arm64 /Users/takamimarsh/Developer/Projects/Zacro\ Tech/NeuroForge/Sources/Integrations/System/NFNotificationIntegration.swift (in target 'NeuroForge' from project 'NeuroForge')
    cd /Users/takamimarsh/Developer/Projects/Zacro\ Tech/NeuroForge
    

SwiftDriverJobDiscovery normal arm64 Compiling NFOrderedResponseEditor.swift (in target 'NeuroForge' from project 'NeuroForge')

SwiftCompile normal arm64 Compiling\ NFReleaseContentIntegrity.swift /Users/takamimarsh/Developer/Projects/Zacro\ Tech/NeuroForge/Sources/TrainingEngine/NFReleaseContentIntegrity.swift (in target 'NeuroForge' from project 'NeuroForge')

SwiftCompile normal arm64 /Users/takamimarsh/Developer/Projects/Zacro\ Tech/NeuroForge/Sources/TrainingEngine/NFReleaseContentIntegrity.swift (in target 'NeuroForge' from project 'NeuroForge')
    cd /Users/takamimarsh/Developer/Projects/Zacro\ Tech/NeuroForge
    

SwiftDriverJobDiscovery normal arm64 Compiling NFQuestionFingerprint.swift (in target 'NeuroForge' from project 'NeuroForge')

SwiftCompile normal arm64 Compiling\ NFAuthoringEngine.swift /Users/takamimarsh/Developer/Projects/Zacro\ Tech/NeuroForge/Sources/AI/NFAuthoringEngine.swift (in target 'NeuroForge' from project 'NeuroForge')

SwiftCompile normal arm64 /Users/takamimarsh/Developer/Projects/Zacro\ Tech/NeuroForge/Sources/AI/NFAuthoringEngine.swift (in target 'NeuroForge' from project 'NeuroForge')
    cd /Users/takamimarsh/Developer/Projects/Zacro\ Tech/NeuroForge
    

SwiftDriverJobDiscovery normal arm64 Compiling NFContentInventoryAudit.swift (in target 'NeuroForge' from project 'NeuroForge')

SwiftCompile normal arm64 Compiling\ NFResponseAuthority.swift /Users/takamimarsh/Developer/Projects/Zacro\ Tech/NeuroForge/Sources/TrainingEngine/NFResponseAuthority.swift (in target 'NeuroForge' from project 'NeuroForge')

SwiftCompile normal arm64 /Users/takamimarsh/Developer/Projects/Zacro\ Tech/NeuroForge/Sources/TrainingEngine/NFResponseAuthority.swift (in target 'NeuroForge' from project 'NeuroForge')
    cd /Users/takamimarsh/Developer/Projects/Zacro\ Tech/NeuroForge
    

SwiftDriverJobDiscovery normal arm64 Compiling NFSelectionReservationLedger.swift (in target 'NeuroForge' from project 'NeuroForge')

SwiftCompile normal arm64 Compiling\ NFEditorialSchedulingPolicy.swift /Users/takamimarsh/Developer/Projects/Zacro\ Tech/NeuroForge/Sources/Assessment/NFEditorialSchedulingPolicy.swift (in target 'NeuroForge' from project 'NeuroForge')

SwiftCompile normal arm64 /Users/takamimarsh/Developer/Projects/Zacro\ Tech/NeuroForge/Sources/Assessment/NFEditorialSchedulingPolicy.swift (in target 'NeuroForge' from project 'NeuroForge')
    cd /Users/takamimarsh/Developer/Projects/Zacro\ Tech/NeuroForge
    

SwiftDriverJobDiscovery normal arm64 Compiling NFWidgetSnapshot.swift (in target 'NeuroForge' from project 'NeuroForge')

SwiftCompile normal arm64 Compiling\ NFEditorialPracticePolicy.swift /Users/takamimarsh/Developer/Projects/Zacro\ Tech/NeuroForge/Sources/Adaptive/NFEditorialPracticePolicy.swift (in target 'NeuroForge' from project 'NeuroForge')

SwiftCompile normal arm64 /Users/takamimarsh/Developer/Projects/Zacro\ Tech/NeuroForge/Sources/Adaptive/NFEditorialPracticePolicy.swift (in target 'NeuroForge' from project 'NeuroForge')
    cd /Users/takamimarsh/Developer/Projects/Zacro\ Tech/NeuroForge
    

SwiftDriverJobDiscovery normal arm64 Compiling NFBundledRetrievalCatalog.swift (in target 'NeuroForge' from project 'NeuroForge')

SwiftCompile normal arm64 Compiling\ NeuroForgeApp.swift /Users/takamimarsh/Developer/Projects/Zacro\ Tech/NeuroForge/Sources/App/NeuroForgeApp.swift (in target 'NeuroForge' from project 'NeuroForge')

SwiftCompile normal arm64 /Users/takamimarsh/Developer/Projects/Zacro\ Tech/NeuroForge/Sources/App/NeuroForgeApp.swift (in target 'NeuroForge' from project 'NeuroForge')
    cd /Users/takamimarsh/Developer/Projects/Zacro\ Tech/NeuroForge
    

SwiftDriverJobDiscovery normal arm64 Compiling NFResponseAuthority.swift (in target 'NeuroForge' from project 'NeuroForge')

SwiftCompile normal arm64 Compiling\ NFReassessmentScheduler.swift /Users/takamimarsh/Developer/Projects/Zacro\ Tech/NeuroForge/Sources/Assessment/NFReassessmentScheduler.swift (in target 'NeuroForge' from project 'NeuroForge')

SwiftCompile normal arm64 /Users/takamimarsh/Developer/Projects/Zacro\ Tech/NeuroForge/Sources/Assessment/NFReassessmentScheduler.swift (in target 'NeuroForge' from project 'NeuroForge')
    cd /Users/takamimarsh/Developer/Projects/Zacro\ Tech/NeuroForge
    

SwiftDriverJobDiscovery normal arm64 Compiling NFNotificationIntegration.swift (in target 'NeuroForge' from project 'NeuroForge')

SwiftCompile normal arm64 Compiling\ NFPrivateDocumentAssetQueue.swift /Users/takamimarsh/Developer/Projects/Zacro\ Tech/NeuroForge/Sources/Integrations/System/NFPrivateDocumentAssetQueue.swift (in target 'NeuroForge' from project 'NeuroForge')

SwiftCompile normal arm64 /Users/takamimarsh/Developer/Projects/Zacro\ Tech/NeuroForge/Sources/Integrations/System/NFPrivateDocumentAssetQueue.swift (in target 'NeuroForge' from project 'NeuroForge')
    cd /Users/takamimarsh/Developer/Projects/Zacro\ Tech/NeuroForge
    

SwiftDriverJobDiscovery normal arm64 Compiling AIModels.swift (in target 'NeuroForge' from project 'NeuroForge')

SwiftCompile normal arm64 Compiling\ NFModelAuthoringValidator.swift /Users/takamimarsh/Developer/Projects/Zacro\ Tech/NeuroForge/Sources/AI/NFModelAuthoringValidator.swift (in target 'NeuroForge' from project 'NeuroForge')

SwiftCompile normal arm64 /Users/takamimarsh/Developer/Projects/Zacro\ Tech/NeuroForge/Sources/AI/NFModelAuthoringValidator.swift (in target 'NeuroForge' from project 'NeuroForge')
    cd /Users/takamimarsh/Developer/Projects/Zacro\ Tech/NeuroForge
    

SwiftDriverJobDiscovery normal arm64 Compiling NFReleaseContentIntegrity.swift (in target 'NeuroForge' from project 'NeuroForge')

SwiftCompile normal arm64 Compiling\ NFReviewQueueView.swift /Users/takamimarsh/Developer/Projects/Zacro\ Tech/NeuroForge/Sources/Features/Progress/NFReviewQueueView.swift (in target 'NeuroForge' from project 'NeuroForge')

SwiftCompile normal arm64 /Users/takamimarsh/Developer/Projects/Zacro\ Tech/NeuroForge/Sources/Features/Progress/NFReviewQueueView.swift (in target 'NeuroForge' from project 'NeuroForge')
    cd /Users/takamimarsh/Developer/Projects/Zacro\ Tech/NeuroForge
    

SwiftDriverJobDiscovery normal arm64 Compiling NFDirtyEditorGuard.swift (in target 'NeuroForge' from project 'NeuroForge')

SwiftCompile normal arm64 Compiling\ NFTodaySessionSequence.swift /Users/takamimarsh/Developer/Projects/Zacro\ Tech/NeuroForge/Sources/Features/Training/NFTodaySessionSequence.swift (in target 'NeuroForge' from project 'NeuroForge')

SwiftCompile normal arm64 /Users/takamimarsh/Developer/Projects/Zacro\ Tech/NeuroForge/Sources/Features/Training/NFTodaySessionSequence.swift (in target 'NeuroForge' from project 'NeuroForge')
    cd /Users/takamimarsh/Developer/Projects/Zacro\ Tech/NeuroForge
    

SwiftDriverJobDiscovery normal arm64 Compiling NFReassessmentScheduler.swift (in target 'NeuroForge' from project 'NeuroForge')

SwiftCompile normal arm64 Compiling\ NFEstimateExactContract.swift /Users/takamimarsh/Developer/Projects/Zacro\ Tech/NeuroForge/Sources/TrainingEngine/NFEstimateExactContract.swift (in target 'NeuroForge' from project 'NeuroForge')

SwiftCompile normal arm64 /Users/takamimarsh/Developer/Projects/Zacro\ Tech/NeuroForge/Sources/TrainingEngine/NFEstimateExactContract.swift (in target 'NeuroForge' from project 'NeuroForge')
    cd /Users/takamimarsh/Developer/Projects/Zacro\ Tech/NeuroForge
    

SwiftDriverJobDiscovery normal arm64 Compiling NFRestoreRequestStore.swift (in target 'NeuroForge' from project 'NeuroForge')

SwiftCompile normal arm64 Compiling\ NFDataExportService.swift /Users/takamimarsh/Developer/Projects/Zacro\ Tech/NeuroForge/Sources/Privacy/NFDataExportService.swift (in target 'NeuroForge' from project 'NeuroForge')

SwiftCompile normal arm64 /Users/takamimarsh/Developer/Projects/Zacro\ Tech/NeuroForge/Sources/Privacy/NFDataExportService.swift (in target 'NeuroForge' from project 'NeuroForge')
    cd /Users/takamimarsh/Developer/Projects/Zacro\ Tech/NeuroForge
    

SwiftDriverJobDiscovery normal arm64 Compiling NFEditorialSchedulingPolicy.swift (in target 'NeuroForge' from project 'NeuroForge')

SwiftCompile normal arm64 Compiling\ NFPrivateStudyMetadata.swift /Users/takamimarsh/Developer/Projects/Zacro\ Tech/NeuroForge/Sources/Features/Library/NFPrivateStudyMetadata.swift (in target 'NeuroForge' from project 'NeuroForge')

SwiftCompile normal arm64 /Users/takamimarsh/Developer/Projects/Zacro\ Tech/NeuroForge/Sources/Features/Library/NFPrivateStudyMetadata.swift (in target 'NeuroForge' from project 'NeuroForge')
    cd /Users/takamimarsh/Developer/Projects/Zacro\ Tech/NeuroForge
    

SwiftDriverJobDiscovery normal arm64 Compiling NFSyncIntegration.swift (in target 'NeuroForge' from project 'NeuroForge')

SwiftCompile normal arm64 Compiling\ NFCalculationChainEngine.swift /Users/takamimarsh/Developer/Projects/Zacro\ Tech/NeuroForge/Sources/TrainingEngine/NFCalculationChainEngine.swift (in target 'NeuroForge' from project 'NeuroForge')

SwiftCompile normal arm64 /Users/takamimarsh/Developer/Projects/Zacro\ Tech/NeuroForge/Sources/TrainingEngine/NFCalculationChainEngine.swift (in target 'NeuroForge' from project 'NeuroForge')
    cd /Users/takamimarsh/Developer/Projects/Zacro\ Tech/NeuroForge
    

SwiftDriverJobDiscovery normal arm64 Compiling NFEditorialPracticePolicy.swift (in target 'NeuroForge' from project 'NeuroForge')

SwiftCompile normal arm64 Compiling\ NFStudyResourcesView.swift /Users/takamimarsh/Developer/Projects/Zacro\ Tech/NeuroForge/Sources/Features/Library/NFStudyResourcesView.swift (in target 'NeuroForge' from project 'NeuroForge')

SwiftCompile normal arm64 /Users/takamimarsh/Developer/Projects/Zacro\ Tech/NeuroForge/Sources/Features/Library/NFStudyResourcesView.swift (in target 'NeuroForge' from project 'NeuroForge')
    cd /Users/takamimarsh/Developer/Projects/Zacro\ Tech/NeuroForge
    

SwiftDriverJobDiscovery normal arm64 Compiling BaselineOverviewView.swift (in target 'NeuroForge' from project 'NeuroForge')

SwiftCompile normal arm64 Compiling\ ProfileEditorView.swift /Users/takamimarsh/Developer/Projects/Zacro\ Tech/NeuroForge/Sources/Features/Settings/ProfileEditorView.swift (in target 'NeuroForge' from project 'NeuroForge')

SwiftCompile normal arm64 /Users/takamimarsh/Developer/Projects/Zacro\ Tech/NeuroForge/Sources/Features/Settings/ProfileEditorView.swift (in target 'NeuroForge' from project 'NeuroForge')
    cd /Users/takamimarsh/Developer/Projects/Zacro\ Tech/NeuroForge
    

SwiftDriverJobDiscovery normal arm64 Compiling NFModelAuthoringValidator.swift (in target 'NeuroForge' from project 'NeuroForge')

SwiftDriverJobDiscovery normal arm64 Compiling NFPrivateDocumentAssetQueue.swift (in target 'NeuroForge' from project 'NeuroForge')

SwiftDriverJobDiscovery normal arm64 Compiling NFEstimateExactContract.swift (in target 'NeuroForge' from project 'NeuroForge')

SwiftDriverJobDiscovery normal arm64 Compiling NFCalculationChainEngine.swift (in target 'NeuroForge' from project 'NeuroForge')

SwiftDriverJobDiscovery normal arm64 Compiling ProfileEditorView.swift (in target 'NeuroForge' from project 'NeuroForge')

SwiftDriverJobDiscovery normal arm64 Compiling NFTodaySessionSequence.swift (in target 'NeuroForge' from project 'NeuroForge')

SwiftDriverJobDiscovery normal arm64 Compiling NFAuthoringEngine.swift (in target 'NeuroForge' from project 'NeuroForge')

SwiftDriverJobDiscovery normal arm64 Compiling NFPrivateStudyMetadata.swift (in target 'NeuroForge' from project 'NeuroForge')

SwiftDriverJobDiscovery normal arm64 Compiling NFStudyResourcesView.swift (in target 'NeuroForge' from project 'NeuroForge')

SwiftDriverJobDiscovery normal arm64 Compiling NFReviewQueueView.swift (in target 'NeuroForge' from project 'NeuroForge')

SwiftDriverJobDiscovery normal arm64 Compiling NeuroForgeApp.swift (in target 'NeuroForge' from project 'NeuroForge')

SwiftDriverJobDiscovery normal arm64 Compiling NFDataExportService.swift (in target 'NeuroForge' from project 'NeuroForge')

SwiftDriverJobDiscovery normal arm64 Compiling LibraryView.swift (in target 'NeuroForge' from project 'NeuroForge')

SwiftDriver\ Compilation NeuroForge normal arm64 com.apple.xcode.tools.swift.compiler (in target 'NeuroForge' from project 'NeuroForge')
    cd /Users/takamimarsh/Developer/Projects/Zacro\ Tech/NeuroForge
    builtin-Swift-Compilation -- /Applications/Xcode.app/Contents/Developer/Toolchains/XcodeDefault.xctoolchain/usr/bin/swiftc -module-name NeuroForge -Onone @/tmp/NeuroForge-improvement-build/Build/Intermediates.noindex/NeuroForge.build/Debug/NeuroForge.build/Objects-normal/arm64/NeuroForge.SwiftFileList -DDEBUG -enable-experimental-feature DebugDescriptionMacro -sdk /Applications/Xcode.app/Contents/Developer/Platforms/MacOSX.platform/Developer/SDKs/MacOSX26.5.sdk -target arm64-apple-macos26.4 -g -module-cache-path /tmp/NeuroForge-improvement-build/ModuleCache.noindex -Xfrontend -serialize-debugging-options -enable-testing -warnings-as-errors -index-store-path /tmp/NeuroForge-improvement-build/Index.noindex/DataStore -Xcc -D_LIBCPP_HARDENING_MODE\=_LIBCPP_HARDENING_MODE_DEBUG -swift-version 6 -I /tmp/NeuroForge-improvement-build/Build/Products/Debug -F /tmp/NeuroForge-improvement-build/Build/Products/Debug/PackageFrameworks -F /tmp/NeuroForge-improvement-build/Build/Products/Debug -emit-localized-strings -emit-localized-strings-path /tmp/NeuroForge-improvement-build/Build/Intermediates.noindex/NeuroForge.build/Debug/NeuroForge.build/Objects-normal/arm64 -c -j12 -disable-batch-mode -incremental -Xcc -ivfsstatcache -Xcc /tmp/NeuroForge-improvement-build/SDKStatCaches.noindex/macosx26.5-25F70-e082c4a02f00227109f4ed75e425c832.sdkstatcache -output-file-map /tmp/NeuroForge-improvement-build/Build/Intermediates.noindex/NeuroForge.build/Debug/NeuroForge.build/Objects-normal/arm64/NeuroForge-OutputFileMap.json -use-frontend-parseable-output -save-temps -no-color-diagnostics -explicit-module-build -module-cache-path /tmp/NeuroForge-improvement-build/Build/Intermediates.noindex/SwiftExplicitPrecompiledModules -clang-scanner-module-cache-path /tmp/NeuroForge-improvement-build/ModuleCache.noindex -sdk-module-cache-path /tmp/NeuroForge-improvement-build/ModuleCache.noindex -serialize-diagnostics -emit-dependencies -emit-module -emit-module-path /tmp/NeuroForge-improvement-build/Build/Intermediates.noindex/NeuroForge.build/Debug/NeuroForge.build/Objects-normal/arm64/NeuroForge.swiftmodule -validate-clang-modules-once -clang-build-session-file /tmp/NeuroForge-improvement-build/ModuleCache.noindex/Session.modulevalidation -Xcc -I/tmp/NeuroForge-improvement-build/Build/Intermediates.noindex/NeuroForge.build/Debug/NeuroForge.build/swift-overrides.hmap -emit-const-values -Xfrontend -const-gather-protocols-file -Xfrontend /tmp/NeuroForge-improvement-build/Build/Intermediates.noindex/NeuroForge.build/Debug/NeuroForge.build/Objects-normal/arm64/NeuroForge_const_extract_protocols.json -Xcc -iquote -Xcc /tmp/NeuroForge-improvement-build/Build/Intermediates.noindex/NeuroForge.build/Debug/NeuroForge.build/NeuroForge-generated-files.hmap -Xcc -I/tmp/NeuroForge-improvement-build/Build/Intermediates.noindex/NeuroForge.build/Debug/NeuroForge.build/NeuroForge-own-target-headers.hmap -Xcc -I/tmp/NeuroForge-improvement-build/Build/Intermediates.noindex/NeuroForge.build/Debug/NeuroForge.build/NeuroForge-all-non-framework-target-headers.hmap -Xcc -ivfsoverlay -Xcc /tmp/NeuroForge-improvement-build/Build/Intermediates.noindex/NeuroForge.build/Debug/NeuroForge-1f477e43189f7d9a813ad7fc7bf5f2ec-VFS/all-product-headers.yaml -Xcc -iquote -Xcc /tmp/NeuroForge-improvement-build/Build/Intermediates.noindex/NeuroForge.build/Debug/NeuroForge.build/NeuroForge-project-headers.hmap -Xcc -I/tmp/NeuroForge-improvement-build/Build/Products/Debug/include -Xcc -I/tmp/NeuroForge-improvement-build/Build/Intermediates.noindex/NeuroForge.build/Debug/NeuroForge.build/DerivedSources-normal/arm64 -Xcc -I/tmp/NeuroForge-improvement-build/Build/Intermediates.noindex/NeuroForge.build/Debug/NeuroForge.build/DerivedSources/arm64 -Xcc -I/tmp/NeuroForge-improvement-build/Build/Intermediates.noindex/NeuroForge.build/Debug/NeuroForge.build/DerivedSources -Xcc -DDEBUG\=1 -emit-objc-header -emit-objc-header-path /tmp/NeuroForge-improvement-build/Build/Intermediates.noindex/NeuroForge.build/Debug/NeuroForge.build/Objects-normal/arm64/NeuroForge-Swift.h -working-directory /Users/takamimarsh/Developer/Projects/Zacro\ Tech/NeuroForge -experimental-emit-module-separately -disable-cmo

Ld /tmp/NeuroForge-improvement-build/Build/Products/Debug/NeuroForge.app/Contents/MacOS/NeuroForge.debug.dylib normal (in target 'NeuroForge' from project 'NeuroForge')
    cd /Users/takamimarsh/Developer/Projects/Zacro\ Tech/NeuroForge
    /Applications/Xcode.app/Contents/Developer/Toolchains/XcodeDefault.xctoolchain/usr/bin/clang -Xlinker -reproducible -target arm64-apple-macos26.4 -dynamiclib -isysroot /Applications/Xcode.app/Contents/Developer/Platforms/MacOSX.platform/Developer/SDKs/MacOSX26.5.sdk -O0 -L/tmp/NeuroForge-improvement-build/Build/Intermediates.noindex/EagerLinkingTBDs/Debug -L/tmp/NeuroForge-improvement-build/Build/Products/Debug -F/tmp/NeuroForge-improvement-build/Build/Intermediates.noindex/EagerLinkingTBDs/Debug -F/tmp/NeuroForge-improvement-build/Build/Products/Debug/PackageFrameworks -F/tmp/NeuroForge-improvement-build/Build/Products/Debug -filelist /tmp/NeuroForge-improvement-build/Build/Intermediates.noindex/NeuroForge.build/Debug/NeuroForge.build/Objects-normal/arm64/NeuroForge.LinkFileList -install_name @rpath/NeuroForge.debug.dylib -Xlinker -rpath -Xlinker /tmp/NeuroForge-improvement-build/Build/Products/Debug/PackageFrameworks -Xlinker -rpath -Xlinker @executable_path/Frameworks -Xlinker -object_path_lto -Xlinker /tmp/NeuroForge-improvement-build/Build/Intermediates.noindex/NeuroForge.build/Debug/NeuroForge.build/Objects-normal/arm64/NeuroForge_lto.o -rdynamic -Xlinker -no_deduplicate -Xlinker -dependency_info -Xlinker /tmp/NeuroForge-improvement-build/Build/Intermediates.noindex/NeuroForge.build/Debug/NeuroForge.build/Objects-normal/arm64/NeuroForge_dependency_info.dat -fobjc-link-runtime -L/Applications/Xcode.app/Contents/Developer/Toolchains/XcodeDefault.xctoolchain/usr/lib/swift/macosx -L/usr/lib/swift -Xlinker -add_ast_path -Xlinker /tmp/NeuroForge-improvement-build/Build/Intermediates.noindex/NeuroForge.build/Debug/NeuroForge.build/Objects-normal/arm64/NeuroForge.swiftmodule @/tmp/NeuroForge-improvement-build/Build/Intermediates.noindex/NeuroForge.build/Debug/NeuroForge.build/Objects-normal/arm64/NeuroForge-linker-args.resp -Wl,-no_warn_duplicate_libraries -Xlinker -alias -Xlinker _main -Xlinker ___debug_main_executable_dylib_entry_point -o /tmp/NeuroForge-improvement-build/Build/Products/Debug/NeuroForge.app/Contents/MacOS/NeuroForge.debug.dylib -Xlinker -add_ast_path -Xlinker /tmp/NeuroForge-improvement-build/Build/Intermediates.noindex/SwiftMath.build/Debug/SwiftMath.build/Objects-normal/arm64/SwiftMath.swiftmodule @/tmp/NeuroForge-improvement-build/Build/Intermediates.noindex/SwiftMath.build/Debug/SwiftMath.build/Objects-normal/arm64/SwiftMath-linker-args.resp

ConstructStubExecutorLinkFileList /tmp/NeuroForge-improvement-build/Build/Intermediates.noindex/NeuroForge.build/Debug/NeuroForge.build/NeuroForge-ExecutorLinkFileList-normal-arm64.txt (in target 'NeuroForge' from project 'NeuroForge')
    cd /Users/takamimarsh/Developer/Projects/Zacro\ Tech/NeuroForge
    construct-stub-executor-link-file-list /tmp/NeuroForge-improvement-build/Build/Products/Debug/NeuroForge.app/Contents/MacOS/NeuroForge.debug.dylib /Applications/Xcode.app/Contents/Developer/Platforms/MacOSX.platform/Developer/usr/lib/libPreviewsJITStubExecutor_no_swift_entry_point.a /Applications/Xcode.app/Contents/Developer/Platforms/MacOSX.platform/Developer/usr/lib/libPreviewsJITStubExecutor.a --output /tmp/NeuroForge-improvement-build/Build/Intermediates.noindex/NeuroForge.build/Debug/NeuroForge.build/NeuroForge-ExecutorLinkFileList-normal-arm64.txt
note: Using stub executor library with Swift entry point. (in target 'NeuroForge' from project 'NeuroForge')

Ld /tmp/NeuroForge-improvement-build/Build/Products/Debug/NeuroForge.app/Contents/MacOS/NeuroForge normal (in target 'NeuroForge' from project 'NeuroForge')
    cd /Users/takamimarsh/Developer/Projects/Zacro\ Tech/NeuroForge
    /Applications/Xcode.app/Contents/Developer/Toolchains/XcodeDefault.xctoolchain/usr/bin/clang -Xlinker -reproducible -target arm64-apple-macos26.4 -isysroot /Applications/Xcode.app/Contents/Developer/Platforms/MacOSX.platform/Developer/SDKs/MacOSX26.5.sdk -O0 -L/tmp/NeuroForge-improvement-build/Build/Products/Debug -F/tmp/NeuroForge-improvement-build/Build/Products/Debug/PackageFrameworks -F/tmp/NeuroForge-improvement-build/Build/Products/Debug -Xlinker -rpath -Xlinker @executable_path -Xlinker -rpath -Xlinker /tmp/NeuroForge-improvement-build/Build/Products/Debug/PackageFrameworks -Xlinker -rpath -Xlinker @executable_path/Frameworks -rdynamic -Xlinker -no_deduplicate -e ___debug_blank_executor_main -Xlinker -sectcreate -Xlinker __TEXT -Xlinker __debug_dylib -Xlinker /tmp/NeuroForge-improvement-build/Build/Intermediates.noindex/NeuroForge.build/Debug/NeuroForge.build/NeuroForge-DebugDylibPath-normal-arm64.txt -Xlinker -sectcreate -Xlinker __TEXT -Xlinker __debug_instlnm -Xlinker /tmp/NeuroForge-improvement-build/Build/Intermediates.noindex/NeuroForge.build/Debug/NeuroForge.build/NeuroForge-DebugDylibInstallName-normal-arm64.txt -Xlinker -filelist -Xlinker /tmp/NeuroForge-improvement-build/Build/Intermediates.noindex/NeuroForge.build/Debug/NeuroForge.build/NeuroForge-ExecutorLinkFileList-normal-arm64.txt /tmp/NeuroForge-improvement-build/Build/Products/Debug/NeuroForge.app/Contents/MacOS/NeuroForge.debug.dylib -o /tmp/NeuroForge-improvement-build/Build/Products/Debug/NeuroForge.app/Contents/MacOS/NeuroForge

CopySwiftLibs /tmp/NeuroForge-improvement-build/Build/Products/Debug/NeuroForge.app (in target 'NeuroForge' from project 'NeuroForge')
    cd /Users/takamimarsh/Developer/Projects/Zacro\ Tech/NeuroForge
    builtin-swiftStdLibTool --copy --verbose --scan-executable /tmp/NeuroForge-improvement-build/Build/Products/Debug/NeuroForge.app/Contents/MacOS/NeuroForge.debug.dylib --scan-folder /tmp/NeuroForge-improvement-build/Build/Products/Debug/NeuroForge.app/Contents/Frameworks --scan-folder /tmp/NeuroForge-improvement-build/Build/Products/Debug/NeuroForge.app/Contents/PlugIns --scan-folder /tmp/NeuroForge-improvement-build/Build/Products/Debug/NeuroForge.app/Contents/Library/SystemExtensions --scan-folder /tmp/NeuroForge-improvement-build/Build/Products/Debug/NeuroForge.app/Contents/Extensions --platform macosx --toolchain /Applications/Xcode.app/Contents/Developer/Toolchains/XcodeDefault.xctoolchain --destination /tmp/NeuroForge-improvement-build/Build/Products/Debug/NeuroForge.app/Contents/Frameworks --strip-bitcode --strip-bitcode-tool /Applications/Xcode.app/Contents/Developer/Toolchains/XcodeDefault.xctoolchain/usr/bin/bitcode_strip --emit-dependency-info /tmp/NeuroForge-improvement-build/Build/Intermediates.noindex/NeuroForge.build/Debug/NeuroForge.build/SwiftStdLibToolInputDependencies.dep --filter-for-swift-os
Ignoring --strip-bitcode because --sign was not passed

ExtractAppIntentsMetadata (in target 'NeuroForge' from project 'NeuroForge')
    cd /Users/takamimarsh/Developer/Projects/Zacro\ Tech/NeuroForge
    /Applications/Xcode.app/Contents/Developer/Toolchains/XcodeDefault.xctoolchain/usr/bin/appintentsmetadataprocessor --toolchain-dir /Applications/Xcode.app/Contents/Developer/Toolchains/XcodeDefault.xctoolchain --module-name NeuroForge --sdk-root /Applications/Xcode.app/Contents/Developer/Platforms/MacOSX.platform/Developer/SDKs/MacOSX26.5.sdk --xcode-version 17F113 --platform-family macOS --deployment-target 26.4 --bundle-identifier com.zacrotech.NeuroForge --output /tmp/NeuroForge-improvement-build/Build/Products/Debug/NeuroForge.app/Contents/Resources --target-triple arm64-apple-macos26.4 --binary-file /tmp/NeuroForge-improvement-build/Build/Products/Debug/NeuroForge.app/Contents/MacOS/NeuroForge --dependency-file /tmp/NeuroForge-improvement-build/Build/Intermediates.noindex/NeuroForge.build/Debug/NeuroForge.build/Objects-normal/arm64/NeuroForge_dependency_info.dat --stringsdata-file /tmp/NeuroForge-improvement-build/Build/Intermediates.noindex/NeuroForge.build/Debug/NeuroForge.build/Objects-normal/arm64/ExtractedAppShortcutsMetadata.stringsdata --source-file-list /tmp/NeuroForge-improvement-build/Build/Intermediates.noindex/NeuroForge.build/Debug/NeuroForge.build/Objects-normal/arm64/NeuroForge.SwiftFileList --metadata-file-list /tmp/NeuroForge-improvement-build/Build/Intermediates.noindex/NeuroForge.build/Debug/NeuroForge.build/NeuroForge.DependencyMetadataFileList --static-metadata-file-list /tmp/NeuroForge-improvement-build/Build/Intermediates.noindex/NeuroForge.build/Debug/NeuroForge.build/NeuroForge.DependencyStaticMetadataFileList --swift-const-vals-list /tmp/NeuroForge-improvement-build/Build/Intermediates.noindex/NeuroForge.build/Debug/NeuroForge.build/Objects-normal/arm64/NeuroForge.SwiftConstValuesFileList --compile-time-extraction --deployment-aware-processing --validate-assistant-intents
2026-09-05 13:10:20.528 appintentsmetadataprocessor[69288:5012782] Starting appintentsmetadataprocessor export
2026-09-05 13:10:20.810 appintentsmetadataprocessor[69288:5012782] Writing Metadata.appintents
2026-09-05 13:10:20.811 appintentsmetadataprocessor[69288:5012782] Metadata root: /tmp/NeuroForge-improvement-build/Build/Products/Debug/NeuroForge.app/Contents/Resources/Metadata.appintents

Ld /tmp/NeuroForge-improvement-build/Build/Products/Debug/NeuroForge.app/Contents/PlugIns/NeuroForgeTests.xctest/Contents/MacOS/NeuroForgeTests normal (in target 'NeuroForgeTests' from project 'NeuroForge')
    cd /Users/takamimarsh/Developer/Projects/Zacro\ Tech/NeuroForge
    /Applications/Xcode.app/Contents/Developer/Toolchains/XcodeDefault.xctoolchain/usr/bin/clang -Xlinker -reproducible -target arm64-apple-macos26.4 -bundle -isysroot /Applications/Xcode.app/Contents/Developer/Platforms/MacOSX.platform/Developer/SDKs/MacOSX26.5.sdk -O0 -L/tmp/NeuroForge-improvement-build/Build/Intermediates.noindex/EagerLinkingTBDs/Debug -L/tmp/NeuroForge-improvement-build/Build/Products/Debug -L/Applications/Xcode.app/Contents/Developer/Platforms/MacOSX.platform/Developer/usr/lib -F/tmp/NeuroForge-improvement-build/Build/Intermediates.noindex/EagerLinkingTBDs/Debug -F/tmp/NeuroForge-improvement-build/Build/Products/Debug/PackageFrameworks -F/tmp/NeuroForge-improvement-build/Build/Products/Debug -iframework /Applications/Xcode.app/Contents/Developer/Platforms/MacOSX.platform/Developer/Library/Frameworks -filelist /tmp/NeuroForge-improvement-build/Build/Intermediates.noindex/NeuroForge.build/Debug/NeuroForgeTests.build/Objects-normal/arm64/NeuroForgeTests.LinkFileList -Xlinker -rpath -Xlinker /tmp/NeuroForge-improvement-build/Build/Products/Debug/PackageFrameworks -Xlinker -rpath -Xlinker @loader_path/../Frameworks -Xlinker -rpath -Xlinker @executable_path/../Frameworks -bundle_loader /tmp/NeuroForge-improvement-build/Build/Products/Debug/NeuroForge.app/Contents/MacOS/NeuroForge -Xlinker -object_path_lto -Xlinker /tmp/NeuroForge-improvement-build/Build/Intermediates.noindex/NeuroForge.build/Debug/NeuroForgeTests.build/Objects-normal/arm64/NeuroForgeTests_lto.o -rdynamic -Xlinker -no_deduplicate -Xlinker -dependency_info -Xlinker /tmp/NeuroForge-improvement-build/Build/Intermediates.noindex/NeuroForge.build/Debug/NeuroForgeTests.build/Objects-normal/arm64/NeuroForgeTests_dependency_info.dat -fobjc-link-runtime -L/Applications/Xcode.app/Contents/Developer/Toolchains/XcodeDefault.xctoolchain/usr/lib/swift/macosx -L/usr/lib/swift -Xlinker -add_ast_path -Xlinker /tmp/NeuroForge-improvement-build/Build/Intermediates.noindex/NeuroForge.build/Debug/NeuroForgeTests.build/Objects-normal/arm64/NeuroForgeTests.swiftmodule @/tmp/NeuroForge-improvement-build/Build/Intermediates.noindex/NeuroForge.build/Debug/NeuroForgeTests.build/Objects-normal/arm64/NeuroForgeTests-linker-args.resp -Wl,-no_warn_duplicate_libraries -Xlinker -needed_framework -Xlinker XCTest -framework XCTest -Xlinker -needed-lXCTestSwiftSupport -lXCTestSwiftSupport /tmp/NeuroForge-improvement-build/Build/Products/Debug/NeuroForge.app/Contents/MacOS/NeuroForge.debug.dylib -o /tmp/NeuroForge-improvement-build/Build/Products/Debug/NeuroForge.app/Contents/PlugIns/NeuroForgeTests.xctest/Contents/MacOS/NeuroForgeTests

ExtractAppIntentsMetadata (in target 'NeuroForgeTests' from project 'NeuroForge')
    cd /Users/takamimarsh/Developer/Projects/Zacro\ Tech/NeuroForge
    /Applications/Xcode.app/Contents/Developer/Toolchains/XcodeDefault.xctoolchain/usr/bin/appintentsmetadataprocessor --toolchain-dir /Applications/Xcode.app/Contents/Developer/Toolchains/XcodeDefault.xctoolchain --module-name NeuroForgeTests --sdk-root /Applications/Xcode.app/Contents/Developer/Platforms/MacOSX.platform/Developer/SDKs/MacOSX26.5.sdk --xcode-version 17F113 --platform-family macOS --deployment-target 26.4 --bundle-identifier com.zacrotech.NeuroForgeTests --output /tmp/NeuroForge-improvement-build/Build/Products/Debug/NeuroForge.app/Contents/PlugIns/NeuroForgeTests.xctest/Contents/Resources --target-triple arm64-apple-macos26.4 --binary-file /tmp/NeuroForge-improvement-build/Build/Products/Debug/NeuroForge.app/Contents/PlugIns/NeuroForgeTests.xctest/Contents/MacOS/NeuroForgeTests --dependency-file /tmp/NeuroForge-improvement-build/Build/Intermediates.noindex/NeuroForge.build/Debug/NeuroForgeTests.build/Objects-normal/arm64/NeuroForgeTests_dependency_info.dat --stringsdata-file /tmp/NeuroForge-improvement-build/Build/Intermediates.noindex/NeuroForge.build/Debug/NeuroForgeTests.build/Objects-normal/arm64/ExtractedAppShortcutsMetadata.stringsdata --source-file-list /tmp/NeuroForge-improvement-build/Build/Intermediates.noindex/NeuroForge.build/Debug/NeuroForgeTests.build/Objects-normal/arm64/NeuroForgeTests.SwiftFileList --metadata-file-list /tmp/NeuroForge-improvement-build/Build/Intermediates.noindex/NeuroForge.build/Debug/NeuroForgeTests.build/NeuroForgeTests.DependencyMetadataFileList --static-metadata-file-list /tmp/NeuroForge-improvement-build/Build/Intermediates.noindex/NeuroForge.build/Debug/NeuroForgeTests.build/NeuroForgeTests.DependencyStaticMetadataFileList --swift-const-vals-list /tmp/NeuroForge-improvement-build/Build/Intermediates.noindex/NeuroForge.build/Debug/NeuroForgeTests.build/Objects-normal/arm64/NeuroForgeTests.SwiftConstValuesFileList --compile-time-extraction --deployment-aware-processing --validate-assistant-intents --no-app-shortcuts-localization
2026-09-05 13:10:23.848 appintentsmetadataprocessor[69318:5013052] Starting appintentsmetadataprocessor export
2026-09-05 13:10:24.125 appintentsmetadataprocessor[69318:5013052] Extracted no relevant App Intents symbols, skipping writing output

CopySwiftLibs /tmp/NeuroForge-improvement-build/Build/Products/Debug/NeuroForge.app/Contents/PlugIns/NeuroForgeTests.xctest (in target 'NeuroForgeTests' from project 'NeuroForge')
    cd /Users/takamimarsh/Developer/Projects/Zacro\ Tech/NeuroForge
    builtin-swiftStdLibTool --copy --verbose --scan-executable /tmp/NeuroForge-improvement-build/Build/Products/Debug/NeuroForge.app/Contents/PlugIns/NeuroForgeTests.xctest/Contents/MacOS/NeuroForgeTests --scan-folder /tmp/NeuroForge-improvement-build/Build/Products/Debug/NeuroForge.app/Contents/PlugIns/NeuroForgeTests.xctest/Contents/Frameworks --scan-folder /tmp/NeuroForge-improvement-build/Build/Products/Debug/NeuroForge.app/Contents/PlugIns/NeuroForgeTests.xctest/Contents/PlugIns --scan-folder /tmp/NeuroForge-improvement-build/Build/Products/Debug/NeuroForge.app/Contents/PlugIns/NeuroForgeTests.xctest/Contents/Library/SystemExtensions --scan-folder /tmp/NeuroForge-improvement-build/Build/Products/Debug/NeuroForge.app/Contents/PlugIns/NeuroForgeTests.xctest/Contents/Extensions --platform macosx --toolchain /Applications/Xcode.app/Contents/Developer/Toolchains/XcodeDefault.xctoolchain --destination /tmp/NeuroForge-improvement-build/Build/Products/Debug/NeuroForge.app/Contents/PlugIns/NeuroForgeTests.xctest/Contents/Frameworks --strip-bitcode --scan-executable /Applications/Xcode.app/Contents/Developer/Platforms/MacOSX.platform/Developer/usr/lib/libXCTestSwiftSupport.dylib --strip-bitcode-tool /Applications/Xcode.app/Contents/Developer/Toolchains/XcodeDefault.xctoolchain/usr/bin/bitcode_strip --emit-dependency-info /tmp/NeuroForge-improvement-build/Build/Intermediates.noindex/NeuroForge.build/Debug/NeuroForgeTests.build/SwiftStdLibToolInputDependencies.dep --filter-for-swift-os
Ignoring --strip-bitcode because --sign was not passed

Validate /tmp/NeuroForge-improvement-build/Build/Products/Debug/NeuroForge.app (in target 'NeuroForge' from project 'NeuroForge')
    cd /Users/takamimarsh/Developer/Projects/Zacro\ Tech/NeuroForge
    builtin-validationUtility /tmp/NeuroForge-improvement-build/Build/Products/Debug/NeuroForge.app -no-validate-extension -infoplist-subpath Contents/Info.plist

RegisterWithLaunchServices /tmp/NeuroForge-improvement-build/Build/Products/Debug/NeuroForge.app (in target 'NeuroForge' from project 'NeuroForge')
    cd /Users/takamimarsh/Developer/Projects/Zacro\ Tech/NeuroForge
    /System/Library/Frameworks/CoreServices.framework/Versions/Current/Frameworks/LaunchServices.framework/Versions/Current/Support/lsregister -f -R -trusted /tmp/NeuroForge-improvement-build/Build/Products/Debug/NeuroForge.app

2026-09-05 13:10:32.802527-0400 NeuroForge[69371:5013895] [Connection] Unable to get synchronousRemoteObjectProxy, error: Error Domain=NSCocoaErrorDomain Code=4097 "connection to service named com.apple.linkd.autoShortcut" UserInfo={NSDebugDescription=connection to service named com.apple.linkd.autoShortcut}
2026-09-05 13:10:32.803464-0400 NeuroForge[69371:5013895] [Application] Error registering app with intents framework: Error Domain=NSCocoaErrorDomain Code=4097 "connection to service named com.apple.linkd.autoShortcut" UserInfo={NSDebugDescription=connection to service named com.apple.linkd.autoShortcut}
2026-09-05 13:10:32.805118-0400 NeuroForge[69371:5013911] [Connection] Unable to get synchronousRemoteObjectProxy, error: Error Domain=NSCocoaErrorDomain Code=4097 "connection to service named com.apple.linkd.autoShortcut" UserInfo={NSDebugDescription=connection to service named com.apple.linkd.autoShortcut}
2026-09-05 13:10:32.805162-0400 NeuroForge[69371:5013911] [Connection] Unable to re-register with Process Instance Registry, error: Error Domain=NSCocoaErrorDomain Code=4097 "connection to service named com.apple.linkd.autoShortcut" UserInfo={NSDebugDescription=connection to service named com.apple.linkd.autoShortcut}
2026-09-05 13:10:32.807167-0400 NeuroForge[69371:5013896] [Connection] Unable to get synchronousRemoteObjectProxy, error: Error Domain=NSCocoaErrorDomain Code=4097 "connection to service named com.apple.linkd.autoShortcut" UserInfo={NSDebugDescription=connection to service named com.apple.linkd.autoShortcut}
2026-09-05 13:10:32.808682-0400 NeuroForge[69371:5013896] [Connection] Unable to re-register with Process Instance Registry, error: Error Domain=NSCocoaErrorDomain Code=4097 "connection to service named com.apple.linkd.autoShortcut" UserInfo={NSDebugDescription=connection to service named com.apple.linkd.autoShortcut}
2026-09-05 13:10:32.808745-0400 NeuroForge[69371:5013895] [Connection] Unable to get synchronousRemoteObjectProxy, error: Error Domain=NSCocoaErrorDomain Code=4097 "connection to service named com.apple.linkd.autoShortcut" UserInfo={NSDebugDescription=connection to service named com.apple.linkd.autoShortcut}
2026-09-05 13:10:32.809019-0400 NeuroForge[69371:5013895] [Connection] Unable to re-register with Process Instance Registry, error: Error Domain=NSCocoaErrorDomain Code=4097 "connection to service named com.apple.linkd.autoShortcut" UserInfo={NSDebugDescription=connection to service named com.apple.linkd.autoShortcut}
2026-09-05 13:10:32.810933-0400 NeuroForge[69371:5013895] [Connection] Will NOT re-try to establish the connection
2026-09-05 13:10:32.811008-0400 NeuroForge[69371:5013959] [Connection] Unable to get synchronousRemoteObjectProxy, error: Error Domain=NSCocoaErrorDomain Code=4097 "connection to service named com.apple.linkd.autoShortcut" UserInfo={NSDebugDescription=connection to service named com.apple.linkd.autoShortcut}
2026-09-05 13:10:32.811089-0400 NeuroForge[69371:5013959] [Connection] Unable to re-register with Process Instance Registry, error: Error Domain=NSCocoaErrorDomain Code=4097 "connection to service named com.apple.linkd.autoShortcut" UserInfo={NSDebugDescription=connection to service named com.apple.linkd.autoShortcut}
2026-09-05 13:10:33.674381-0400 NeuroForge[69371:5013730] ApplePersistenceIgnoreState: Existing state will not be touched. New state will be written to /var/folders/9s/lwj2ss7d679bl8hv9dx2qf6h0000gn/T/com.zacrotech.NeuroForge.savedState
Test Suite 'Selected tests' started at 2026-09-05 13:10:36.447.
Test Suite 'NeuroForgeTests.xctest' started at 2026-09-05 13:10:36.448.
Test Suite 'CodeTraceInteractionTests' started at 2026-09-05 13:10:36.449.
Test Case '-[NeuroForgeTests.CodeTraceInteractionTests testExactColdResumeResetAndLaterCommitKeepFirstPredictionAndImmutableHistory]' started.
Test Case '-[NeuroForgeTests.CodeTraceInteractionTests testExactColdResumeResetAndLaterCommitKeepFirstPredictionAndImmutableHistory]' passed (0.173 seconds).
Test Case '-[NeuroForgeTests.CodeTraceInteractionTests testFalseBranchLoopAndArithmeticBoundsRemainInterpreterTruthful]' started.
Test Case '-[NeuroForgeTests.CodeTraceInteractionTests testFalseBranchLoopAndArithmeticBoundsRemainInterpreterTruthful]' passed (0.002 seconds).
Test Case '-[NeuroForgeTests.CodeTraceInteractionTests testGeneratedTypedTraceUsesTheSamePredictionCheckpointAndHistoryPolicy]' started.
Test Case '-[NeuroForgeTests.CodeTraceInteractionTests testGeneratedTypedTraceUsesTheSamePredictionCheckpointAndHistoryPolicy]' passed (0.044 seconds).
Test Case '-[NeuroForgeTests.CodeTraceInteractionTests testImmutableTraceSnapshotRejectsAnotherPredictionUnderTheSameAttemptID]' started.
Test Case '-[NeuroForgeTests.CodeTraceInteractionTests testImmutableTraceSnapshotRejectsAnotherPredictionUnderTheSameAttemptID]' passed (0.004 seconds).
Test Case '-[NeuroForgeTests.CodeTraceInteractionTests testNextStatePredictionIsRetainedBeforeRevealAndInvalidSyntaxNeverAdvances]' started.
Test Case '-[NeuroForgeTests.CodeTraceInteractionTests testNextStatePredictionIsRetainedBeforeRevealAndInvalidSyntaxNeverAdvances]' passed (0.033 seconds).
Test Case '-[NeuroForgeTests.CodeTraceInteractionTests testOnlyExplicitNewRecipeAddsTraceAndLegacyRecipeRemainsStatic]' started.
Test Case '-[NeuroForgeTests.CodeTraceInteractionTests testOnlyExplicitNewRecipeAddsTraceAndLegacyRecipeRemainsStatic]' passed (0.009 seconds).
Test Case '-[NeuroForgeTests.CodeTraceInteractionTests testOversizedPendingAndRecordedStatePredictionsAreRejectedWithoutTruncation]' started.
Test Case '-[NeuroForgeTests.CodeTraceInteractionTests testOversizedPendingAndRecordedStatePredictionsAreRejectedWithoutTruncation]' passed (0.004 seconds).
Test Case '-[NeuroForgeTests.CodeTraceInteractionTests testOversizedTraceEditStaysExportableAndCannotClaimSavedUntilCorrected]' started.
Test Case '-[NeuroForgeTests.CodeTraceInteractionTests testOversizedTraceEditStaysExportableAndCannotClaimSavedUntilCorrected]' passed (0.023 seconds).
Test Case '-[NeuroForgeTests.CodeTraceInteractionTests testPredictionMustExistAndFailedFirstRevealCannotShowOrRecordExecution]' started.
Test Case '-[NeuroForgeTests.CodeTraceInteractionTests testPredictionMustExistAndFailedFirstRevealCannotShowOrRecordExecution]' passed (0.031 seconds).
Test Case '-[NeuroForgeTests.CodeTraceInteractionTests testProtectedAndFutureInspectionCannotExposeAStateOrBecomeEditable]' started.
Test Case '-[NeuroForgeTests.CodeTraceInteractionTests testProtectedAndFutureInspectionCannotExposeAStateOrBecomeEditable]' passed (0.019 seconds).
Test Case '-[NeuroForgeTests.CodeTraceInteractionTests testTraceUsesTheSameInterpreterAndExactNumberedSourceAcrossEverySkin]' started.
Test Case '-[NeuroForgeTests.CodeTraceInteractionTests testTraceUsesTheSameInterpreterAndExactNumberedSourceAcrossEverySkin]' passed (0.002 seconds).
Test Case '-[NeuroForgeTests.CodeTraceInteractionTests testUnacknowledgedTypedNextPredictionStaysVisibleAndExportable]' started.
Test Case '-[NeuroForgeTests.CodeTraceInteractionTests testUnacknowledgedTypedNextPredictionStaysVisibleAndExportable]' passed (0.024 seconds).
Test Suite 'CodeTraceInteractionTests' passed at 2026-09-05 13:10:36.820.
	 Executed 12 tests, with 0 failures (0 unexpected) in 0.367 (0.372) seconds
Test Suite 'LinkedScienceStudyTests' started at 2026-09-05 13:10:36.821.
Test Case '-[NeuroForgeTests.LinkedScienceStudyTests testActualRuntimeSavesFirstStageThenCommitsOneExactLinkedAnswerAndRejectsLateEdits]' started.
Test Case '-[NeuroForgeTests.LinkedScienceStudyTests testActualRuntimeSavesFirstStageThenCommitsOneExactLinkedAnswerAndRejectsLateEdits]' passed (0.064 seconds).
Test Case '-[NeuroForgeTests.LinkedScienceStudyTests testAlternativeSupportBundlesCannotCrossTheirDeclaredStageScope]' started.
Test Case '-[NeuroForgeTests.LinkedScienceStudyTests testAlternativeSupportBundlesCannotCrossTheirDeclaredStageScope]' passed (0.004 seconds).
Test Case '-[NeuroForgeTests.LinkedScienceStudyTests testFailedEvidenceSaveKeepsStageOneAndColdResumeRestoresSameStudyAndFrozenMapping]' started.
Test Case '-[NeuroForgeTests.LinkedScienceStudyTests testFailedEvidenceSaveKeepsStageOneAndColdResumeRestoresSameStudyAndFrozenMapping]' passed (0.077 seconds).
Test Case '-[NeuroForgeTests.LinkedScienceStudyTests testFutureStudyContractsAndMissingStageMetadataStayUnavailableWithoutChangingOriginals]' started.
Test Case '-[NeuroForgeTests.LinkedScienceStudyTests testFutureStudyContractsAndMissingStageMetadataStayUnavailableWithoutChangingOriginals]' passed (0.019 seconds).
Test Case '-[NeuroForgeTests.LinkedScienceStudyTests testGeneratedRuntimePinsBothStudyStagesAndStartsTheNextStudyWithFreshState]' started.
Test Case '-[NeuroForgeTests.LinkedScienceStudyTests testGeneratedRuntimePinsBothStudyStagesAndStartsTheNextStudyWithFreshState]' passed (0.095 seconds).
Test Case '-[NeuroForgeTests.LinkedScienceStudyTests testLinkedStudyKeepsExactDataScopeControlsAndLegacyProducerBytes]' started.
Test Case '-[NeuroForgeTests.LinkedScienceStudyTests testLinkedStudyKeepsExactDataScopeControlsAndLegacyProducerBytes]' passed (0.270 seconds).
Test Case '-[NeuroForgeTests.LinkedScienceStudyTests testLocalFirstStageReceiptSurvivesALaterCompatibilityCheckpointFailure]' started.
Test Case '-[NeuroForgeTests.LinkedScienceStudyTests testLocalFirstStageReceiptSurvivesALaterCompatibilityCheckpointFailure]' passed (0.048 seconds).
Test Case '-[NeuroForgeTests.LinkedScienceStudyTests testRepairReservesNewContextInTheSameStudyFamilyAndDoesNotAmendTheOriginal]' started.
Test Case '-[NeuroForgeTests.LinkedScienceStudyTests testRepairReservesNewContextInTheSameStudyFamilyAndDoesNotAmendTheOriginal]' passed (0.065 seconds).
Test Case '-[NeuroForgeTests.LinkedScienceStudyTests testScopedCompletenessRejectsMissingAndCrossStageEvidenceWithoutAKeyOracle]' started.
Test Case '-[NeuroForgeTests.LinkedScienceStudyTests testScopedCompletenessRejectsMissingAndCrossStageEvidenceWithoutAKeyOracle]' passed (0.005 seconds).
Test Suite 'LinkedScienceStudyTests' passed at 2026-09-05 13:10:37.472.
	 Executed 9 tests, with 0 failures (0 unexpected) in 0.647 (0.650) seconds
Test Suite 'LinkedTransferWorkflowTests' started at 2026-09-05 13:10:37.472.
Test Case '-[NeuroForgeTests.LinkedTransferWorkflowTests testFailedFirstWriteRollsBackButColdResumeRetainsAcknowledgedRelationshipAndNumericDraft]' started.
/Users/takamimarsh/Developer/Projects/Zacro Tech/NeuroForge/Tests/ContentImprovementRegressionTests.swift:1640: error: -[NeuroForgeTests.LinkedTransferWorkflowTests testFailedFirstWriteRollsBackButColdResumeRetainsAcknowledgedRelationshipAndNumericDraft] : failed: caught error: "transferSkillMissing"
Test Case '-[NeuroForgeTests.LinkedTransferWorkflowTests testFailedFirstWriteRollsBackButColdResumeRetainsAcknowledgedRelationshipAndNumericDraft]' failed (0.952 seconds).
Test Case '-[NeuroForgeTests.LinkedTransferWorkflowTests testFutureMissingAndOversizedTransferStateRetainsOriginalsWithoutScoringOrClosing]' started.
/Users/takamimarsh/Developer/Projects/Zacro Tech/NeuroForge/Tests/ContentImprovementRegressionTests.swift:1640: error: -[NeuroForgeTests.LinkedTransferWorkflowTests testFutureMissingAndOversizedTransferStateRetainsOriginalsWithoutScoringOrClosing] : failed: caught error: "transferSkillMissing"
Test Case '-[NeuroForgeTests.LinkedTransferWorkflowTests testFutureMissingAndOversizedTransferStateRetainsOriginalsWithoutScoringOrClosing]' failed (0.013 seconds).
Test Case '-[NeuroForgeTests.LinkedTransferWorkflowTests testGeneratedTypedAdapterFreezesSameRelationshipBeforeCoachingAndReplaysBothStages]' started.
/Users/takamimarsh/Developer/Projects/Zacro Tech/NeuroForge/Tests/ContentImprovementRegressionTests.swift:1640: error: -[NeuroForgeTests.LinkedTransferWorkflowTests testGeneratedTypedAdapterFreezesSameRelationshipBeforeCoachingAndReplaysBothStages] : failed: caught error: "transferSkillMissing"
Test Case '-[NeuroForgeTests.LinkedTransferWorkflowTests testGeneratedTypedAdapterFreezesSameRelationshipBeforeCoachingAndReplaysBothStages]' failed (0.072 seconds).
Test Case '-[NeuroForgeTests.LinkedTransferWorkflowTests testLocalRelationshipAcknowledgementSurvivesLegacyMirrorFailureAndColdReplay]' started.
/Users/takamimarsh/Developer/Projects/Zacro Tech/NeuroForge/Tests/ContentImprovementRegressionTests.swift:1640: error: -[NeuroForgeTests.LinkedTransferWorkflowTests testLocalRelationshipAcknowledgementSurvivesLegacyMirrorFailureAndColdReplay] : failed: caught error: "transferSkillMissing"
Test Case '-[NeuroForgeTests.LinkedTransferWorkflowTests testLocalRelationshipAcknowledgementSurvivesLegacyMirrorFailureAndColdReplay]' failed (0.016 seconds).
Test Case '-[NeuroForgeTests.LinkedTransferWorkflowTests testOrdinaryBothStagesCommitOneReadableOriginalWithExactHistoryAndNoMandatoryReflection]' started.
/Users/takamimarsh/Developer/Projects/Zacro Tech/NeuroForge/Tests/ContentImprovementRegressionTests.swift:1640: error: -[NeuroForgeTests.LinkedTransferWorkflowTests testOrdinaryBothStagesCommitOneReadableOriginalWithExactHistoryAndNoMandatoryReflection] : failed: caught error: "transferSkillMissing"
Test Case '-[NeuroForgeTests.LinkedTransferWorkflowTests testOrdinaryBothStagesCommitOneReadableOriginalWithExactHistoryAndNoMandatoryReflection]' failed (0.013 seconds).
Test Case '-[NeuroForgeTests.LinkedTransferWorkflowTests testRelationshipLockAcceptsWrongCompleteChoiceWithoutScoringAndBlocksPrematureTotalOrHelp]' started.
/Users/takamimarsh/Developer/Projects/Zacro Tech/NeuroForge/Tests/ContentImprovementRegressionTests.swift:1640: error: -[NeuroForgeTests.LinkedTransferWorkflowTests testRelationshipLockAcceptsWrongCompleteChoiceWithoutScoringAndBlocksPrematureTotalOrHelp] : failed: caught error: "transferSkillMissing"
Test Case '-[NeuroForgeTests.LinkedTransferWorkflowTests testRelationshipLockAcceptsWrongCompleteChoiceWithoutScoringAndBlocksPrematureTotalOrHelp]' failed (0.013 seconds).
Test Case '-[NeuroForgeTests.LinkedTransferWorkflowTests testRepairKeepsRelationshipFamilyAndChangesTargetContextWithoutAmendingOriginal]' started.
/Users/takamimarsh/Developer/Projects/Zacro Tech/NeuroForge/Tests/ContentImprovementRegressionTests.swift:1640: error: -[NeuroForgeTests.LinkedTransferWorkflowTests testRepairKeepsRelationshipFamilyAndChangesTargetContextWithoutAmendingOriginal] : failed: caught error: "transferSkillMissing"
Test Case '-[NeuroForgeTests.LinkedTransferWorkflowTests testRepairKeepsRelationshipFamilyAndChangesTargetContextWithoutAmendingOriginal]' failed (0.012 seconds).
Test Case '-[NeuroForgeTests.LinkedTransferWorkflowTests testTwoSkillContractBindsBothContextsUnitsAndDeclaredPartialScoringWithoutChangingLegacyRecipes]' started.
/Users/takamimarsh/Developer/Projects/Zacro Tech/NeuroForge/Tests/ContentImprovementRegressionTests.swift:1640: error: -[NeuroForgeTests.LinkedTransferWorkflowTests testTwoSkillContractBindsBothContextsUnitsAndDeclaredPartialScoringWithoutChangingLegacyRecipes] : failed: caught error: "transferSkillMissing"
Test Case '-[NeuroForgeTests.LinkedTransferWorkflowTests testTwoSkillContractBindsBothContextsUnitsAndDeclaredPartialScoringWithoutChangingLegacyRecipes]' failed (0.004 seconds).
Test Suite 'LinkedTransferWorkflowTests' failed at 2026-09-05 13:10:38.660.
	 Executed 8 tests, with 8 failures (8 unexpected) in 1.094 (1.189) seconds
Test Suite 'LocalizationCatalogTests' started at 2026-09-05 13:10:38.661.
Test Case '-[NeuroForgeTests.LocalizationCatalogTests testAppIntentMetadataDoesNotNameApple]' started.
Test Case '-[NeuroForgeTests.LocalizationCatalogTests testAppIntentMetadataDoesNotNameApple]' passed (0.004 seconds).
Test Case '-[NeuroForgeTests.LocalizationCatalogTests testCentralizedCountAndDurationCopyHandlesSingularPluralRangesAndLocales]' started.
Test Case '-[NeuroForgeTests.LocalizationCatalogTests testCentralizedCountAndDurationCopyHandlesSingularPluralRangesAndLocales]' passed (0.005 seconds).
Test Case '-[NeuroForgeTests.LocalizationCatalogTests testCompositeResponseLabelsLocalizeWithoutChangingCanonicalKeys]' started.
Test Case '-[NeuroForgeTests.LocalizationCatalogTests testCompositeResponseLabelsLocalizeWithoutChangingCanonicalKeys]' passed (0.001 seconds).
Test Case '-[NeuroForgeTests.LocalizationCatalogTests testCurrentComputedQuestionWriterAndSettingsKeysAreManuallyInventoriedAndCataloged]' started.
Test Case '-[NeuroForgeTests.LocalizationCatalogTests testCurrentComputedQuestionWriterAndSettingsKeysAreManuallyInventoriedAndCataloged]' passed (0.173 seconds).
Test Case '-[NeuroForgeTests.LocalizationCatalogTests testDeterministicExercisesHonorRequestedJapaneseLocaleAcrossEveryLab]' started.
Test Case '-[NeuroForgeTests.LocalizationCatalogTests testDeterministicExercisesHonorRequestedJapaneseLocaleAcrossEveryLab]' passed (0.038 seconds).
Test Case '-[NeuroForgeTests.LocalizationCatalogTests testDynamicTitlesHonorExplicitAppLocale]' started.
Test Case '-[NeuroForgeTests.LocalizationCatalogTests testDynamicTitlesHonorExplicitAppLocale]' passed (0.001 seconds).
Test Case '-[NeuroForgeTests.LocalizationCatalogTests testEveryExtractedProductionKeyIsCataloged]' started.
Test Case '-[NeuroForgeTests.LocalizationCatalogTests testEveryExtractedProductionKeyIsCataloged]' passed (0.806 seconds).
Test Case '-[NeuroForgeTests.LocalizationCatalogTests testEveryTranslatableCatalogEntryHasJapaneseAndMatchingPlaceholders]' started.
Test Case '-[NeuroForgeTests.LocalizationCatalogTests testEveryTranslatableCatalogEntryHasJapaneseAndMatchingPlaceholders]' passed (0.259 seconds).
Test Case '-[NeuroForgeTests.LocalizationCatalogTests testJapaneseLocalizationDoesNotChangeDeterministicAuthorityTopology]' started.
Test Case '-[NeuroForgeTests.LocalizationCatalogTests testJapaneseLocalizationDoesNotChangeDeterministicAuthorityTopology]' passed (0.050 seconds).
Test Case '-[NeuroForgeTests.LocalizationCatalogTests testJapaneseMentalMathDomainPacksLocalizeVisibleCopyAndPreserveStableIDs]' started.
Test Case '-[NeuroForgeTests.LocalizationCatalogTests testJapaneseMentalMathDomainPacksLocalizeVisibleCopyAndPreserveStableIDs]' passed (0.025 seconds).
Test Case '-[NeuroForgeTests.LocalizationCatalogTests testLocaleAwareDateFormattingDiffersAcrossSupportedLanguages]' started.
Test Case '-[NeuroForgeTests.LocalizationCatalogTests testLocaleAwareDateFormattingDiffersAcrossSupportedLanguages]' passed (0.005 seconds).
Test Case '-[NeuroForgeTests.LocalizationCatalogTests testNewFirstRunAndQuestionWriterJourneysHaveRealJapaneseCopy]' started.
Test Case '-[NeuroForgeTests.LocalizationCatalogTests testNewFirstRunAndQuestionWriterJourneysHaveRealJapaneseCopy]' passed (0.028 seconds).
Test Case '-[NeuroForgeTests.LocalizationCatalogTests testPersistedDailyPlanPresentationReprojectsForSelectedLocaleWithoutChangingAuthority]' started.
Test Case '-[NeuroForgeTests.LocalizationCatalogTests testPersistedDailyPlanPresentationReprojectsForSelectedLocaleWithoutChangingAuthority]' passed (0.003 seconds).
Test Case '-[NeuroForgeTests.LocalizationCatalogTests testProductionAvoidsProcessLocaleDateConvenienceFormatting]' started.
Test Case '-[NeuroForgeTests.LocalizationCatalogTests testProductionAvoidsProcessLocaleDateConvenienceFormatting]' passed (0.036 seconds).
Test Case '-[NeuroForgeTests.LocalizationCatalogTests testRemovedNativeAndObsoleteConsentCopyIsAbsentFromShippingCatalog]' started.
Test Case '-[NeuroForgeTests.LocalizationCatalogTests testRemovedNativeAndObsoleteConsentCopyIsAbsentFromShippingCatalog]' passed (0.073 seconds).
Test Case '-[NeuroForgeTests.LocalizationCatalogTests testRuntimeComputedLocalizationAlwaysUsesTheExplicitAppBundleResolver]' started.
Test Case '-[NeuroForgeTests.LocalizationCatalogTests testRuntimeComputedLocalizationAlwaysUsesTheExplicitAppBundleResolver]' passed (0.034 seconds).
Test Case '-[NeuroForgeTests.LocalizationCatalogTests testShortcutPhraseMetadataIsCataloged]' started.
Test Case '-[NeuroForgeTests.LocalizationCatalogTests testShortcutPhraseMetadataIsCataloged]' passed (0.002 seconds).
Test Suite 'LocalizationCatalogTests' passed at 2026-09-05 13:10:40.214.
	 Executed 17 tests, with 0 failures (0 unexpected) in 1.544 (1.553) seconds
Test Suite 'NeuroForgeTests.xctest' failed at 2026-09-05 13:10:40.214.
	 Executed 46 tests, with 8 failures (8 unexpected) in 3.651 (3.766) seconds
Test Suite 'Selected tests' failed at 2026-09-05 13:10:40.215.
	 Executed 46 tests, with 8 failures (8 unexpected) in 3.651 (3.767) seconds
2026-09-05 13:10:54.732 xcodebuild[68493:5006499] [MT] IDETestOperationsObserverDebug: 28.236 elapsed -- Testing started completed.
2026-09-05 13:10:54.732 xcodebuild[68493:5006499] [MT] IDETestOperationsObserverDebug: 0.000 sec, +0.000 sec -- start
2026-09-05 13:10:54.732 xcodebuild[68493:5006499] [MT] IDETestOperationsObserverDebug: 28.238 sec, +28.238 sec -- end

Test session results, code coverage, and logs:
	/tmp/NeuroForge-improvement-build/Logs/Test/Test-NeuroForge-2026.09.05_13-08-44--0400.xcresult

Failing tests:
	LinkedTransferWorkflowTests.testFailedFirstWriteRollsBackButColdResumeRetainsAcknowledgedRelationshipAndNumericDraft()
	LinkedTransferWorkflowTests.testFutureMissingAndOversizedTransferStateRetainsOriginalsWithoutScoringOrClosing()
	LinkedTransferWorkflowTests.testGeneratedTypedAdapterFreezesSameRelationshipBeforeCoachingAndReplaysBothStages()
	LinkedTransferWorkflowTests.testLocalRelationshipAcknowledgementSurvivesLegacyMirrorFailureAndColdReplay()
	LinkedTransferWorkflowTests.testOrdinaryBothStagesCommitOneReadableOriginalWithExactHistoryAndNoMandatoryReflection()
	LinkedTransferWorkflowTests.testRelationshipLockAcceptsWrongCompleteChoiceWithoutScoringAndBlocksPrematureTotalOrHelp()
	LinkedTransferWorkflowTests.testRepairKeepsRelationshipFamilyAndChangesTargetContextWithoutAmendingOriginal()
	LinkedTransferWorkflowTests.testTwoSkillContractBindsBothContextsUnitsAndDeclaredPartialScoringWithoutChangingLegacyRecipes()

** TEST FAILED **

Testing started
