Command line invocation:
    /Applications/Xcode.app/Contents/Developer/usr/bin/xcodebuild -project NeuroForge.xcodeproj -scheme NeuroForgeUISmoke -destination "platform=iOS Simulator,id=064C7C8F-D941-4D8C-9B55-958F4123AF02" -derivedDataPath /tmp/NeuroForge-improvement-ios CODE_SIGNING_ALLOWED=NO -collect-test-diagnostics never "-only-testing:NeuroForgeUITests/NavigationSmokeUITests/testCubeNetRetainsPrintedGivensAcrossCameraAndCommittedFolding" "-only-testing:NeuroForgeUITests/NavigationSmokeUITests/testGeneratedSetCreatesSeparateRunsAndRestoresSkippedRunThroughColdLaunch" "-only-testing:NeuroForgeUITests/NavigationSmokeUITests/testSourceRecallColdRelaunchPreservesDraftReferenceAndNeutralResult" "-only-testing:NeuroForgeUITests/NavigationSmokeUITests/testSpatialCoordinateEntryRetainsOriginalAndWorkedCopyAfterFeedback" test-without-building

Build settings from command line:
    CODE_SIGNING_ALLOWED = NO

Resolve Package Graph


Resolved source packages:
  SwiftMath: https://github.com/mgriebling/SwiftMath.git @ 1d2c908

2026-09-05 18:08:05.840270-0400 NeuroForgeUITests-Runner[94618:6273344] [Default] Running tests...
objc[94618]: Class UIAccessibilityLoaderWebShared is implemented in both /Library/Developer/CoreSimulator/Volumes/iOS_23F77/Library/Developer/CoreSimulator/Profiles/Runtimes/iOS 26.5.simruntime/Contents/Resources/RuntimeRoot/System/Library/AccessibilityBundles/WebCore.axbundle/WebCore (0x10a34c310) and /Library/Developer/CoreSimulator/Volumes/iOS_23F77/Library/Developer/CoreSimulator/Profiles/Runtimes/iOS 26.5.simruntime/Contents/Resources/RuntimeRoot/System/Library/AccessibilityBundles/WebKit.axbundle/WebKit (0x10a3c8398). This may cause spurious casting failures and mysterious crashes. One of the duplicates must be removed or renamed.
    t =      nans Interface orientation changed to Portrait
Test Suite 'Selected tests' started at 2026-09-05 18:08:07.892.
Test Suite 'NeuroForgeUITests.xctest' started at 2026-09-05 18:08:07.893.
Test Suite 'NavigationSmokeUITests' started at 2026-09-05 18:08:07.893.
Test Case '-[NeuroForgeUITests.NavigationSmokeUITests testCubeNetRetainsPrintedGivensAcrossCameraAndCommittedFolding]' started.
    t =     0.00s Start Test at 2026-09-05 18:08:07.894
    t =     0.37s Set Up
    t =     0.38s Open com.zacrotech.NeuroForge
    t =     0.38s     Launch com.zacrotech.NeuroForge
2026-09-05 18:08:08.836 xcodebuild[94583:6272839] [MT] IDELaunchParametersSnapshot: The operation couldn’t be completed. (DebuggerLLDB.DebuggerVersionStore.StoreError error 0.)
2026-09-05 18:08:08.836 xcodebuild[94583:6272839] [MT] IDELaunchParametersSnapshot: no debugger version
    t =     2.65s         Setting up automation session
    t =     4.05s         Wait for com.zacrotech.NeuroForge to idle
    t =     9.87s Waiting 15.0s for "universal-session" Any to exist
    t =    10.95s     Checking `Expect predicate `existsNoRetry == 1` for object "universal-session" Any`
    t =    10.95s         Checking existence of `"universal-session" Any`
    t =    12.29s Waiting 3.0s for "session-resume" Any to exist
    t =    13.36s     Checking `Expect predicate `existsNoRetry == 1` for object "session-resume" Any`
    t =    13.36s         Checking existence of `"session-resume" Any`
    t =    13.52s         Capturing element debug description
    t =    14.39s     Checking `Expect predicate `existsNoRetry == 1` for object "session-resume" Any`
    t =    14.39s         Checking existence of `"session-resume" Any`
    t =    14.55s         Capturing element debug description
    t =    15.30s     Checking `Expect predicate `existsNoRetry == 1` for object "session-resume" Any`
    t =    15.30s         Checking existence of `"session-resume" Any`
    t =    15.44s         Capturing element debug description
    t =    15.44s     Checking existence of `"session-resume" Any`
    t =    15.55s Collecting debug information to assist test failure triage
    t =    15.55s     Requesting snapshot of accessibility hierarchy for app with pid 94660
    t =    15.72s Waiting 8.0s for "session-position" Any to exist
    t =    16.79s     Checking `Expect predicate `existsNoRetry == 1` for object "session-position" Any`
    t =    16.80s         Checking existence of `"session-position" Any`
    t =    16.94s Find the "session-position" Any
    t =    17.04s Waiting 8.0s for "session-prompt" Any to exist
    t =    18.11s     Checking `Expect predicate `existsNoRetry == 1` for object "session-prompt" Any`
    t =    18.11s         Checking existence of `"session-prompt" Any`
    t =    18.23s Find the "session-prompt" Any
    t =    18.33s Checking existence of `"net-folding-givens" Any`
    t =    18.44s Find the "net-folding-givens" Any
    t =    18.54s Checking existence of `"net-folding-independent-policy" Any`
    t =    18.64s Checking existence of `"net-folding-complete" Any`
    t =    18.76s Checking existence of `"net-folding-unfold" Any`
    t =    18.86s Checking existence of `"net-folding-reset" Any`
    t =    18.97s Checking existence of `"net-folding-worked-frames" Any`
    t =    19.08s Get all elements bound by index for: Descendants matching type ScrollView
    t =    19.15s Find the ScrollView (Element at index 0)
    t =    19.26s Find the Target Application 'com.zacrotech.NeuroForge'
    t =    19.32s Checking existence of `Keyboard (First Match)`
    t =    19.42s Get all elements bound by index for: Descendants matching type NavigationBar
    t =    19.48s Find the NavigationBar (Element at index 0)
    t =    19.55s Find the ScrollView at {{0.0, 169.5}, {375.0, 497.5}}
    t =    19.61s Find the ScrollView at {{0.0, 169.5}, {375.0, 497.5}}
    t =    19.67s Get all elements bound by index for: Descendants matching type TabBar
    t =    19.73s Find the TabBar (Element at index 0)
    t =    19.81s Checking existence of `"net-folding-camera" Button`
    t =    19.92s Find the "net-folding-camera" Button
    t =    20.02s Checking existence of `"session-submit" Any`
    t =    20.13s Find the "session-submit" Any
    t =    20.24s Find the "session-submit" Button
    t =    20.36s Find the "session-submit" Button
    t =    20.47s Checking existence of `"session-next" Any`
    t =    20.57s Checking existence of `"train-start-practice" Any`
    t =    20.68s Checking existence of `"train-start-graph-construction" Any`
    t =    20.78s Checking existence of `"net-folding-camera" Button`
    t =    20.87s Find the "net-folding-camera" Button
    t =    20.99s Find the "net-folding-camera" Button
    t =    21.10s Find the ScrollView at {{0.0, 169.5}, {375.0, 497.5}}
    t =    21.18s Checking existence of `"net-folding-camera" Button`
    t =    21.29s Find the "net-folding-camera" Button
    t =    21.41s Checking existence of `"net-folding-camera" Button`
    t =    21.50s Find the "net-folding-camera" Button
    t =    21.61s Find the ScrollView at {{0.0, 169.5}, {375.0, 497.5}}
    t =    21.67s Checking existence of `"net-folding-camera" Button`
    t =    21.77s Find the "net-folding-camera" Button
    t =    21.87s Press Target Application 'com.zacrotech.NeuroForge'[0.00, 0.00] -> (12.0, 516.3) for 0.1 seconds, then drag to Target Application 'com.zacrotech.NeuroForge'[0.00, 0.00] -> (12.0, 257.7) with velocity of 250.00 pixels per second, and then hold for 0.2 seconds 
    t =    21.87s     Wait for com.zacrotech.NeuroForge to idle
    t =    21.87s     Find the Target Application 'com.zacrotech.NeuroForge'
    t =    21.93s     Check for interrupting elements affecting "NeuroForge" Application
    t =    22.13s     Synthesize event
    t =    22.14s         Find the Target Application 'com.zacrotech.NeuroForge'
    t =    22.18s         Find the Target Application 'com.zacrotech.NeuroForge'
    t =    22.24s         Find the Target Application 'com.zacrotech.NeuroForge'
    t =    22.30s         Find the Target Application 'com.zacrotech.NeuroForge'
    t =    22.35s         Find the Target Application 'com.zacrotech.NeuroForge'
    t =    24.07s     Wait for com.zacrotech.NeuroForge to idle
    t =    24.80s Get all elements bound by index for: Descendants matching type ScrollView
    t =    24.89s Find the ScrollView (Element at index 0)
    t =    24.99s Find the Target Application 'com.zacrotech.NeuroForge'
    t =    25.05s Checking existence of `Keyboard (First Match)`
    t =    25.16s Get all elements bound by index for: Descendants matching type NavigationBar
    t =    25.22s Find the NavigationBar (Element at index 0)
    t =    25.32s Find the ScrollView at {{0.0, 169.5}, {375.0, 497.5}}
    t =    25.40s Find the ScrollView at {{0.0, 169.5}, {375.0, 497.5}}
    t =    25.48s Get all elements bound by index for: Descendants matching type TabBar
    t =    25.54s Find the TabBar (Element at index 0)
    t =    25.61s Checking existence of `"net-folding-camera" Button`
    t =    25.74s Find the "net-folding-camera" Button
    t =    25.86s Checking existence of `"session-submit" Any`
    t =    26.02s Find the "session-submit" Any
    t =    26.14s Find the "session-submit" Button
    t =    26.25s Find the "session-submit" Button
    t =    26.36s Checking existence of `"session-next" Any`
    t =    26.45s Checking existence of `"train-start-practice" Any`
    t =    27.41s Checking existence of `"train-start-graph-construction" Any`
    t =    27.54s Checking existence of `"net-folding-camera" Button`
    t =    27.63s Find the "net-folding-camera" Button
    t =    27.73s Find the "net-folding-camera" Button
    t =    27.84s Find the ScrollView at {{0.0, 169.5}, {375.0, 497.5}}
    t =    27.90s Checking existence of `"net-folding-camera" Button`
    t =    28.01s Find the "net-folding-camera" Button
    t =    28.12s Checking existence of `"net-folding-camera" Button`
    t =    28.22s Find the "net-folding-camera" Button
    t =    28.32s Find the ScrollView at {{0.0, 169.5}, {375.0, 497.5}}
    t =    28.38s Checking existence of `"net-folding-camera" Button`
    t =    28.53s Find the "net-folding-camera" Button
    t =    28.69s Press Target Application 'com.zacrotech.NeuroForge'[0.00, 0.00] -> (12.0, 516.3) for 0.1 seconds, then drag to Target Application 'com.zacrotech.NeuroForge'[0.00, 0.00] -> (12.0, 257.7) with velocity of 250.00 pixels per second, and then hold for 0.2 seconds 
    t =    28.69s     Wait for com.zacrotech.NeuroForge to idle
    t =    28.71s     Find the Target Application 'com.zacrotech.NeuroForge'
    t =    28.78s     Check for interrupting elements affecting "NeuroForge" Application
    t =    28.95s     Synthesize event
    t =    28.95s         Find the Target Application 'com.zacrotech.NeuroForge'
    t =    29.02s         Find the Target Application 'com.zacrotech.NeuroForge'
    t =    29.09s         Find the Target Application 'com.zacrotech.NeuroForge'
    t =    29.15s         Find the Target Application 'com.zacrotech.NeuroForge'
    t =    29.20s         Find the Target Application 'com.zacrotech.NeuroForge'
    t =    30.82s     Wait for com.zacrotech.NeuroForge to idle
    t =    31.54s Get all elements bound by index for: Descendants matching type ScrollView
    t =    31.63s Find the ScrollView (Element at index 0)
    t =    31.70s Find the Target Application 'com.zacrotech.NeuroForge'
    t =    31.76s Checking existence of `Keyboard (First Match)`
    t =    31.86s Get all elements bound by index for: Descendants matching type NavigationBar
    t =    31.91s Find the NavigationBar (Element at index 0)
    t =    31.98s Find the ScrollView at {{0.0, 169.5}, {375.0, 497.5}}
    t =    32.04s Find the ScrollView at {{0.0, 169.5}, {375.0, 497.5}}
    t =    32.10s Get all elements bound by index for: Descendants matching type TabBar
    t =    32.16s Find the TabBar (Element at index 0)
    t =    32.23s Checking existence of `"net-folding-camera" Button`
    t =    32.33s Find the "net-folding-camera" Button
    t =    32.44s Checking existence of `"session-submit" Any`
    t =    32.55s Find the "session-submit" Any
    t =    32.67s Find the "session-submit" Button
    t =    32.79s Find the "session-submit" Button
    t =    32.91s Checking existence of `"session-next" Any`
    t =    33.01s Checking existence of `"train-start-practice" Any`
    t =    33.11s Checking existence of `"train-start-graph-construction" Any`
    t =    33.21s Checking existence of `"net-folding-camera" Button`
    t =    33.31s Find the "net-folding-camera" Button
    t =    33.42s Find the "net-folding-camera" Button
    t =    33.54s Find the ScrollView at {{0.0, 169.5}, {375.0, 497.5}}
    t =    34.55s Checking existence of `"net-folding-camera" Button`
    t =    34.67s Find the "net-folding-camera" Button
    t =    34.79s Checking existence of `"net-folding-camera" Button`
    t =    34.89s Find the "net-folding-camera" Button
    t =    34.99s Find the ScrollView at {{0.0, 169.5}, {375.0, 497.5}}
    t =    35.05s Checking existence of `"net-folding-camera" Button`
    t =    35.15s Find the "net-folding-camera" Button
    t =    35.25s Press Target Application 'com.zacrotech.NeuroForge'[0.00, 0.00] -> (12.0, 516.3) for 0.1 seconds, then drag to Target Application 'com.zacrotech.NeuroForge'[0.00, 0.00] -> (12.0, 257.7) with velocity of 250.00 pixels per second, and then hold for 0.2 seconds 
    t =    35.25s     Wait for com.zacrotech.NeuroForge to idle
    t =    35.25s     Find the Target Application 'com.zacrotech.NeuroForge'
    t =    35.30s     Check for interrupting elements affecting "NeuroForge" Application
    t =    35.44s     Synthesize event
    t =    35.44s         Find the Target Application 'com.zacrotech.NeuroForge'
    t =    35.49s         Find the Target Application 'com.zacrotech.NeuroForge'
    t =    35.55s         Find the Target Application 'com.zacrotech.NeuroForge'
    t =    35.60s         Find the Target Application 'com.zacrotech.NeuroForge'
    t =    35.69s         Find the Target Application 'com.zacrotech.NeuroForge'
    t =    37.32s     Wait for com.zacrotech.NeuroForge to idle
    t =    38.04s Get all elements bound by index for: Descendants matching type ScrollView
    t =    38.12s Find the ScrollView (Element at index 0)
    t =    38.19s Find the Target Application 'com.zacrotech.NeuroForge'
    t =    38.25s Checking existence of `Keyboard (First Match)`
    t =    38.37s Get all elements bound by index for: Descendants matching type NavigationBar
    t =    38.43s Find the NavigationBar (Element at index 0)
    t =    38.51s Find the ScrollView at {{0.0, 169.5}, {375.0, 497.5}}
    t =    38.57s Find the ScrollView at {{0.0, 169.5}, {375.0, 497.5}}
    t =    38.63s Get all elements bound by index for: Descendants matching type TabBar
    t =    38.69s Find the TabBar (Element at index 0)
    t =    38.76s Checking existence of `"net-folding-camera" Button`
    t =    38.88s Find the "net-folding-camera" Button
    t =    38.99s Checking existence of `"session-submit" Any`
    t =    39.10s Find the "session-submit" Any
    t =    39.23s Find the "session-submit" Button
    t =    39.33s Find the "session-submit" Button
    t =    39.44s Checking existence of `"session-next" Any`
    t =    39.55s Checking existence of `"train-start-practice" Any`
    t =    39.64s Checking existence of `"train-start-graph-construction" Any`
    t =    39.74s Checking existence of `"net-folding-camera" Button`
    t =    39.84s Find the "net-folding-camera" Button
    t =    39.94s Find the "net-folding-camera" Button
    t =    40.99s Find the ScrollView at {{0.0, 169.5}, {375.0, 497.5}}
    t =    41.05s Checking existence of `"net-folding-camera" Button`
    t =    41.14s Find the "net-folding-camera" Button
    t =    41.24s Checking existence of `"net-folding-camera" Button`
    t =    41.34s Find the "net-folding-camera" Button
    t =    41.44s Find the ScrollView at {{0.0, 169.5}, {375.0, 497.5}}
    t =    41.50s Checking existence of `"net-folding-camera" Button`
    t =    41.59s Find the "net-folding-camera" Button
    t =    41.69s Press Target Application 'com.zacrotech.NeuroForge'[0.00, 0.00] -> (12.0, 516.3) for 0.1 seconds, then drag to Target Application 'com.zacrotech.NeuroForge'[0.00, 0.00] -> (12.0, 257.7) with velocity of 250.00 pixels per second, and then hold for 0.2 seconds 
    t =    41.69s     Wait for com.zacrotech.NeuroForge to idle
    t =    41.70s     Find the Target Application 'com.zacrotech.NeuroForge'
    t =    41.75s     Check for interrupting elements affecting "NeuroForge" Application
    t =    41.82s     Synthesize event
    t =    41.82s         Find the Target Application 'com.zacrotech.NeuroForge'
    t =    41.87s         Find the Target Application 'com.zacrotech.NeuroForge'
    t =    41.92s         Find the Target Application 'com.zacrotech.NeuroForge'
    t =    41.97s         Find the Target Application 'com.zacrotech.NeuroForge'
    t =    42.02s         Find the Target Application 'com.zacrotech.NeuroForge'
    t =    43.61s     Wait for com.zacrotech.NeuroForge to idle
    t =    43.62s Get all elements bound by index for: Descendants matching type ScrollView
    t =    43.69s Find the ScrollView (Element at index 0)
    t =    43.76s Find the Target Application 'com.zacrotech.NeuroForge'
    t =    43.81s Checking existence of `Keyboard (First Match)`
    t =    43.91s Get all elements bound by index for: Descendants matching type NavigationBar
    t =    43.97s Find the NavigationBar (Element at index 0)
    t =    44.03s Find the ScrollView at {{0.0, 169.5}, {375.0, 497.5}}
    t =    44.10s Find the ScrollView at {{0.0, 169.5}, {375.0, 497.5}}
    t =    44.15s Get all elements bound by index for: Descendants matching type TabBar
    t =    44.21s Find the TabBar (Element at index 0)
    t =    44.28s Checking existence of `"net-folding-camera" Button`
    t =    44.38s Find the "net-folding-camera" Button
    t =    44.47s Checking existence of `"session-submit" Any`
    t =    44.58s Find the "session-submit" Any
    t =    44.69s Find the "session-submit" Button
    t =    44.79s Find the "session-submit" Button
    t =    44.89s Checking existence of `"session-next" Any`
    t =    44.99s Checking existence of `"train-start-practice" Any`
    t =    45.09s Checking existence of `"train-start-graph-construction" Any`
    t =    45.19s Checking existence of `"net-folding-camera" Button`
    t =    45.28s Find the "net-folding-camera" Button
    t =    45.38s Find the "net-folding-camera" Button
    t =    45.48s Find the ScrollView at {{0.0, 169.5}, {375.0, 497.5}}
    t =    45.54s Checking existence of `"net-folding-camera" Button`
    t =    45.63s Find the "net-folding-camera" Button
    t =    45.74s Checking existence of `"net-folding-camera" Button`
    t =    45.83s Find the "net-folding-camera" Button
    t =    45.93s Find the ScrollView at {{0.0, 169.5}, {375.0, 497.5}}
    t =    45.99s Checking existence of `"net-folding-camera" Button`
    t =    46.10s Find the "net-folding-camera" Button
    t =    46.19s Press Target Application 'com.zacrotech.NeuroForge'[0.00, 0.00] -> (12.0, 516.3) for 0.1 seconds, then drag to Target Application 'com.zacrotech.NeuroForge'[0.00, 0.00] -> (12.0, 257.7) with velocity of 250.00 pixels per second, and then hold for 0.2 seconds 
    t =    46.19s     Wait for com.zacrotech.NeuroForge to idle
    t =    46.19s     Find the Target Application 'com.zacrotech.NeuroForge'
    t =    46.25s     Check for interrupting elements affecting "NeuroForge" Application
    t =    46.32s     Synthesize event
    t =    46.32s         Find the Target Application 'com.zacrotech.NeuroForge'
    t =    46.37s         Find the Target Application 'com.zacrotech.NeuroForge'
    t =    46.43s         Find the Target Application 'com.zacrotech.NeuroForge'
    t =    46.49s         Find the Target Application 'com.zacrotech.NeuroForge'
    t =    46.54s         Find the Target Application 'com.zacrotech.NeuroForge'
    t =    48.13s     Wait for com.zacrotech.NeuroForge to idle
    t =    48.13s Get all elements bound by index for: Descendants matching type ScrollView
    t =    48.21s Find the ScrollView (Element at index 0)
    t =    48.28s Find the Target Application 'com.zacrotech.NeuroForge'
    t =    48.33s Checking existence of `Keyboard (First Match)`
    t =    48.44s Get all elements bound by index for: Descendants matching type NavigationBar
    t =    48.49s Find the NavigationBar (Element at index 0)
    t =    48.56s Find the ScrollView at {{0.0, 169.5}, {375.0, 497.5}}
    t =    48.62s Find the ScrollView at {{0.0, 169.5}, {375.0, 497.5}}
    t =    48.67s Get all elements bound by index for: Descendants matching type TabBar
    t =    48.73s Find the TabBar (Element at index 0)
    t =    48.80s Checking existence of `"net-folding-camera" Button`
    t =    48.89s Find the "net-folding-camera" Button
    t =    48.97s Checking existence of `"session-submit" Any`
    t =    49.08s Find the "session-submit" Any
    t =    49.18s Find the "session-submit" Button
    t =    49.29s Find the "session-submit" Button
    t =    49.41s Checking existence of `"session-next" Any`
    t =    49.51s Checking existence of `"train-start-practice" Any`
    t =    49.61s Checking existence of `"train-start-graph-construction" Any`
    t =    49.71s Checking existence of `"net-folding-camera" Button`
    t =    49.83s Find the "net-folding-camera" Button
    t =    50.03s Find the "net-folding-camera" Button
    t =    50.16s Find the ScrollView at {{0.0, 169.5}, {375.0, 497.5}}
    t =    50.22s Checking existence of `"net-folding-camera" Button`
    t =    50.32s Find the "net-folding-camera" Button
    t =    50.44s Find the "net-folding-camera" Button
    t =    50.55s Find the "net-folding-camera" Button
    t =    50.68s Checking existence of `"net-folding-camera" Button`
    t =    50.79s Find the "net-folding-camera" Button
    t =    50.91s Find the ScrollView at {{0.0, 169.5}, {375.0, 497.5}}
    t =    50.99s Checking existence of `"net-folding-camera" Button`
    t =    51.10s Find the "net-folding-camera" Button
    t =    51.19s Press Target Application 'com.zacrotech.NeuroForge'[0.00, 0.00] -> (12.0, 516.3) for 0.1 seconds, then drag to Target Application 'com.zacrotech.NeuroForge'[0.00, 0.00] -> (12.0, 491.3) with velocity of 250.00 pixels per second, and then hold for 0.2 seconds 
    t =    51.19s     Wait for com.zacrotech.NeuroForge to idle
    t =    51.19s     Find the Target Application 'com.zacrotech.NeuroForge'
    t =    51.24s     Check for interrupting elements affecting "NeuroForge" Application
    t =    51.31s     Synthesize event
    t =    51.32s         Find the Target Application 'com.zacrotech.NeuroForge'
    t =    51.37s         Find the Target Application 'com.zacrotech.NeuroForge'
    t =    51.45s         Find the Target Application 'com.zacrotech.NeuroForge'
    t =    51.52s         Find the Target Application 'com.zacrotech.NeuroForge'
    t =    51.61s         Find the Target Application 'com.zacrotech.NeuroForge'
    t =    52.31s     Wait for com.zacrotech.NeuroForge to idle
    t =    52.31s Get all elements bound by index for: Descendants matching type ScrollView
    t =    52.39s Find the ScrollView (Element at index 0)
    t =    52.46s Find the Target Application 'com.zacrotech.NeuroForge'
    t =    52.52s Checking existence of `Keyboard (First Match)`
    t =    52.62s Get all elements bound by index for: Descendants matching type NavigationBar
    t =    52.67s Find the NavigationBar (Element at index 0)
    t =    52.74s Find the ScrollView at {{0.0, 169.5}, {375.0, 497.5}}
    t =    52.80s Find the ScrollView at {{0.0, 169.5}, {375.0, 497.5}}
    t =    52.86s Get all elements bound by index for: Descendants matching type TabBar
    t =    52.92s Find the TabBar (Element at index 0)
    t =    52.99s Checking existence of `"net-folding-camera" Button`
    t =    53.10s Find the "net-folding-camera" Button
    t =    53.19s Checking existence of `"session-submit" Any`
    t =    53.30s Find the "session-submit" Any
    t =    53.42s Find the "session-submit" Button
    t =    53.53s Find the "session-submit" Button
    t =    53.63s Checking existence of `"session-next" Any`
    t =    53.73s Checking existence of `"train-start-practice" Any`
    t =    53.83s Checking existence of `"train-start-graph-construction" Any`
    t =    53.93s Checking existence of `"net-folding-camera" Button`
    t =    54.02s Find the "net-folding-camera" Button
    t =    54.12s Find the "net-folding-camera" Button
    t =    54.24s Find the ScrollView at {{0.0, 169.5}, {375.0, 497.5}}
    t =    54.30s Checking existence of `"net-folding-camera" Button`
    t =    54.39s Find the "net-folding-camera" Button
    t =    54.49s Find the "net-folding-camera" Button
    t =    54.59s Find the "net-folding-camera" Button
    t =    54.68s Checking existence of `"net-folding-camera" Button`
    t =    54.78s Find the "net-folding-camera" Button
    t =    54.88s Find the ScrollView at {{0.0, 169.5}, {375.0, 497.5}}
    t =    54.94s Checking existence of `"net-folding-camera" Button`
    t =    55.03s Find the "net-folding-camera" Button
    t =    55.13s Press Target Application 'com.zacrotech.NeuroForge'[0.00, 0.00] -> (12.0, 516.3) for 0.1 seconds, then drag to Target Application 'com.zacrotech.NeuroForge'[0.00, 0.00] -> (12.0, 500.3) with velocity of 250.00 pixels per second, and then hold for 0.2 seconds 
    t =    55.13s     Wait for com.zacrotech.NeuroForge to idle
    t =    55.13s     Find the Target Application 'com.zacrotech.NeuroForge'
    t =    55.18s     Check for interrupting elements affecting "NeuroForge" Application
    t =    55.25s     Synthesize event
    t =    55.25s         Find the Target Application 'com.zacrotech.NeuroForge'
    t =    55.30s         Find the Target Application 'com.zacrotech.NeuroForge'
    t =    55.35s         Find the Target Application 'com.zacrotech.NeuroForge'
    t =    55.40s         Find the Target Application 'com.zacrotech.NeuroForge'
    t =    55.46s         Find the Target Application 'com.zacrotech.NeuroForge'
    t =    56.08s     Wait for com.zacrotech.NeuroForge to idle
    t =    56.08s Get all elements bound by index for: Descendants matching type ScrollView
    t =    56.14s Find the ScrollView (Element at index 0)
    t =    56.20s Find the Target Application 'com.zacrotech.NeuroForge'
    t =    56.25s Checking existence of `Keyboard (First Match)`
    t =    56.35s Get all elements bound by index for: Descendants matching type NavigationBar
    t =    56.40s Find the NavigationBar (Element at index 0)
    t =    56.47s Find the ScrollView at {{0.0, 169.5}, {375.0, 497.5}}
    t =    56.54s Find the ScrollView at {{0.0, 169.5}, {375.0, 497.5}}
    t =    56.59s Get all elements bound by index for: Descendants matching type TabBar
    t =    56.65s Find the TabBar (Element at index 0)
    t =    56.72s Checking existence of `"net-folding-camera" Button`
    t =    56.81s Find the "net-folding-camera" Button
    t =    56.90s Checking existence of `"session-submit" Any`
    t =    57.00s Find the "session-submit" Any
    t =    57.10s Find the "session-submit" Button
    t =    57.21s Find the "session-submit" Button
    t =    57.31s Checking existence of `"session-next" Any`
    t =    57.40s Checking existence of `"train-start-practice" Any`
    t =    57.50s Checking existence of `"train-start-graph-construction" Any`
    t =    57.60s Checking existence of `"net-folding-camera" Button`
    t =    57.69s Find the "net-folding-camera" Button
    t =    57.79s Find the "net-folding-camera" Button
    t =    57.89s Find the ScrollView at {{0.0, 169.5}, {375.0, 497.5}}
    t =    57.95s Checking existence of `"net-folding-camera" Button`
    t =    58.05s Find the "net-folding-camera" Button
    t =    58.15s Find the "net-folding-camera" Button
    t =    58.24s Find the "net-folding-camera" Button
    t =    58.34s Find the "net-folding-camera" Button
    t =    58.44s Tap "net-folding-camera" Button
    t =    58.44s     Wait for com.zacrotech.NeuroForge to idle
    t =    58.44s     Find the "net-folding-camera" Button
    t =    58.54s     Check for interrupting elements affecting "net-folding-camera" Button
    t =    58.61s     Synthesize event
    t =    58.90s     Wait for com.zacrotech.NeuroForge to idle
    t =    59.35s Tap "Top" Button
    t =    59.35s     Wait for com.zacrotech.NeuroForge to idle
    t =    60.55s     Find the "Top" Button
    t =    60.69s     Check for interrupting elements affecting "Top" Button
    t =    60.76s     Synthesize event
    t =    61.06s     Wait for com.zacrotech.NeuroForge to idle
    t =    62.68s Find the "net-folding-camera" Button
    t =    62.80s Get all elements bound by index for: Descendants matching type ScrollView
    t =    62.86s Find the ScrollView (Element at index 0)
    t =    62.92s Find the Target Application 'com.zacrotech.NeuroForge'
    t =    62.97s Checking existence of `Keyboard (First Match)`
    t =    63.07s Get all elements bound by index for: Descendants matching type NavigationBar
    t =    63.13s Find the NavigationBar (Element at index 0)
    t =    63.19s Find the ScrollView at {{0.0, 169.5}, {375.0, 497.5}}
    t =    63.25s Find the ScrollView at {{0.0, 169.5}, {375.0, 497.5}}
    t =    63.31s Get all elements bound by index for: Descendants matching type TabBar
    t =    63.36s Find the TabBar (Element at index 0)
    t =    63.43s Checking existence of `"net-folding-camera-reset" Button`
    t =    63.53s Find the "net-folding-camera-reset" Button
    t =    63.62s Checking existence of `"session-submit" Any`
    t =    63.71s Find the "session-submit" Any
    t =    63.83s Find the "session-submit" Button
    t =    63.93s Find the "session-submit" Button
    t =    64.03s Checking existence of `"session-next" Any`
    t =    64.13s Checking existence of `"train-start-practice" Any`
    t =    64.23s Checking existence of `"train-start-graph-construction" Any`
    t =    64.33s Checking existence of `"net-folding-camera-reset" Button`
    t =    64.43s Find the "net-folding-camera-reset" Button
    t =    64.52s Find the "net-folding-camera-reset" Button
    t =    64.63s Find the ScrollView at {{0.0, 169.5}, {375.0, 497.5}}
    t =    64.68s Checking existence of `"net-folding-camera-reset" Button`
    t =    64.78s Find the "net-folding-camera-reset" Button
    t =    64.89s Find the "net-folding-camera-reset" Button
    t =    64.99s Find the "net-folding-camera-reset" Button
    t =    65.09s Find the "net-folding-camera-reset" Button
    t =    65.21s Tap "net-folding-camera-reset" Button
    t =    65.21s     Wait for com.zacrotech.NeuroForge to idle
    t =    65.21s     Find the "net-folding-camera-reset" Button
    t =    65.30s     Check for interrupting elements affecting "net-folding-camera-reset" Button
    t =    65.37s     Synthesize event
    t =    65.67s     Wait for com.zacrotech.NeuroForge to idle
    t =    65.67s Find the "net-folding-camera" Button
    t =    65.77s Get all elements bound by index for: Descendants matching type ScrollView
    t =    65.83s Find the ScrollView (Element at index 0)
    t =    65.90s Find the Target Application 'com.zacrotech.NeuroForge'
    t =    65.95s Checking existence of `Keyboard (First Match)`
    t =    66.05s Get all elements bound by index for: Descendants matching type NavigationBar
    t =    66.10s Find the NavigationBar (Element at index 0)
    t =    66.17s Find the ScrollView at {{0.0, 169.5}, {375.0, 497.5}}
    t =    66.23s Find the ScrollView at {{0.0, 169.5}, {375.0, 497.5}}
    t =    66.29s Get all elements bound by index for: Descendants matching type TabBar
    t =    66.35s Find the TabBar (Element at index 0)
    t =    66.42s Checking existence of `"net-folding-rendering-mode" Button`
    t =    66.52s Find the "net-folding-rendering-mode" Button
    t =    66.60s Checking existence of `"session-submit" Any`
    t =    66.70s Find the "session-submit" Any
    t =    66.81s Find the "session-submit" Button
    t =    66.91s Find the "session-submit" Button
    t =    67.01s Checking existence of `"session-next" Any`
    t =    67.11s Checking existence of `"train-start-practice" Any`
    t =    67.21s Checking existence of `"train-start-graph-construction" Any`
    t =    67.31s Checking existence of `"net-folding-rendering-mode" Button`
    t =    67.41s Find the "net-folding-rendering-mode" Button
    t =    67.51s Find the "net-folding-rendering-mode" Button
    t =    67.62s Find the ScrollView at {{0.0, 169.5}, {375.0, 497.5}}
    t =    67.68s Checking existence of `"net-folding-rendering-mode" Button`
    t =    67.77s Find the "net-folding-rendering-mode" Button
    t =    67.88s Find the "net-folding-rendering-mode" Button
    t =    67.97s Checking existence of `"net-folding-rendering-mode" Button`
    t =    68.08s Find the "net-folding-rendering-mode" Button
    t =    68.17s Find the ScrollView at {{0.0, 169.5}, {375.0, 497.5}}
    t =    68.24s Checking existence of `"net-folding-rendering-mode" Button`
    t =    68.33s Find the "net-folding-rendering-mode" Button
    t =    68.43s Press Target Application 'com.zacrotech.NeuroForge'[0.00, 0.00] -> (12.0, 257.7) for 0.1 seconds, then drag to Target Application 'com.zacrotech.NeuroForge'[0.00, 0.00] -> (12.0, 306.7) with velocity of 250.00 pixels per second, and then hold for 0.2 seconds 
    t =    68.43s     Wait for com.zacrotech.NeuroForge to idle
    t =    68.43s     Find the Target Application 'com.zacrotech.NeuroForge'
    t =    68.48s     Check for interrupting elements affecting "NeuroForge" Application
    t =    68.55s     Synthesize event
    t =    68.55s         Find the Target Application 'com.zacrotech.NeuroForge'
    t =    68.60s         Find the Target Application 'com.zacrotech.NeuroForge'
    t =    68.65s         Find the Target Application 'com.zacrotech.NeuroForge'
    t =    68.70s         Find the Target Application 'com.zacrotech.NeuroForge'
    t =    68.76s         Find the Target Application 'com.zacrotech.NeuroForge'
    t =    69.51s     Wait for com.zacrotech.NeuroForge to idle
    t =    69.51s Get all elements bound by index for: Descendants matching type ScrollView
    t =    69.59s Find the ScrollView (Element at index 0)
    t =    69.66s Find the Target Application 'com.zacrotech.NeuroForge'
    t =    69.71s Checking existence of `Keyboard (First Match)`
    t =    69.81s Get all elements bound by index for: Descendants matching type NavigationBar
    t =    69.86s Find the NavigationBar (Element at index 0)
    t =    69.93s Find the ScrollView at {{0.0, 169.5}, {375.0, 497.5}}
    t =    69.99s Find the ScrollView at {{0.0, 169.5}, {375.0, 497.5}}
    t =    70.05s Get all elements bound by index for: Descendants matching type TabBar
    t =    70.10s Find the TabBar (Element at index 0)
    t =    70.18s Checking existence of `"net-folding-rendering-mode" Button`
    t =    70.27s Find the "net-folding-rendering-mode" Button
    t =    70.36s Checking existence of `"session-submit" Any`
    t =    70.46s Find the "session-submit" Any
    t =    70.57s Find the "session-submit" Button
    t =    70.67s Find the "session-submit" Button
    t =    70.77s Checking existence of `"session-next" Any`
    t =    70.87s Checking existence of `"train-start-practice" Any`
    t =    70.97s Checking existence of `"train-start-graph-construction" Any`
    t =    71.07s Checking existence of `"net-folding-rendering-mode" Button`
    t =    71.16s Find the "net-folding-rendering-mode" Button
    t =    71.26s Find the "net-folding-rendering-mode" Button
    t =    71.36s Find the ScrollView at {{0.0, 169.5}, {375.0, 497.5}}
    t =    71.42s Checking existence of `"net-folding-rendering-mode" Button`
    t =    71.52s Find the "net-folding-rendering-mode" Button
    t =    71.62s Find the "net-folding-rendering-mode" Button
    t =    71.73s Checking existence of `"net-folding-rendering-mode" Button`
    t =    71.83s Find the "net-folding-rendering-mode" Button
    t =    71.94s Find the ScrollView at {{0.0, 169.5}, {375.0, 497.5}}
    t =    72.00s Checking existence of `"net-folding-rendering-mode" Button`
    t =    72.09s Find the "net-folding-rendering-mode" Button
    t =    72.19s Press Target Application 'com.zacrotech.NeuroForge'[0.00, 0.00] -> (12.0, 257.7) for 0.1 seconds, then drag to Target Application 'com.zacrotech.NeuroForge'[0.00, 0.00] -> (12.0, 273.7) with velocity of 250.00 pixels per second, and then hold for 0.2 seconds 
    t =    72.19s     Wait for com.zacrotech.NeuroForge to idle
    t =    72.19s     Find the Target Application 'com.zacrotech.NeuroForge'
    t =    72.25s     Check for interrupting elements affecting "NeuroForge" Application
    t =    72.32s     Synthesize event
    t =    72.33s         Find the Target Application 'com.zacrotech.NeuroForge'
    t =    72.41s         Find the Target Application 'com.zacrotech.NeuroForge'
    t =    72.47s         Find the Target Application 'com.zacrotech.NeuroForge'
    t =    72.52s         Find the Target Application 'com.zacrotech.NeuroForge'
    t =    72.57s         Find the Target Application 'com.zacrotech.NeuroForge'
    t =    73.20s     Wait for com.zacrotech.NeuroForge to idle
    t =    73.20s Get all elements bound by index for: Descendants matching type ScrollView
    t =    73.26s Find the ScrollView (Element at index 0)
    t =    73.33s Find the Target Application 'com.zacrotech.NeuroForge'
    t =    73.38s Checking existence of `Keyboard (First Match)`
    t =    73.48s Get all elements bound by index for: Descendants matching type NavigationBar
    t =    73.53s Find the NavigationBar (Element at index 0)
    t =    73.60s Find the ScrollView at {{0.0, 169.5}, {375.0, 497.5}}
    t =    73.66s Find the ScrollView at {{0.0, 169.5}, {375.0, 497.5}}
    t =    73.72s Get all elements bound by index for: Descendants matching type TabBar
    t =    73.77s Find the TabBar (Element at index 0)
    t =    73.85s Checking existence of `"net-folding-rendering-mode" Button`
    t =    73.95s Find the "net-folding-rendering-mode" Button
    t =    74.05s Checking existence of `"session-submit" Any`
    t =    74.17s Find the "session-submit" Any
    t =    74.29s Find the "session-submit" Button
    t =    74.40s Find the "session-submit" Button
    t =    74.50s Checking existence of `"session-next" Any`
    t =    74.60s Checking existence of `"train-start-practice" Any`
    t =    74.70s Checking existence of `"train-start-graph-construction" Any`
    t =    74.83s Checking existence of `"net-folding-rendering-mode" Button`
    t =    74.94s Find the "net-folding-rendering-mode" Button
    t =    75.04s Find the "net-folding-rendering-mode" Button
    t =    75.14s Find the ScrollView at {{0.0, 169.5}, {375.0, 497.5}}
    t =    75.21s Checking existence of `"net-folding-rendering-mode" Button`
    t =    75.31s Find the "net-folding-rendering-mode" Button
    t =    75.44s Find the "net-folding-rendering-mode" Button
    t =    75.53s Find the "net-folding-rendering-mode" Button
    t =    75.63s Find the "net-folding-rendering-mode" Button
    t =    75.73s Tap "net-folding-rendering-mode" Button
    t =    75.73s     Wait for com.zacrotech.NeuroForge to idle
    t =    75.73s     Find the "net-folding-rendering-mode" Button
    t =    75.83s     Check for interrupting elements affecting "net-folding-rendering-mode" Button
    t =    75.91s     Synthesize event
    t =    76.20s     Wait for com.zacrotech.NeuroForge to idle
    t =    77.60s Tap "Static 2D" Button
    t =    77.60s     Wait for com.zacrotech.NeuroForge to idle
    t =    77.60s     Find the "Static 2D" Button
    t =    77.74s     Check for interrupting elements affecting "square" Button
    t =    77.82s     Synthesize event
    t =    78.12s     Wait for com.zacrotech.NeuroForge to idle
    t =    79.80s Find the "net-folding-rendering-mode" Button
    t =    79.93s Find the "net-folding-givens" StaticText
    t =    80.03s Get all elements bound by index for: Descendants matching type ScrollView
    t =    80.09s Find the ScrollView (Element at index 0)
    t =    80.15s Find the Target Application 'com.zacrotech.NeuroForge'
    t =    80.20s Checking existence of `Keyboard (First Match)`
    t =    80.29s Get all elements bound by index for: Descendants matching type NavigationBar
    t =    80.34s Find the NavigationBar (Element at index 0)
    t =    80.41s Find the ScrollView at {{0.0, 169.5}, {375.0, 497.5}}
    t =    80.48s Find the ScrollView at {{0.0, 169.5}, {375.0, 497.5}}
    t =    80.53s Get all elements bound by index for: Descendants matching type TabBar
    t =    80.59s Find the TabBar (Element at index 0)
    t =    80.67s Checking existence of `Button (First Match)`
    t =    80.78s Checking existence of `"session-submit" Any`
    t =    80.88s Find the "session-submit" Any
    t =    80.98s Find the "session-submit" Button
    t =    81.08s Find the "session-submit" Button
    t =    81.19s Checking existence of `"session-next" Any`
    t =    81.29s Checking existence of `"train-start-practice" Any`
    t =    81.39s Checking existence of `"train-start-graph-construction" Any`
    t =    81.48s Checking existence of `Button (First Match)`
    t =    81.61s Find the Button (First Match)
    t =    82.73s     Find the Button (First Match) (retry 1)
    t =    83.85s     Find the Button (First Match) (retry 2)
    t =    83.99s Find the ScrollView at {{0.0, 169.5}, {375.0, 497.5}}
    t =    84.05s Checking existence of `Button (First Match)`
    t =    84.17s Checking existence of `Button (First Match)`
    t =    84.29s Find the ScrollView at {{0.0, 169.5}, {375.0, 497.5}}
    t =    84.35s Checking existence of `Button (First Match)`
    t =    84.47s Press Target Application 'com.zacrotech.NeuroForge'[0.00, 0.00] -> (12.0, 516.3) for 0.1 seconds, then drag to Target Application 'com.zacrotech.NeuroForge'[0.00, 0.00] -> (12.0, 292.8) with velocity of 250.00 pixels per second, and then hold for 0.2 seconds 
    t =    84.47s     Wait for com.zacrotech.NeuroForge to idle
    t =    84.47s     Find the Target Application 'com.zacrotech.NeuroForge'
    t =    84.52s     Check for interrupting elements affecting "NeuroForge" Application
    t =    84.59s     Synthesize event
    t =    84.59s         Find the Target Application 'com.zacrotech.NeuroForge'
    t =    84.64s         Find the Target Application 'com.zacrotech.NeuroForge'
    t =    84.69s         Find the Target Application 'com.zacrotech.NeuroForge'
    t =    84.74s         Find the Target Application 'com.zacrotech.NeuroForge'
    t =    84.79s         Find the Target Application 'com.zacrotech.NeuroForge'
    t =    86.25s     Wait for com.zacrotech.NeuroForge to idle
    t =    86.26s Get all elements bound by index for: Descendants matching type ScrollView
    t =    86.34s Find the ScrollView (Element at index 0)
    t =    86.41s Find the Target Application 'com.zacrotech.NeuroForge'
    t =    86.46s Checking existence of `Keyboard (First Match)`
    t =    86.55s Get all elements bound by index for: Descendants matching type NavigationBar
    t =    86.61s Find the NavigationBar (Element at index 0)
    t =    86.67s Find the ScrollView at {{0.0, 169.5}, {375.0, 497.5}}
    t =    86.73s Find the ScrollView at {{0.0, 169.5}, {375.0, 497.5}}
    t =    86.79s Get all elements bound by index for: Descendants matching type TabBar
    t =    86.85s Find the TabBar (Element at index 0)
    t =    86.92s Checking existence of `Button (First Match)`
    t =    87.03s Checking existence of `"session-submit" Any`
    t =    87.13s Find the "session-submit" Any
    t =    87.23s Find the "session-submit" Button
    t =    87.33s Find the "session-submit" Button
    t =    87.43s Checking existence of `"session-next" Any`
    t =    87.54s Checking existence of `"train-start-practice" Any`
    t =    87.63s Checking existence of `"train-start-graph-construction" Any`
    t =    87.74s Checking existence of `Button (First Match)`
    t =    87.85s Find the Button (First Match)
    t =    88.96s     Find the Button (First Match) (retry 1)
    t =    90.13s     Find the Button (First Match) (retry 2)
    t =    90.26s Find the ScrollView at {{0.0, 169.5}, {375.0, 497.5}}
    t =    90.32s Checking existence of `Button (First Match)`
    t =    90.43s Checking existence of `Button (First Match)`
    t =    90.54s Find the ScrollView at {{0.0, 169.5}, {375.0, 497.5}}
    t =    90.60s Checking existence of `Button (First Match)`
    t =    90.72s Press Target Application 'com.zacrotech.NeuroForge'[0.00, 0.00] -> (12.0, 516.3) for 0.1 seconds, then drag to Target Application 'com.zacrotech.NeuroForge'[0.00, 0.00] -> (12.0, 292.8) with velocity of 250.00 pixels per second, and then hold for 0.2 seconds 
    t =    90.72s     Wait for com.zacrotech.NeuroForge to idle
    t =    90.73s     Find the Target Application 'com.zacrotech.NeuroForge'
    t =    90.78s     Check for interrupting elements affecting "NeuroForge" Application
    t =    90.85s     Synthesize event
    t =    90.85s         Find the Target Application 'com.zacrotech.NeuroForge'
    t =    90.90s         Find the Target Application 'com.zacrotech.NeuroForge'
    t =    90.95s         Find the Target Application 'com.zacrotech.NeuroForge'
    t =    91.00s         Find the Target Application 'com.zacrotech.NeuroForge'
    t =    91.06s         Find the Target Application 'com.zacrotech.NeuroForge'
    t =    92.52s     Wait for com.zacrotech.NeuroForge to idle
    t =    92.53s Get all elements bound by index for: Descendants matching type ScrollView
    t =    92.64s Find the ScrollView (Element at index 0)
    t =    92.71s Find the Target Application 'com.zacrotech.NeuroForge'
    t =    92.77s Checking existence of `Keyboard (First Match)`
    t =    92.86s Get all elements bound by index for: Descendants matching type NavigationBar
    t =    92.92s Find the NavigationBar (Element at index 0)
    t =    92.99s Find the ScrollView at {{0.0, 169.5}, {375.0, 497.5}}
    t =    93.06s Find the ScrollView at {{0.0, 169.5}, {375.0, 497.5}}
    t =    93.13s Get all elements bound by index for: Descendants matching type TabBar
    t =    93.18s Find the TabBar (Element at index 0)
    t =    93.26s Checking existence of `Button (First Match)`
    t =    93.30s Find the Button (First Match)
    t =    93.34s Checking existence of `"session-submit" Any`
    t =    93.45s Find the "session-submit" Any
    t =    93.58s Find the "session-submit" Button
    t =    93.70s Find the "session-submit" Button
    t =    93.81s Checking existence of `"session-next" Any`
    t =    93.92s Checking existence of `"train-start-practice" Any`
    t =    94.02s Checking existence of `"train-start-graph-construction" Any`
    t =    94.13s Checking existence of `"No — at least one rule fails" Button`
    t =    94.17s Find the "No — at least one rule fails" Button
    t =    94.22s Find the "No — at least one rule fails" Button
    t =    94.28s Find the ScrollView at {{0.0, 169.5}, {375.0, 497.5}}
    t =    94.34s Checking existence of `"No — at least one rule fails" Button`
    t =    94.39s Find the "No — at least one rule fails" Button
    t =    94.44s Find the "No — at least one rule fails" Button
    t =    94.49s Find the "No — at least one rule fails" Button
    t =    94.54s Checking existence of `"No — at least one rule fails" Button`
    t =    94.58s Find the "No — at least one rule fails" Button
    t =    94.62s Tap "No — at least one rule fails" Button
    t =    94.62s     Wait for com.zacrotech.NeuroForge to idle
    t =    94.62s     Find the "No — at least one rule fails" Button
    t =    94.67s     Check for interrupting elements affecting "No — at least one rule fails" Button
    t =    94.75s     Synthesize event
    t =    95.05s     Wait for com.zacrotech.NeuroForge to idle
    t =    96.15s Checking `Expect predicate `selected == 1` for object "No — at least one rule fails" Button`
    t =    96.16s     Find the "No — at least one rule fails" Button
    t =    96.23s Checking existence of `"net-folding-worked-frames" Any`
    t =    96.34s Get all elements bound by index for: Descendants matching type TextField
    t =    96.40s Get all elements bound by index for: Descendants matching type TextView
    t =    96.46s Waiting 8.0s for "session-submit" Any to exist
    t =    97.47s     Checking `Expect predicate `existsNoRetry == 1` for object "session-submit" Any`
    t =    97.48s         Checking existence of `"session-submit" Any`
    t =    97.60s Get all elements bound by index for: Descendants matching type ScrollView
    t =    97.65s Find the ScrollView (Element at index 0)
    t =    97.73s Find the Target Application 'com.zacrotech.NeuroForge'
    t =    97.77s Checking existence of `Keyboard (First Match)`
    t =    97.87s Get all elements bound by index for: Descendants matching type NavigationBar
    t =    97.93s Find the NavigationBar (Element at index 0)
    t =    98.00s Find the ScrollView at {{0.0, 169.5}, {375.0, 497.5}}
    t =    98.06s Find the ScrollView at {{0.0, 169.5}, {375.0, 497.5}}
    t =    98.11s Get all elements bound by index for: Descendants matching type TabBar
    t =    98.18s Find the TabBar (Element at index 0)
    t =    98.25s Checking existence of `"session-submit" Any`
    t =    98.35s Find the "session-submit" Any
    t =    98.45s Checking existence of `"session-submit" Button`
    t =    98.56s Find the "session-submit" Button
    t =    98.70s Find the "session-submit" Button
    t =    98.82s Find the "session-submit" Button
    t =    99.96s Checking `Expect predicate `enabled == 1` for object "session-submit" Button`
    t =    99.97s     Find the "session-submit" Button
    t =   100.09s Tap "session-submit" Button
    t =   100.09s     Wait for com.zacrotech.NeuroForge to idle
    t =   100.09s     Find the "session-submit" Button
    t =   100.19s     Check for interrupting elements affecting "session-submit" Button
    t =   100.26s     Synthesize event
    t =   100.56s     Wait for com.zacrotech.NeuroForge to idle
    t =   101.20s Waiting 8.0s for "session-next" Any to exist
    t =   102.21s     Checking `Expect predicate `existsNoRetry == 1` for object "session-next" Any`
    t =   102.22s         Checking existence of `"session-next" Any`
    t =   102.55s Find the "session-position" ProgressIndicator
    t =   102.65s Find the "session-prompt" Any
    t =   102.75s Checking existence of `"Your answer" StaticText`
    t =   102.85s Waiting 8.0s for "session-feedback-title" Any to exist
    t =   103.88s     Checking `Expect predicate `existsNoRetry == 1` for object "session-feedback-title" Any`
    t =   103.88s         Checking existence of `"session-feedback-title" Any`
    t =   104.02s Get all elements bound by index for: Descendants matching type ScrollView
    t =   104.07s Find the ScrollView (Element at index 0)
    t =   104.15s Find the Target Application 'com.zacrotech.NeuroForge'
    t =   104.20s Checking existence of `Keyboard (First Match)`
    t =   104.30s Get all elements bound by index for: Descendants matching type NavigationBar
    t =   104.36s Find the NavigationBar (Element at index 0)
    t =   104.42s Find the ScrollView at {{0.0, 169.5}, {375.0, 497.5}}
    t =   104.48s Find the ScrollView at {{0.0, 169.5}, {375.0, 497.5}}
    t =   104.54s Get all elements bound by index for: Descendants matching type TabBar
    t =   104.60s Find the TabBar (Element at index 0)
    t =   104.67s Checking existence of `"session-feedback-title" Any`
    t =   104.76s Find the "session-feedback-title" Any
    t =   104.85s Checking existence of `"session-submit" Any`
    t =   104.94s Checking existence of `"session-next" Any`
    t =   105.04s Find the "session-next" Any
    t =   105.14s Find the "session-next" Button
    t =   105.24s Find the "session-next" Button
    t =   105.34s Checking existence of `"train-start-practice" Any`
    t =   105.44s Checking existence of `"train-start-graph-construction" Any`
    t =   105.53s Checking existence of `"session-feedback-title" StaticText`
    t =   105.63s Find the "session-feedback-title" StaticText
    t =   105.73s Find the "session-feedback-title" StaticText
    t =   105.83s Find the ScrollView at {{0.0, 169.5}, {375.0, 497.5}}
    t =   105.89s Checking existence of `"session-feedback-title" StaticText`
    t =   105.99s Find the "session-feedback-title" StaticText
    t =   106.09s Find the "session-feedback-title" StaticText
    t =   106.19s Find the "session-feedback-title" StaticText
    t =   106.29s Find the "session-feedback-title" StaticText
    t =   106.39s Find the "session-feedback-title" StaticText
    t =   106.48s Find the "session-feedback-title" StaticText
    t =   106.58s Added attachment named 'cube-net-visible-query-oracle'
    t =   106.58s Find the "net-folding-givens" Any
    t =   106.67s Get all elements bound by index for: Descendants matching type ScrollView
    t =   106.73s Find the ScrollView (Element at index 0)
    t =   106.79s Find the Target Application 'com.zacrotech.NeuroForge'
    t =   106.84s Checking existence of `Keyboard (First Match)`
    t =   106.94s Get all elements bound by index for: Descendants matching type NavigationBar
    t =   106.99s Find the NavigationBar (Element at index 0)
    t =   107.06s Find the ScrollView at {{0.0, 169.5}, {375.0, 497.5}}
    t =   107.12s Find the ScrollView at {{0.0, 169.5}, {375.0, 497.5}}
    t =   107.18s Get all elements bound by index for: Descendants matching type TabBar
    t =   107.24s Find the TabBar (Element at index 0)
    t =   107.32s Checking existence of `"net-folding-complete" Button`
    t =   107.41s Find the "net-folding-complete" Button
    t =   107.49s Checking existence of `"session-submit" Any`
    t =   107.59s Checking existence of `"session-next" Any`
    t =   107.68s Find the "session-next" Any
    t =   107.79s Find the "session-next" Button
    t =   107.89s Find the "session-next" Button
    t =   107.98s Checking existence of `"train-start-practice" Any`
    t =   108.08s Checking existence of `"train-start-graph-construction" Any`
    t =   108.18s Checking existence of `"net-folding-complete" Button`
    t =   108.26s Find the "net-folding-complete" Button
    t =   108.35s Find the "net-folding-complete" Button
    t =   108.46s Find the ScrollView at {{0.0, 169.5}, {375.0, 497.5}}
    t =   108.52s Checking existence of `"net-folding-complete" Button`
    t =   108.61s Find the "net-folding-complete" Button
    t =   108.72s Checking existence of `"net-folding-complete" Button`
    t =   108.82s Find the "net-folding-complete" Button
    t =   108.92s Find the ScrollView at {{0.0, 169.5}, {375.0, 497.5}}
    t =   108.97s Checking existence of `"net-folding-complete" Button`
    t =   109.06s Find the "net-folding-complete" Button
    t =   109.15s Press Target Application 'com.zacrotech.NeuroForge'[0.00, 0.00] -> (12.0, 257.7) for 0.1 seconds, then drag to Target Application 'com.zacrotech.NeuroForge'[0.00, 0.00] -> (12.0, 516.3) with velocity of 250.00 pixels per second, and then hold for 0.2 seconds 
    t =   109.15s     Wait for com.zacrotech.NeuroForge to idle
    t =   109.15s     Find the Target Application 'com.zacrotech.NeuroForge'
    t =   109.20s     Check for interrupting elements affecting "NeuroForge" Application
    t =   109.27s     Synthesize event
    t =   109.27s         Find the Target Application 'com.zacrotech.NeuroForge'
    t =   109.32s         Find the Target Application 'com.zacrotech.NeuroForge'
    t =   109.37s         Find the Target Application 'com.zacrotech.NeuroForge'
    t =   109.42s         Find the Target Application 'com.zacrotech.NeuroForge'
    t =   109.47s         Find the Target Application 'com.zacrotech.NeuroForge'
    t =   111.06s     Wait for com.zacrotech.NeuroForge to idle
    t =   111.79s Get all elements bound by index for: Descendants matching type ScrollView
    t =   111.86s Find the ScrollView (Element at index 0)
    t =   111.92s Find the Target Application 'com.zacrotech.NeuroForge'
    t =   111.97s Checking existence of `Keyboard (First Match)`
    t =   112.08s Get all elements bound by index for: Descendants matching type NavigationBar
    t =   112.13s Find the NavigationBar (Element at index 0)
    t =   113.31s Find the ScrollView at {{0.0, 169.5}, {375.0, 497.5}}
    t =   113.40s Find the ScrollView at {{0.0, 169.5}, {375.0, 497.5}}
    t =   113.47s Get all elements bound by index for: Descendants matching type TabBar
    t =   113.53s Find the TabBar (Element at index 0)
    t =   113.60s Checking existence of `"net-folding-complete" Button`
    t =   113.72s Find the "net-folding-complete" Button
    t =   113.82s Checking existence of `"session-submit" Any`
    t =   113.92s Checking existence of `"session-next" Any`
    t =   114.02s Find the "session-next" Any
    t =   115.14s Find the "session-next" Button
    t =   115.26s Find the "session-next" Button
    t =   115.37s Checking existence of `"train-start-practice" Any`
    t =   115.47s Checking existence of `"train-start-graph-construction" Any`
    t =   115.57s Checking existence of `"net-folding-complete" Button`
    t =   115.67s Find the "net-folding-complete" Button
    t =   115.77s Find the "net-folding-complete" Button
    t =   115.89s Find the ScrollView at {{0.0, 169.5}, {375.0, 497.5}}
    t =   115.94s Checking existence of `"net-folding-complete" Button`
    t =   116.04s Find the "net-folding-complete" Button
    t =   116.14s Checking existence of `"net-folding-complete" Button`
    t =   116.24s Find the "net-folding-complete" Button
    t =   116.33s Find the ScrollView at {{0.0, 169.5}, {375.0, 497.5}}
    t =   116.40s Checking existence of `"net-folding-complete" Button`
    t =   116.49s Find the "net-folding-complete" Button
    t =   116.59s Press Target Application 'com.zacrotech.NeuroForge'[0.00, 0.00] -> (12.0, 257.7) for 0.1 seconds, then drag to Target Application 'com.zacrotech.NeuroForge'[0.00, 0.00] -> (12.0, 516.3) with velocity of 250.00 pixels per second, and then hold for 0.2 seconds 
    t =   116.59s     Wait for com.zacrotech.NeuroForge to idle
    t =   116.59s     Find the Target Application 'com.zacrotech.NeuroForge'
    t =   116.64s     Check for interrupting elements affecting "NeuroForge" Application
    t =   116.71s     Synthesize event
    t =   116.71s         Find the Target Application 'com.zacrotech.NeuroForge'
    t =   116.77s         Find the Target Application 'com.zacrotech.NeuroForge'
    t =   116.82s         Find the Target Application 'com.zacrotech.NeuroForge'
    t =   116.87s         Find the Target Application 'com.zacrotech.NeuroForge'
    t =   116.93s         Find the Target Application 'com.zacrotech.NeuroForge'
    t =   118.52s     Wait for com.zacrotech.NeuroForge to idle
    t =   119.26s Get all elements bound by index for: Descendants matching type ScrollView
    t =   119.32s Find the ScrollView (Element at index 0)
    t =   119.39s Find the Target Application 'com.zacrotech.NeuroForge'
    t =   119.44s Checking existence of `Keyboard (First Match)`
    t =   119.55s Get all elements bound by index for: Descendants matching type NavigationBar
    t =   119.60s Find the NavigationBar (Element at index 0)
    t =   119.67s Find the ScrollView at {{0.0, 169.5}, {375.0, 497.5}}
    t =   119.73s Find the ScrollView at {{0.0, 169.5}, {375.0, 497.5}}
    t =   119.79s Get all elements bound by index for: Descendants matching type TabBar
    t =   119.85s Find the TabBar (Element at index 0)
    t =   119.92s Checking existence of `"net-folding-complete" Button`
    t =   120.03s Find the "net-folding-complete" Button
    t =   120.12s Checking existence of `"session-submit" Any`
    t =   120.23s Checking existence of `"session-next" Any`
    t =   120.34s Find the "session-next" Any
    t =   120.45s Find the "session-next" Button
    t =   120.56s Find the "session-next" Button
    t =   120.66s Checking existence of `"train-start-practice" Any`
    t =   120.76s Checking existence of `"train-start-graph-construction" Any`
    t =   120.89s Checking existence of `"net-folding-complete" Button`
    t =   120.99s Find the "net-folding-complete" Button
    t =   121.09s Find the "net-folding-complete" Button
    t =   122.21s Find the ScrollView at {{0.0, 169.5}, {375.0, 497.5}}
    t =   122.28s Checking existence of `"net-folding-complete" Button`
    t =   122.37s Find the "net-folding-complete" Button
    t =   122.47s Find the "net-folding-complete" Button
    t =   122.57s Checking existence of `"net-folding-complete" Button`
    t =   122.66s Find the "net-folding-complete" Button
    t =   122.77s Find the ScrollView at {{0.0, 169.5}, {375.0, 497.5}}
    t =   122.82s Checking existence of `"net-folding-complete" Button`
    t =   122.92s Find the "net-folding-complete" Button
    t =   123.03s Press Target Application 'com.zacrotech.NeuroForge'[0.00, 0.00] -> (12.0, 257.7) for 0.1 seconds, then drag to Target Application 'com.zacrotech.NeuroForge'[0.00, 0.00] -> (12.0, 282.2) with velocity of 250.00 pixels per second, and then hold for 0.2 seconds 
    t =   123.03s     Wait for com.zacrotech.NeuroForge to idle
    t =   123.03s     Find the Target Application 'com.zacrotech.NeuroForge'
    t =   123.10s     Check for interrupting elements affecting "NeuroForge" Application
    t =   123.18s     Synthesize event
    t =   123.18s         Find the Target Application 'com.zacrotech.NeuroForge'
    t =   123.24s         Find the Target Application 'com.zacrotech.NeuroForge'
    t =   123.30s         Find the Target Application 'com.zacrotech.NeuroForge'
    t =   123.35s         Find the Target Application 'com.zacrotech.NeuroForge'
    t =   123.40s         Find the Target Application 'com.zacrotech.NeuroForge'
    t =   124.06s     Wait for com.zacrotech.NeuroForge to idle
    t =   124.77s Get all elements bound by index for: Descendants matching type ScrollView
    t =   124.83s Find the ScrollView (Element at index 0)
    t =   124.90s Find the Target Application 'com.zacrotech.NeuroForge'
    t =   124.95s Checking existence of `Keyboard (First Match)`
    t =   125.05s Get all elements bound by index for: Descendants matching type NavigationBar
    t =   125.12s Find the NavigationBar (Element at index 0)
    t =   125.19s Find the ScrollView at {{0.0, 169.5}, {375.0, 497.5}}
    t =   125.25s Find the ScrollView at {{0.0, 169.5}, {375.0, 497.5}}
    t =   125.31s Get all elements bound by index for: Descendants matching type TabBar
    t =   125.37s Find the TabBar (Element at index 0)
    t =   125.44s Checking existence of `"net-folding-complete" Button`
    t =   125.54s Find the "net-folding-complete" Button
    t =   125.63s Checking existence of `"session-submit" Any`
    t =   125.72s Checking existence of `"session-next" Any`
    t =   125.82s Find the "session-next" Any
    t =   125.94s Find the "session-next" Button
    t =   126.06s Find the "session-next" Button
    t =   126.18s Checking existence of `"train-start-practice" Any`
    t =   126.28s Checking existence of `"train-start-graph-construction" Any`
    t =   126.38s Checking existence of `"net-folding-complete" Button`
    t =   126.47s Find the "net-folding-complete" Button
    t =   126.58s Find the "net-folding-complete" Button
    t =   127.70s Find the ScrollView at {{0.0, 169.5}, {375.0, 497.5}}
    t =   127.76s Checking existence of `"net-folding-complete" Button`
    t =   127.86s Find the "net-folding-complete" Button
    t =   127.97s Find the "net-folding-complete" Button
    t =   128.07s Checking existence of `"net-folding-complete" Button`
    t =   128.17s Find the "net-folding-complete" Button
    t =   128.27s Find the ScrollView at {{0.0, 169.5}, {375.0, 497.5}}
    t =   128.34s Checking existence of `"net-folding-complete" Button`
    t =   128.43s Find the "net-folding-complete" Button
    t =   128.54s Press Target Application 'com.zacrotech.NeuroForge'[0.00, 0.00] -> (12.0, 257.7) for 0.1 seconds, then drag to Target Application 'com.zacrotech.NeuroForge'[0.00, 0.00] -> (12.0, 273.7) with velocity of 250.00 pixels per second, and then hold for 0.2 seconds 
    t =   128.54s     Wait for com.zacrotech.NeuroForge to idle
    t =   128.54s     Find the Target Application 'com.zacrotech.NeuroForge'
    t =   128.59s     Check for interrupting elements affecting "NeuroForge" Application
    t =   128.66s     Synthesize event
    t =   128.67s         Find the Target Application 'com.zacrotech.NeuroForge'
    t =   128.72s         Find the Target Application 'com.zacrotech.NeuroForge'
    t =   128.77s         Find the Target Application 'com.zacrotech.NeuroForge'
    t =   128.82s         Find the Target Application 'com.zacrotech.NeuroForge'
    t =   128.88s         Find the Target Application 'com.zacrotech.NeuroForge'
    t =   129.51s     Wait for com.zacrotech.NeuroForge to idle
    t =   130.22s Get all elements bound by index for: Descendants matching type ScrollView
    t =   130.29s Find the ScrollView (Element at index 0)
    t =   130.36s Find the Target Application 'com.zacrotech.NeuroForge'
    t =   130.41s Checking existence of `Keyboard (First Match)`
    t =   130.51s Get all elements bound by index for: Descendants matching type NavigationBar
    t =   130.58s Find the NavigationBar (Element at index 0)
    t =   130.66s Find the ScrollView at {{0.0, 169.5}, {375.0, 497.5}}
    t =   130.72s Find the ScrollView at {{0.0, 169.5}, {375.0, 497.5}}
    t =   130.79s Get all elements bound by index for: Descendants matching type TabBar
    t =   130.84s Find the TabBar (Element at index 0)
    t =   130.92s Checking existence of `"net-folding-complete" Button`
    t =   131.04s Find the "net-folding-complete" Button
    t =   131.15s Checking existence of `"session-submit" Any`
    t =   131.27s Checking existence of `"session-next" Any`
    t =   131.40s Find the "session-next" Any
    t =   131.53s Find the "session-next" Button
    t =   131.66s Find the "session-next" Button
    t =   131.77s Checking existence of `"train-start-practice" Any`
    t =   131.88s Checking existence of `"train-start-graph-construction" Any`
    t =   132.00s Checking existence of `"net-folding-complete" Button`
    t =   132.12s Find the "net-folding-complete" Button
    t =   133.15s Find the "net-folding-complete" Button
    t =   133.27s Find the ScrollView at {{0.0, 169.5}, {375.0, 497.5}}
    t =   133.33s Checking existence of `"net-folding-complete" Button`
    t =   133.43s Find the "net-folding-complete" Button
    t =   133.55s Find the "net-folding-complete" Button
    t =   133.66s Find the "net-folding-complete" Button
    t =   133.78s Find the "net-folding-complete" Button
    t =   133.89s Find the "net-folding-complete" Button
    t =   134.00s Tap "net-folding-complete" Button
    t =   134.00s     Wait for com.zacrotech.NeuroForge to idle
    t =   134.00s     Find the "net-folding-complete" Button
    t =   134.10s     Check for interrupting elements affecting "net-folding-complete" Button
    t =   134.27s     Synthesize event
    t =   134.59s     Wait for com.zacrotech.NeuroForge to idle
    t =   134.78s Waiting 5.0s for "net-folding-worked-frames" Any to exist
    t =   135.79s     Checking `Expect predicate `existsNoRetry == 1` for object "net-folding-worked-frames" Any`
    t =   135.80s         Checking existence of `"net-folding-worked-frames" Any`
    t =   135.93s Find the "net-folding-worked-frames" Any
    t =   136.02s Find the "net-folding-worked-frames" StaticText
    t =   136.13s Find the "net-folding-worked-frames" StaticText
    t =   136.23s Find the "net-folding-worked-frames" StaticText
    t =   136.32s Find the "net-folding-worked-frames" StaticText
    t =   136.42s Find the "net-folding-worked-frames" StaticText
    t =   136.52s Find the "net-folding-complete" Button
    t =   136.62s Get all elements bound by index for: Descendants matching type ScrollView
    t =   136.67s Find the ScrollView (Element at index 0)
    t =   136.75s Find the Target Application 'com.zacrotech.NeuroForge'
    t =   136.80s Checking existence of `Keyboard (First Match)`
    t =   136.90s Get all elements bound by index for: Descendants matching type NavigationBar
    t =   136.95s Find the NavigationBar (Element at index 0)
    t =   137.02s Find the ScrollView at {{0.0, 169.5}, {375.0, 497.5}}
    t =   137.08s Find the ScrollView at {{0.0, 169.5}, {375.0, 497.5}}
    t =   137.14s Get all elements bound by index for: Descendants matching type TabBar
    t =   137.20s Find the TabBar (Element at index 0)
    t =   137.28s Checking existence of `"net-folding-worked-frames" StaticText`
    t =   137.37s Find the "net-folding-worked-frames" StaticText
    t =   137.51s Checking existence of `"session-submit" Any`
    t =   137.62s Checking existence of `"session-next" Any`
    t =   137.72s Find the "session-next" Any
    t =   137.83s Find the "session-next" Button
    t =   137.96s Find the "session-next" Button
    t =   138.22s Checking existence of `"train-start-practice" Any`
    t =   138.39s Checking existence of `"train-start-graph-construction" Any`
    t =   138.51s Checking existence of `"net-folding-worked-frames" StaticText`
    t =   138.61s Find the "net-folding-worked-frames" StaticText
    t =   138.74s Find the "net-folding-worked-frames" StaticText
    t =   138.87s Find the ScrollView at {{0.0, 169.5}, {375.0, 497.5}}
    t =   138.94s Checking existence of `"net-folding-worked-frames" StaticText`
    t =   139.05s Find the "net-folding-worked-frames" StaticText
    t =   139.17s Find the "net-folding-worked-frames" StaticText
    t =   139.28s Find the "net-folding-worked-frames" StaticText
    t =   139.39s Checking existence of `"net-folding-worked-frames" StaticText`
    t =   139.50s Find the "net-folding-worked-frames" StaticText
    t =   139.61s Find the ScrollView at {{0.0, 169.5}, {375.0, 497.5}}
    t =   139.67s Checking existence of `"net-folding-worked-frames" StaticText`
    t =   139.77s Find the "net-folding-worked-frames" StaticText
    t =   139.88s Press Target Application 'com.zacrotech.NeuroForge'[0.00, 0.00] -> (12.0, 516.3) for 0.1 seconds, then drag to Target Application 'com.zacrotech.NeuroForge'[0.00, 0.00] -> (12.0, 494.8) with velocity of 250.00 pixels per second, and then hold for 0.2 seconds 
    t =   139.88s     Wait for com.zacrotech.NeuroForge to idle
    t =   139.89s     Find the Target Application 'com.zacrotech.NeuroForge'
    t =   139.94s     Check for interrupting elements affecting "NeuroForge" Application
    t =   140.09s     Synthesize event
    t =   140.09s         Find the Target Application 'com.zacrotech.NeuroForge'
    t =   140.15s         Find the Target Application 'com.zacrotech.NeuroForge'
    t =   140.21s         Find the Target Application 'com.zacrotech.NeuroForge'
    t =   140.26s         Find the Target Application 'com.zacrotech.NeuroForge'
    t =   140.32s         Find the Target Application 'com.zacrotech.NeuroForge'
    t =   141.01s     Wait for com.zacrotech.NeuroForge to idle
    t =   143.37s Get all elements bound by index for: Descendants matching type ScrollView
    t =   143.45s Find the ScrollView (Element at index 0)
    t =   143.59s Find the Target Application 'com.zacrotech.NeuroForge'
    t =   143.65s Checking existence of `Keyboard (First Match)`
    t =   143.75s Get all elements bound by index for: Descendants matching type NavigationBar
    t =   144.67s Find the NavigationBar (Element at index 0)
    t =   144.74s Find the ScrollView at {{0.0, 169.5}, {375.0, 497.5}}
    t =   144.80s Find the ScrollView at {{0.0, 169.5}, {375.0, 497.5}}
    t =   144.86s Get all elements bound by index for: Descendants matching type TabBar
    t =   144.91s Find the TabBar (Element at index 0)
    t =   144.99s Checking existence of `"net-folding-worked-frames" StaticText`
    t =   145.10s Find the "net-folding-worked-frames" StaticText
    t =   145.20s Checking existence of `"session-submit" Any`
    t =   145.29s Checking existence of `"session-next" Any`
    t =   145.39s Find the "session-next" Any
    t =   146.44s Find the "session-next" Button
    t =   146.56s Find the "session-next" Button
    t =   146.68s Checking existence of `"train-start-practice" Any`
    t =   146.80s Checking existence of `"train-start-graph-construction" Any`
    t =   146.91s Checking existence of `"net-folding-worked-frames" StaticText`
    t =   147.01s Find the "net-folding-worked-frames" StaticText
    t =   147.13s Find the "net-folding-worked-frames" StaticText
    t =   147.25s Find the ScrollView at {{0.0, 169.5}, {375.0, 497.5}}
    t =   147.33s Checking existence of `"net-folding-worked-frames" StaticText`
    t =   147.43s Find the "net-folding-worked-frames" StaticText
    t =   147.54s Find the "net-folding-worked-frames" StaticText
    t =   147.65s Find the "net-folding-worked-frames" StaticText
    t =   147.76s Find the Target Application 'com.zacrotech.NeuroForge'
    t =   148.11s Added attachment named 'cube-net-saved-complete-fold-en'
    t =   148.11s Get all elements bound by index for: Descendants matching type ScrollView
    t =   148.17s Find the ScrollView (Element at index 0)
    t =   148.24s Find the Target Application 'com.zacrotech.NeuroForge'
    t =   148.29s Checking existence of `Keyboard (First Match)`
    t =   148.39s Get all elements bound by index for: Descendants matching type NavigationBar
    t =   148.45s Find the NavigationBar (Element at index 0)
    t =   148.52s Find the ScrollView at {{0.0, 169.5}, {375.0, 497.5}}
    t =   148.59s Find the ScrollView at {{0.0, 169.5}, {375.0, 497.5}}
    t =   148.64s Get all elements bound by index for: Descendants matching type TabBar
    t =   148.70s Find the TabBar (Element at index 0)
    t =   148.77s Checking existence of `"net-folding-unfold" Button`
    t =   148.86s Find the "net-folding-unfold" Button
    t =   148.96s Checking existence of `"session-submit" Any`
    t =   149.07s Checking existence of `"session-next" Any`
    t =   149.17s Find the "session-next" Any
    t =   149.28s Find the "session-next" Button
    t =   149.39s Find the "session-next" Button
    t =   149.49s Checking existence of `"train-start-practice" Any`
    t =   149.59s Checking existence of `"train-start-graph-construction" Any`
    t =   149.69s Checking existence of `"net-folding-unfold" Button`
    t =   149.80s Find the "net-folding-unfold" Button
    t =   149.90s Find the "net-folding-unfold" Button
    t =   150.01s Find the ScrollView at {{0.0, 169.5}, {375.0, 497.5}}
    t =   150.07s Checking existence of `"net-folding-unfold" Button`
    t =   150.17s Find the "net-folding-unfold" Button
    t =   150.29s Find the "net-folding-unfold" Button
    t =   150.39s Checking existence of `"net-folding-unfold" Button`
    t =   150.48s Find the "net-folding-unfold" Button
    t =   150.59s Find the ScrollView at {{0.0, 169.5}, {375.0, 497.5}}
    t =   150.65s Checking existence of `"net-folding-unfold" Button`
    t =   150.75s Find the "net-folding-unfold" Button
    t =   150.85s Press Target Application 'com.zacrotech.NeuroForge'[0.00, 0.00] -> (12.0, 257.7) for 0.1 seconds, then drag to Target Application 'com.zacrotech.NeuroForge'[0.00, 0.00] -> (12.0, 326.7) with velocity of 250.00 pixels per second, and then hold for 0.2 seconds 
    t =   150.85s     Wait for com.zacrotech.NeuroForge to idle
    t =   150.85s     Find the Target Application 'com.zacrotech.NeuroForge'
    t =   150.91s     Check for interrupting elements affecting "NeuroForge" Application
    t =   151.05s     Synthesize event
    t =   151.05s         Find the Target Application 'com.zacrotech.NeuroForge'
    t =   151.13s         Find the Target Application 'com.zacrotech.NeuroForge'
    t =   151.20s         Find the Target Application 'com.zacrotech.NeuroForge'
    t =   151.26s         Find the Target Application 'com.zacrotech.NeuroForge'
    t =   151.32s         Find the Target Application 'com.zacrotech.NeuroForge'
    t =   152.19s     Wait for com.zacrotech.NeuroForge to idle
    t =   152.90s Get all elements bound by index for: Descendants matching type ScrollView
    t =   152.99s Find the ScrollView (Element at index 0)
    t =   153.06s Find the Target Application 'com.zacrotech.NeuroForge'
    t =   153.11s Checking existence of `Keyboard (First Match)`
    t =   153.21s Get all elements bound by index for: Descendants matching type NavigationBar
    t =   153.26s Find the NavigationBar (Element at index 0)
    t =   153.33s Find the ScrollView at {{0.0, 169.5}, {375.0, 497.5}}
    t =   153.42s Find the ScrollView at {{0.0, 169.5}, {375.0, 497.5}}
    t =   153.48s Get all elements bound by index for: Descendants matching type TabBar
    t =   153.53s Find the TabBar (Element at index 0)
    t =   153.61s Checking existence of `"net-folding-unfold" Button`
    t =   153.71s Find the "net-folding-unfold" Button
    t =   153.80s Checking existence of `"session-submit" Any`
    t =   153.91s Checking existence of `"session-next" Any`
    t =   154.01s Find the "session-next" Any
    t =   154.12s Find the "session-next" Button
    t =   154.22s Find the "session-next" Button
    t =   154.32s Checking existence of `"train-start-practice" Any`
    t =   154.42s Checking existence of `"train-start-graph-construction" Any`
    t =   154.52s Checking existence of `"net-folding-unfold" Button`
    t =   154.62s Find the "net-folding-unfold" Button
    t =   154.71s Find the "net-folding-unfold" Button
    t =   154.82s Find the ScrollView at {{0.0, 169.5}, {375.0, 497.5}}
    t =   154.88s Checking existence of `"net-folding-unfold" Button`
    t =   154.97s Find the "net-folding-unfold" Button
    t =   156.02s Find the "net-folding-unfold" Button
    t =   156.13s Checking existence of `"net-folding-unfold" Button`
    t =   156.22s Find the "net-folding-unfold" Button
    t =   156.33s Find the ScrollView at {{0.0, 169.5}, {375.0, 497.5}}
    t =   156.40s Checking existence of `"net-folding-unfold" Button`
    t =   156.50s Find the "net-folding-unfold" Button
    t =   156.60s Press Target Application 'com.zacrotech.NeuroForge'[0.00, 0.00] -> (12.0, 257.7) for 0.1 seconds, then drag to Target Application 'com.zacrotech.NeuroForge'[0.00, 0.00] -> (12.0, 273.7) with velocity of 250.00 pixels per second, and then hold for 0.2 seconds 
    t =   156.60s     Wait for com.zacrotech.NeuroForge to idle
    t =   156.61s     Find the Target Application 'com.zacrotech.NeuroForge'
    t =   156.67s     Check for interrupting elements affecting "NeuroForge" Application
    t =   156.73s     Synthesize event
    t =   156.73s         Find the Target Application 'com.zacrotech.NeuroForge'
    t =   156.79s         Find the Target Application 'com.zacrotech.NeuroForge'
    t =   156.84s         Find the Target Application 'com.zacrotech.NeuroForge'
    t =   156.89s         Find the Target Application 'com.zacrotech.NeuroForge'
    t =   156.95s         Find the Target Application 'com.zacrotech.NeuroForge'
    t =   157.58s     Wait for com.zacrotech.NeuroForge to idle
    t =   158.27s Get all elements bound by index for: Descendants matching type ScrollView
    t =   158.34s Find the ScrollView (Element at index 0)
    t =   158.41s Find the Target Application 'com.zacrotech.NeuroForge'
    t =   158.46s Checking existence of `Keyboard (First Match)`
    t =   158.56s Get all elements bound by index for: Descendants matching type NavigationBar
    t =   158.62s Find the NavigationBar (Element at index 0)
    t =   158.69s Find the ScrollView at {{0.0, 169.5}, {375.0, 497.5}}
    t =   158.75s Find the ScrollView at {{0.0, 169.5}, {375.0, 497.5}}
    t =   158.81s Get all elements bound by index for: Descendants matching type TabBar
    t =   158.87s Find the TabBar (Element at index 0)
    t =   158.94s Checking existence of `"net-folding-unfold" Button`
    t =   159.04s Find the "net-folding-unfold" Button
    t =   159.14s Checking existence of `"session-submit" Any`
    t =   159.25s Checking existence of `"session-next" Any`
    t =   159.35s Find the "session-next" Any
    t =   159.46s Find the "session-next" Button
    t =   159.57s Find the "session-next" Button
    t =   159.67s Checking existence of `"train-start-practice" Any`
    t =   159.77s Checking existence of `"train-start-graph-construction" Any`
    t =   159.87s Checking existence of `"net-folding-unfold" Button`
    t =   159.97s Find the "net-folding-unfold" Button
    t =   160.07s Find the "net-folding-unfold" Button
    t =   160.18s Find the ScrollView at {{0.0, 169.5}, {375.0, 497.5}}
    t =   161.25s Checking existence of `"net-folding-unfold" Button`
    t =   161.35s Find the "net-folding-unfold" Button
    t =   161.47s Find the "net-folding-unfold" Button
    t =   161.59s Find the "net-folding-unfold" Button
    t =   161.71s Find the "net-folding-unfold" Button
    t =   161.82s Tap "net-folding-unfold" Button
    t =   161.82s     Wait for com.zacrotech.NeuroForge to idle
    t =   161.82s     Find the "net-folding-unfold" Button
    t =   161.92s     Check for interrupting elements affecting "net-folding-unfold" Button
    t =   162.00s     Synthesize event
    t =   162.30s     Wait for com.zacrotech.NeuroForge to idle
    t =   162.40s Checking existence of `"net-folding-worked-frames" StaticText`
    t =   162.56s Find the "net-folding-complete" Button
    t =   162.67s Find the "net-folding-givens" StaticText
    t =   162.78s Get all elements bound by index for: Descendants matching type ScrollView
    t =   162.84s Find the ScrollView (Element at index 0)
    t =   162.92s Find the Target Application 'com.zacrotech.NeuroForge'
    t =   162.97s Checking existence of `Keyboard (First Match)`
    t =   163.10s Get all elements bound by index for: Descendants matching type NavigationBar
    t =   163.17s Find the NavigationBar (Element at index 0)
    t =   164.28s Find the ScrollView at {{0.0, 169.5}, {375.0, 497.5}}
    t =   164.37s Find the ScrollView at {{0.0, 169.5}, {375.0, 497.5}}
    t =   164.43s Get all elements bound by index for: Descendants matching type TabBar
    t =   164.49s Find the TabBar (Element at index 0)
    t =   164.58s Checking existence of `"net-folding-complete" Button`
    t =   164.70s Find the "net-folding-complete" Button
    t =   164.79s Checking existence of `"session-submit" Any`
    t =   164.89s Checking existence of `"session-next" Any`
    t =   165.00s Find the "session-next" Any
    t =   165.12s Find the "session-next" Button
    t =   165.24s Find the "session-next" Button
    t =   165.34s Checking existence of `"train-start-practice" Any`
    t =   165.45s Checking existence of `"train-start-graph-construction" Any`
    t =   165.55s Checking existence of `"net-folding-complete" Button`
    t =   165.65s Find the "net-folding-complete" Button
    t =   165.75s Find the "net-folding-complete" Button
    t =   165.85s Find the ScrollView at {{0.0, 169.5}, {375.0, 497.5}}
    t =   165.91s Checking existence of `"net-folding-complete" Button`
    t =   166.04s Find the "net-folding-complete" Button
    t =   166.16s Checking existence of `"net-folding-complete" Button`
    t =   166.26s Find the "net-folding-complete" Button
    t =   166.36s Find the ScrollView at {{0.0, 169.5}, {375.0, 497.5}}
    t =   166.42s Checking existence of `"net-folding-complete" Button`
    t =   166.52s Find the "net-folding-complete" Button
    t =   166.63s Press Target Application 'com.zacrotech.NeuroForge'[0.00, 0.00] -> (12.0, 257.7) for 0.1 seconds, then drag to Target Application 'com.zacrotech.NeuroForge'[0.00, 0.00] -> (12.0, 343.2) with velocity of 250.00 pixels per second, and then hold for 0.2 seconds 
    t =   166.63s     Wait for com.zacrotech.NeuroForge to idle
    t =   166.63s     Find the Target Application 'com.zacrotech.NeuroForge'
    t =   166.69s     Check for interrupting elements affecting "NeuroForge" Application
    t =   166.76s     Synthesize event
    t =   166.76s         Find the Target Application 'com.zacrotech.NeuroForge'
    t =   166.81s         Find the Target Application 'com.zacrotech.NeuroForge'
    t =   166.87s         Find the Target Application 'com.zacrotech.NeuroForge'
    t =   166.92s         Find the Target Application 'com.zacrotech.NeuroForge'
    t =   166.98s         Find the Target Application 'com.zacrotech.NeuroForge'
    t =   167.89s     Wait for com.zacrotech.NeuroForge to idle
    t =   168.60s Get all elements bound by index for: Descendants matching type ScrollView
    t =   168.66s Find the ScrollView (Element at index 0)
    t =   168.73s Find the Target Application 'com.zacrotech.NeuroForge'
    t =   168.79s Checking existence of `Keyboard (First Match)`
    t =   168.90s Get all elements bound by index for: Descendants matching type NavigationBar
    t =   168.97s Find the NavigationBar (Element at index 0)
    t =   169.04s Find the ScrollView at {{0.0, 169.5}, {375.0, 497.5}}
    t =   169.11s Find the ScrollView at {{0.0, 169.5}, {375.0, 497.5}}
    t =   169.17s Get all elements bound by index for: Descendants matching type TabBar
    t =   169.23s Find the TabBar (Element at index 0)
    t =   169.31s Checking existence of `"net-folding-complete" Button`
    t =   169.41s Find the "net-folding-complete" Button
    t =   169.51s Checking existence of `"session-submit" Any`
    t =   169.62s Checking existence of `"session-next" Any`
    t =   169.73s Find the "session-next" Any
    t =   169.85s Find the "session-next" Button
    t =   169.96s Find the "session-next" Button
    t =   170.06s Checking existence of `"train-start-practice" Any`
    t =   170.16s Checking existence of `"train-start-graph-construction" Any`
    t =   170.27s Checking existence of `"net-folding-complete" Button`
    t =   170.36s Find the "net-folding-complete" Button
    t =   170.46s Find the "net-folding-complete" Button
    t =   171.49s Find the ScrollView at {{0.0, 169.5}, {375.0, 497.5}}
    t =   171.56s Checking existence of `"net-folding-complete" Button`
    t =   171.66s Find the "net-folding-complete" Button
    t =   171.77s Find the "net-folding-complete" Button
    t =   171.87s Checking existence of `"net-folding-complete" Button`
    t =   171.97s Find the "net-folding-complete" Button
    t =   172.08s Find the ScrollView at {{0.0, 169.5}, {375.0, 497.5}}
    t =   172.16s Checking existence of `"net-folding-complete" Button`
    t =   172.30s Find the "net-folding-complete" Button
    t =   172.40s Press Target Application 'com.zacrotech.NeuroForge'[0.00, 0.00] -> (12.0, 257.7) for 0.1 seconds, then drag to Target Application 'com.zacrotech.NeuroForge'[0.00, 0.00] -> (12.0, 273.7) with velocity of 250.00 pixels per second, and then hold for 0.2 seconds 
    t =   172.40s     Wait for com.zacrotech.NeuroForge to idle
    t =   172.40s     Find the Target Application 'com.zacrotech.NeuroForge'
    t =   172.45s     Check for interrupting elements affecting "NeuroForge" Application
    t =   173.51s     Synthesize event
    t =   173.51s         Find the Target Application 'com.zacrotech.NeuroForge'
    t =   173.57s         Find the Target Application 'com.zacrotech.NeuroForge'
    t =   173.62s         Find the Target Application 'com.zacrotech.NeuroForge'
    t =   173.68s         Find the Target Application 'com.zacrotech.NeuroForge'
    t =   173.74s         Find the Target Application 'com.zacrotech.NeuroForge'
    t =   174.37s     Wait for com.zacrotech.NeuroForge to idle
    t =   175.07s Get all elements bound by index for: Descendants matching type ScrollView
    t =   175.15s Find the ScrollView (Element at index 0)
    t =   175.22s Find the Target Application 'com.zacrotech.NeuroForge'
    t =   175.27s Checking existence of `Keyboard (First Match)`
    t =   175.37s Get all elements bound by index for: Descendants matching type NavigationBar
    t =   175.43s Find the NavigationBar (Element at index 0)
    t =   175.50s Find the ScrollView at {{0.0, 169.5}, {375.0, 497.5}}
    t =   175.56s Find the ScrollView at {{0.0, 169.5}, {375.0, 497.5}}
    t =   175.62s Get all elements bound by index for: Descendants matching type TabBar
    t =   175.68s Find the TabBar (Element at index 0)
    t =   175.75s Checking existence of `"net-folding-complete" Button`
    t =   175.85s Find the "net-folding-complete" Button
    t =   175.95s Checking existence of `"session-submit" Any`
    t =   176.05s Checking existence of `"session-next" Any`
    t =   176.15s Find the "session-next" Any
    t =   176.26s Find the "session-next" Button
    t =   176.37s Find the "session-next" Button
    t =   176.49s Checking existence of `"train-start-practice" Any`
    t =   176.59s Checking existence of `"train-start-graph-construction" Any`
    t =   176.70s Checking existence of `"net-folding-complete" Button`
    t =   176.80s Find the "net-folding-complete" Button
    t =   177.83s Find the "net-folding-complete" Button
    t =   177.94s Find the ScrollView at {{0.0, 169.5}, {375.0, 497.5}}
    t =   178.00s Checking existence of `"net-folding-complete" Button`
    t =   178.11s Find the "net-folding-complete" Button
    t =   178.22s Find the "net-folding-complete" Button
    t =   178.32s Find the "net-folding-complete" Button
    t =   178.43s Tap "net-folding-complete" Button
    t =   178.43s     Wait for com.zacrotech.NeuroForge to idle
    t =   178.44s     Find the "net-folding-complete" Button
    t =   178.55s     Check for interrupting elements affecting "net-folding-complete" Button
    t =   178.62s     Synthesize event
    t =   178.92s     Wait for com.zacrotech.NeuroForge to idle
    t =   178.92s Waiting 5.0s for "net-folding-worked-frames" StaticText to exist
    t =   179.93s     Checking `Expect predicate `existsNoRetry == 1` for object "net-folding-worked-frames" StaticText`
    t =   179.94s         Checking existence of `"net-folding-worked-frames" StaticText`
    t =   180.08s Get all elements bound by index for: Descendants matching type ScrollView
    t =   180.14s Find the ScrollView (Element at index 0)
    t =   180.21s Find the Target Application 'com.zacrotech.NeuroForge'
    t =   180.26s Checking existence of `Keyboard (First Match)`
    t =   180.36s Get all elements bound by index for: Descendants matching type NavigationBar
    t =   180.42s Find the NavigationBar (Element at index 0)
    t =   180.48s Find the ScrollView at {{0.0, 169.5}, {375.0, 497.5}}
    t =   180.55s Find the ScrollView at {{0.0, 169.5}, {375.0, 497.5}}
    t =   180.61s Get all elements bound by index for: Descendants matching type TabBar
    t =   180.66s Find the TabBar (Element at index 0)
    t =   180.73s Checking existence of `"net-folding-reset" Button`
    t =   180.85s Find the "net-folding-reset" Button
    t =   180.94s Checking existence of `"session-submit" Any`
    t =   181.03s Checking existence of `"session-next" Any`
    t =   181.13s Find the "session-next" Any
    t =   181.25s Find the "session-next" Button
    t =   181.35s Find the "session-next" Button
    t =   181.46s Checking existence of `"train-start-practice" Any`
    t =   181.55s Checking existence of `"train-start-graph-construction" Any`
    t =   181.65s Checking existence of `"net-folding-reset" Button`
    t =   181.74s Find the "net-folding-reset" Button
    t =   181.85s Find the "net-folding-reset" Button
    t =   181.96s Find the ScrollView at {{0.0, 169.5}, {375.0, 497.5}}
    t =   182.01s Checking existence of `"net-folding-reset" Button`
    t =   182.10s Find the "net-folding-reset" Button
    t =   182.20s Find the "net-folding-reset" Button
    t =   182.30s Find the "net-folding-reset" Button
    t =   182.40s Find the "net-folding-reset" Button
    t =   182.50s Tap "net-folding-reset" Button
    t =   182.50s     Wait for com.zacrotech.NeuroForge to idle
    t =   182.50s     Find the "net-folding-reset" Button
    t =   182.60s     Check for interrupting elements affecting "net-folding-reset" Button
    t =   182.75s     Synthesize event
    t =   183.05s     Wait for com.zacrotech.NeuroForge to idle
    t =   183.94s Checking existence of `"net-folding-worked-frames" StaticText`
    t =   184.07s Find the "net-folding-complete" Button
    t =   184.17s Find the "net-folding-givens" StaticText
    t =   184.28s Find the "session-prompt" Any
    t =   184.38s Find the "No — at least one rule fails" Button
    t =   184.48s Find the "session-feedback-title" StaticText
    t =   184.59s Get all elements bound by index for: Descendants matching type ScrollView
    t =   184.65s Find the ScrollView (Element at index 0)
    t =   184.71s Find the Target Application 'com.zacrotech.NeuroForge'
    t =   184.76s Checking existence of `Keyboard (First Match)`
    t =   184.86s Get all elements bound by index for: Descendants matching type NavigationBar
    t =   184.92s Find the NavigationBar (Element at index 0)
    t =   185.99s Find the ScrollView at {{0.0, 169.5}, {375.0, 497.5}}
    t =   186.06s Find the ScrollView at {{0.0, 169.5}, {375.0, 497.5}}
    t =   186.12s Get all elements bound by index for: Descendants matching type TabBar
    t =   186.18s Find the TabBar (Element at index 0)
    t =   186.25s Checking existence of `"session-next" Any`
    t =   186.36s Find the "session-next" Any
    t =   186.46s Checking existence of `"session-next" Button`
    t =   186.55s Find the "session-next" Button
    t =   186.66s Find the "session-next" Button
    t =   186.77s Find the "session-next" Button
    t =   186.87s Find the "session-next" Button
    t =   186.98s Find the Target Application 'com.zacrotech.NeuroForge'
    t =   187.14s Added attachment named 'lab-response-feedback-spatial.cube-net-en'
    t =   187.14s Press "session-next" Button for 0.1 seconds
    t =   187.14s     Wait for com.zacrotech.NeuroForge to idle
    t =   187.15s     Find the "session-next" Button
    t =   187.25s     Check for interrupting elements affecting "session-next" Button
    t =   187.32s     Synthesize event
    t =   187.71s     Wait for com.zacrotech.NeuroForge to idle
    t =   189.98s Checking `Expect predicate `value == "2 / 5"` for object "session-position" ProgressIndicator`
    t =   189.98s     Find the "session-position" ProgressIndicator
    t =   190.10s Waiting 8.0s for "session-submit" Any to exist
    t =   191.14s     Checking `Expect predicate `existsNoRetry == 1` for object "session-submit" Any`
    t =   191.14s         Checking existence of `"session-submit" Any`
    t =   191.27s Terminate com.zacrotech.NeuroForge:94660
    t =   192.42s Tear Down
Test Case '-[NeuroForgeUITests.NavigationSmokeUITests testCubeNetRetainsPrintedGivensAcrossCameraAndCommittedFolding]' passed (192.632 seconds).
Test Case '-[NeuroForgeUITests.NavigationSmokeUITests testGeneratedSetCreatesSeparateRunsAndRestoresSkippedRunThroughColdLaunch]' started.
    t =     0.00s Start Test at 2026-09-05 18:11:20.527
    t =     0.05s Set Up
    t =     0.05s Open com.zacrotech.NeuroForge
    t =     0.05s     Launch com.zacrotech.NeuroForge
2026-09-05 18:11:20.665 xcodebuild[94583:6272839] [MT] IDELaunchParametersSnapshot: The operation couldn’t be completed. (DebuggerLLDB.DebuggerVersionStore.StoreError error 0.)
2026-09-05 18:11:20.665 xcodebuild[94583:6272839] [MT] IDELaunchParametersSnapshot: no debugger version
    t =     0.75s         Setting up automation session
    t =     2.00s         Wait for com.zacrotech.NeuroForge to idle
    t =     4.60s Waiting 15.0s for "destination-today" Any to exist
    t =     5.66s     Checking `Expect predicate `existsNoRetry == 1` for object "destination-today" Any`
    t =     5.66s         Checking existence of `"destination-today" Any`
    t =     5.91s Waiting 5.0s for "Practice" Button to exist
    t =     6.92s     Checking `Expect predicate `existsNoRetry == 1` for object "Practice" Button`
    t =     6.92s         Checking existence of `"Practice" Button`
    t =     6.96s Find the "Practice" Button
    t =     7.02s Find the "Practice" Button
    t =     7.05s Press "Practice" Button for 0.1 seconds
    t =     7.05s     Wait for com.zacrotech.NeuroForge to idle
    t =     7.06s     Find the "Practice" Button
    t =     7.09s     Check for interrupting elements affecting "Practice" Button
    t =     7.13s     Synthesize event
    t =     7.51s     Wait for com.zacrotech.NeuroForge to idle
    t =     8.80s Waiting 8.0s for "destination-train" Any to exist
    t =     9.83s     Checking `Expect predicate `existsNoRetry == 1` for object "destination-train" Any`
    t =     9.83s         Checking existence of `"destination-train" Any`
    t =     9.89s Find the "Practice" Button
    t =     9.92s Checking existence of `"open-ai-studio" Any`
    t =     9.94s Get all elements bound by index for: Descendants matching type ScrollView
    t =     9.97s Find the ScrollView (Element at index 0)
    t =    10.00s Swipe up ScrollView at {{0.0, 0.0}, {375.0, 667.0}}
    t =    10.00s     Wait for com.zacrotech.NeuroForge to idle
    t =    10.00s     Find the ScrollView at {{0.0, 0.0}, {375.0, 667.0}}
    t =    10.03s     Check for interrupting elements affecting ScrollView
    t =    10.06s     Synthesize event
    t =    10.52s     Wait for com.zacrotech.NeuroForge to idle
    t =    12.64s Checking existence of `"open-ai-studio" Any`
    t =    12.69s Get all elements bound by index for: Descendants matching type ScrollView
    t =    12.72s Find the ScrollView (Element at index 0)
    t =    12.76s Swipe up ScrollView at {{0.0, 0.0}, {375.0, 667.0}}
    t =    12.76s     Wait for com.zacrotech.NeuroForge to idle
    t =    12.76s     Find the ScrollView at {{0.0, 0.0}, {375.0, 667.0}}
    t =    12.79s     Check for interrupting elements affecting ScrollView
    t =    12.83s     Synthesize event
    t =    13.30s     Wait for com.zacrotech.NeuroForge to idle
    t =    15.41s Checking existence of `"open-ai-studio" Any`
    t =    15.46s Get all elements bound by index for: Descendants matching type ScrollView
    t =    15.49s Find the ScrollView (Element at index 0)
    t =    15.53s Swipe up ScrollView at {{0.0, 0.0}, {375.0, 667.0}}
    t =    15.53s     Wait for com.zacrotech.NeuroForge to idle
    t =    15.60s     Find the ScrollView at {{0.0, 0.0}, {375.0, 667.0}}
    t =    15.63s     Check for interrupting elements affecting ScrollView
    t =    15.67s     Synthesize event
    t =    16.13s     Wait for com.zacrotech.NeuroForge to idle
    t =    18.82s Checking existence of `"open-ai-studio" Any`
    t =    18.87s Find the "open-ai-studio" Any
    t =    18.92s Get all elements bound by index for: Descendants matching type ScrollView
    t =    18.95s Find the ScrollView (Element at index 0)
    t =    18.99s Swipe up ScrollView at {{0.0, 0.0}, {375.0, 667.0}}
    t =    18.99s     Wait for com.zacrotech.NeuroForge to idle
    t =    18.99s     Find the ScrollView at {{0.0, 0.0}, {375.0, 667.0}}
    t =    19.02s     Check for interrupting elements affecting ScrollView
    t =    19.06s     Synthesize event
    t =    19.55s     Wait for com.zacrotech.NeuroForge to idle
    t =    20.34s Checking existence of `"open-ai-studio" Button`
    t =    20.37s Find the "open-ai-studio" Button
    t =    20.42s Find the "open-ai-studio" Button
    t =    20.45s Tap "open-ai-studio" Button
    t =    20.46s     Wait for com.zacrotech.NeuroForge to idle
    t =    20.46s     Find the "open-ai-studio" Button
    t =    20.49s     Check for interrupting elements affecting "open-ai-studio" Button
    t =    20.52s     Synthesize event
    t =    20.82s     Wait for com.zacrotech.NeuroForge to idle
    t =    21.19s Waiting 8.0s for "ai-studio-root" Any to exist
    t =    22.21s     Checking `Expect predicate `existsNoRetry == 1` for object "ai-studio-root" Any`
    t =    22.22s         Checking existence of `"ai-studio-root" Any`
    t =    22.32s Waiting 8.0s for "What do you want to practice?" TextField to exist
    t =    23.34s     Checking `Expect predicate `existsNoRetry == 1` for object "What do you want to practice?" TextField`
    t =    23.34s         Checking existence of `"What do you want to practice?" TextField`
    t =    23.52s Get all elements bound by index for: Descendants matching type ScrollView
    t =    23.59s Find the ScrollView (Element at index 0)
    t =    23.64s Find the Target Application 'com.zacrotech.NeuroForge'
    t =    23.68s Checking existence of `Keyboard (First Match)`
    t =    23.78s Get all elements bound by index for: Descendants matching type NavigationBar
    t =    23.83s Find the NavigationBar (Element at index 0)
    t =    23.88s Find the NavigationBar (Element at index 1)
    t =    23.96s Find the "Create a question set" NavigationBar
    t =    24.01s Find the ScrollView at {{0.0, 30.0}, {375.0, 637.0}}
    t =    24.05s Find the ScrollView at {{0.0, 30.0}, {375.0, 637.0}}
    t =    24.10s Get all elements bound by index for: Descendants matching type TabBar
    t =    24.15s Find the TabBar (Element at index 0)
    t =    24.27s Checking existence of `"What do you want to practice?" TextField`
    t =    24.32s Find the "What do you want to practice?" TextField
    t =    24.38s Checking existence of `"session-submit" Any`
    t =    24.44s Checking existence of `"session-next" Any`
    t =    24.49s Checking existence of `"train-start-practice" Any`
    t =    24.55s Checking existence of `"train-start-graph-construction" Any`
    t =    24.62s Checking existence of `"e.g. limiting reagents, induction proofs, or graph traversal" TextField`
    t =    24.67s Find the "e.g. limiting reagents, induction proofs, or graph traversal" TextField
    t =    24.73s Find the "e.g. limiting reagents, induction proofs, or graph traversal" TextField
    t =    24.79s Find the ScrollView at {{0.0, 30.0}, {375.0, 637.0}}
    t =    24.84s Checking existence of `"e.g. limiting reagents, induction proofs, or graph traversal" TextField`
    t =    24.89s Find the "e.g. limiting reagents, induction proofs, or graph traversal" TextField
    t =    24.96s Find the "e.g. limiting reagents, induction proofs, or graph traversal" TextField
    t =    25.01s Find the "e.g. limiting reagents, induction proofs, or graph traversal" TextField
    t =    25.07s Checking existence of `"e.g. limiting reagents, induction proofs, or graph traversal" TextField`
    t =    25.13s Find the "e.g. limiting reagents, induction proofs, or graph traversal" TextField
    t =    25.18s Find the ScrollView at {{0.0, 30.0}, {375.0, 637.0}}
    t =    25.23s Checking existence of `"e.g. limiting reagents, induction proofs, or graph traversal" TextField`
    t =    25.28s Find the "e.g. limiting reagents, induction proofs, or graph traversal" TextField
    t =    25.33s Press Target Application 'com.zacrotech.NeuroForge'[0.00, 0.00] -> (12.0, 562.8) for 0.1 seconds, then drag to Target Application 'com.zacrotech.NeuroForge'[0.00, 0.00] -> (12.0, 545.8) with velocity of 250.00 pixels per second, and then hold for 0.2 seconds 
    t =    25.33s     Wait for com.zacrotech.NeuroForge to idle
    t =    25.34s     Find the Target Application 'com.zacrotech.NeuroForge'
    t =    25.38s     Check for interrupting elements affecting "NeuroForge" Application
    t =    25.43s     Synthesize event
    t =    25.43s         Find the Target Application 'com.zacrotech.NeuroForge'
    t =    25.47s         Find the Target Application 'com.zacrotech.NeuroForge'
    t =    25.51s         Find the Target Application 'com.zacrotech.NeuroForge'
    t =    25.54s         Find the Target Application 'com.zacrotech.NeuroForge'
    t =    25.58s         Find the Target Application 'com.zacrotech.NeuroForge'
    t =    26.20s     Wait for com.zacrotech.NeuroForge to idle
    t =    27.73s Get all elements bound by index for: Descendants matching type ScrollView
    t =    27.79s Find the ScrollView (Element at index 0)
    t =    27.84s Find the Target Application 'com.zacrotech.NeuroForge'
    t =    27.89s Checking existence of `Keyboard (First Match)`
    t =    28.00s Get all elements bound by index for: Descendants matching type NavigationBar
    t =    28.04s Find the NavigationBar (Element at index 0)
    t =    28.10s Find the NavigationBar (Element at index 1)
    t =    28.20s Find the "Create a question set" NavigationBar
    t =    28.26s Find the ScrollView at {{0.0, 30.0}, {375.0, 637.0}}
    t =    28.32s Find the ScrollView at {{0.0, 30.0}, {375.0, 637.0}}
    t =    28.37s Get all elements bound by index for: Descendants matching type TabBar
    t =    28.42s Find the TabBar (Element at index 0)
    t =    28.54s Checking existence of `"e.g. limiting reagents, induction proofs, or graph traversal" TextField`
    t =    28.61s Find the "e.g. limiting reagents, induction proofs, or graph traversal" TextField
    t =    28.67s Checking existence of `"session-submit" Any`
    t =    28.74s Checking existence of `"session-next" Any`
    t =    28.81s Checking existence of `"train-start-practice" Any`
    t =    28.87s Checking existence of `"train-start-graph-construction" Any`
    t =    28.94s Checking existence of `"e.g. limiting reagents, induction proofs, or graph traversal" TextField`
    t =    29.01s Find the "e.g. limiting reagents, induction proofs, or graph traversal" TextField
    t =    29.08s Find the "e.g. limiting reagents, induction proofs, or graph traversal" TextField
    t =    29.16s Find the ScrollView at {{0.0, 30.0}, {375.0, 637.0}}
    t =    29.21s Checking existence of `"e.g. limiting reagents, induction proofs, or graph traversal" TextField`
    t =    29.27s Find the "e.g. limiting reagents, induction proofs, or graph traversal" TextField
    t =    29.34s Find the "e.g. limiting reagents, induction proofs, or graph traversal" TextField
    t =    29.40s Find the "e.g. limiting reagents, induction proofs, or graph traversal" TextField
    t =    29.46s Find the "e.g. limiting reagents, induction proofs, or graph traversal" TextField
    t =    29.52s Press "e.g. limiting reagents, induction proofs, or graph traversal" TextField for 0.1 seconds
    t =    29.52s     Wait for com.zacrotech.NeuroForge to idle
    t =    29.53s     Find the "e.g. limiting reagents, induction proofs, or graph traversal" TextField
    t =    29.58s     Check for interrupting elements affecting "e.g. limiting reagents, induction proofs, or graph traversal" TextField
    t =    29.64s     Synthesize event
    t =    30.03s     Wait for com.zacrotech.NeuroForge to idle
    t =    32.80s Waiting 5.0s for Keyboard (First Match) to exist
    t =    33.88s     Checking `Expect predicate `existsNoRetry == 1` for object Keyboard (First Match)`
    t =    33.89s         Checking existence of `Keyboard (First Match)`
    t =    33.92s Type 'Condition reasoning' into "e.g. limiting reagents, induction proofs, or graph traversal" TextField
    t =    33.92s     Wait for com.zacrotech.NeuroForge to idle
    t =    34.34s     Find the "e.g. limiting reagents, induction proofs, or graph traversal" TextField
    t =    34.49s     Check for interrupting elements affecting "e.g. limiting reagents, induction proofs, or graph traversal" TextField
    t =    34.65s     Synthesize event
    t =    35.19s     Wait for com.zacrotech.NeuroForge to idle
    t =    36.47s Checking `Expect predicate `value == "Condition reasoning"` for object "e.g. limiting reagents, induction proofs, or graph traversal" TextField`
    t =    36.48s     Find the "e.g. limiting reagents, induction proofs, or graph traversal" TextField
    t =    36.60s Checking existence of `"Done" Button`
    t =    36.67s Tap "Done" Button
    t =    36.67s     Wait for com.zacrotech.NeuroForge to idle
    t =    36.67s     Find the "Done" Button
    t =    36.74s     Check for interrupting elements affecting "Done" Button
    t =    36.81s     Synthesize event
    t =    37.11s     Wait for com.zacrotech.NeuroForge to idle
    t =    38.75s Checking `Expect predicate `exists == 0` for object Keyboard (First Match)`
    t =    38.75s     Checking existence of `Keyboard (First Match)`
    t =    38.88s Get all elements bound by index for: Descendants matching type ScrollView
    t =    38.93s Find the ScrollView (Element at index 0)
    t =    38.99s Find the Target Application 'com.zacrotech.NeuroForge'
    t =    39.03s Checking existence of `Keyboard (First Match)`
    t =    39.13s Get all elements bound by index for: Descendants matching type NavigationBar
    t =    39.18s Find the NavigationBar (Element at index 0)
    t =    39.23s Find the NavigationBar (Element at index 1)
    t =    39.31s Find the "Create a question set" NavigationBar
    t =    39.37s Find the ScrollView at {{0.0, 30.0}, {375.0, 637.0}}
    t =    39.42s Find the ScrollView at {{0.0, 30.0}, {375.0, 637.0}}
    t =    39.49s Get all elements bound by index for: Descendants matching type TabBar
    t =    39.55s Find the TabBar (Element at index 0)
    t =    39.66s Checking existence of `"ai-studio-create-offline" Button`
    t =    39.73s Find the "ai-studio-create-offline" Button
    t =    39.78s Checking existence of `"session-submit" Any`
    t =    39.85s Checking existence of `"session-next" Any`
    t =    39.92s Checking existence of `"train-start-practice" Any`
    t =    39.99s Checking existence of `"train-start-graph-construction" Any`
    t =    40.05s Checking existence of `"ai-studio-create-offline" Button`
    t =    40.11s Find the "ai-studio-create-offline" Button
    t =    40.18s Find the "ai-studio-create-offline" Button
    t =    40.25s Find the ScrollView at {{0.0, 30.0}, {375.0, 637.0}}
    t =    40.30s Checking existence of `"ai-studio-create-offline" Button`
    t =    40.37s Find the "ai-studio-create-offline" Button
    t =    40.44s Checking existence of `"ai-studio-create-offline" Button`
    t =    40.50s Find the "ai-studio-create-offline" Button
    t =    40.56s Find the ScrollView at {{0.0, 30.0}, {375.0, 637.0}}
    t =    40.61s Checking existence of `"ai-studio-create-offline" Button`
    t =    40.67s Find the "ai-studio-create-offline" Button
    t =    40.73s Press Target Application 'com.zacrotech.NeuroForge'[0.00, 0.00] -> (12.0, 552.4) for 0.1 seconds, then drag to Target Application 'com.zacrotech.NeuroForge'[0.00, 0.00] -> (12.0, 214.6) with velocity of 250.00 pixels per second, and then hold for 0.2 seconds 
    t =    40.73s     Wait for com.zacrotech.NeuroForge to idle
    t =    40.74s     Find the Target Application 'com.zacrotech.NeuroForge'
    t =    40.78s     Check for interrupting elements affecting "NeuroForge" Application
    t =    40.84s     Synthesize event
    t =    40.85s         Find the Target Application 'com.zacrotech.NeuroForge'
    t =    40.89s         Find the Target Application 'com.zacrotech.NeuroForge'
    t =    40.93s         Find the Target Application 'com.zacrotech.NeuroForge'
    t =    40.97s         Find the Target Application 'com.zacrotech.NeuroForge'
    t =    41.01s         Find the Target Application 'com.zacrotech.NeuroForge'
    t =    42.91s     Wait for com.zacrotech.NeuroForge to idle
    t =    43.14s Get all elements bound by index for: Descendants matching type ScrollView
    t =    43.19s Find the ScrollView (Element at index 0)
    t =    43.25s Find the Target Application 'com.zacrotech.NeuroForge'
    t =    43.29s Checking existence of `Keyboard (First Match)`
    t =    43.40s Get all elements bound by index for: Descendants matching type NavigationBar
    t =    43.45s Find the NavigationBar (Element at index 0)
    t =    43.51s Find the NavigationBar (Element at index 1)
    t =    43.59s Find the "Create a question set" NavigationBar
    t =    43.64s Find the ScrollView at {{0.0, 30.0}, {375.0, 637.0}}
    t =    43.70s Find the ScrollView at {{0.0, 30.0}, {375.0, 637.0}}
    t =    43.75s Get all elements bound by index for: Descendants matching type TabBar
    t =    43.80s Find the TabBar (Element at index 0)
    t =    43.91s Checking existence of `"ai-studio-create-offline" Button`
    t =    43.97s Find the "ai-studio-create-offline" Button
    t =    44.03s Checking existence of `"session-submit" Any`
    t =    44.09s Checking existence of `"session-next" Any`
    t =    44.15s Checking existence of `"train-start-practice" Any`
    t =    44.22s Checking existence of `"train-start-graph-construction" Any`
    t =    44.28s Checking existence of `"ai-studio-create-offline" Button`
    t =    44.35s Find the "ai-studio-create-offline" Button
    t =    44.41s Find the "ai-studio-create-offline" Button
    t =    44.48s Find the ScrollView at {{0.0, 30.0}, {375.0, 637.0}}
    t =    44.53s Checking existence of `"ai-studio-create-offline" Button`
    t =    44.59s Find the "ai-studio-create-offline" Button
    t =    44.66s Checking existence of `"ai-studio-create-offline" Button`
    t =    44.72s Find the "ai-studio-create-offline" Button
    t =    44.78s Find the ScrollView at {{0.0, 30.0}, {375.0, 637.0}}
    t =    44.83s Checking existence of `"ai-studio-create-offline" Button`
    t =    44.89s Find the "ai-studio-create-offline" Button
    t =    44.95s Press Target Application 'com.zacrotech.NeuroForge'[0.00, 0.00] -> (12.0, 552.4) for 0.1 seconds, then drag to Target Application 'com.zacrotech.NeuroForge'[0.00, 0.00] -> (12.0, 328.9) with velocity of 250.00 pixels per second, and then hold for 0.2 seconds 
    t =    44.95s     Wait for com.zacrotech.NeuroForge to idle
    t =    44.95s     Find the Target Application 'com.zacrotech.NeuroForge'
    t =    45.00s     Check for interrupting elements affecting "NeuroForge" Application
    t =    45.05s     Synthesize event
    t =    45.05s         Find the Target Application 'com.zacrotech.NeuroForge'
    t =    45.09s         Find the Target Application 'com.zacrotech.NeuroForge'
    t =    45.13s         Find the Target Application 'com.zacrotech.NeuroForge'
    t =    45.18s         Find the Target Application 'com.zacrotech.NeuroForge'
    t =    45.23s         Find the Target Application 'com.zacrotech.NeuroForge'
    t =    46.68s     Wait for com.zacrotech.NeuroForge to idle
    t =    46.82s Get all elements bound by index for: Descendants matching type ScrollView
    t =    46.88s Find the ScrollView (Element at index 0)
    t =    46.94s Find the Target Application 'com.zacrotech.NeuroForge'
    t =    46.98s Checking existence of `Keyboard (First Match)`
    t =    47.09s Get all elements bound by index for: Descendants matching type NavigationBar
    t =    47.14s Find the NavigationBar (Element at index 0)
    t =    47.20s Find the NavigationBar (Element at index 1)
    t =    47.28s Find the "Create a question set" NavigationBar
    t =    47.33s Find the ScrollView at {{0.0, 30.0}, {375.0, 637.0}}
    t =    47.42s Find the ScrollView at {{0.0, 30.0}, {375.0, 637.0}}
    t =    47.47s Get all elements bound by index for: Descendants matching type TabBar
    t =    47.52s Find the TabBar (Element at index 0)
    t =    47.63s Checking existence of `"ai-studio-create-offline" Button`
    t =    47.70s Find the "ai-studio-create-offline" Button
    t =    47.76s Checking existence of `"session-submit" Any`
    t =    47.83s Checking existence of `"session-next" Any`
    t =    47.89s Checking existence of `"train-start-practice" Any`
    t =    47.95s Checking existence of `"train-start-graph-construction" Any`
    t =    48.02s Checking existence of `"ai-studio-create-offline" Button`
    t =    48.08s Find the "ai-studio-create-offline" Button
    t =    48.14s Find the "ai-studio-create-offline" Button
    t =    48.21s Find the ScrollView at {{0.0, 30.0}, {375.0, 637.0}}
    t =    48.26s Checking existence of `"ai-studio-create-offline" Button`
    t =    48.32s Find the "ai-studio-create-offline" Button
    t =    48.40s Find the "ai-studio-create-offline" Button
    t =    48.46s Find the "ai-studio-create-offline" Button
    t =    48.52s Checking existence of `"ai-studio-create-offline" Button`
    t =    48.58s Find the "ai-studio-create-offline" Button
    t =    48.65s Find the ScrollView at {{0.0, 30.0}, {375.0, 637.0}}
    t =    48.70s Checking existence of `"ai-studio-create-offline" Button`
    t =    48.76s Find the "ai-studio-create-offline" Button
    t =    48.82s Press Target Application 'com.zacrotech.NeuroForge'[0.00, 0.00] -> (12.0, 552.4) for 0.1 seconds, then drag to Target Application 'com.zacrotech.NeuroForge'[0.00, 0.00] -> (12.0, 536.4) with velocity of 250.00 pixels per second, and then hold for 0.2 seconds 
    t =    48.82s     Wait for com.zacrotech.NeuroForge to idle
    t =    48.82s     Find the Target Application 'com.zacrotech.NeuroForge'
    t =    48.87s     Check for interrupting elements affecting "NeuroForge" Application
    t =    48.92s     Synthesize event
    t =    48.92s         Find the Target Application 'com.zacrotech.NeuroForge'
    t =    48.96s         Find the Target Application 'com.zacrotech.NeuroForge'
    t =    49.01s         Find the Target Application 'com.zacrotech.NeuroForge'
    t =    49.05s         Find the Target Application 'com.zacrotech.NeuroForge'
    t =    49.12s         Find the Target Application 'com.zacrotech.NeuroForge'
    t =    49.75s     Wait for com.zacrotech.NeuroForge to idle
    t =    49.76s Get all elements bound by index for: Descendants matching type ScrollView
    t =    49.83s Find the ScrollView (Element at index 0)
    t =    49.90s Find the Target Application 'com.zacrotech.NeuroForge'
    t =    49.94s Checking existence of `Keyboard (First Match)`
    t =    50.06s Get all elements bound by index for: Descendants matching type NavigationBar
    t =    50.10s Find the NavigationBar (Element at index 0)
    t =    50.16s Find the NavigationBar (Element at index 1)
    t =    50.24s Find the "Create a question set" NavigationBar
    t =    50.29s Find the ScrollView at {{0.0, 30.0}, {375.0, 637.0}}
    t =    50.35s Find the ScrollView at {{0.0, 30.0}, {375.0, 637.0}}
    t =    50.40s Get all elements bound by index for: Descendants matching type TabBar
    t =    50.44s Find the TabBar (Element at index 0)
    t =    50.55s Checking existence of `"ai-studio-create-offline" Button`
    t =    50.62s Find the "ai-studio-create-offline" Button
    t =    50.69s Checking existence of `"session-submit" Any`
    t =    50.75s Checking existence of `"session-next" Any`
    t =    50.81s Checking existence of `"train-start-practice" Any`
    t =    50.88s Checking existence of `"train-start-graph-construction" Any`
    t =    50.94s Checking existence of `"ai-studio-create-offline" Button`
    t =    51.00s Find the "ai-studio-create-offline" Button
    t =    51.06s Find the "ai-studio-create-offline" Button
    t =    51.13s Find the ScrollView at {{0.0, 30.0}, {375.0, 637.0}}
    t =    51.19s Checking existence of `"ai-studio-create-offline" Button`
    t =    51.25s Find the "ai-studio-create-offline" Button
    t =    51.32s Find the "ai-studio-create-offline" Button
    t =    51.38s Find the "ai-studio-create-offline" Button
    t =    51.46s Find the "ai-studio-create-offline" Button
    t =    51.54s Find the "ai-studio-create-offline" Button
    t =    51.61s Tap "ai-studio-create-offline" Button
    t =    51.61s     Wait for com.zacrotech.NeuroForge to idle
    t =    51.62s     Find the "ai-studio-create-offline" Button
    t =    51.68s     Check for interrupting elements affecting "ai-studio-create-offline" Button
    t =    51.74s     Synthesize event
    t =    52.05s     Wait for com.zacrotech.NeuroForge to idle
    t =    52.34s Waiting 30.0s for "Start practice" Button to exist
    t =    53.38s     Checking `Expect predicate `existsNoRetry == 1` for object "Start practice" Button`
    t =    53.40s         Checking existence of `"Start practice" Button`
    t =    53.69s Get all elements bound by index for: Descendants matching type ScrollView
    t =    53.77s Find the ScrollView (Element at index 0)
    t =    53.90s Find the Target Application 'com.zacrotech.NeuroForge'
    t =    53.95s Checking existence of `Keyboard (First Match)`
    t =    54.08s Get all elements bound by index for: Descendants matching type NavigationBar
    t =    54.14s Find the NavigationBar (Element at index 0)
    t =    54.21s Find the NavigationBar (Element at index 1)
    t =    54.31s Find the "Create a question set" NavigationBar
    t =    54.38s Find the ScrollView at {{0.0, 30.0}, {375.0, 637.0}}
    t =    54.44s Find the ScrollView at {{0.0, 30.0}, {375.0, 637.0}}
    t =    54.50s Get all elements bound by index for: Descendants matching type TabBar
    t =    54.58s Find the TabBar (Element at index 0)
    t =    54.77s Checking existence of `"Start practice" Button`
    t =    54.85s Find the "Start practice" Button
    t =    54.93s Checking existence of `"session-submit" Any`
    t =    55.00s Checking existence of `"session-next" Any`
    t =    55.07s Checking existence of `"train-start-practice" Any`
    t =    55.14s Checking existence of `"train-start-graph-construction" Any`
    t =    55.21s Checking existence of `"Start practice" Button`
    t =    55.28s Find the "Start practice" Button
    t =    55.35s Find the "Start practice" Button
    t =    55.43s Find the ScrollView at {{0.0, 30.0}, {375.0, 637.0}}
    t =    55.49s Checking existence of `"Start practice" Button`
    t =    55.56s Find the "Start practice" Button
    t =    55.64s Find the "Start practice" Button
    t =    55.71s Find the "Start practice" Button
    t =    55.78s Find the "Start practice" Button
    t =    55.85s Tap "Start practice" Button
    t =    55.85s     Wait for com.zacrotech.NeuroForge to idle
    t =    55.85s     Find the "Start practice" Button
    t =    55.92s     Check for interrupting elements affecting "Start practice" Button
    t =    56.05s     Synthesize event
    t =    56.40s     Wait for com.zacrotech.NeuroForge to idle
    t =    57.83s Waiting 10.0s for "ai-practice-prompt" Any to exist
    t =    58.85s     Checking `Expect predicate `existsNoRetry == 1` for object "ai-practice-prompt" Any`
    t =    58.87s         Checking existence of `"ai-practice-prompt" Any`
    t =    59.04s Find the "ai-practice-prompt" Any
    t =    59.15s Find the "ai-practice-position" Any
    t =    59.24s Find the "Session actions" Button
    t =    59.37s Tap "Session actions" Button
    t =    59.37s     Wait for com.zacrotech.NeuroForge to idle
    t =    59.37s     Find the "Session actions" Button
    t =    59.46s     Check for interrupting elements affecting "Session actions" Button
    t =    59.54s     Synthesize event
    t =    59.84s     Wait for com.zacrotech.NeuroForge to idle
    t =    61.44s Waiting 5.0s for "Skip" Button to exist
    t =    62.51s     Checking `Expect predicate `existsNoRetry == 1` for object "Skip" Button`
    t =    62.52s         Checking existence of `"Skip" Button`
    t =    62.68s Find the "Skip" Button
    t =    62.77s Tap "Skip" Button
    t =    62.77s     Wait for com.zacrotech.NeuroForge to idle
    t =    62.77s     Find the "Skip" Button
    t =    62.87s     Check for interrupting elements affecting "Skip" Button
    t =    62.96s     Synthesize event
    t =    63.26s     Wait for com.zacrotech.NeuroForge to idle
    t =    65.85s Checking `Expect predicate `label == "2 / 5"` for object "ai-practice-position" StaticText`
    t =    65.86s     Find the "ai-practice-position" StaticText
    t =    65.98s Find the "ai-practice-prompt" StaticText
    t =    66.07s Tap "Save and close" Button
    t =    66.07s     Wait for com.zacrotech.NeuroForge to idle
    t =    66.07s     Find the "Save and close" Button
    t =    66.16s     Check for interrupting elements affecting "Save and close" Button
    t =    66.25s     Synthesize event
    t =    66.55s     Wait for com.zacrotech.NeuroForge to idle
    t =    67.49s Waiting 8.0s for "Start a new session" Button to exist
    t =    68.55s     Checking `Expect predicate `existsNoRetry == 1` for object "Start a new session" Button`
    t =    68.55s         Checking existence of `"Start a new session" Button`
    t =    68.64s Get all elements bound by index for: Descendants matching type ScrollView
    t =    68.70s Find the ScrollView (Element at index 0)
    t =    68.77s Find the Target Application 'com.zacrotech.NeuroForge'
    t =    68.82s Checking existence of `Keyboard (First Match)`
    t =    68.96s Get all elements bound by index for: Descendants matching type NavigationBar
    t =    69.01s Find the NavigationBar (Element at index 0)
    t =    69.08s Find the NavigationBar (Element at index 1)
    t =    69.18s Find the "Create a question set" NavigationBar
    t =    69.24s Find the ScrollView at {{0.0, 30.0}, {375.0, 637.0}}
    t =    69.31s Find the ScrollView at {{0.0, 30.0}, {375.0, 637.0}}
    t =    69.37s Get all elements bound by index for: Descendants matching type TabBar
    t =    69.42s Find the TabBar (Element at index 0)
    t =    69.64s Checking existence of `"Start a new session" Button`
    t =    69.71s Find the "Start a new session" Button
    t =    69.78s Checking existence of `"session-submit" Any`
    t =    69.86s Checking existence of `"session-next" Any`
    t =    69.93s Checking existence of `"train-start-practice" Any`
    t =    70.00s Checking existence of `"train-start-graph-construction" Any`
    t =    70.10s Checking existence of `"Start a new session" Button`
    t =    70.17s Find the "Start a new session" Button
    t =    70.25s Find the "Start a new session" Button
    t =    70.34s Find the ScrollView at {{0.0, 30.0}, {375.0, 637.0}}
    t =    70.40s Checking existence of `"Start a new session" Button`
    t =    70.47s Find the "Start a new session" Button
    t =    70.55s Find the "Start a new session" Button
    t =    70.63s Find the "Start a new session" Button
    t =    70.70s Checking existence of `"Start a new session" Button`
    t =    70.77s Find the "Start a new session" Button
    t =    70.85s Find the ScrollView at {{0.0, 30.0}, {375.0, 637.0}}
    t =    70.91s Checking existence of `"Start a new session" Button`
    t =    70.98s Find the "Start a new session" Button
    t =    71.06s Press Target Application 'com.zacrotech.NeuroForge'[0.00, 0.00] -> (12.0, 552.4) for 0.1 seconds, then drag to Target Application 'com.zacrotech.NeuroForge'[0.00, 0.00] -> (12.0, 536.4) with velocity of 250.00 pixels per second, and then hold for 0.2 seconds 
    t =    71.06s     Wait for com.zacrotech.NeuroForge to idle
    t =    71.07s     Find the Target Application 'com.zacrotech.NeuroForge'
    t =    71.13s     Check for interrupting elements affecting "NeuroForge" Application
    t =    71.26s     Synthesize event
    t =    71.26s         Find the Target Application 'com.zacrotech.NeuroForge'
    t =    71.32s         Find the Target Application 'com.zacrotech.NeuroForge'
    t =    71.37s         Find the Target Application 'com.zacrotech.NeuroForge'
    t =    71.42s         Find the Target Application 'com.zacrotech.NeuroForge'
    t =    71.47s         Find the Target Application 'com.zacrotech.NeuroForge'
    t =    72.12s     Wait for com.zacrotech.NeuroForge to idle
    t =    73.05s Get all elements bound by index for: Descendants matching type ScrollView
    t =    73.14s Find the ScrollView (Element at index 0)
    t =    73.22s Find the Target Application 'com.zacrotech.NeuroForge'
    t =    73.27s Checking existence of `Keyboard (First Match)`
    t =    73.42s Get all elements bound by index for: Descendants matching type NavigationBar
    t =    73.47s Find the NavigationBar (Element at index 0)
    t =    73.54s Find the NavigationBar (Element at index 1)
    t =    73.63s Find the "Create a question set" NavigationBar
    t =    73.70s Find the ScrollView at {{0.0, 30.0}, {375.0, 637.0}}
    t =    73.76s Find the ScrollView at {{0.0, 30.0}, {375.0, 637.0}}
    t =    73.82s Get all elements bound by index for: Descendants matching type TabBar
    t =    73.89s Find the TabBar (Element at index 0)
    t =    74.11s Checking existence of `"Start a new session" Button`
    t =    74.21s Find the "Start a new session" Button
    t =    74.28s Checking existence of `"session-submit" Any`
    t =    74.35s Checking existence of `"session-next" Any`
    t =    74.43s Checking existence of `"train-start-practice" Any`
    t =    74.51s Checking existence of `"train-start-graph-construction" Any`
    t =    74.58s Checking existence of `"Start a new session" Button`
    t =    74.66s Find the "Start a new session" Button
    t =    74.73s Find the "Start a new session" Button
    t =    74.83s Find the ScrollView at {{0.0, 30.0}, {375.0, 637.0}}
    t =    75.00s Checking existence of `"Start a new session" Button`
    t =    75.07s Find the "Start a new session" Button
    t =    75.17s Find the "Start a new session" Button
    t =    75.24s Find the "Start a new session" Button
    t =    75.35s Tap "Start a new session" Button
    t =    75.35s     Wait for com.zacrotech.NeuroForge to idle
    t =    75.36s     Find the "Start a new session" Button
    t =    75.43s     Check for interrupting elements affecting "Start a new session" Button
    t =    75.60s     Synthesize event
    t =    75.94s     Wait for com.zacrotech.NeuroForge to idle
    t =    76.49s Waiting 8.0s for "ai-practice-prompt" StaticText to exist
    t =    77.52s     Checking `Expect predicate `existsNoRetry == 1` for object "ai-practice-prompt" StaticText`
    t =    77.53s         Checking existence of `"ai-practice-prompt" StaticText`
    t =    77.74s Find the "ai-practice-position" StaticText
    t =    77.86s Find the "ai-practice-prompt" StaticText
    t =    77.96s Tap "Save and close" Button
    t =    77.96s     Wait for com.zacrotech.NeuroForge to idle
    t =    77.97s     Find the "Save and close" Button
    t =    78.07s     Check for interrupting elements affecting "Save and close" Button
    t =    78.26s     Synthesize event
    t =    78.60s     Wait for com.zacrotech.NeuroForge to idle
    t =    79.23s Terminate com.zacrotech.NeuroForge:96652
    t =    80.32s Open com.zacrotech.NeuroForge
    t =    80.32s     Launch com.zacrotech.NeuroForge
2026-09-05 18:12:40.880 xcodebuild[94583:6272839] [MT] IDELaunchParametersSnapshot: The operation couldn’t be completed. (DebuggerLLDB.DebuggerVersionStore.StoreError error 0.)
2026-09-05 18:12:40.880 xcodebuild[94583:6272839] [MT] IDELaunchParametersSnapshot: no debugger version
    t =    81.00s         Setting up automation session
    t =    83.84s         Wait for com.zacrotech.NeuroForge to idle
    t =    87.92s Waiting 15.0s for "destination-today" Any to exist
    t =    89.00s     Checking `Expect predicate `existsNoRetry == 1` for object "destination-today" Any`
    t =    89.00s         Checking existence of `"destination-today" Any`
    t =    89.27s Get all elements bound by index for: Descendants matching type ScrollView
    t =    89.31s Find the ScrollView (Element at index 0)
    t =    89.36s Find the Target Application 'com.zacrotech.NeuroForge'
    t =    89.38s Checking existence of `Keyboard (First Match)`
    t =    89.46s Get all elements bound by index for: Descendants matching type NavigationBar
    t =    89.49s Find the NavigationBar (Element at index 0)
    t =    89.53s Find the "Today" NavigationBar
    t =    89.56s Find the ScrollView at {{0.0, 0.0}, {375.0, 667.0}}
    t =    89.59s Find the ScrollView at {{0.0, 0.0}, {375.0, 667.0}}
    t =    89.62s Get all elements bound by index for: Descendants matching type TabBar
    t =    89.64s Find the TabBar (Element at index 0)
    t =    89.68s Find the "Tab Bar" TabBar
    t =    89.70s Checking existence of `"Continue session" Button`
    t =    89.75s Find the "Continue session" Button
    t =    89.79s Checking existence of `"session-submit" Any`
    t =    89.82s Checking existence of `"session-next" Any`
    t =    89.85s Checking existence of `"train-start-practice" Any`
    t =    89.89s Checking existence of `"train-start-graph-construction" Any`
    t =    89.92s Checking existence of `"Continue session" Button`
    t =    89.96s Find the "Continue session" Button
    t =    90.00s Find the "Continue session" Button
    t =    90.06s Find the ScrollView at {{0.0, 0.0}, {375.0, 667.0}}
    t =    90.09s Checking existence of `"Continue session" Button`
    t =    90.13s Find the "Continue session" Button
    t =    90.18s Find the "Continue session" Button
    t =    90.22s Find the "Continue session" Button
    t =    90.27s Tap "Continue session" Button
    t =    90.27s     Wait for com.zacrotech.NeuroForge to idle
    t =    90.27s     Find the "Continue session" Button
    t =    90.31s     Check for interrupting elements affecting "Continue session" Button
    t =    90.40s     Synthesize event
    t =    90.73s     Wait for com.zacrotech.NeuroForge to idle
    t =    91.18s Waiting 8.0s for "Resume" Button to exist
    t =    92.25s     Checking `Expect predicate `existsNoRetry == 1` for object "Resume" Button`
    t =    92.26s         Checking existence of `"Resume" Button`
    t =    92.33s Tap "Resume" Button
    t =    92.33s     Wait for com.zacrotech.NeuroForge to idle
    t =    92.33s     Find the "Resume" Button
    t =    92.39s     Check for interrupting elements affecting "Resume" Button
    t =    92.44s     Synthesize event
    t =    92.74s     Wait for com.zacrotech.NeuroForge to idle
    t =    92.75s Waiting 8.0s for "ai-practice-prompt" StaticText to exist
    t =    93.75s     Checking `Expect predicate `existsNoRetry == 1` for object "ai-practice-prompt" StaticText`
    t =    93.76s         Checking existence of `"ai-practice-prompt" StaticText`
    t =    93.83s Find the "ai-practice-prompt" StaticText
    t =    93.89s Find the "ai-practice-position" StaticText
    t =    93.95s Tap "Session actions" Button
    t =    93.95s     Wait for com.zacrotech.NeuroForge to idle
    t =    93.95s     Find the "Session actions" Button
    t =    94.01s     Check for interrupting elements affecting "Session actions" Button
    t =    94.06s     Synthesize event
    t =    94.36s     Wait for com.zacrotech.NeuroForge to idle
    t =    95.47s Tap "End session" Button
    t =    95.47s     Wait for com.zacrotech.NeuroForge to idle
    t =    95.48s     Find the "End session" Button
    t =    95.56s     Check for interrupting elements affecting "End session" Button
    t =    95.61s     Synthesize event
    t =    95.91s     Wait for com.zacrotech.NeuroForge to idle
    t =    97.14s Waiting 8.0s for "ai-practice-summary" Any to exist
    t =    98.20s     Checking `Expect predicate `existsNoRetry == 1` for object "ai-practice-summary" Any`
    t =    98.21s         Checking existence of `"ai-practice-summary" Any`
    t =    98.29s Find the "ai-practice-summary" Any
    t =    98.34s Tap "Done" Button
    t =    98.34s     Wait for com.zacrotech.NeuroForge to idle
    t =    98.34s     Find the "Done" Button
    t =    98.39s     Check for interrupting elements affecting "Done" Button
    t =    98.43s     Synthesize event
    t =    98.73s     Wait for com.zacrotech.NeuroForge to idle
    t =    99.09s Get all elements bound by index for: Descendants matching type ScrollView
    t =    99.12s Find the ScrollView (Element at index 0)
    t =    99.16s Find the Target Application 'com.zacrotech.NeuroForge'
    t =    99.18s Checking existence of `Keyboard (First Match)`
    t =    99.24s Get all elements bound by index for: Descendants matching type NavigationBar
    t =    99.26s Find the NavigationBar (Element at index 0)
    t =    99.30s Find the "Today" NavigationBar
    t =    99.33s Find the ScrollView at {{0.0, 0.0}, {375.0, 667.0}}
    t =    99.36s Find the ScrollView at {{0.0, 0.0}, {375.0, 667.0}}
    t =    99.39s Get all elements bound by index for: Descendants matching type TabBar
    t =    99.41s Find the TabBar (Element at index 0)
    t =    99.45s Find the "Tab Bar" TabBar
    t =    99.48s Checking existence of `"Continue session" Button`
    t =    99.56s Find the "Continue session" Button
    t =    99.70s Checking existence of `"session-submit" Any`
    t =    99.79s Checking existence of `"session-next" Any`
    t =    99.83s Checking existence of `"train-start-practice" Any`
    t =    99.87s Checking existence of `"train-start-graph-construction" Any`
    t =    99.90s Checking existence of `"Continue session" Button`
    t =    99.95s Find the "Continue session" Button
    t =    99.99s Find the "Continue session" Button
    t =   100.04s Find the ScrollView at {{0.0, 0.0}, {375.0, 667.0}}
    t =   100.07s Checking existence of `"Continue session" Button`
    t =   100.11s Find the "Continue session" Button
    t =   100.16s Find the "Continue session" Button
    t =   100.20s Find the "Continue session" Button
    t =   100.25s Tap "Continue session" Button
    t =   100.25s     Wait for com.zacrotech.NeuroForge to idle
    t =   100.25s     Find the "Continue session" Button
    t =   100.29s     Check for interrupting elements affecting "Continue session" Button
    t =   100.32s     Synthesize event
    t =   100.62s     Wait for com.zacrotech.NeuroForge to idle
    t =   101.40s Waiting 8.0s for "Resume" Button to exist
    t =   102.44s     Checking `Expect predicate `existsNoRetry == 1` for object "Resume" Button`
    t =   102.44s         Checking existence of `"Resume" Button`
    t =   102.54s Tap "Resume" Button
    t =   102.54s     Wait for com.zacrotech.NeuroForge to idle
    t =   102.55s     Find the "Resume" Button
    t =   102.61s     Check for interrupting elements affecting "Resume" Button
    t =   102.66s     Synthesize event
    t =   102.96s     Wait for com.zacrotech.NeuroForge to idle
    t =   102.96s Waiting 8.0s for "ai-practice-prompt" StaticText to exist
    t =   103.99s     Checking `Expect predicate `existsNoRetry == 1` for object "ai-practice-prompt" StaticText`
    t =   103.99s         Checking existence of `"ai-practice-prompt" StaticText`
    t =   104.07s Find the "ai-practice-prompt" StaticText
    t =   104.13s Find the "ai-practice-position" StaticText
    t =   104.19s Tap "Session actions" Button
    t =   104.19s     Wait for com.zacrotech.NeuroForge to idle
    t =   104.19s     Find the "Session actions" Button
    t =   104.24s     Check for interrupting elements affecting "Session actions" Button
    t =   104.29s     Synthesize event
    t =   104.59s     Wait for com.zacrotech.NeuroForge to idle
    t =   105.55s Tap "End session" Button
    t =   105.55s     Wait for com.zacrotech.NeuroForge to idle
    t =   105.55s     Find the "End session" Button
    t =   105.62s     Check for interrupting elements affecting "End session" Button
    t =   105.67s     Synthesize event
    t =   105.97s     Wait for com.zacrotech.NeuroForge to idle
    t =   107.48s Waiting 8.0s for "ai-practice-summary" StaticText to exist
    t =   108.53s     Checking `Expect predicate `existsNoRetry == 1` for object "ai-practice-summary" StaticText`
    t =   108.53s         Checking existence of `"ai-practice-summary" StaticText`
    t =   108.61s Find the "ai-practice-summary" StaticText
    t =   108.67s Checking existence of `"Skipped 1 · Solutions viewed 0" StaticText`
    t =   108.72s Find the Target Application 'com.zacrotech.NeuroForge'
    t =   108.86s Added attachment named 'generated-two-runs-cold-skip-explicit-end-en'
    t =   108.86s Tap "Done" Button
    t =   108.86s     Wait for com.zacrotech.NeuroForge to idle
    t =   108.87s     Find the "Done" Button
    t =   108.92s     Check for interrupting elements affecting "Done" Button
    t =   108.97s     Synthesize event
    t =   109.27s     Wait for com.zacrotech.NeuroForge to idle
    t =   109.77s Checking existence of `"Continue session" Button`
    t =   109.83s Terminate com.zacrotech.NeuroForge:97173
    t =   110.95s Tear Down
Test Case '-[NeuroForgeUITests.NavigationSmokeUITests testGeneratedSetCreatesSeparateRunsAndRestoresSkippedRunThroughColdLaunch]' passed (111.190 seconds).
Test Case '-[NeuroForgeUITests.NavigationSmokeUITests testSourceRecallColdRelaunchPreservesDraftReferenceAndNeutralResult]' started.
    t =     0.00s Start Test at 2026-09-05 18:13:11.718
    t =     0.05s Set Up
    t =     0.05s Open com.zacrotech.NeuroForge
    t =     0.05s     Launch com.zacrotech.NeuroForge
2026-09-05 18:13:11.824 xcodebuild[94583:6272839] [MT] IDELaunchParametersSnapshot: The operation couldn’t be completed. (DebuggerLLDB.DebuggerVersionStore.StoreError error 0.)
2026-09-05 18:13:11.825 xcodebuild[94583:6272839] [MT] IDELaunchParametersSnapshot: no debugger version
    t =     0.32s         Setting up automation session
    t =     1.40s         Wait for com.zacrotech.NeuroForge to idle
    t =     4.20s Waiting 15.0s for "destination-today" Any to exist
    t =     5.23s     Checking `Expect predicate `existsNoRetry == 1` for object "destination-today" Any`
    t =     5.23s         Checking existence of `"destination-today" Any`
    t =     5.51s Tap "Sources" Button
    t =     5.51s     Wait for com.zacrotech.NeuroForge to idle
    t =     5.52s     Find the "Sources" Button
    t =     5.55s     Check for interrupting elements affecting "Sources" Button
    t =     5.59s     Synthesize event
    t =     5.89s     Wait for com.zacrotech.NeuroForge to idle
    t =     7.51s Checking existence of `Button (First Match)`
    t =     7.58s Find the Button (First Match)
    t =     7.64s Get all elements bound by index for: Descendants matching type ScrollView
    t =     7.68s Find the ScrollView (Element at index 0)
    t =     7.72s Swipe up ScrollView at {{0.0, 0.0}, {375.0, 667.0}}
    t =     7.72s     Wait for com.zacrotech.NeuroForge to idle
    t =     7.72s     Find the ScrollView at {{0.0, 0.0}, {375.0, 667.0}}
    t =     7.76s     Check for interrupting elements affecting ScrollView
    t =     7.79s     Synthesize event
    t =     8.25s     Wait for com.zacrotech.NeuroForge to idle
    t =    10.03s Checking existence of `"UI Study Source.txt, 86 bytes · Sep 5, 2026, Index ready, Offline questions allowed, Ready offline" Button`
    t =    10.08s Find the "UI Study Source.txt, 86 bytes · Sep 5, 2026, Index ready, Offline questions allowed, Ready offline" Button
    t =    10.14s Tap "UI Study Source.txt, 86 bytes · Sep 5, 2026, Index ready, Offline questions allowed, Ready offline" Button
    t =    10.14s     Wait for com.zacrotech.NeuroForge to idle
    t =    10.14s     Find the "UI Study Source.txt, 86 bytes · Sep 5, 2026, Index ready, Offline questions allowed, Ready offline" Button
    t =    10.19s     Check for interrupting elements affecting "UI Study Source.txt, 86 bytes · Sep 5, 2026, Index ready, Offline questions allowed, Ready offline" Button
    t =    10.23s     Synthesize event
    t =    10.52s     Wait for com.zacrotech.NeuroForge to idle
    t =    11.49s Checking existence of `"Review from memory" Button`
    t =    11.57s Find the "Review from memory" Button
    t =    11.62s Find the "Review from memory" Button
    t =    11.66s Tap "Review from memory" Button
    t =    11.66s     Wait for com.zacrotech.NeuroForge to idle
    t =    11.66s     Find the "Review from memory" Button
    t =    11.70s     Check for interrupting elements affecting "Review from memory" Button
    t =    11.74s     Synthesize event
    t =    12.04s     Wait for com.zacrotech.NeuroForge to idle
    t =    12.34s Waiting 10.0s for "universal-session" Any to exist
    t =    13.38s     Checking `Expect predicate `existsNoRetry == 1` for object "universal-session" Any`
    t =    13.38s         Checking existence of `"universal-session" Any`
    t =    13.45s Waiting 3.0s for "session-resume" Any to exist
    t =    14.51s     Checking `Expect predicate `existsNoRetry == 1` for object "session-resume" Any`
    t =    14.52s         Checking existence of `"session-resume" Any`
    t =    14.60s         Capturing element debug description
    t =    15.53s     Checking `Expect predicate `existsNoRetry == 1` for object "session-resume" Any`
    t =    15.53s         Checking existence of `"session-resume" Any`
    t =    15.61s         Capturing element debug description
    t =    16.46s     Checking `Expect predicate `existsNoRetry == 1` for object "session-resume" Any`
    t =    16.46s         Checking existence of `"session-resume" Any`
    t =    16.52s         Capturing element debug description
    t =    16.52s     Checking existence of `"session-resume" Any`
    t =    16.58s Collecting debug information to assist test failure triage
    t =    16.58s     Requesting snapshot of accessibility hierarchy for app with pid 97315
    t =    16.66s Waiting 8.0s for "session-prompt" Any to exist
    t =    17.68s     Checking `Expect predicate `existsNoRetry == 1` for object "session-prompt" Any`
    t =    17.68s         Checking existence of `"session-prompt" Any`
    t =    17.73s Find the "session-prompt" Any
    t =    17.78s Find the "session-position" Any
    t =    17.84s Checking existence of `"A triangle has three sides. This synthetic source is used only for navigation testing." StaticText`
    t =    17.89s Waiting 8.0s for TextView (First Match) to exist
    t =    18.91s     Checking `Expect predicate `existsNoRetry == 1` for object TextView (First Match)`
    t =    18.91s         Checking existence of `TextView (First Match)`
    t =    18.95s Get all elements bound by index for: Descendants matching type ScrollView
    t =    18.99s Find the ScrollView (Element at index 0)
    t =    19.04s Find the Target Application 'com.zacrotech.NeuroForge'
    t =    19.07s Checking existence of `Keyboard (First Match)`
    t =    19.16s Get all elements bound by index for: Descendants matching type NavigationBar
    t =    19.19s Find the NavigationBar (Element at index 0)
    t =    19.24s Find the ScrollView at {{0.0, 164.5}, {375.0, 502.5}}
    t =    19.29s Find the ScrollView at {{0.0, 164.5}, {375.0, 502.5}}
    t =    19.33s Get all elements bound by index for: Descendants matching type TabBar
    t =    19.37s Find the TabBar (Element at index 0)
    t =    19.42s Checking existence of `TextView (First Match)`
    t =    19.45s Find the TextView (First Match)
    t =    19.48s Checking existence of `"session-submit" Any`
    t =    19.53s Find the "session-submit" Any
    t =    19.59s Find the "session-submit" Button
    t =    19.64s Find the "session-submit" Button
    t =    19.70s Checking existence of `"session-next" Any`
    t =    19.75s Checking existence of `"train-start-practice" Any`
    t =    19.80s Checking existence of `"train-start-graph-construction" Any`
    t =    19.85s Checking existence of `"Your answer from memory" TextView`
    t =    19.87s Find the "Your answer from memory" TextView
    t =    19.90s Find the "Your answer from memory" TextView
    t =    19.94s Find the ScrollView at {{0.0, 164.5}, {375.0, 502.5}}
    t =    19.99s Checking existence of `"Your answer from memory" TextView`
    t =    20.02s Find the "Your answer from memory" TextView
    t =    20.06s Find the "Your answer from memory" TextView
    t =    20.09s Find the "Your answer from memory" TextView
    t =    20.13s Find the "Your answer from memory" TextView
    t =    20.16s Press "Your answer from memory" TextView for 0.1 seconds
    t =    20.16s     Wait for com.zacrotech.NeuroForge to idle
    t =    20.16s     Find the "Your answer from memory" TextView
    t =    20.19s     Check for interrupting elements affecting "Your answer from memory" TextView
    t =    20.25s     Synthesize event
    t =    20.63s     Wait for com.zacrotech.NeuroForge to idle
    t =    21.04s Waiting 5.0s for Keyboard (First Match) to exist
    t =    22.08s     Checking `Expect predicate `existsNoRetry == 1` for object Keyboard (First Match)`
    t =    22.08s         Checking existence of `Keyboard (First Match)`
    t =    22.11s Type 'A triangle has thr...' into "Your answer from memory" TextView
    t =    22.11s     Wait for com.zacrotech.NeuroForge to idle
    t =    22.26s     Find the "Your answer from memory" TextView
    t =    22.35s     Check for interrupting elements affecting "Your answer from memory" TextView
    t =    22.41s     Synthesize event
    t =    23.07s     Wait for com.zacrotech.NeuroForge to idle
    t =    24.10s Checking `Expect predicate `value == "A triangle has three sides."` for object "Your answer from memory" TextView`
    t =    24.10s     Find the "Your answer from memory" TextView
    t =    24.18s Find the "Pause session" Button
    t =    24.26s Tap "pause.fill" Button
    t =    24.26s     Wait for com.zacrotech.NeuroForge to idle
    t =    24.26s     Find the "pause.fill" Button
    t =    24.33s     Check for interrupting elements affecting "pause.fill" Button
    t =    24.38s     Synthesize event
    t =    24.68s     Wait for com.zacrotech.NeuroForge to idle
    t =    25.42s Waiting 5.0s for "session-save-close" Any to exist
    t =    26.46s     Checking `Expect predicate `existsNoRetry == 1` for object "session-save-close" Any`
    t =    26.47s         Checking existence of `"session-save-close" Any`
    t =    26.54s Tap "session-save-close" Any
    t =    26.54s     Wait for com.zacrotech.NeuroForge to idle
    t =    26.54s     Find the "session-save-close" Any
    t =    26.59s     Check for interrupting elements affecting "session-save-close" Button
    t =    26.64s     Synthesize event
    t =    26.93s     Wait for com.zacrotech.NeuroForge to idle
    t =    27.40s Waiting 8.0s for "Review from memory" Button to exist
    t =    28.41s     Checking `Expect predicate `existsNoRetry == 1` for object "Review from memory" Button`
    t =    28.42s         Checking existence of `"Review from memory" Button`
    t =    28.48s Terminate com.zacrotech.NeuroForge:97315
    t =    29.57s Open com.zacrotech.NeuroForge
    t =    29.58s     Launch com.zacrotech.NeuroForge
2026-09-05 18:13:41.321 xcodebuild[94583:6272839] [MT] IDELaunchParametersSnapshot: The operation couldn’t be completed. (DebuggerLLDB.DebuggerVersionStore.StoreError error 0.)
2026-09-05 18:13:41.321 xcodebuild[94583:6272839] [MT] IDELaunchParametersSnapshot: no debugger version
    t =    30.03s         Setting up automation session
    t =    31.49s         Wait for com.zacrotech.NeuroForge to idle
    t =    34.01s Waiting 15.0s for "continue-session" Any to exist
    t =    35.09s     Checking `Expect predicate `existsNoRetry == 1` for object "continue-session" Any`
    t =    35.09s         Checking existence of `"continue-session" Any`
    t =    35.27s Checking existence of `"continue-session" Any`
    t =    35.31s Find the "continue-session" Any
    t =    35.37s Press "continue-session" Button for 0.1 seconds
    t =    35.37s     Wait for com.zacrotech.NeuroForge to idle
    t =    35.37s     Find the "continue-session" Button
    t =    35.41s     Check for interrupting elements affecting "continue-session" Button
    t =    35.44s     Synthesize event
    t =    35.82s     Wait for com.zacrotech.NeuroForge to idle
    t =    36.05s Waiting 8.0s for "universal-session" Any to exist
    t =    37.12s     Checking `Expect predicate `existsNoRetry == 1` for object "universal-session" Any`
    t =    37.13s         Checking existence of `"universal-session" Any`
    t =    37.27s Waiting 3.0s for "session-resume" Any to exist
    t =    38.32s     Checking `Expect predicate `existsNoRetry == 1` for object "session-resume" Any`
    t =    38.34s         Checking existence of `"session-resume" Any`
    t =    38.49s Find the Target Application 'com.zacrotech.NeuroForge'
    t =    38.70s Added attachment named 'interruption-paused-session-before-explicit-resume'
    t =    38.70s Find the "session-resume" Any
    t =    38.83s Press "session-resume" Button for 0.1 seconds
    t =    38.83s     Wait for com.zacrotech.NeuroForge to idle
    t =    38.83s     Find the "session-resume" Button
    t =    38.88s     Check for interrupting elements affecting "session-resume" Button
    t =    39.00s     Synthesize event
    t =    39.41s     Wait for com.zacrotech.NeuroForge to idle
    t =    40.46s Checking `Expect predicate `exists == 0` for object "session-resume" Button`
    t =    40.47s     Checking existence of `"session-resume" Button`
    t =    40.54s     Capturing element debug description
    t =    40.54s         Requesting snapshot of accessibility hierarchy for app with pid 97461
    t =    40.60s         Find: Descendants matching type Any
    t =    40.61s         Find: Elements matching predicate '"session-resume" IN identifiers'
    t =    40.61s         Requesting snapshot of accessibility hierarchy for app with pid 97461
    t =    40.66s         Find: Descendants matching type Any
    t =    40.67s         Requesting snapshot of accessibility hierarchy for app with pid 97461
    t =    41.49s Checking `Expect predicate `exists == 0` for object "session-resume" Button`
    t =    41.49s     Checking existence of `"session-resume" Button`
    t =    41.54s     Capturing element debug description
    t =    41.54s         Requesting snapshot of accessibility hierarchy for app with pid 97461
    t =    41.60s         Find: Descendants matching type Any
    t =    41.60s         Find: Elements matching predicate '"session-resume" IN identifiers'
    t =    41.61s         Requesting snapshot of accessibility hierarchy for app with pid 97461
    t =    41.66s         Find: Descendants matching type Any
    t =    41.66s         Requesting snapshot of accessibility hierarchy for app with pid 97461
    t =    42.42s Checking `Expect predicate `exists == 0` for object "session-resume" Button`
    t =    42.42s     Checking existence of `"session-resume" Button`
    t =    42.47s     Capturing element debug description
    t =    42.47s         Requesting snapshot of accessibility hierarchy for app with pid 97461
    t =    42.53s         Find: Descendants matching type Any
    t =    42.53s         Find: Elements matching predicate '"session-resume" IN identifiers'
    t =    42.54s         Requesting snapshot of accessibility hierarchy for app with pid 97461
    t =    42.59s         Find: Descendants matching type Any
    t =    42.59s         Requesting snapshot of accessibility hierarchy for app with pid 97461
    t =    43.44s Checking `Expect predicate `exists == 0` for object "session-resume" Button`
    t =    43.44s     Checking existence of `"session-resume" Button`
    t =    43.51s     Capturing element debug description
    t =    43.51s         Requesting snapshot of accessibility hierarchy for app with pid 97461
    t =    43.57s         Find: Descendants matching type Any
    t =    43.57s         Find: Elements matching predicate '"session-resume" IN identifiers'
    t =    43.58s         Requesting snapshot of accessibility hierarchy for app with pid 97461
    t =    43.63s         Find: Descendants matching type Any
    t =    43.63s         Requesting snapshot of accessibility hierarchy for app with pid 97461
    t =    44.48s Checking `Expect predicate `exists == 0` for object "session-resume" Button`
    t =    44.48s     Checking existence of `"session-resume" Button`
    t =    44.53s     Capturing element debug description
    t =    44.53s         Requesting snapshot of accessibility hierarchy for app with pid 97461
    t =    44.59s         Find: Descendants matching type Any
    t =    44.59s         Find: Elements matching predicate '"session-resume" IN identifiers'
    t =    44.60s         Requesting snapshot of accessibility hierarchy for app with pid 97461
    t =    44.65s         Find: Descendants matching type Any
    t =    44.65s         Requesting snapshot of accessibility hierarchy for app with pid 97461
    t =    45.42s Checking `Expect predicate `exists == 0` for object "session-resume" Button`
    t =    45.42s     Checking existence of `"session-resume" Button`
    t =    45.47s     Capturing element debug description
    t =    45.47s         Requesting snapshot of accessibility hierarchy for app with pid 97461
    t =    45.52s         Find: Descendants matching type Any
    t =    45.53s         Find: Elements matching predicate '"session-resume" IN identifiers'
    t =    45.53s         Requesting snapshot of accessibility hierarchy for app with pid 97461
    t =    45.58s         Find: Descendants matching type Any
    t =    45.59s         Requesting snapshot of accessibility hierarchy for app with pid 97461
    t =    46.45s Checking `Expect predicate `exists == 0` for object "session-resume" Button`
    t =    46.45s     Checking existence of `"session-resume" Button`
    t =    46.50s     Capturing element debug description
    t =    46.50s         Requesting snapshot of accessibility hierarchy for app with pid 97461
    t =    46.56s         Find: Descendants matching type Any
    t =    46.56s         Find: Elements matching predicate '"session-resume" IN identifiers'
    t =    46.57s         Requesting snapshot of accessibility hierarchy for app with pid 97461
    t =    46.62s         Find: Descendants matching type Any
    t =    46.63s         Requesting snapshot of accessibility hierarchy for app with pid 97461
    t =    47.41s Checking `Expect predicate `exists == 0` for object "session-resume" Button`
    t =    47.41s     Checking existence of `"session-resume" Button`
    t =    47.46s     Capturing element debug description
    t =    47.46s         Requesting snapshot of accessibility hierarchy for app with pid 97461
    t =    47.51s         Find: Descendants matching type Any
    t =    47.51s         Find: Elements matching predicate '"session-resume" IN identifiers'
    t =    47.52s         Requesting snapshot of accessibility hierarchy for app with pid 97461
    t =    47.58s         Find: Descendants matching type Any
    t =    47.58s         Requesting snapshot of accessibility hierarchy for app with pid 97461
/Users/takamimarsh/Developer/Projects/Zacro Tech/NeuroForge/UITests/NavigationSmokeUITests.swift:2120: error: -[NeuroForgeUITests.NavigationSmokeUITests testSourceRecallColdRelaunchPreservesDraftReferenceAndNeutralResult] : XCTAssertEqual failed: ("XCTWaiterResult(rawValue: 2)") is not equal to ("XCTWaiterResult(rawValue: 1)") - The single explicit Resume gesture must be acknowledged before checking saved content.
    t =    48.81s Tear Down
Test Case '-[NeuroForgeUITests.NavigationSmokeUITests testSourceRecallColdRelaunchPreservesDraftReferenceAndNeutralResult]' failed (49.168 seconds).
Test Case '-[NeuroForgeUITests.NavigationSmokeUITests testSpatialCoordinateEntryRetainsOriginalAndWorkedCopyAfterFeedback]' started.
    t =     0.00s Start Test at 2026-09-05 18:14:00.888
    t =     0.07s Set Up
    t =     0.08s Open com.zacrotech.NeuroForge
    t =     0.08s     Launch com.zacrotech.NeuroForge
    t =     0.08s         Terminate com.zacrotech.NeuroForge:97461
2026-09-05 18:14:02.027 xcodebuild[94583:6272839] [MT] IDELaunchParametersSnapshot: The operation couldn’t be completed. (DebuggerLLDB.DebuggerVersionStore.StoreError error 0.)
2026-09-05 18:14:02.028 xcodebuild[94583:6272839] [MT] IDELaunchParametersSnapshot: no debugger version
    t =     1.79s         Setting up automation session
    t =     3.57s         Wait for com.zacrotech.NeuroForge to idle
    t =     7.08s Waiting 15.0s for "universal-session" Any to exist
    t =     8.12s     Checking `Expect predicate `existsNoRetry == 1` for object "universal-session" Any`
    t =     8.13s         Checking existence of `"universal-session" Any`
    t =     8.42s Waiting 3.0s for "session-resume" Any to exist
    t =     9.46s     Checking `Expect predicate `existsNoRetry == 1` for object "session-resume" Any`
    t =     9.47s         Checking existence of `"session-resume" Any`
    t =     9.60s         Capturing element debug description
    t =    10.45s     Checking `Expect predicate `existsNoRetry == 1` for object "session-resume" Any`
    t =    10.45s         Checking existence of `"session-resume" Any`
    t =    10.56s         Capturing element debug description
    t =    11.44s     Checking `Expect predicate `existsNoRetry == 1` for object "session-resume" Any`
    t =    11.45s         Checking existence of `"session-resume" Any`
    t =    11.64s         Capturing element debug description
    t =    11.64s     Checking existence of `"session-resume" Any`
    t =    11.73s Collecting debug information to assist test failure triage
    t =    11.74s     Requesting snapshot of accessibility hierarchy for app with pid 97552
    t =    11.90s Waiting 8.0s for "session-position" Any to exist
    t =    12.96s     Checking `Expect predicate `existsNoRetry == 1` for object "session-position" Any`
    t =    12.96s         Checking existence of `"session-position" Any`
    t =    13.09s Find the "session-position" Any
    t =    13.19s Waiting 8.0s for "session-prompt" Any to exist
    t =    14.24s     Checking `Expect predicate `existsNoRetry == 1` for object "session-prompt" Any`
    t =    14.24s         Checking existence of `"session-prompt" Any`
    t =    14.34s Find the "session-prompt" Any
    t =    14.44s Checking existence of `"coordinate-transform-original" Any`
    t =    14.53s Checking existence of `"coordinate-transform-units" Any`
    t =    14.63s Checking existence of `"coordinate-transform-step" Button`
    t =    14.72s Checking existence of `"coordinate-transform-copy" Any`
    t =    14.82s Waiting 8.0s for "Response for x (grid units)" TextField to exist
    t =    15.90s     Checking `Expect predicate `existsNoRetry == 1` for object "Response for x (grid units)" TextField`
    t =    15.90s         Checking existence of `"Response for x (grid units)" TextField`
    t =    16.02s Get all elements bound by index for: Descendants matching type ScrollView
    t =    16.08s Find the ScrollView (Element at index 0)
    t =    16.17s Find the Target Application 'com.zacrotech.NeuroForge'
    t =    16.22s Checking existence of `Keyboard (First Match)`
    t =    16.32s Get all elements bound by index for: Descendants matching type NavigationBar
    t =    16.39s Find the NavigationBar (Element at index 0)
    t =    16.46s Find the ScrollView at {{0.0, 154.5}, {375.0, 512.5}}
    t =    16.52s Find the ScrollView at {{0.0, 154.5}, {375.0, 512.5}}
    t =    16.58s Get all elements bound by index for: Descendants matching type TabBar
    t =    16.64s Find the TabBar (Element at index 0)
    t =    16.71s Checking existence of `"Response for x (grid units)" TextField`
    t =    16.81s Find the "Response for x (grid units)" TextField
    t =    16.98s Checking existence of `"session-submit" Any`
    t =    17.11s Find the "session-submit" Any
    t =    17.21s Find the "session-submit" Button
    t =    17.31s Find the "session-submit" Button
    t =    17.40s Checking existence of `"session-next" Any`
    t =    17.50s Checking existence of `"train-start-practice" Any`
    t =    17.59s Checking existence of `"train-start-graph-construction" Any`
    t =    17.69s Checking existence of `"Response for x (grid units)" TextField`
    t =    17.78s Find the "Response for x (grid units)" TextField
    t =    18.02s Find the "Response for x (grid units)" TextField
    t =    18.13s Find the ScrollView at {{0.0, 154.5}, {375.0, 512.5}}
    t =    18.19s Checking existence of `"Response for x (grid units)" TextField`
    t =    18.28s Find the "Response for x (grid units)" TextField
    t =    18.38s Checking existence of `"Response for x (grid units)" TextField`
    t =    18.47s Find the "Response for x (grid units)" TextField
    t =    18.57s Find the ScrollView at {{0.0, 154.5}, {375.0, 512.5}}
    t =    18.62s Checking existence of `"Response for x (grid units)" TextField`
    t =    18.73s Find the "Response for x (grid units)" TextField
    t =    18.83s Press Target Application 'com.zacrotech.NeuroForge'[0.00, 0.00] -> (12.0, 513.3) for 0.1 seconds, then drag to Target Application 'com.zacrotech.NeuroForge'[0.00, 0.00] -> (12.0, 245.7) with velocity of 250.00 pixels per second, and then hold for 0.2 seconds 
    t =    18.83s     Wait for com.zacrotech.NeuroForge to idle
    t =    18.83s     Find the Target Application 'com.zacrotech.NeuroForge'
    t =    18.89s     Check for interrupting elements affecting "NeuroForge" Application
    t =    19.04s     Synthesize event
    t =    19.04s         Find the Target Application 'com.zacrotech.NeuroForge'
    t =    19.09s         Find the Target Application 'com.zacrotech.NeuroForge'
    t =    19.14s         Find the Target Application 'com.zacrotech.NeuroForge'
    t =    19.19s         Find the Target Application 'com.zacrotech.NeuroForge'
    t =    19.24s         Find the Target Application 'com.zacrotech.NeuroForge'
    t =    20.87s     Wait for com.zacrotech.NeuroForge to idle
    t =    20.87s Get all elements bound by index for: Descendants matching type ScrollView
    t =    20.94s Find the ScrollView (Element at index 0)
    t =    21.00s Find the Target Application 'com.zacrotech.NeuroForge'
    t =    21.07s Checking existence of `Keyboard (First Match)`
    t =    21.16s Get all elements bound by index for: Descendants matching type NavigationBar
    t =    21.22s Find the NavigationBar (Element at index 0)
    t =    21.28s Find the ScrollView at {{0.0, 154.5}, {375.0, 512.5}}
    t =    21.34s Find the ScrollView at {{0.0, 154.5}, {375.0, 512.5}}
    t =    21.40s Get all elements bound by index for: Descendants matching type TabBar
    t =    21.45s Find the TabBar (Element at index 0)
    t =    21.52s Checking existence of `"Response for x (grid units)" TextField`
    t =    21.61s Find the "Response for x (grid units)" TextField
    t =    21.70s Checking existence of `"session-submit" Any`
    t =    21.79s Find the "session-submit" Any
    t =    21.89s Find the "session-submit" Button
    t =    22.00s Find the "session-submit" Button
    t =    22.21s Checking existence of `"session-next" Any`
    t =    22.33s Checking existence of `"train-start-practice" Any`
    t =    22.43s Checking existence of `"train-start-graph-construction" Any`
    t =    22.53s Checking existence of `"Response for x (grid units)" TextField`
    t =    22.62s Find the "Response for x (grid units)" TextField
    t =    22.71s Find the "Response for x (grid units)" TextField
    t =    22.81s Find the ScrollView at {{0.0, 154.5}, {375.0, 512.5}}
    t =    22.86s Checking existence of `"Response for x (grid units)" TextField`
    t =    22.95s Find the "Response for x (grid units)" TextField
    t =    23.05s Checking existence of `"Response for x (grid units)" TextField`
    t =    23.14s Find the "Response for x (grid units)" TextField
    t =    23.23s Find the ScrollView at {{0.0, 154.5}, {375.0, 512.5}}
    t =    23.29s Checking existence of `"Response for x (grid units)" TextField`
    t =    23.38s Find the "Response for x (grid units)" TextField
    t =    23.47s Press Target Application 'com.zacrotech.NeuroForge'[0.00, 0.00] -> (12.0, 513.3) for 0.1 seconds, then drag to Target Application 'com.zacrotech.NeuroForge'[0.00, 0.00] -> (12.0, 245.7) with velocity of 250.00 pixels per second, and then hold for 0.2 seconds 
    t =    23.47s     Wait for com.zacrotech.NeuroForge to idle
    t =    23.47s     Find the Target Application 'com.zacrotech.NeuroForge'
    t =    23.53s     Check for interrupting elements affecting "NeuroForge" Application
    t =    23.59s     Synthesize event
    t =    23.59s         Find the Target Application 'com.zacrotech.NeuroForge'
    t =    23.64s         Find the Target Application 'com.zacrotech.NeuroForge'
    t =    23.70s         Find the Target Application 'com.zacrotech.NeuroForge'
    t =    23.75s         Find the Target Application 'com.zacrotech.NeuroForge'
    t =    23.80s         Find the Target Application 'com.zacrotech.NeuroForge'
    t =    25.43s     Wait for com.zacrotech.NeuroForge to idle
    t =    25.43s Get all elements bound by index for: Descendants matching type ScrollView
    t =    25.53s Find the ScrollView (Element at index 0)
    t =    25.62s Find the Target Application 'com.zacrotech.NeuroForge'
    t =    25.68s Checking existence of `Keyboard (First Match)`
    t =    25.78s Get all elements bound by index for: Descendants matching type NavigationBar
    t =    25.83s Find the NavigationBar (Element at index 0)
    t =    25.89s Find the ScrollView at {{0.0, 154.5}, {375.0, 512.5}}
    t =    25.95s Find the ScrollView at {{0.0, 154.5}, {375.0, 512.5}}
    t =    26.01s Get all elements bound by index for: Descendants matching type TabBar
    t =    26.06s Find the TabBar (Element at index 0)
    t =    26.13s Checking existence of `"Response for x (grid units)" TextField`
    t =    26.21s Find the "Response for x (grid units)" TextField
    t =    26.31s Checking existence of `"session-submit" Any`
    t =    26.41s Find the "session-submit" Any
    t =    26.51s Find the "session-submit" Button
    t =    26.62s Find the "session-submit" Button
    t =    26.71s Checking existence of `"session-next" Any`
    t =    26.80s Checking existence of `"train-start-practice" Any`
    t =    26.89s Checking existence of `"train-start-graph-construction" Any`
    t =    26.98s Checking existence of `"Response for x (grid units)" TextField`
    t =    27.07s Find the "Response for x (grid units)" TextField
    t =    27.16s Find the "Response for x (grid units)" TextField
    t =    27.26s Find the ScrollView at {{0.0, 154.5}, {375.0, 512.5}}
    t =    27.31s Checking existence of `"Response for x (grid units)" TextField`
    t =    27.40s Find the "Response for x (grid units)" TextField
    t =    27.49s Checking existence of `"Response for x (grid units)" TextField`
    t =    27.58s Find the "Response for x (grid units)" TextField
    t =    27.68s Find the ScrollView at {{0.0, 154.5}, {375.0, 512.5}}
    t =    27.74s Checking existence of `"Response for x (grid units)" TextField`
    t =    27.83s Find the "Response for x (grid units)" TextField
    t =    27.93s Press Target Application 'com.zacrotech.NeuroForge'[0.00, 0.00] -> (12.0, 513.3) for 0.1 seconds, then drag to Target Application 'com.zacrotech.NeuroForge'[0.00, 0.00] -> (12.0, 308.3) with velocity of 250.00 pixels per second, and then hold for 0.2 seconds 
    t =    27.93s     Wait for com.zacrotech.NeuroForge to idle
    t =    27.93s     Find the Target Application 'com.zacrotech.NeuroForge'
    t =    27.98s     Check for interrupting elements affecting "NeuroForge" Application
    t =    28.05s     Synthesize event
    t =    28.05s         Find the Target Application 'com.zacrotech.NeuroForge'
    t =    28.10s         Find the Target Application 'com.zacrotech.NeuroForge'
    t =    28.15s         Find the Target Application 'com.zacrotech.NeuroForge'
    t =    28.20s         Find the Target Application 'com.zacrotech.NeuroForge'
    t =    28.25s         Find the Target Application 'com.zacrotech.NeuroForge'
    t =    29.63s     Wait for com.zacrotech.NeuroForge to idle
    t =    29.64s Get all elements bound by index for: Descendants matching type ScrollView
    t =    29.70s Find the ScrollView (Element at index 0)
    t =    29.76s Find the Target Application 'com.zacrotech.NeuroForge'
    t =    29.81s Checking existence of `Keyboard (First Match)`
    t =    29.90s Get all elements bound by index for: Descendants matching type NavigationBar
    t =    29.96s Find the NavigationBar (Element at index 0)
    t =    30.04s Find the ScrollView at {{0.0, 154.5}, {375.0, 512.5}}
    t =    30.10s Find the ScrollView at {{0.0, 154.5}, {375.0, 512.5}}
    t =    30.17s Get all elements bound by index for: Descendants matching type TabBar
    t =    30.23s Find the TabBar (Element at index 0)
    t =    30.30s Checking existence of `"Response for x (grid units)" TextField`
    t =    30.41s Find the "Response for x (grid units)" TextField
    t =    30.51s Checking existence of `"session-submit" Any`
    t =    30.61s Find the "session-submit" Any
    t =    30.72s Find the "session-submit" Button
    t =    30.82s Find the "session-submit" Button
    t =    30.91s Checking existence of `"session-next" Any`
    t =    31.01s Checking existence of `"train-start-practice" Any`
    t =    31.11s Checking existence of `"train-start-graph-construction" Any`
    t =    31.20s Checking existence of `"Response for x (grid units)" TextField`
    t =    31.31s Find the "Response for x (grid units)" TextField
    t =    31.42s Find the "Response for x (grid units)" TextField
    t =    31.53s Find the ScrollView at {{0.0, 154.5}, {375.0, 512.5}}
    t =    31.59s Checking existence of `"Response for x (grid units)" TextField`
    t =    31.68s Find the "Response for x (grid units)" TextField
    t =    31.78s Find the "Response for x (grid units)" TextField
    t =    31.88s Find the "Response for x (grid units)" TextField
    t =    31.98s Checking existence of `"Response for x (grid units)" TextField`
    t =    32.08s Find the "Response for x (grid units)" TextField
    t =    32.18s Find the ScrollView at {{0.0, 154.5}, {375.0, 512.5}}
    t =    32.25s Checking existence of `"Response for x (grid units)" TextField`
    t =    32.34s Find the "Response for x (grid units)" TextField
    t =    32.44s Press Target Application 'com.zacrotech.NeuroForge'[0.00, 0.00] -> (12.0, 513.3) for 0.1 seconds, then drag to Target Application 'com.zacrotech.NeuroForge'[0.00, 0.00] -> (12.0, 497.3) with velocity of 250.00 pixels per second, and then hold for 0.2 seconds 
    t =    32.44s     Wait for com.zacrotech.NeuroForge to idle
    t =    32.45s     Find the Target Application 'com.zacrotech.NeuroForge'
    t =    32.51s     Check for interrupting elements affecting "NeuroForge" Application
    t =    32.59s     Synthesize event
    t =    32.59s         Find the Target Application 'com.zacrotech.NeuroForge'
    t =    32.65s         Find the Target Application 'com.zacrotech.NeuroForge'
    t =    32.71s         Find the Target Application 'com.zacrotech.NeuroForge'
    t =    32.76s         Find the Target Application 'com.zacrotech.NeuroForge'
    t =    32.82s         Find the Target Application 'com.zacrotech.NeuroForge'
    t =    33.44s     Wait for com.zacrotech.NeuroForge to idle
    t =    33.45s Get all elements bound by index for: Descendants matching type ScrollView
    t =    33.50s Find the ScrollView (Element at index 0)
    t =    33.58s Find the Target Application 'com.zacrotech.NeuroForge'
    t =    33.65s Checking existence of `Keyboard (First Match)`
    t =    33.75s Get all elements bound by index for: Descendants matching type NavigationBar
    t =    33.81s Find the NavigationBar (Element at index 0)
    t =    33.87s Find the ScrollView at {{0.0, 154.5}, {375.0, 512.5}}
    t =    33.93s Find the ScrollView at {{0.0, 154.5}, {375.0, 512.5}}
    t =    34.00s Get all elements bound by index for: Descendants matching type TabBar
    t =    34.06s Find the TabBar (Element at index 0)
    t =    34.14s Checking existence of `"Response for x (grid units)" TextField`
    t =    34.26s Find the "Response for x (grid units)" TextField
    t =    34.41s Checking existence of `"session-submit" Any`
    t =    34.67s Find the "session-submit" Any
    t =    34.84s Find the "session-submit" Button
    t =    34.96s Find the "session-submit" Button
    t =    35.07s Checking existence of `"session-next" Any`
    t =    35.17s Checking existence of `"train-start-practice" Any`
    t =    35.28s Checking existence of `"train-start-graph-construction" Any`
    t =    35.40s Checking existence of `"Response for x (grid units)" TextField`
    t =    35.50s Find the "Response for x (grid units)" TextField
    t =    35.62s Find the "Response for x (grid units)" TextField
    t =    35.73s Find the ScrollView at {{0.0, 154.5}, {375.0, 512.5}}
    t =    35.80s Checking existence of `"Response for x (grid units)" TextField`
    t =    35.90s Find the "Response for x (grid units)" TextField
    t =    36.01s Find the "Response for x (grid units)" TextField
    t =    36.11s Find the "Response for x (grid units)" TextField
    t =    36.21s Find the "Response for x (grid units)" TextField
    t =    36.31s Press "Response for x (grid units)" TextField for 0.1 seconds
    t =    36.31s     Wait for com.zacrotech.NeuroForge to idle
    t =    36.31s     Find the "Response for x (grid units)" TextField
    t =    36.41s     Check for interrupting elements affecting "Response for x (grid units)" TextField
    t =    36.55s     Synthesize event
    t =    36.96s     Wait for com.zacrotech.NeuroForge to idle
    t =    38.50s Waiting 5.0s for Keyboard (First Match) to exist
    t =    39.58s     Checking `Expect predicate `existsNoRetry == 1` for object Keyboard (First Match)`
    t =    39.59s         Checking existence of `Keyboard (First Match)`
    t =    39.64s Type '-2' into "Response for x (grid units)" TextField
    t =    39.64s     Wait for com.zacrotech.NeuroForge to idle
    t =    39.64s     Find the "Response for x (grid units)" TextField
    t =    39.79s     Check for interrupting elements affecting "Response for x (grid units)" TextField
    t =    39.86s     Synthesize event
    t =    40.11s     Wait for com.zacrotech.NeuroForge to idle
    t =    41.16s Checking `Expect predicate `value == "-2"` for object "Response for x (grid units)" TextField`
    t =    41.17s     Find the "Response for x (grid units)" TextField
    t =    41.33s Waiting 8.0s for "Response for y (grid units)" TextField to exist
    t =    42.39s     Checking `Expect predicate `existsNoRetry == 1` for object "Response for y (grid units)" TextField`
    t =    42.40s         Checking existence of `"Response for y (grid units)" TextField`
    t =    42.54s Get all elements bound by index for: Descendants matching type ScrollView
    t =    42.62s Find the ScrollView (Element at index 0)
    t =    42.78s Find the Target Application 'com.zacrotech.NeuroForge'
    t =    42.85s Checking existence of `Keyboard (First Match)`
    t =    42.87s Find the Keyboard (First Match)
    t =    42.90s Get all elements bound by index for: Descendants matching type NavigationBar
    t =    42.97s Find the NavigationBar (Element at index 0)
    t =    43.05s Find the ScrollView at {{0.0, 154.5}, {375.0, 512.5}}
    t =    43.13s Find the ScrollView at {{0.0, 154.5}, {375.0, 512.5}}
    t =    43.20s Get all elements bound by index for: Descendants matching type TabBar
    t =    43.27s Find the TabBar (Element at index 0)
    t =    43.37s Checking existence of `"Response for y (grid units)" TextField`
    t =    43.51s Find the "Response for y (grid units)" TextField
    t =    43.67s Checking existence of `"session-submit" Any`
    t =    43.82s Find the "session-submit" Any
    t =    43.95s Find the "session-submit" Button
    t =    44.07s Find the "session-submit" Button
    t =    44.18s Checking existence of `"session-next" Any`
    t =    44.29s Checking existence of `"train-start-practice" Any`
    t =    44.42s Checking existence of `"train-start-graph-construction" Any`
    t =    44.52s Checking existence of `"Response for y (grid units)" TextField`
    t =    44.62s Find the "Response for y (grid units)" TextField
    t =    44.75s Find the "Response for y (grid units)" TextField
    t =    44.90s Find the ScrollView at {{0.0, 154.5}, {375.0, 512.5}}
    t =    44.98s Checking existence of `"Response for y (grid units)" TextField`
    t =    45.08s Find the "Response for y (grid units)" TextField
    t =    45.21s Find the "Response for y (grid units)" TextField
    t =    45.32s Find the "Response for y (grid units)" TextField
    t =    45.44s Checking existence of `"Response for y (grid units)" TextField`
    t =    45.55s Find the "Response for y (grid units)" TextField
    t =    45.67s Find the ScrollView at {{0.0, 154.5}, {375.0, 512.5}}
    t =    45.74s Checking existence of `"Response for y (grid units)" TextField`
    t =    45.84s Find the "Response for y (grid units)" TextField
    t =    45.95s Press Target Application 'com.zacrotech.NeuroForge'[0.00, 0.00] -> (12.0, 305.3) for 0.1 seconds, then drag to Target Application 'com.zacrotech.NeuroForge'[0.00, 0.00] -> (12.0, 228.3) with velocity of 250.00 pixels per second, and then hold for 0.2 seconds 
    t =    45.95s     Wait for com.zacrotech.NeuroForge to idle
    t =    45.95s     Find the Target Application 'com.zacrotech.NeuroForge'
    t =    46.00s     Check for interrupting elements affecting "NeuroForge" Application
    t =    46.15s     Synthesize event
    t =    46.16s         Find the Target Application 'com.zacrotech.NeuroForge'
    t =    46.21s         Find the Target Application 'com.zacrotech.NeuroForge'
    t =    46.27s         Find the Target Application 'com.zacrotech.NeuroForge'
    t =    46.33s         Find the Target Application 'com.zacrotech.NeuroForge'
    t =    46.41s         Find the Target Application 'com.zacrotech.NeuroForge'
    t =    47.32s     Wait for com.zacrotech.NeuroForge to idle
    t =    47.33s Get all elements bound by index for: Descendants matching type ScrollView
    t =    47.43s Find the ScrollView (Element at index 0)
    t =    47.54s Find the Target Application 'com.zacrotech.NeuroForge'
    t =    47.63s Checking existence of `Keyboard (First Match)`
    t =    47.69s Find the Keyboard (First Match)
    t =    47.75s Get all elements bound by index for: Descendants matching type NavigationBar
    t =    47.82s Find the NavigationBar (Element at index 0)
    t =    47.91s Find the ScrollView at {{0.0, 154.5}, {375.0, 512.5}}
    t =    47.99s Find the ScrollView at {{0.0, 154.5}, {375.0, 512.5}}
    t =    48.10s Get all elements bound by index for: Descendants matching type TabBar
    t =    48.17s Find the TabBar (Element at index 0)
    t =    48.24s Checking existence of `"Response for y (grid units)" TextField`
    t =    48.37s Find the "Response for y (grid units)" TextField
    t =    48.51s Checking existence of `"session-submit" Any`
    t =    48.63s Find the "session-submit" Any
    t =    48.83s Find the "session-submit" Button
    t =    49.10s Find the "session-submit" Button
    t =    49.28s Checking existence of `"session-next" Any`
    t =    49.45s Checking existence of `"train-start-practice" Any`
    t =    49.60s Checking existence of `"train-start-graph-construction" Any`
    t =    49.73s Checking existence of `"Response for y (grid units)" TextField`
    t =    49.89s Find the "Response for y (grid units)" TextField
    t =    50.02s Find the "Response for y (grid units)" TextField
    t =    50.21s Find the ScrollView at {{0.0, 154.5}, {375.0, 512.5}}
    t =    50.28s Checking existence of `"Response for y (grid units)" TextField`
    t =    50.42s Find the "Response for y (grid units)" TextField
    t =    50.81s Find the "Response for y (grid units)" TextField
    t =    51.02s Find the "Response for y (grid units)" TextField
    t =    51.25s Checking existence of `"Response for y (grid units)" TextField`
    t =    51.40s Find the "Response for y (grid units)" TextField
    t =    51.64s Find the ScrollView at {{0.0, 154.5}, {375.0, 512.5}}
    t =    51.72s Checking existence of `"Response for y (grid units)" TextField`
    t =    51.94s Find the "Response for y (grid units)" TextField
    t =    52.17s Press Target Application 'com.zacrotech.NeuroForge'[0.00, 0.00] -> (12.0, 305.3) for 0.1 seconds, then drag to Target Application 'com.zacrotech.NeuroForge'[0.00, 0.00] -> (12.0, 289.3) with velocity of 250.00 pixels per second, and then hold for 0.2 seconds 
    t =    52.17s     Wait for com.zacrotech.NeuroForge to idle
    t =    52.18s     Find the Target Application 'com.zacrotech.NeuroForge'
    t =    52.37s     Check for interrupting elements affecting "NeuroForge" Application
    t =    52.61s     Synthesize event
    t =    52.62s         Find the Target Application 'com.zacrotech.NeuroForge'
    t =    52.70s         Find the Target Application 'com.zacrotech.NeuroForge'
    t =    52.78s         Find the Target Application 'com.zacrotech.NeuroForge'
    t =    52.84s         Find the Target Application 'com.zacrotech.NeuroForge'
    t =    52.93s         Find the Target Application 'com.zacrotech.NeuroForge'
    t =    53.62s     Wait for com.zacrotech.NeuroForge to idle
    t =    53.63s Get all elements bound by index for: Descendants matching type ScrollView
    t =    53.75s Find the ScrollView (Element at index 0)
    t =    53.89s Find the Target Application 'com.zacrotech.NeuroForge'
    t =    53.97s Checking existence of `Keyboard (First Match)`
    t =    53.99s Find the Keyboard (First Match)
    t =    54.01s Get all elements bound by index for: Descendants matching type NavigationBar
    t =    54.13s Find the NavigationBar (Element at index 0)
    t =    54.24s Find the ScrollView at {{0.0, 154.5}, {375.0, 512.5}}
    t =    54.34s Find the ScrollView at {{0.0, 154.5}, {375.0, 512.5}}
    t =    54.42s Get all elements bound by index for: Descendants matching type TabBar
    t =    54.49s Find the TabBar (Element at index 0)
    t =    54.58s Checking existence of `"Response for y (grid units)" TextField`
    t =    54.81s Find the "Response for y (grid units)" TextField
    t =    55.00s Checking existence of `"session-submit" Any`
    t =    55.18s Find the "session-submit" Any
    t =    55.33s Find the "session-submit" Button
    t =    55.53s Find the "session-submit" Button
    t =    55.75s Checking existence of `"session-next" Any`
    t =    55.91s Checking existence of `"train-start-practice" Any`
    t =    56.04s Checking existence of `"train-start-graph-construction" Any`
    t =    56.17s Checking existence of `"Response for y (grid units)" TextField`
    t =    56.37s Find the "Response for y (grid units)" TextField
    t =    56.55s Find the "Response for y (grid units)" TextField
    t =    56.73s Find the ScrollView at {{0.0, 154.5}, {375.0, 512.5}}
    t =    56.82s Checking existence of `"Response for y (grid units)" TextField`
    t =    57.01s Find the "Response for y (grid units)" TextField
    t =    57.26s Find the "Response for y (grid units)" TextField
    t =    57.48s Find the "Response for y (grid units)" TextField
    t =    57.61s Checking existence of `"Response for y (grid units)" TextField`
    t =    57.76s Find the "Response for y (grid units)" TextField
    t =    57.88s Find the ScrollView at {{0.0, 154.5}, {375.0, 512.5}}
    t =    57.95s Checking existence of `"Response for y (grid units)" TextField`
    t =    58.13s Find the "Response for y (grid units)" TextField
    t =    58.26s Press Target Application 'com.zacrotech.NeuroForge'[0.00, 0.00] -> (12.0, 305.3) for 0.1 seconds, then drag to Target Application 'com.zacrotech.NeuroForge'[0.00, 0.00] -> (12.0, 289.3) with velocity of 250.00 pixels per second, and then hold for 0.2 seconds 
    t =    58.26s     Wait for com.zacrotech.NeuroForge to idle
    t =    58.27s     Find the Target Application 'com.zacrotech.NeuroForge'
    t =    58.35s     Check for interrupting elements affecting "NeuroForge" Application
    t =    58.63s     Synthesize event
    t =    58.64s         Find the Target Application 'com.zacrotech.NeuroForge'
    t =    58.70s         Find the Target Application 'com.zacrotech.NeuroForge'
    t =    58.77s         Find the Target Application 'com.zacrotech.NeuroForge'
    t =    58.84s         Find the Target Application 'com.zacrotech.NeuroForge'
    t =    58.93s         Find the Target Application 'com.zacrotech.NeuroForge'
    t =    59.61s     Wait for com.zacrotech.NeuroForge to idle
    t =    59.62s Get all elements bound by index for: Descendants matching type ScrollView
    t =    59.74s Find the ScrollView (Element at index 0)
    t =    59.86s Find the Target Application 'com.zacrotech.NeuroForge'
    t =    59.94s Checking existence of `Keyboard (First Match)`
    t =    59.98s Find the Keyboard (First Match)
    t =    60.01s Get all elements bound by index for: Descendants matching type NavigationBar
    t =    60.10s Find the NavigationBar (Element at index 0)
    t =    60.24s Find the ScrollView at {{0.0, 154.5}, {375.0, 512.5}}
    t =    60.39s Find the ScrollView at {{0.0, 154.5}, {375.0, 512.5}}
    t =    60.49s Get all elements bound by index for: Descendants matching type TabBar
    t =    60.63s Find the TabBar (Element at index 0)
    t =    60.74s Checking existence of `"Response for y (grid units)" TextField`
    t =    61.00s Find the "Response for y (grid units)" TextField
    t =    61.14s Checking existence of `"session-submit" Any`
    t =    61.39s Find the "session-submit" Any
    t =    61.65s Find the "session-submit" Button
    t =    61.89s Find the "session-submit" Button
    t =    62.10s Checking existence of `"session-next" Any`
    t =    62.26s Checking existence of `"train-start-practice" Any`
    t =    62.39s Checking existence of `"train-start-graph-construction" Any`
    t =    62.63s Checking existence of `"Response for y (grid units)" TextField`
    t =    62.75s Find the "Response for y (grid units)" TextField
    t =    62.89s Find the "Response for y (grid units)" TextField
    t =    63.04s Find the ScrollView at {{0.0, 154.5}, {375.0, 512.5}}
    t =    63.12s Checking existence of `"Response for y (grid units)" TextField`
    t =    63.23s Find the "Response for y (grid units)" TextField
    t =    63.37s Find the "Response for y (grid units)" TextField
    t =    63.49s Find the "Response for y (grid units)" TextField
    t =    63.64s Checking existence of `"Response for y (grid units)" TextField`
    t =    63.77s Find the "Response for y (grid units)" TextField
    t =    63.90s Find the ScrollView at {{0.0, 154.5}, {375.0, 512.5}}
    t =    63.98s Checking existence of `"Response for y (grid units)" TextField`
    t =    64.13s Find the "Response for y (grid units)" TextField
    t =    64.26s Press Target Application 'com.zacrotech.NeuroForge'[0.00, 0.00] -> (12.0, 305.3) for 0.1 seconds, then drag to Target Application 'com.zacrotech.NeuroForge'[0.00, 0.00] -> (12.0, 289.3) with velocity of 250.00 pixels per second, and then hold for 0.2 seconds 
    t =    64.26s     Wait for com.zacrotech.NeuroForge to idle
    t =    64.26s     Find the Target Application 'com.zacrotech.NeuroForge'
    t =    64.33s     Check for interrupting elements affecting "NeuroForge" Application
    t =    64.48s     Synthesize event
    t =    64.49s         Find the Target Application 'com.zacrotech.NeuroForge'
    t =    64.57s         Find the Target Application 'com.zacrotech.NeuroForge'
    t =    64.64s         Find the Target Application 'com.zacrotech.NeuroForge'
    t =    64.71s         Find the Target Application 'com.zacrotech.NeuroForge'
    t =    64.79s         Find the Target Application 'com.zacrotech.NeuroForge'
    t =    65.47s     Wait for com.zacrotech.NeuroForge to idle
    t =    65.48s Get all elements bound by index for: Descendants matching type ScrollView
    t =    65.63s Find the ScrollView (Element at index 0)
    t =    65.74s Find the Target Application 'com.zacrotech.NeuroForge'
    t =    65.84s Checking existence of `Keyboard (First Match)`
    t =    65.89s Find the Keyboard (First Match)
    t =    65.92s Get all elements bound by index for: Descendants matching type NavigationBar
    t =    66.00s Find the NavigationBar (Element at index 0)
    t =    66.11s Find the ScrollView at {{0.0, 154.5}, {375.0, 512.5}}
    t =    66.21s Find the ScrollView at {{0.0, 154.5}, {375.0, 512.5}}
    t =    66.33s Get all elements bound by index for: Descendants matching type TabBar
    t =    66.40s Find the TabBar (Element at index 0)
    t =    66.48s Checking existence of `"Response for y (grid units)" TextField`
    t =    66.64s Find the "Response for y (grid units)" TextField
    t =    66.87s Checking existence of `"session-submit" Any`
    t =    67.01s Find the "session-submit" Any
    t =    67.27s Find the "session-submit" Button
    t =    67.54s Find the "session-submit" Button
    t =    67.78s Checking existence of `"session-next" Any`
    t =    68.02s Checking existence of `"train-start-practice" Any`
    t =    68.14s Checking existence of `"train-start-graph-construction" Any`
    t =    68.39s Checking existence of `"Response for y (grid units)" TextField`
    t =    68.63s Find the "Response for y (grid units)" TextField
    t =    68.75s Find the "Response for y (grid units)" TextField
    t =    68.91s Find the ScrollView at {{0.0, 154.5}, {375.0, 512.5}}
    t =    68.99s Checking existence of `"Response for y (grid units)" TextField`
    t =    69.15s Find the "Response for y (grid units)" TextField
    t =    69.28s Find the "Response for y (grid units)" TextField
    t =    69.46s Find the "Response for y (grid units)" TextField
    t =    69.64s Checking existence of `"Response for y (grid units)" TextField`
    t =    69.78s Find the "Response for y (grid units)" TextField
    t =    69.92s Find the ScrollView at {{0.0, 154.5}, {375.0, 512.5}}
    t =    70.01s Checking existence of `"Response for y (grid units)" TextField`
    t =    70.14s Find the "Response for y (grid units)" TextField
    t =    70.27s Press Target Application 'com.zacrotech.NeuroForge'[0.00, 0.00] -> (12.0, 305.3) for 0.1 seconds, then drag to Target Application 'com.zacrotech.NeuroForge'[0.00, 0.00] -> (12.0, 289.3) with velocity of 250.00 pixels per second, and then hold for 0.2 seconds 
    t =    70.27s     Wait for com.zacrotech.NeuroForge to idle
    t =    70.28s     Find the Target Application 'com.zacrotech.NeuroForge'
    t =    70.36s     Check for interrupting elements affecting "NeuroForge" Application
    t =    70.65s     Synthesize event
    t =    70.65s         Find the Target Application 'com.zacrotech.NeuroForge'
    t =    70.72s         Find the Target Application 'com.zacrotech.NeuroForge'
    t =    70.80s         Find the Target Application 'com.zacrotech.NeuroForge'
    t =    70.91s         Find the Target Application 'com.zacrotech.NeuroForge'
    t =    71.01s         Find the Target Application 'com.zacrotech.NeuroForge'
    t =    71.69s     Wait for com.zacrotech.NeuroForge to idle
    t =    71.70s Get all elements bound by index for: Descendants matching type ScrollView
    t =    71.80s Find the ScrollView (Element at index 0)
    t =    71.89s Find the Target Application 'com.zacrotech.NeuroForge'
    t =    71.96s Checking existence of `Keyboard (First Match)`
    t =    71.98s Find the Keyboard (First Match)
    t =    72.01s Get all elements bound by index for: Descendants matching type NavigationBar
    t =    72.09s Find the NavigationBar (Element at index 0)
    t =    72.18s Find the ScrollView at {{0.0, 154.5}, {375.0, 512.5}}
    t =    72.25s Find the ScrollView at {{0.0, 154.5}, {375.0, 512.5}}
    t =    72.32s Get all elements bound by index for: Descendants matching type TabBar
    t =    72.38s Find the TabBar (Element at index 0)
    t =    72.46s Checking existence of `"Response for y (grid units)" TextField`
    t =    72.59s Find the "Response for y (grid units)" TextField
    t =    72.70s Checking existence of `"session-submit" Any`
    t =    72.89s Find the "session-submit" Any
    t =    73.16s Find the "session-submit" Button
    t =    73.40s Find the "session-submit" Button
    t =    73.52s Checking existence of `"session-next" Any`
    t =    73.65s Checking existence of `"train-start-practice" Any`
    t =    73.88s Checking existence of `"train-start-graph-construction" Any`
    t =    74.13s Checking existence of `"Response for y (grid units)" TextField`
    t =    74.25s Find the "Response for y (grid units)" TextField
    t =    74.40s Find the "Response for y (grid units)" TextField
    t =    74.64s Find the ScrollView at {{0.0, 154.5}, {375.0, 512.5}}
    t =    74.72s Checking existence of `"Response for y (grid units)" TextField`
    t =    74.88s Find the "Response for y (grid units)" TextField
    t =    75.02s Find the "Response for y (grid units)" TextField
    t =    75.16s Find the "Response for y (grid units)" TextField
    t =    75.33s Find the "Response for y (grid units)" TextField
    t =    75.52s Press "Response for y (grid units)" TextField for 0.1 seconds
    t =    75.52s     Wait for com.zacrotech.NeuroForge to idle
    t =    75.52s     Find the "Response for y (grid units)" TextField
    t =    75.69s     Check for interrupting elements affecting "Response for y (grid units)" TextField
    t =    75.90s     Synthesize event
    t =    76.37s     Wait for com.zacrotech.NeuroForge to idle
    t =    78.14s Waiting 5.0s for Keyboard (First Match) to exist
    t =    79.16s     Checking `Expect predicate `existsNoRetry == 1` for object Keyboard (First Match)`
    t =    79.18s         Checking existence of `Keyboard (First Match)`
    t =    79.22s Type '1' into "Response for y (grid units)" TextField
    t =    79.22s     Wait for com.zacrotech.NeuroForge to idle
    t =    79.22s     Find the "Response for y (grid units)" TextField
    t =    79.51s     Check for interrupting elements affecting "Response for y (grid units)" TextField
    t =    79.68s     Synthesize event
    t =    79.93s     Wait for com.zacrotech.NeuroForge to idle
    t =    80.98s Checking `Expect predicate `value == "1"` for object "Response for y (grid units)" TextField`
    t =    80.98s     Find the "Response for y (grid units)" TextField
    t =    81.12s Get all elements bound by index for: Descendants matching type ScrollView
    t =    81.22s Find the ScrollView (Element at index 0)
    t =    81.30s Find the Target Application 'com.zacrotech.NeuroForge'
    t =    81.36s Checking existence of `Keyboard (First Match)`
    t =    81.39s Find the Keyboard (First Match)
    t =    81.41s Get all elements bound by index for: Descendants matching type NavigationBar
    t =    81.49s Find the NavigationBar (Element at index 0)
    t =    81.59s Find the ScrollView at {{0.0, 154.5}, {375.0, 512.5}}
    t =    81.67s Find the ScrollView at {{0.0, 154.5}, {375.0, 512.5}}
    t =    81.75s Get all elements bound by index for: Descendants matching type TabBar
    t =    81.83s Find the TabBar (Element at index 0)
    t =    81.93s Checking existence of `"Use a hint" Button`
    t =    82.07s Find the "Use a hint" Button
    t =    82.20s Checking existence of `"session-submit" Any`
    t =    82.33s Find the "session-submit" Any
    t =    82.46s Find the "session-submit" Button
    t =    82.60s Find the "session-submit" Button
    t =    82.72s Checking existence of `"session-next" Any`
    t =    82.84s Checking existence of `"train-start-practice" Any`
    t =    82.98s Checking existence of `"train-start-graph-construction" Any`
    t =    83.10s Checking existence of `"Use a hint" Button`
    t =    83.23s Find the "Use a hint" Button
    t =    83.35s Find the "Use a hint" Button
    t =    83.48s Find the ScrollView at {{0.0, 154.5}, {375.0, 512.5}}
    t =    83.59s Checking existence of `"Use a hint" Button`
    t =    83.81s Find the "Use a hint" Button
    t =    84.07s Checking existence of `"Use a hint" Button`
    t =    84.21s Find the "Use a hint" Button
    t =    84.35s Find the ScrollView at {{0.0, 154.5}, {375.0, 512.5}}
    t =    84.42s Checking existence of `"Use a hint" Button`
    t =    84.52s Find the "Use a hint" Button
    t =    84.66s Press Target Application 'com.zacrotech.NeuroForge'[0.00, 0.00] -> (12.0, 305.3) for 0.1 seconds, then drag to Target Application 'com.zacrotech.NeuroForge'[0.00, 0.00] -> (12.0, 193.7) with velocity of 250.00 pixels per second, and then hold for 0.2 seconds 
    t =    84.66s     Wait for com.zacrotech.NeuroForge to idle
    t =    84.66s     Find the Target Application 'com.zacrotech.NeuroForge'
    t =    84.72s     Check for interrupting elements affecting "NeuroForge" Application
    t =    84.92s     Synthesize event
    t =    84.93s         Find the Target Application 'com.zacrotech.NeuroForge'
    t =    85.03s         Find the Target Application 'com.zacrotech.NeuroForge'
    t =    85.09s         Find the Target Application 'com.zacrotech.NeuroForge'
    t =    85.15s         Find the Target Application 'com.zacrotech.NeuroForge'
    t =    85.23s         Find the Target Application 'com.zacrotech.NeuroForge'
    t =    86.28s     Wait for com.zacrotech.NeuroForge to idle
    t =    86.29s Get all elements bound by index for: Descendants matching type ScrollView
    t =    86.41s Find the ScrollView (Element at index 0)
    t =    86.56s Find the Target Application 'com.zacrotech.NeuroForge'
    t =    86.65s Checking existence of `Keyboard (First Match)`
    t =    86.67s Find the Keyboard (First Match)
    t =    86.70s Get all elements bound by index for: Descendants matching type NavigationBar
    t =    86.78s Find the NavigationBar (Element at index 0)
    t =    86.88s Find the ScrollView at {{0.0, 154.5}, {375.0, 512.5}}
    t =    86.97s Find the ScrollView at {{0.0, 154.5}, {375.0, 512.5}}
    t =    87.06s Get all elements bound by index for: Descendants matching type TabBar
    t =    87.15s Find the TabBar (Element at index 0)
    t =    87.26s Checking existence of `"Use a hint" Button`
    t =    87.44s Find the "Use a hint" Button
    t =    87.55s Checking existence of `"session-submit" Any`
    t =    87.69s Find the "session-submit" Any
    t =    87.84s Find the "session-submit" Button
    t =    87.98s Find the "session-submit" Button
    t =    88.14s Checking existence of `"session-next" Any`
    t =    88.28s Checking existence of `"train-start-practice" Any`
    t =    88.58s Checking existence of `"train-start-graph-construction" Any`
    t =    88.73s Checking existence of `"Use a hint" Button`
    t =    88.87s Find the "Use a hint" Button
    t =    89.01s Find the "Use a hint" Button
    t =    89.16s Find the ScrollView at {{0.0, 154.5}, {375.0, 512.5}}
    t =    89.24s Checking existence of `"Use a hint" Button`
    t =    89.34s Find the "Use a hint" Button
    t =    89.47s Find the "Use a hint" Button
    t =    89.59s Find the "Use a hint" Button
    t =    89.73s Checking existence of `"Use a hint" Button`
    t =    89.87s Find the "Use a hint" Button
    t =    90.01s Find the ScrollView at {{0.0, 154.5}, {375.0, 512.5}}
    t =    90.08s Checking existence of `"Use a hint" Button`
    t =    90.17s Find the "Use a hint" Button
    t =    90.27s Press Target Application 'com.zacrotech.NeuroForge'[0.00, 0.00] -> (12.0, 305.3) for 0.1 seconds, then drag to Target Application 'com.zacrotech.NeuroForge'[0.00, 0.00] -> (12.0, 253.3) with velocity of 250.00 pixels per second, and then hold for 0.2 seconds 
    t =    90.28s     Wait for com.zacrotech.NeuroForge to idle
    t =    90.28s     Find the Target Application 'com.zacrotech.NeuroForge'
    t =    90.34s     Check for interrupting elements affecting "NeuroForge" Application
    t =    90.48s     Synthesize event
    t =    90.48s         Find the Target Application 'com.zacrotech.NeuroForge'
    t =    90.53s         Find the Target Application 'com.zacrotech.NeuroForge'
    t =    90.59s         Find the Target Application 'com.zacrotech.NeuroForge'
    t =    90.64s         Find the Target Application 'com.zacrotech.NeuroForge'
    t =    90.70s         Find the Target Application 'com.zacrotech.NeuroForge'
    t =    91.49s     Wait for com.zacrotech.NeuroForge to idle
    t =    91.50s Get all elements bound by index for: Descendants matching type ScrollView
    t =    91.57s Find the ScrollView (Element at index 0)
    t =    91.65s Find the Target Application 'com.zacrotech.NeuroForge'
    t =    91.71s Checking existence of `Keyboard (First Match)`
    t =    91.73s Find the Keyboard (First Match)
    t =    91.74s Get all elements bound by index for: Descendants matching type NavigationBar
    t =    91.80s Find the NavigationBar (Element at index 0)
    t =    91.88s Find the ScrollView at {{0.0, 154.5}, {375.0, 512.5}}
    t =    91.95s Find the ScrollView at {{0.0, 154.5}, {375.0, 512.5}}
    t =    92.02s Get all elements bound by index for: Descendants matching type TabBar
    t =    92.08s Find the TabBar (Element at index 0)
    t =    92.14s Checking existence of `"Use a hint" Button`
    t =    92.25s Find the "Use a hint" Button
    t =    92.35s Checking existence of `"session-submit" Any`
    t =    92.45s Find the "session-submit" Any
    t =    92.56s Find the "session-submit" Button
    t =    92.67s Find the "session-submit" Button
    t =    92.77s Checking existence of `"session-next" Any`
    t =    92.87s Checking existence of `"train-start-practice" Any`
    t =    92.97s Checking existence of `"train-start-graph-construction" Any`
    t =    93.08s Checking existence of `"Use a hint" Button`
    t =    93.17s Find the "Use a hint" Button
    t =    93.28s Find the "Use a hint" Button
    t =    93.40s Find the ScrollView at {{0.0, 154.5}, {375.0, 512.5}}
    t =    93.46s Checking existence of `"Use a hint" Button`
    t =    93.56s Find the "Use a hint" Button
    t =    93.68s Find the "Use a hint" Button
    t =    93.79s Find the "Use a hint" Button
    t =    93.90s Checking existence of `"Use a hint" Button`
    t =    94.01s Find the "Use a hint" Button
    t =    94.15s Find the ScrollView at {{0.0, 154.5}, {375.0, 512.5}}
    t =    94.23s Checking existence of `"Use a hint" Button`
    t =    94.33s Find the "Use a hint" Button
    t =    94.43s Press Target Application 'com.zacrotech.NeuroForge'[0.00, 0.00] -> (12.0, 305.3) for 0.1 seconds, then drag to Target Application 'com.zacrotech.NeuroForge'[0.00, 0.00] -> (12.0, 253.3) with velocity of 250.00 pixels per second, and then hold for 0.2 seconds 
    t =    94.43s     Wait for com.zacrotech.NeuroForge to idle
    t =    94.43s     Find the Target Application 'com.zacrotech.NeuroForge'
    t =    94.49s     Check for interrupting elements affecting "NeuroForge" Application
    t =    94.62s     Synthesize event
    t =    94.63s         Find the Target Application 'com.zacrotech.NeuroForge'
    t =    94.68s         Find the Target Application 'com.zacrotech.NeuroForge'
    t =    94.74s         Find the Target Application 'com.zacrotech.NeuroForge'
    t =    94.79s         Find the Target Application 'com.zacrotech.NeuroForge'
    t =    94.84s         Find the Target Application 'com.zacrotech.NeuroForge'
    t =    95.63s     Wait for com.zacrotech.NeuroForge to idle
    t =    95.64s Get all elements bound by index for: Descendants matching type ScrollView
    t =    95.72s Find the ScrollView (Element at index 0)
    t =    95.79s Find the Target Application 'com.zacrotech.NeuroForge'
    t =    95.84s Checking existence of `Keyboard (First Match)`
    t =    95.86s Find the Keyboard (First Match)
    t =    95.88s Get all elements bound by index for: Descendants matching type NavigationBar
    t =    95.94s Find the NavigationBar (Element at index 0)
    t =    96.02s Find the ScrollView at {{0.0, 154.5}, {375.0, 512.5}}
    t =    96.08s Find the ScrollView at {{0.0, 154.5}, {375.0, 512.5}}
    t =    96.14s Get all elements bound by index for: Descendants matching type TabBar
    t =    96.19s Find the TabBar (Element at index 0)
    t =    96.27s Checking existence of `"Use a hint" Button`
    t =    96.38s Find the "Use a hint" Button
    t =    96.47s Checking existence of `"session-submit" Any`
    t =    96.59s Find the "session-submit" Any
    t =    96.71s Find the "session-submit" Button
    t =    96.82s Find the "session-submit" Button
    t =    96.93s Checking existence of `"session-next" Any`
    t =    97.02s Checking existence of `"train-start-practice" Any`
    t =    97.12s Checking existence of `"train-start-graph-construction" Any`
    t =    97.21s Checking existence of `"Use a hint" Button`
    t =    97.30s Find the "Use a hint" Button
    t =    97.39s Find the "Use a hint" Button
    t =    97.51s Find the ScrollView at {{0.0, 154.5}, {375.0, 512.5}}
    t =    97.58s Checking existence of `"Use a hint" Button`
    t =    97.71s Find the "Use a hint" Button
    t =    97.85s Find the "Use a hint" Button
    t =    97.98s Find the "Use a hint" Button
    t =    98.23s Checking existence of `"Use a hint" Button`
    t =    98.34s Find the "Use a hint" Button
    t =    98.45s Find the ScrollView at {{0.0, 154.5}, {375.0, 512.5}}
    t =    98.52s Checking existence of `"Use a hint" Button`
    t =    98.63s Find the "Use a hint" Button
    t =    98.92s Press Target Application 'com.zacrotech.NeuroForge'[0.00, 0.00] -> (12.0, 305.3) for 0.1 seconds, then drag to Target Application 'com.zacrotech.NeuroForge'[0.00, 0.00] -> (12.0, 289.3) with velocity of 250.00 pixels per second, and then hold for 0.2 seconds 
    t =    98.93s     Wait for com.zacrotech.NeuroForge to idle
    t =    98.94s     Find the Target Application 'com.zacrotech.NeuroForge'
    t =    99.03s     Check for interrupting elements affecting "NeuroForge" Application
    t =    99.54s     Synthesize event
    t =    99.55s         Find the Target Application 'com.zacrotech.NeuroForge'
    t =    99.69s         Find the Target Application 'com.zacrotech.NeuroForge'
    t =    99.76s         Find the Target Application 'com.zacrotech.NeuroForge'
    t =    99.81s         Find the Target Application 'com.zacrotech.NeuroForge'
    t =    99.89s         Find the Target Application 'com.zacrotech.NeuroForge'
    t =   100.58s     Wait for com.zacrotech.NeuroForge to idle
    t =   100.59s Get all elements bound by index for: Descendants matching type ScrollView
    t =   100.67s Find the ScrollView (Element at index 0)
    t =   100.76s Find the Target Application 'com.zacrotech.NeuroForge'
    t =   100.82s Checking existence of `Keyboard (First Match)`
    t =   100.83s Find the Keyboard (First Match)
    t =   100.85s Get all elements bound by index for: Descendants matching type NavigationBar
    t =   100.92s Find the NavigationBar (Element at index 0)
    t =   101.00s Find the ScrollView at {{0.0, 154.5}, {375.0, 512.5}}
    t =   101.07s Find the ScrollView at {{0.0, 154.5}, {375.0, 512.5}}
    t =   101.13s Get all elements bound by index for: Descendants matching type TabBar
    t =   101.19s Find the TabBar (Element at index 0)
    t =   101.27s Checking existence of `"Use a hint" Button`
    t =   101.44s Find the "Use a hint" Button
    t =   101.55s Checking existence of `"session-submit" Any`
    t =   101.68s Find the "session-submit" Any
    t =   101.82s Find the "session-submit" Button
    t =   101.95s Find the "session-submit" Button
    t =   102.07s Checking existence of `"session-next" Any`
    t =   102.18s Checking existence of `"train-start-practice" Any`
    t =   102.29s Checking existence of `"train-start-graph-construction" Any`
    t =   102.41s Checking existence of `"Use a hint" Button`
    t =   102.51s Find the "Use a hint" Button
    t =   102.62s Find the "Use a hint" Button
    t =   102.73s Find the ScrollView at {{0.0, 154.5}, {375.0, 512.5}}
    t =   102.80s Checking existence of `"Use a hint" Button`
    t =   102.90s Find the "Use a hint" Button
    t =   103.01s Find the "Use a hint" Button
    t =   103.11s Find the "Use a hint" Button
    t =   103.22s Checking existence of `"Use a hint" Button`
    t =   103.32s Find the "Use a hint" Button
    t =   103.42s Find the ScrollView at {{0.0, 154.5}, {375.0, 512.5}}
    t =   103.48s Checking existence of `"Use a hint" Button`
    t =   103.57s Find the "Use a hint" Button
    t =   103.68s Press Target Application 'com.zacrotech.NeuroForge'[0.00, 0.00] -> (12.0, 305.3) for 0.1 seconds, then drag to Target Application 'com.zacrotech.NeuroForge'[0.00, 0.00] -> (12.0, 289.3) with velocity of 250.00 pixels per second, and then hold for 0.2 seconds 
    t =   103.68s     Wait for com.zacrotech.NeuroForge to idle
    t =   103.68s     Find the Target Application 'com.zacrotech.NeuroForge'
    t =   103.74s     Check for interrupting elements affecting "NeuroForge" Application
    t =   103.88s     Synthesize event
    t =   103.88s         Find the Target Application 'com.zacrotech.NeuroForge'
    t =   103.93s         Find the Target Application 'com.zacrotech.NeuroForge'
    t =   103.99s         Find the Target Application 'com.zacrotech.NeuroForge'
    t =   104.04s         Find the Target Application 'com.zacrotech.NeuroForge'
    t =   104.10s         Find the Target Application 'com.zacrotech.NeuroForge'
    t =   104.80s     Wait for com.zacrotech.NeuroForge to idle
    t =   104.81s Get all elements bound by index for: Descendants matching type ScrollView
    t =   104.88s Find the ScrollView (Element at index 0)
    t =   104.97s Find the Target Application 'com.zacrotech.NeuroForge'
    t =   105.03s Checking existence of `Keyboard (First Match)`
    t =   105.05s Find the Keyboard (First Match)
    t =   105.08s Get all elements bound by index for: Descendants matching type NavigationBar
    t =   105.14s Find the NavigationBar (Element at index 0)
    t =   105.24s Find the ScrollView at {{0.0, 154.5}, {375.0, 512.5}}
    t =   105.33s Find the ScrollView at {{0.0, 154.5}, {375.0, 512.5}}
    t =   105.43s Get all elements bound by index for: Descendants matching type TabBar
    t =   105.62s Find the TabBar (Element at index 0)
    t =   105.89s Checking existence of `"Use a hint" Button`
    t =   106.10s Find the "Use a hint" Button
    t =   106.22s Checking existence of `"session-submit" Any`
    t =   106.39s Find the "session-submit" Any
    t =   106.58s Find the "session-submit" Button
    t =   106.72s Find the "session-submit" Button
    t =   106.83s Checking existence of `"session-next" Any`
    t =   106.94s Checking existence of `"train-start-practice" Any`
    t =   107.04s Checking existence of `"train-start-graph-construction" Any`
    t =   107.14s Checking existence of `"Use a hint" Button`
    t =   107.24s Find the "Use a hint" Button
    t =   107.35s Find the "Use a hint" Button
    t =   107.46s Find the ScrollView at {{0.0, 154.5}, {375.0, 512.5}}
    t =   107.53s Checking existence of `"Use a hint" Button`
    t =   107.63s Find the "Use a hint" Button
    t =   107.74s Find the "Use a hint" Button
    t =   107.86s Find the "Use a hint" Button
    t =   108.00s Checking existence of `"Use a hint" Button`
    t =   108.11s Find the "Use a hint" Button
    t =   108.21s Find the ScrollView at {{0.0, 154.5}, {375.0, 512.5}}
    t =   108.28s Checking existence of `"Use a hint" Button`
    t =   108.38s Find the "Use a hint" Button
    t =   108.48s Press Target Application 'com.zacrotech.NeuroForge'[0.00, 0.00] -> (12.0, 305.3) for 0.1 seconds, then drag to Target Application 'com.zacrotech.NeuroForge'[0.00, 0.00] -> (12.0, 289.3) with velocity of 250.00 pixels per second, and then hold for 0.2 seconds 
    t =   108.48s     Wait for com.zacrotech.NeuroForge to idle
    t =   108.49s     Find the Target Application 'com.zacrotech.NeuroForge'
    t =   108.54s     Check for interrupting elements affecting "NeuroForge" Application
    t =   108.68s     Synthesize event
    t =   108.69s         Find the Target Application 'com.zacrotech.NeuroForge'
    t =   108.74s         Find the Target Application 'com.zacrotech.NeuroForge'
    t =   108.79s         Find the Target Application 'com.zacrotech.NeuroForge'
    t =   108.85s         Find the Target Application 'com.zacrotech.NeuroForge'
    t =   108.92s         Find the Target Application 'com.zacrotech.NeuroForge'
    t =   109.58s     Wait for com.zacrotech.NeuroForge to idle
    t =   109.58s Get all elements bound by index for: Descendants matching type ScrollView
    t =   109.65s Find the ScrollView (Element at index 0)
    t =   109.72s Find the Target Application 'com.zacrotech.NeuroForge'
    t =   109.77s Checking existence of `Keyboard (First Match)`
    t =   109.78s Find the Keyboard (First Match)
    t =   109.80s Get all elements bound by index for: Descendants matching type NavigationBar
    t =   109.86s Find the NavigationBar (Element at index 0)
    t =   109.93s Find the ScrollView at {{0.0, 154.5}, {375.0, 512.5}}
    t =   110.00s Find the ScrollView at {{0.0, 154.5}, {375.0, 512.5}}
    t =   110.06s Get all elements bound by index for: Descendants matching type TabBar
    t =   110.11s Find the TabBar (Element at index 0)
    t =   110.19s Checking existence of `"Use a hint" Button`
    t =   110.29s Find the "Use a hint" Button
    t =   110.38s Checking existence of `"session-submit" Any`
    t =   110.48s Find the "session-submit" Any
    t =   110.62s Find the "session-submit" Button
    t =   110.73s Find the "session-submit" Button
    t =   110.83s Checking existence of `"session-next" Any`
    t =   110.93s Checking existence of `"train-start-practice" Any`
    t =   111.03s Checking existence of `"train-start-graph-construction" Any`
    t =   111.14s Checking existence of `"Use a hint" Button`
    t =   111.23s Find the "Use a hint" Button
    t =   111.33s Find the "Use a hint" Button
    t =   111.43s Find the ScrollView at {{0.0, 154.5}, {375.0, 512.5}}
    t =   111.49s Checking existence of `"Use a hint" Button`
    t =   111.60s Find the "Use a hint" Button
    t =   111.70s Find the "Use a hint" Button
    t =   111.80s Find the "Use a hint" Button
    t =   111.92s Checking existence of `"Use a hint" Button`
    t =   112.02s Find the "Use a hint" Button
    t =   112.12s Find the ScrollView at {{0.0, 154.5}, {375.0, 512.5}}
    t =   112.18s Checking existence of `"Use a hint" Button`
    t =   112.27s Find the "Use a hint" Button
    t =   112.36s Press Target Application 'com.zacrotech.NeuroForge'[0.00, 0.00] -> (12.0, 305.3) for 0.1 seconds, then drag to Target Application 'com.zacrotech.NeuroForge'[0.00, 0.00] -> (12.0, 289.3) with velocity of 250.00 pixels per second, and then hold for 0.2 seconds 
    t =   112.36s     Wait for com.zacrotech.NeuroForge to idle
    t =   112.36s     Find the Target Application 'com.zacrotech.NeuroForge'
    t =   112.42s     Check for interrupting elements affecting "NeuroForge" Application
    t =   112.48s     Synthesize event
    t =   112.48s         Find the Target Application 'com.zacrotech.NeuroForge'
    t =   112.53s         Find the Target Application 'com.zacrotech.NeuroForge'
    t =   112.59s         Find the Target Application 'com.zacrotech.NeuroForge'
    t =   112.63s         Find the Target Application 'com.zacrotech.NeuroForge'
    t =   112.68s         Find the Target Application 'com.zacrotech.NeuroForge'
    t =   113.30s     Wait for com.zacrotech.NeuroForge to idle
    t =   113.31s Get all elements bound by index for: Descendants matching type ScrollView
    t =   113.39s Find the ScrollView (Element at index 0)
    t =   113.47s Find the Target Application 'com.zacrotech.NeuroForge'
    t =   113.53s Checking existence of `Keyboard (First Match)`
    t =   113.55s Find the Keyboard (First Match)
    t =   113.57s Get all elements bound by index for: Descendants matching type NavigationBar
    t =   113.63s Find the NavigationBar (Element at index 0)
    t =   113.70s Find the ScrollView at {{0.0, 154.5}, {375.0, 512.5}}
    t =   113.76s Find the ScrollView at {{0.0, 154.5}, {375.0, 512.5}}
    t =   113.82s Get all elements bound by index for: Descendants matching type TabBar
    t =   113.87s Find the TabBar (Element at index 0)
    t =   113.94s Checking existence of `"Use a hint" Button`
    t =   114.03s Find the "Use a hint" Button
    t =   114.13s Checking existence of `"session-submit" Any`
    t =   114.23s Find the "session-submit" Any
    t =   114.35s Find the "session-submit" Button
    t =   114.46s Find the "session-submit" Button
    t =   114.57s Checking existence of `"session-next" Any`
    t =   114.69s Checking existence of `"train-start-practice" Any`
    t =   114.85s Checking existence of `"train-start-graph-construction" Any`
    t =   115.00s Checking existence of `"Use a hint" Button`
    t =   115.11s Find the "Use a hint" Button
    t =   115.22s Find the "Use a hint" Button
    t =   115.36s Find the ScrollView at {{0.0, 154.5}, {375.0, 512.5}}
    t =   115.42s Checking existence of `"Use a hint" Button`
    t =   115.52s Find the "Use a hint" Button
    t =   115.65s Find the "Use a hint" Button
    t =   115.76s Find the "Use a hint" Button
    t =   115.89s Find the "Use a hint" Button
    t =   115.99s Find the "Use a hint" Button
    t =   116.10s Get all elements bound by index for: Descendants matching type ScrollView
    t =   116.16s Find the ScrollView (Element at index 0)
    t =   116.23s Find the Target Application 'com.zacrotech.NeuroForge'
    t =   116.29s Checking existence of `Keyboard (First Match)`
    t =   116.30s Find the Keyboard (First Match)
    t =   116.32s Get all elements bound by index for: Descendants matching type NavigationBar
    t =   116.38s Find the NavigationBar (Element at index 0)
    t =   116.46s Find the ScrollView at {{0.0, 154.5}, {375.0, 512.5}}
    t =   116.54s Find the ScrollView at {{0.0, 154.5}, {375.0, 512.5}}
    t =   116.60s Get all elements bound by index for: Descendants matching type TabBar
    t =   116.67s Find the TabBar (Element at index 0)
    t =   116.76s Checking existence of `"Skip — no score" Button`
    t =   116.88s Find the "Skip — no score" Button
    t =   116.99s Checking existence of `"session-submit" Any`
    t =   117.10s Find the "session-submit" Any
    t =   117.22s Find the "session-submit" Button
    t =   117.32s Find the "session-submit" Button
    t =   117.43s Checking existence of `"session-next" Any`
    t =   117.54s Checking existence of `"train-start-practice" Any`
    t =   117.65s Checking existence of `"train-start-graph-construction" Any`
    t =   117.77s Checking existence of `"Skip — no score" Button`
    t =   117.86s Find the "Skip — no score" Button
    t =   117.96s Find the "Skip — no score" Button
    t =   118.07s Find the ScrollView at {{0.0, 154.5}, {375.0, 512.5}}
    t =   118.14s Checking existence of `"Skip — no score" Button`
    t =   118.23s Find the "Skip — no score" Button
    t =   118.33s Find the "Skip — no score" Button
    t =   118.44s Find the "Skip — no score" Button
    t =   118.56s Find the "Skip — no score" Button
    t =   118.66s Find the "Skip — no score" Button
    t =   118.76s Checking existence of `"Confidence (optional)" Button`
    t =   118.85s Get all elements bound by index for: Descendants matching type ScrollView
    t =   118.91s Find the ScrollView (Element at index 0)
    t =   118.97s Find the Target Application 'com.zacrotech.NeuroForge'
    t =   119.02s Checking existence of `Keyboard (First Match)`
    t =   119.04s Find the Keyboard (First Match)
    t =   119.05s Get all elements bound by index for: Descendants matching type NavigationBar
    t =   119.11s Find the NavigationBar (Element at index 0)
    t =   119.19s Find the ScrollView at {{0.0, 154.5}, {375.0, 512.5}}
    t =   119.26s Find the ScrollView at {{0.0, 154.5}, {375.0, 512.5}}
    t =   119.33s Get all elements bound by index for: Descendants matching type TabBar
    t =   119.38s Find the TabBar (Element at index 0)
    t =   119.45s Checking existence of `"Confidence (optional)" Button`
    t =   119.56s Find the "Confidence (optional)" Button
    t =   119.66s Checking existence of `"session-submit" Any`
    t =   119.76s Find the "session-submit" Any
    t =   119.87s Find the "session-submit" Button
    t =   119.98s Find the "session-submit" Button
    t =   120.08s Checking existence of `"session-next" Any`
    t =   120.19s Checking existence of `"train-start-practice" Any`
    t =   120.28s Checking existence of `"train-start-graph-construction" Any`
    t =   120.39s Checking existence of `"Confidence (optional)" Button`
    t =   120.48s Find the "Confidence (optional)" Button
    t =   120.57s Find the "Confidence (optional)" Button
    t =   120.68s Find the ScrollView at {{0.0, 154.5}, {375.0, 512.5}}
    t =   120.74s Checking existence of `"Confidence (optional)" Button`
    t =   120.83s Find the "Confidence (optional)" Button
    t =   120.95s Find the "Confidence (optional)" Button
    t =   121.04s Find the "Confidence (optional)" Button
    t =   121.14s Find the "Confidence (optional)" Button
    t =   121.24s Requesting snapshot of accessibility hierarchy for app with pid 97552
    t =   121.65s Requesting snapshot of accessibility hierarchy for app with pid 97552
    t =   121.77s Added attachment named 'coordinate-answer-utility-targets-spatial.coordinate-rotation-en'
    t =   121.77s Get all elements bound by index for: Descendants matching type TextField
    t =   121.82s Find the TextField (Element at index 0)
    t =   121.89s Find the "Response for x (grid units)" TextField
    t =   121.95s Find the "Response for x (grid units)" TextField
    t =   122.01s Find the "Response for x (grid units)" TextField
    t =   122.07s Find the TextField (Element at index 1)
    t =   122.13s Find the "Response for y (grid units)" TextField
    t =   122.20s Find the "Response for y (grid units)" TextField
    t =   122.26s Find the "Response for y (grid units)" TextField
    t =   122.31s Get all elements bound by index for: Descendants matching type TextView
    t =   122.37s Waiting 8.0s for "session-submit" Any to exist
    t =   123.37s     Checking `Expect predicate `existsNoRetry == 1` for object "session-submit" Any`
    t =   123.38s         Checking existence of `"session-submit" Any`
    t =   123.48s Get all elements bound by index for: Descendants matching type ScrollView
    t =   123.54s Find the ScrollView (Element at index 0)
    t =   123.60s Find the Target Application 'com.zacrotech.NeuroForge'
    t =   123.66s Checking existence of `Keyboard (First Match)`
    t =   123.67s Find the Keyboard (First Match)
    t =   123.68s Get all elements bound by index for: Descendants matching type NavigationBar
    t =   123.74s Find the NavigationBar (Element at index 0)
    t =   123.81s Find the ScrollView at {{0.0, 154.5}, {375.0, 512.5}}
    t =   123.87s Find the ScrollView at {{0.0, 154.5}, {375.0, 512.5}}
    t =   123.92s Get all elements bound by index for: Descendants matching type TabBar
    t =   123.98s Find the TabBar (Element at index 0)
    t =   124.04s Checking existence of `"session-submit" Any`
    t =   124.14s Find the "session-submit" Any
    t =   124.23s Checking existence of `"session-submit" Button`
    t =   124.33s Find the "session-submit" Button
    t =   124.43s Find the "session-submit" Button
    t =   124.53s Find the "session-submit" Button
    t =   125.64s Checking `Expect predicate `enabled == 1` for object "session-submit" Button`
    t =   125.65s     Find the "session-submit" Button
    t =   125.75s Tap "session-submit" Button
    t =   125.75s     Wait for com.zacrotech.NeuroForge to idle
    t =   125.75s     Find the "session-submit" Button
    t =   125.86s     Check for interrupting elements affecting "session-submit" Button
    t =   125.93s     Synthesize event
    t =   126.25s     Wait for com.zacrotech.NeuroForge to idle
    t =   127.49s Waiting 8.0s for "session-next" Any to exist
    t =   128.49s     Checking `Expect predicate `existsNoRetry == 1` for object "session-next" Any`
    t =   128.51s         Checking existence of `"session-next" Any`
    t =   128.71s Find the "session-position" ProgressIndicator
    t =   128.81s Find the "session-prompt" Any
    t =   128.91s Checking existence of `"Your answer" StaticText`
    t =   129.02s Checking existence of `TextField (First Match)`
    t =   129.04s Find the TextField (First Match)
    t =   129.07s Find the "Response for x (grid units)" TextField
    t =   129.10s Checking existence of `TextField (First Match)`
    t =   129.13s Find the TextField (First Match)
    t =   129.16s Find the "Response for y (grid units)" TextField
    t =   129.20s Waiting 8.0s for "session-feedback-title" Any to exist
    t =   130.21s     Checking `Expect predicate `existsNoRetry == 1` for object "session-feedback-title" Any`
    t =   130.21s         Checking existence of `"session-feedback-title" Any`
    t =   130.33s Get all elements bound by index for: Descendants matching type ScrollView
    t =   130.38s Find the ScrollView (Element at index 0)
    t =   130.48s Find the Target Application 'com.zacrotech.NeuroForge'
    t =   130.54s Checking existence of `Keyboard (First Match)`
    t =   130.63s Get all elements bound by index for: Descendants matching type NavigationBar
    t =   130.69s Find the NavigationBar (Element at index 0)
    t =   130.75s Find the ScrollView at {{0.0, 154.5}, {375.0, 512.5}}
    t =   130.81s Find the ScrollView at {{0.0, 154.5}, {375.0, 512.5}}
    t =   130.87s Get all elements bound by index for: Descendants matching type TabBar
    t =   130.93s Find the TabBar (Element at index 0)
    t =   131.00s Checking existence of `"session-feedback-title" Any`
    t =   131.09s Find the "session-feedback-title" Any
    t =   131.19s Checking existence of `"session-submit" Any`
    t =   131.28s Checking existence of `"session-next" Any`
    t =   131.37s Find the "session-next" Any
    t =   131.47s Find the "session-next" Button
    t =   131.57s Find the "session-next" Button
    t =   131.67s Checking existence of `"train-start-practice" Any`
    t =   131.77s Checking existence of `"train-start-graph-construction" Any`
    t =   131.89s Checking existence of `"session-feedback-title" StaticText`
    t =   132.00s Find the "session-feedback-title" StaticText
    t =   132.10s Find the "session-feedback-title" StaticText
    t =   132.20s Find the ScrollView at {{0.0, 154.5}, {375.0, 512.5}}
    t =   132.26s Checking existence of `"session-feedback-title" StaticText`
    t =   132.37s Find the "session-feedback-title" StaticText
    t =   132.49s Find the "session-feedback-title" StaticText
    t =   132.60s Find the "session-feedback-title" StaticText
    t =   132.70s Find the "session-feedback-title" StaticText
    t =   132.81s Find the "session-feedback-title" StaticText
    t =   132.91s Find the "session-feedback-title" StaticText
    t =   133.02s Find the "coordinate-transform-original" Any
    t =   133.12s Get all elements bound by index for: Descendants matching type ScrollView
    t =   133.18s Find the ScrollView (Element at index 0)
    t =   133.24s Find the Target Application 'com.zacrotech.NeuroForge'
    t =   133.29s Checking existence of `Keyboard (First Match)`
    t =   133.40s Get all elements bound by index for: Descendants matching type NavigationBar
    t =   133.46s Find the NavigationBar (Element at index 0)
    t =   133.52s Find the ScrollView at {{0.0, 154.5}, {375.0, 512.5}}
    t =   133.58s Find the ScrollView at {{0.0, 154.5}, {375.0, 512.5}}
    t =   133.64s Get all elements bound by index for: Descendants matching type TabBar
    t =   133.69s Find the TabBar (Element at index 0)
    t =   133.76s Checking existence of `"coordinate-transform-step" Button`
    t =   133.86s Find the "coordinate-transform-step" Button
    t =   133.95s Checking existence of `"session-submit" Any`
    t =   134.05s Checking existence of `"session-next" Any`
    t =   134.15s Find the "session-next" Any
    t =   134.26s Find the "session-next" Button
    t =   134.37s Find the "session-next" Button
    t =   134.48s Checking existence of `"train-start-practice" Any`
    t =   134.58s Checking existence of `"train-start-graph-construction" Any`
    t =   134.67s Checking existence of `"coordinate-transform-step" Button`
    t =   134.77s Find the "coordinate-transform-step" Button
    t =   134.86s Find the "coordinate-transform-step" Button
    t =   134.96s Find the ScrollView at {{0.0, 154.5}, {375.0, 512.5}}
    t =   135.02s Checking existence of `"coordinate-transform-step" Button`
    t =   135.12s Find the "coordinate-transform-step" Button
    t =   135.24s Checking existence of `"coordinate-transform-step" Button`
    t =   135.35s Find the "coordinate-transform-step" Button
    t =   135.46s Find the ScrollView at {{0.0, 154.5}, {375.0, 512.5}}
    t =   135.52s Checking existence of `"coordinate-transform-step" Button`
    t =   135.61s Find the "coordinate-transform-step" Button
    t =   135.72s Press Target Application 'com.zacrotech.NeuroForge'[0.00, 0.00] -> (12.0, 245.7) for 0.1 seconds, then drag to Target Application 'com.zacrotech.NeuroForge'[0.00, 0.00] -> (12.0, 513.3) with velocity of 250.00 pixels per second, and then hold for 0.2 seconds 
    t =   135.72s     Wait for com.zacrotech.NeuroForge to idle
    t =   135.72s     Find the Target Application 'com.zacrotech.NeuroForge'
    t =   135.78s     Check for interrupting elements affecting "NeuroForge" Application
    t =   135.90s     Synthesize event
    t =   135.90s         Find the Target Application 'com.zacrotech.NeuroForge'
    t =   135.96s         Find the Target Application 'com.zacrotech.NeuroForge'
    t =   136.02s         Find the Target Application 'com.zacrotech.NeuroForge'
    t =   136.10s         Find the Target Application 'com.zacrotech.NeuroForge'
    t =   136.17s         Find the Target Application 'com.zacrotech.NeuroForge'
    t =   137.81s     Wait for com.zacrotech.NeuroForge to idle
    t =   137.81s Get all elements bound by index for: Descendants matching type ScrollView
    t =   137.88s Find the ScrollView (Element at index 0)
    t =   137.95s Find the Target Application 'com.zacrotech.NeuroForge'
    t =   138.00s Checking existence of `Keyboard (First Match)`
    t =   138.09s Get all elements bound by index for: Descendants matching type NavigationBar
    t =   138.14s Find the NavigationBar (Element at index 0)
    t =   138.20s Find the ScrollView at {{0.0, 154.5}, {375.0, 512.5}}
    t =   138.27s Find the ScrollView at {{0.0, 154.5}, {375.0, 512.5}}
    t =   138.33s Get all elements bound by index for: Descendants matching type TabBar
    t =   138.38s Find the TabBar (Element at index 0)
    t =   138.45s Checking existence of `"coordinate-transform-step" Button`
    t =   138.58s Find the "coordinate-transform-step" Button
    t =   138.67s Checking existence of `"session-submit" Any`
    t =   138.76s Checking existence of `"session-next" Any`
    t =   138.86s Find the "session-next" Any
    t =   138.98s Find the "session-next" Button
    t =   139.08s Find the "session-next" Button
    t =   139.19s Checking existence of `"train-start-practice" Any`
    t =   139.29s Checking existence of `"train-start-graph-construction" Any`
    t =   139.39s Checking existence of `"coordinate-transform-step" Button`
    t =   139.47s Find the "coordinate-transform-step" Button
    t =   139.57s Find the "coordinate-transform-step" Button
    t =   139.66s Find the ScrollView at {{0.0, 154.5}, {375.0, 512.5}}
    t =   139.72s Checking existence of `"coordinate-transform-step" Button`
    t =   139.81s Find the "coordinate-transform-step" Button
    t =   139.91s Checking existence of `"coordinate-transform-step" Button`
    t =   140.00s Find the "coordinate-transform-step" Button
    t =   140.10s Find the ScrollView at {{0.0, 154.5}, {375.0, 512.5}}
    t =   140.16s Checking existence of `"coordinate-transform-step" Button`
    t =   140.24s Find the "coordinate-transform-step" Button
    t =   140.34s Press Target Application 'com.zacrotech.NeuroForge'[0.00, 0.00] -> (12.0, 245.7) for 0.1 seconds, then drag to Target Application 'com.zacrotech.NeuroForge'[0.00, 0.00] -> (12.0, 504.7) with velocity of 250.00 pixels per second, and then hold for 0.2 seconds 
    t =   140.34s     Wait for com.zacrotech.NeuroForge to idle
    t =   140.34s     Find the Target Application 'com.zacrotech.NeuroForge'
    t =   140.39s     Check for interrupting elements affecting "NeuroForge" Application
    t =   140.45s     Synthesize event
    t =   140.45s         Find the Target Application 'com.zacrotech.NeuroForge'
    t =   140.50s         Find the Target Application 'com.zacrotech.NeuroForge'
    t =   140.55s         Find the Target Application 'com.zacrotech.NeuroForge'
    t =   140.60s         Find the Target Application 'com.zacrotech.NeuroForge'
    t =   140.65s         Find the Target Application 'com.zacrotech.NeuroForge'
    t =   142.23s     Wait for com.zacrotech.NeuroForge to idle
    t =   142.24s Get all elements bound by index for: Descendants matching type ScrollView
    t =   142.32s Find the ScrollView (Element at index 0)
    t =   142.58s Find the Target Application 'com.zacrotech.NeuroForge'
    t =   142.64s Checking existence of `Keyboard (First Match)`
    t =   142.75s Get all elements bound by index for: Descendants matching type NavigationBar
    t =   142.80s Find the NavigationBar (Element at index 0)
    t =   142.87s Find the ScrollView at {{0.0, 154.5}, {375.0, 512.5}}
    t =   142.92s Find the ScrollView at {{0.0, 154.5}, {375.0, 512.5}}
    t =   142.98s Get all elements bound by index for: Descendants matching type TabBar
    t =   143.03s Find the TabBar (Element at index 0)
    t =   143.11s Checking existence of `"coordinate-transform-step" Button`
    t =   143.21s Find the "coordinate-transform-step" Button
    t =   143.29s Checking existence of `"session-submit" Any`
    t =   143.39s Checking existence of `"session-next" Any`
    t =   143.49s Find the "session-next" Any
    t =   143.59s Find the "session-next" Button
    t =   143.69s Find the "session-next" Button
    t =   143.78s Checking existence of `"train-start-practice" Any`
    t =   143.87s Checking existence of `"train-start-graph-construction" Any`
    t =   143.96s Checking existence of `"coordinate-transform-step" Button`
    t =   144.05s Find the "coordinate-transform-step" Button
    t =   144.14s Find the "coordinate-transform-step" Button
    t =   144.25s Find the ScrollView at {{0.0, 154.5}, {375.0, 512.5}}
    t =   144.31s Checking existence of `"coordinate-transform-step" Button`
    t =   144.40s Find the "coordinate-transform-step" Button
    t =   144.50s Find the "coordinate-transform-step" Button
    t =   144.59s Checking existence of `"coordinate-transform-step" Button`
    t =   144.68s Find the "coordinate-transform-step" Button
    t =   144.77s Find the ScrollView at {{0.0, 154.5}, {375.0, 512.5}}
    t =   144.82s Checking existence of `"coordinate-transform-step" Button`
    t =   144.91s Find the "coordinate-transform-step" Button
    t =   145.02s Press Target Application 'com.zacrotech.NeuroForge'[0.00, 0.00] -> (12.0, 245.7) for 0.1 seconds, then drag to Target Application 'com.zacrotech.NeuroForge'[0.00, 0.00] -> (12.0, 261.7) with velocity of 250.00 pixels per second, and then hold for 0.2 seconds 
    t =   145.02s     Wait for com.zacrotech.NeuroForge to idle
    t =   145.02s     Find the Target Application 'com.zacrotech.NeuroForge'
    t =   145.07s     Check for interrupting elements affecting "NeuroForge" Application
    t =   145.17s     Synthesize event
    t =   145.20s         Find the Target Application 'com.zacrotech.NeuroForge'
    t =   145.35s         Find the Target Application 'com.zacrotech.NeuroForge'
    t =   145.42s         Find the Target Application 'com.zacrotech.NeuroForge'
    t =   145.47s         Find the Target Application 'com.zacrotech.NeuroForge'
    t =   145.54s         Find the Target Application 'com.zacrotech.NeuroForge'
    t =   146.17s     Wait for com.zacrotech.NeuroForge to idle
    t =   146.17s Get all elements bound by index for: Descendants matching type ScrollView
    t =   146.24s Find the ScrollView (Element at index 0)
    t =   146.30s Find the Target Application 'com.zacrotech.NeuroForge'
    t =   146.35s Checking existence of `Keyboard (First Match)`
    t =   146.45s Get all elements bound by index for: Descendants matching type NavigationBar
    t =   146.50s Find the NavigationBar (Element at index 0)
    t =   146.56s Find the ScrollView at {{0.0, 154.5}, {375.0, 512.5}}
    t =   146.63s Find the ScrollView at {{0.0, 154.5}, {375.0, 512.5}}
    t =   146.68s Get all elements bound by index for: Descendants matching type TabBar
    t =   146.74s Find the TabBar (Element at index 0)
    t =   146.81s Checking existence of `"coordinate-transform-step" Button`
    t =   146.90s Find the "coordinate-transform-step" Button
    t =   146.98s Checking existence of `"session-submit" Any`
    t =   147.07s Checking existence of `"session-next" Any`
    t =   147.16s Find the "session-next" Any
    t =   147.27s Find the "session-next" Button
    t =   147.37s Find the "session-next" Button
    t =   147.46s Checking existence of `"train-start-practice" Any`
    t =   147.56s Checking existence of `"train-start-graph-construction" Any`
    t =   147.66s Checking existence of `"coordinate-transform-step" Button`
    t =   147.75s Find the "coordinate-transform-step" Button
    t =   147.85s Find the "coordinate-transform-step" Button
    t =   147.95s Find the ScrollView at {{0.0, 154.5}, {375.0, 512.5}}
    t =   148.02s Checking existence of `"coordinate-transform-step" Button`
    t =   148.11s Find the "coordinate-transform-step" Button
    t =   148.21s Find the "coordinate-transform-step" Button
    t =   148.31s Find the "coordinate-transform-step" Button
    t =   148.40s Find the "coordinate-transform-step" Button
    t =   148.50s Find the "coordinate-transform-step" Button
    t =   148.60s Tap "coordinate-transform-step" Button
    t =   148.60s     Wait for com.zacrotech.NeuroForge to idle
    t =   148.60s     Find the "coordinate-transform-step" Button
    t =   148.69s     Check for interrupting elements affecting "coordinate-transform-step" Button
    t =   148.76s     Synthesize event
    t =   149.05s     Wait for com.zacrotech.NeuroForge to idle
    t =   149.15s Get all elements bound by index for: Descendants matching type ScrollView
    t =   149.21s Find the ScrollView (Element at index 0)
    t =   149.27s Find the Target Application 'com.zacrotech.NeuroForge'
    t =   149.32s Checking existence of `Keyboard (First Match)`
    t =   149.42s Get all elements bound by index for: Descendants matching type NavigationBar
    t =   149.47s Find the NavigationBar (Element at index 0)
    t =   149.55s Find the ScrollView at {{0.0, 154.5}, {375.0, 512.5}}
    t =   149.61s Find the ScrollView at {{0.0, 154.5}, {375.0, 512.5}}
    t =   149.66s Get all elements bound by index for: Descendants matching type TabBar
    t =   149.72s Find the TabBar (Element at index 0)
    t =   149.79s Checking existence of `"coordinate-transform-copy" Any`
    t =   149.89s Find the "coordinate-transform-copy" Any
    t =   149.99s Checking existence of `"session-submit" Any`
    t =   150.08s Checking existence of `"session-next" Any`
    t =   150.18s Find the "session-next" Any
    t =   150.29s Find the "session-next" Button
    t =   150.40s Find the "session-next" Button
    t =   150.50s Checking existence of `"train-start-practice" Any`
    t =   150.59s Checking existence of `"train-start-graph-construction" Any`
    t =   150.69s Checking existence of `"coordinate-transform-copy" StaticText`
    t =   150.78s Find the "coordinate-transform-copy" StaticText
    t =   150.88s Find the "coordinate-transform-copy" StaticText
    t =   150.99s Find the ScrollView at {{0.0, 154.5}, {375.0, 512.5}}
    t =   151.05s Checking existence of `"coordinate-transform-copy" StaticText`
    t =   151.14s Find the "coordinate-transform-copy" StaticText
    t =   151.25s Checking existence of `"coordinate-transform-copy" StaticText`
    t =   151.34s Find the "coordinate-transform-copy" StaticText
    t =   151.45s Find the ScrollView at {{0.0, 154.5}, {375.0, 512.5}}
    t =   151.51s Checking existence of `"coordinate-transform-copy" StaticText`
    t =   151.61s Find the "coordinate-transform-copy" StaticText
    t =   151.71s Press Target Application 'com.zacrotech.NeuroForge'[0.00, 0.00] -> (12.0, 245.7) for 0.1 seconds, then drag to Target Application 'com.zacrotech.NeuroForge'[0.00, 0.00] -> (12.0, 304.2) with velocity of 250.00 pixels per second, and then hold for 0.2 seconds 
    t =   151.71s     Wait for com.zacrotech.NeuroForge to idle
    t =   151.71s     Find the Target Application 'com.zacrotech.NeuroForge'
    t =   151.77s     Check for interrupting elements affecting "NeuroForge" Application
    t =   151.84s     Synthesize event
    t =   151.84s         Find the Target Application 'com.zacrotech.NeuroForge'
    t =   151.89s         Find the Target Application 'com.zacrotech.NeuroForge'
    t =   151.94s         Find the Target Application 'com.zacrotech.NeuroForge'
    t =   151.99s         Find the Target Application 'com.zacrotech.NeuroForge'
    t =   152.04s         Find the Target Application 'com.zacrotech.NeuroForge'
    t =   152.83s     Wait for com.zacrotech.NeuroForge to idle
    t =   152.84s Get all elements bound by index for: Descendants matching type ScrollView
    t =   152.91s Find the ScrollView (Element at index 0)
    t =   152.98s Find the Target Application 'com.zacrotech.NeuroForge'
    t =   153.03s Checking existence of `Keyboard (First Match)`
    t =   153.27s Get all elements bound by index for: Descendants matching type NavigationBar
    t =   153.32s Find the NavigationBar (Element at index 0)
    t =   153.41s Find the ScrollView at {{0.0, 154.5}, {375.0, 512.5}}
    t =   153.48s Find the ScrollView at {{0.0, 154.5}, {375.0, 512.5}}
    t =   153.58s Get all elements bound by index for: Descendants matching type TabBar
    t =   153.65s Find the TabBar (Element at index 0)
    t =   153.73s Checking existence of `"coordinate-transform-copy" StaticText`
    t =   153.84s Find the "coordinate-transform-copy" StaticText
    t =   153.96s Checking existence of `"session-submit" Any`
    t =   154.06s Checking existence of `"session-next" Any`
    t =   154.16s Find the "session-next" Any
    t =   154.28s Find the "session-next" Button
    t =   154.39s Find the "session-next" Button
    t =   154.48s Checking existence of `"train-start-practice" Any`
    t =   154.59s Checking existence of `"train-start-graph-construction" Any`
    t =   154.69s Checking existence of `"coordinate-transform-copy" StaticText`
    t =   154.79s Find the "coordinate-transform-copy" StaticText
    t =   154.88s Find the "coordinate-transform-copy" StaticText
    t =   154.99s Find the ScrollView at {{0.0, 154.5}, {375.0, 512.5}}
    t =   155.05s Checking existence of `"coordinate-transform-copy" StaticText`
    t =   155.14s Find the "coordinate-transform-copy" StaticText
    t =   155.25s Find the "coordinate-transform-copy" StaticText
    t =   155.35s Checking existence of `"coordinate-transform-copy" StaticText`
    t =   155.44s Find the "coordinate-transform-copy" StaticText
    t =   155.55s Find the ScrollView at {{0.0, 154.5}, {375.0, 512.5}}
    t =   155.61s Checking existence of `"coordinate-transform-copy" StaticText`
    t =   155.69s Find the "coordinate-transform-copy" StaticText
    t =   155.80s Press Target Application 'com.zacrotech.NeuroForge'[0.00, 0.00] -> (12.0, 245.7) for 0.1 seconds, then drag to Target Application 'com.zacrotech.NeuroForge'[0.00, 0.00] -> (12.0, 261.7) with velocity of 250.00 pixels per second, and then hold for 0.2 seconds 
    t =   155.80s     Wait for com.zacrotech.NeuroForge to idle
    t =   155.80s     Find the Target Application 'com.zacrotech.NeuroForge'
    t =   155.86s     Check for interrupting elements affecting "NeuroForge" Application
    t =   155.94s     Synthesize event
    t =   155.94s         Find the Target Application 'com.zacrotech.NeuroForge'
    t =   155.99s         Find the Target Application 'com.zacrotech.NeuroForge'
    t =   156.04s         Find the Target Application 'com.zacrotech.NeuroForge'
    t =   156.09s         Find the Target Application 'com.zacrotech.NeuroForge'
    t =   156.14s         Find the Target Application 'com.zacrotech.NeuroForge'
    t =   156.77s     Wait for com.zacrotech.NeuroForge to idle
    t =   156.77s Get all elements bound by index for: Descendants matching type ScrollView
    t =   156.85s Find the ScrollView (Element at index 0)
    t =   156.91s Find the Target Application 'com.zacrotech.NeuroForge'
    t =   156.98s Checking existence of `Keyboard (First Match)`
    t =   157.12s Get all elements bound by index for: Descendants matching type NavigationBar
    t =   157.17s Find the NavigationBar (Element at index 0)
    t =   157.24s Find the ScrollView at {{0.0, 154.5}, {375.0, 512.5}}
    t =   157.34s Find the ScrollView at {{0.0, 154.5}, {375.0, 512.5}}
    t =   157.40s Get all elements bound by index for: Descendants matching type TabBar
    t =   157.46s Find the TabBar (Element at index 0)
    t =   157.53s Checking existence of `"coordinate-transform-copy" StaticText`
    t =   157.63s Find the "coordinate-transform-copy" StaticText
    t =   157.73s Checking existence of `"session-submit" Any`
    t =   157.82s Checking existence of `"session-next" Any`
    t =   157.92s Find the "session-next" Any
    t =   158.02s Find the "session-next" Button
    t =   158.13s Find the "session-next" Button
    t =   158.23s Checking existence of `"train-start-practice" Any`
    t =   158.32s Checking existence of `"train-start-graph-construction" Any`
    t =   158.43s Checking existence of `"coordinate-transform-copy" StaticText`
    t =   158.52s Find the "coordinate-transform-copy" StaticText
    t =   158.62s Find the "coordinate-transform-copy" StaticText
    t =   158.72s Find the ScrollView at {{0.0, 154.5}, {375.0, 512.5}}
    t =   158.78s Checking existence of `"coordinate-transform-copy" StaticText`
    t =   158.87s Find the "coordinate-transform-copy" StaticText
    t =   158.98s Find the "coordinate-transform-copy" StaticText
    t =   159.08s Find the "coordinate-transform-copy" StaticText
    t =   159.17s Find the "coordinate-transform-copy" StaticText
    t =   159.27s Find the "coordinate-transform-step" Button
    t =   159.35s Find the Target Application 'com.zacrotech.NeuroForge'
    t =   159.52s Added attachment named 'coordinate-worked-copy-spatial.coordinate-rotation-en'
    t =   159.52s Get all elements bound by index for: Descendants matching type ScrollView
    t =   159.57s Find the ScrollView (Element at index 0)
    t =   159.64s Find the Target Application 'com.zacrotech.NeuroForge'
    t =   159.69s Checking existence of `Keyboard (First Match)`
    t =   159.79s Get all elements bound by index for: Descendants matching type NavigationBar
    t =   159.85s Find the NavigationBar (Element at index 0)
    t =   159.91s Find the ScrollView at {{0.0, 154.5}, {375.0, 512.5}}
    t =   159.97s Find the ScrollView at {{0.0, 154.5}, {375.0, 512.5}}
    t =   160.03s Get all elements bound by index for: Descendants matching type TabBar
    t =   160.08s Find the TabBar (Element at index 0)
    t =   160.15s Checking existence of `"coordinate-transform-reset" Button`
    t =   160.24s Find the "coordinate-transform-reset" Button
    t =   160.33s Checking existence of `"session-submit" Any`
    t =   160.43s Checking existence of `"session-next" Any`
    t =   160.53s Find the "session-next" Any
    t =   160.64s Find the "session-next" Button
    t =   160.74s Find the "session-next" Button
    t =   160.84s Checking existence of `"train-start-practice" Any`
    t =   160.93s Checking existence of `"train-start-graph-construction" Any`
    t =   161.03s Checking existence of `"coordinate-transform-reset" Button`
    t =   161.12s Find the "coordinate-transform-reset" Button
    t =   161.21s Find the "coordinate-transform-reset" Button
    t =   161.32s Find the ScrollView at {{0.0, 154.5}, {375.0, 512.5}}
    t =   161.38s Checking existence of `"coordinate-transform-reset" Button`
    t =   161.46s Find the "coordinate-transform-reset" Button
    t =   161.56s Find the "coordinate-transform-reset" Button
    t =   161.65s Find the "coordinate-transform-reset" Button
    t =   161.75s Find the "coordinate-transform-reset" Button
    t =   161.85s Tap "coordinate-transform-reset" Button
    t =   161.85s     Wait for com.zacrotech.NeuroForge to idle
    t =   161.85s     Find the "coordinate-transform-reset" Button
    t =   161.94s     Check for interrupting elements affecting "coordinate-transform-reset" Button
    t =   162.01s     Synthesize event
    t =   162.31s     Wait for com.zacrotech.NeuroForge to idle
    t =   162.32s Find the "coordinate-transform-copy" StaticText
    t =   162.42s Find the "coordinate-transform-original" StaticText
    t =   162.53s Get all elements bound by index for: Descendants matching type ScrollView
    t =   162.59s Find the ScrollView (Element at index 0)
    t =   162.66s Find the Target Application 'com.zacrotech.NeuroForge'
    t =   162.71s Checking existence of `Keyboard (First Match)`
    t =   162.81s Get all elements bound by index for: Descendants matching type NavigationBar
    t =   162.87s Find the NavigationBar (Element at index 0)
    t =   162.94s Find the ScrollView at {{0.0, 154.5}, {375.0, 512.5}}
    t =   163.01s Find the ScrollView at {{0.0, 154.5}, {375.0, 512.5}}
    t =   163.06s Get all elements bound by index for: Descendants matching type TabBar
    t =   163.12s Find the TabBar (Element at index 0)
    t =   163.19s Checking existence of `"Response for x (grid units)" TextField`
    t =   163.29s Find the "Response for x (grid units)" TextField
    t =   163.39s Checking existence of `"session-submit" Any`
    t =   163.48s Checking existence of `"session-next" Any`
    t =   163.58s Find the "session-next" Any
    t =   163.69s Find the "session-next" Button
    t =   163.80s Find the "session-next" Button
    t =   163.90s Checking existence of `"train-start-practice" Any`
    t =   164.01s Checking existence of `"train-start-graph-construction" Any`
    t =   164.10s Checking existence of `"Response for x (grid units)" TextField`
    t =   164.19s Find the "Response for x (grid units)" TextField
    t =   164.29s Find the "Response for x (grid units)" TextField
    t =   164.39s Find the ScrollView at {{0.0, 154.5}, {375.0, 512.5}}
    t =   164.45s Checking existence of `"Response for x (grid units)" TextField`
    t =   164.53s Find the "Response for x (grid units)" TextField
    t =   164.63s Find the "Response for x (grid units)" TextField
    t =   164.72s Find the "Response for x (grid units)" TextField
    t =   164.81s Checking existence of `"Response for x (grid units)" TextField`
    t =   164.90s Find the "Response for x (grid units)" TextField
    t =   164.99s Find the ScrollView at {{0.0, 154.5}, {375.0, 512.5}}
    t =   165.05s Checking existence of `"Response for x (grid units)" TextField`
    t =   165.13s Find the "Response for x (grid units)" TextField
    t =   165.23s Press Target Application 'com.zacrotech.NeuroForge'[0.00, 0.00] -> (12.0, 513.3) for 0.1 seconds, then drag to Target Application 'com.zacrotech.NeuroForge'[0.00, 0.00] -> (12.0, 487.8) with velocity of 250.00 pixels per second, and then hold for 0.2 seconds 
    t =   165.23s     Wait for com.zacrotech.NeuroForge to idle
    t =   165.23s     Find the Target Application 'com.zacrotech.NeuroForge'
    t =   165.28s     Check for interrupting elements affecting "NeuroForge" Application
    t =   165.35s     Synthesize event
    t =   165.35s         Find the Target Application 'com.zacrotech.NeuroForge'
    t =   165.39s         Find the Target Application 'com.zacrotech.NeuroForge'
    t =   165.44s         Find the Target Application 'com.zacrotech.NeuroForge'
    t =   165.49s         Find the Target Application 'com.zacrotech.NeuroForge'
    t =   165.54s         Find the Target Application 'com.zacrotech.NeuroForge'
    t =   166.19s     Wait for com.zacrotech.NeuroForge to idle
    t =   166.19s Get all elements bound by index for: Descendants matching type ScrollView
    t =   166.24s Find the ScrollView (Element at index 0)
    t =   166.31s Find the Target Application 'com.zacrotech.NeuroForge'
    t =   166.36s Checking existence of `Keyboard (First Match)`
    t =   166.46s Get all elements bound by index for: Descendants matching type NavigationBar
    t =   166.51s Find the NavigationBar (Element at index 0)
    t =   166.58s Find the ScrollView at {{0.0, 154.5}, {375.0, 512.5}}
    t =   166.64s Find the ScrollView at {{0.0, 154.5}, {375.0, 512.5}}
    t =   166.69s Get all elements bound by index for: Descendants matching type TabBar
    t =   166.75s Find the TabBar (Element at index 0)
    t =   166.82s Checking existence of `"Response for x (grid units)" TextField`
    t =   166.91s Find the "Response for x (grid units)" TextField
    t =   167.01s Checking existence of `"session-submit" Any`
    t =   167.10s Checking existence of `"session-next" Any`
    t =   167.20s Find the "session-next" Any
    t =   167.30s Find the "session-next" Button
    t =   167.40s Find the "session-next" Button
    t =   167.49s Checking existence of `"train-start-practice" Any`
    t =   167.59s Checking existence of `"train-start-graph-construction" Any`
    t =   167.68s Checking existence of `"Response for x (grid units)" TextField`
    t =   167.77s Find the "Response for x (grid units)" TextField
    t =   167.86s Find the "Response for x (grid units)" TextField
    t =   167.96s Find the ScrollView at {{0.0, 154.5}, {375.0, 512.5}}
    t =   168.01s Checking existence of `"Response for x (grid units)" TextField`
    t =   168.10s Find the "Response for x (grid units)" TextField
    t =   168.19s Find the "Response for x (grid units)" TextField
    t =   168.29s Find the "Response for x (grid units)" TextField
    t =   168.38s Checking existence of `"Response for x (grid units)" TextField`
    t =   168.47s Find the "Response for x (grid units)" TextField
    t =   168.56s Find the ScrollView at {{0.0, 154.5}, {375.0, 512.5}}
    t =   168.62s Checking existence of `"Response for x (grid units)" TextField`
    t =   168.72s Find the "Response for x (grid units)" TextField
    t =   168.81s Press Target Application 'com.zacrotech.NeuroForge'[0.00, 0.00] -> (12.0, 513.3) for 0.1 seconds, then drag to Target Application 'com.zacrotech.NeuroForge'[0.00, 0.00] -> (12.0, 497.3) with velocity of 250.00 pixels per second, and then hold for 0.2 seconds 
    t =   168.81s     Wait for com.zacrotech.NeuroForge to idle
    t =   168.81s     Find the Target Application 'com.zacrotech.NeuroForge'
    t =   168.86s     Check for interrupting elements affecting "NeuroForge" Application
    t =   168.92s     Synthesize event
    t =   168.92s         Find the Target Application 'com.zacrotech.NeuroForge'
    t =   168.97s         Find the Target Application 'com.zacrotech.NeuroForge'
    t =   169.02s         Find the Target Application 'com.zacrotech.NeuroForge'
    t =   169.07s         Find the Target Application 'com.zacrotech.NeuroForge'
    t =   169.12s         Find the Target Application 'com.zacrotech.NeuroForge'
    t =   169.73s     Wait for com.zacrotech.NeuroForge to idle
    t =   169.74s Get all elements bound by index for: Descendants matching type ScrollView
    t =   169.80s Find the ScrollView (Element at index 0)
    t =   169.86s Find the Target Application 'com.zacrotech.NeuroForge'
    t =   169.91s Checking existence of `Keyboard (First Match)`
    t =   170.01s Get all elements bound by index for: Descendants matching type NavigationBar
    t =   170.07s Find the NavigationBar (Element at index 0)
    t =   170.13s Find the ScrollView at {{0.0, 154.5}, {375.0, 512.5}}
    t =   170.20s Find the ScrollView at {{0.0, 154.5}, {375.0, 512.5}}
    t =   170.25s Get all elements bound by index for: Descendants matching type TabBar
    t =   170.31s Find the TabBar (Element at index 0)
    t =   170.38s Checking existence of `"Response for x (grid units)" TextField`
    t =   170.46s Find the "Response for x (grid units)" TextField
    t =   170.56s Checking existence of `"session-submit" Any`
    t =   170.65s Checking existence of `"session-next" Any`
    t =   170.75s Find the "session-next" Any
    t =   170.86s Find the "session-next" Button
    t =   170.96s Find the "session-next" Button
    t =   171.05s Checking existence of `"train-start-practice" Any`
    t =   171.14s Checking existence of `"train-start-graph-construction" Any`
    t =   171.23s Checking existence of `"Response for x (grid units)" TextField`
    t =   171.32s Find the "Response for x (grid units)" TextField
    t =   171.41s Find the "Response for x (grid units)" TextField
    t =   171.52s Find the ScrollView at {{0.0, 154.5}, {375.0, 512.5}}
    t =   171.57s Checking existence of `"Response for x (grid units)" TextField`
    t =   171.66s Find the "Response for x (grid units)" TextField
    t =   171.76s Find the "Response for x (grid units)" TextField
    t =   171.86s Find the "Response for x (grid units)" TextField
    t =   171.95s Find the "Response for x (grid units)" TextField
    t =   172.04s Find the "Response for x (grid units)" TextField
    t =   172.13s Get all elements bound by index for: Descendants matching type ScrollView
    t =   172.18s Find the ScrollView (Element at index 0)
    t =   172.24s Find the Target Application 'com.zacrotech.NeuroForge'
    t =   172.29s Checking existence of `Keyboard (First Match)`
    t =   172.38s Get all elements bound by index for: Descendants matching type NavigationBar
    t =   172.43s Find the NavigationBar (Element at index 0)
    t =   172.50s Find the ScrollView at {{0.0, 154.5}, {375.0, 512.5}}
    t =   172.56s Find the ScrollView at {{0.0, 154.5}, {375.0, 512.5}}
    t =   172.62s Get all elements bound by index for: Descendants matching type TabBar
    t =   172.67s Find the TabBar (Element at index 0)
    t =   172.75s Checking existence of `"Response for y (grid units)" TextField`
    t =   172.83s Find the "Response for y (grid units)" TextField
    t =   172.92s Checking existence of `"session-submit" Any`
    t =   173.01s Checking existence of `"session-next" Any`
    t =   173.11s Find the "session-next" Any
    t =   173.21s Find the "session-next" Button
    t =   173.31s Find the "session-next" Button
    t =   173.40s Checking existence of `"train-start-practice" Any`
    t =   173.49s Checking existence of `"train-start-graph-construction" Any`
    t =   173.58s Checking existence of `"Response for y (grid units)" TextField`
    t =   173.67s Find the "Response for y (grid units)" TextField
    t =   173.76s Find the "Response for y (grid units)" TextField
    t =   173.85s Find the ScrollView at {{0.0, 154.5}, {375.0, 512.5}}
    t =   173.91s Checking existence of `"Response for y (grid units)" TextField`
    t =   174.00s Find the "Response for y (grid units)" TextField
    t =   174.10s Find the "Response for y (grid units)" TextField
    t =   174.18s Find the "Response for y (grid units)" TextField
    t =   174.28s Checking existence of `"Response for y (grid units)" TextField`
    t =   174.36s Find the "Response for y (grid units)" TextField
    t =   174.45s Find the ScrollView at {{0.0, 154.5}, {375.0, 512.5}}
    t =   174.51s Checking existence of `"Response for y (grid units)" TextField`
    t =   174.59s Find the "Response for y (grid units)" TextField
    t =   174.69s Press Target Application 'com.zacrotech.NeuroForge'[0.00, 0.00] -> (12.0, 513.3) for 0.1 seconds, then drag to Target Application 'com.zacrotech.NeuroForge'[0.00, 0.00] -> (12.0, 427.3) with velocity of 250.00 pixels per second, and then hold for 0.2 seconds 
    t =   174.69s     Wait for com.zacrotech.NeuroForge to idle
    t =   174.69s     Find the Target Application 'com.zacrotech.NeuroForge'
    t =   174.74s     Check for interrupting elements affecting "NeuroForge" Application
    t =   174.81s     Synthesize event
    t =   174.81s         Find the Target Application 'com.zacrotech.NeuroForge'
    t =   174.86s         Find the Target Application 'com.zacrotech.NeuroForge'
    t =   174.92s         Find the Target Application 'com.zacrotech.NeuroForge'
    t =   174.97s         Find the Target Application 'com.zacrotech.NeuroForge'
    t =   175.01s         Find the Target Application 'com.zacrotech.NeuroForge'
    t =   175.90s     Wait for com.zacrotech.NeuroForge to idle
    t =   175.91s Get all elements bound by index for: Descendants matching type ScrollView
    t =   175.97s Find the ScrollView (Element at index 0)
    t =   176.03s Find the Target Application 'com.zacrotech.NeuroForge'
    t =   176.08s Checking existence of `Keyboard (First Match)`
    t =   176.18s Get all elements bound by index for: Descendants matching type NavigationBar
    t =   176.25s Find the NavigationBar (Element at index 0)
    t =   176.34s Find the ScrollView at {{0.0, 154.5}, {375.0, 512.5}}
    t =   176.41s Find the ScrollView at {{0.0, 154.5}, {375.0, 512.5}}
    t =   176.47s Get all elements bound by index for: Descendants matching type TabBar
    t =   176.53s Find the TabBar (Element at index 0)
    t =   176.60s Checking existence of `"Response for y (grid units)" TextField`
    t =   176.69s Find the "Response for y (grid units)" TextField
    t =   176.78s Checking existence of `"session-submit" Any`
    t =   176.87s Checking existence of `"session-next" Any`
    t =   176.97s Find the "session-next" Any
    t =   177.07s Find the "session-next" Button
    t =   177.17s Find the "session-next" Button
    t =   177.26s Checking existence of `"train-start-practice" Any`
    t =   177.35s Checking existence of `"train-start-graph-construction" Any`
    t =   177.45s Checking existence of `"Response for y (grid units)" TextField`
    t =   177.55s Find the "Response for y (grid units)" TextField
    t =   177.68s Find the "Response for y (grid units)" TextField
    t =   177.96s Find the ScrollView at {{0.0, 154.5}, {375.0, 512.5}}
    t =   178.11s Checking existence of `"Response for y (grid units)" TextField`
    t =   178.22s Find the "Response for y (grid units)" TextField
    t =   178.31s Find the "Response for y (grid units)" TextField
    t =   178.43s Find the "Response for y (grid units)" TextField
    t =   178.56s Checking existence of `"Response for y (grid units)" TextField`
    t =   178.65s Find the "Response for y (grid units)" TextField
    t =   178.75s Find the ScrollView at {{0.0, 154.5}, {375.0, 512.5}}
    t =   178.80s Checking existence of `"Response for y (grid units)" TextField`
    t =   178.89s Find the "Response for y (grid units)" TextField
    t =   178.98s Press Target Application 'com.zacrotech.NeuroForge'[0.00, 0.00] -> (12.0, 513.3) for 0.1 seconds, then drag to Target Application 'com.zacrotech.NeuroForge'[0.00, 0.00] -> (12.0, 497.3) with velocity of 250.00 pixels per second, and then hold for 0.2 seconds 
    t =   178.98s     Wait for com.zacrotech.NeuroForge to idle
    t =   178.98s     Find the Target Application 'com.zacrotech.NeuroForge'
    t =   179.04s     Check for interrupting elements affecting "NeuroForge" Application
    t =   179.11s     Synthesize event
    t =   179.11s         Find the Target Application 'com.zacrotech.NeuroForge'
    t =   179.18s         Find the Target Application 'com.zacrotech.NeuroForge'
    t =   179.25s         Find the Target Application 'com.zacrotech.NeuroForge'
    t =   179.31s         Find the Target Application 'com.zacrotech.NeuroForge'
    t =   179.36s         Find the Target Application 'com.zacrotech.NeuroForge'
    t =   179.99s     Wait for com.zacrotech.NeuroForge to idle
    t =   179.99s Get all elements bound by index for: Descendants matching type ScrollView
    t =   180.06s Find the ScrollView (Element at index 0)
    t =   180.12s Find the Target Application 'com.zacrotech.NeuroForge'
    t =   180.18s Checking existence of `Keyboard (First Match)`
    t =   180.29s Get all elements bound by index for: Descendants matching type NavigationBar
    t =   180.36s Find the NavigationBar (Element at index 0)
    t =   180.43s Find the ScrollView at {{0.0, 154.5}, {375.0, 512.5}}
    t =   180.50s Find the ScrollView at {{0.0, 154.5}, {375.0, 512.5}}
    t =   180.56s Get all elements bound by index for: Descendants matching type TabBar
    t =   180.62s Find the TabBar (Element at index 0)
    t =   180.69s Checking existence of `"Response for y (grid units)" TextField`
    t =   180.81s Find the "Response for y (grid units)" TextField
    t =   180.92s Checking existence of `"session-submit" Any`
    t =   181.05s Checking existence of `"session-next" Any`
    t =   181.14s Find the "session-next" Any
    t =   181.25s Find the "session-next" Button
    t =   181.34s Find the "session-next" Button
    t =   181.45s Checking existence of `"train-start-practice" Any`
    t =   181.55s Checking existence of `"train-start-graph-construction" Any`
    t =   181.65s Checking existence of `"Response for y (grid units)" TextField`
    t =   181.74s Find the "Response for y (grid units)" TextField
    t =   181.82s Find the "Response for y (grid units)" TextField
    t =   181.94s Find the ScrollView at {{0.0, 154.5}, {375.0, 512.5}}
    t =   182.00s Checking existence of `"Response for y (grid units)" TextField`
    t =   182.09s Find the "Response for y (grid units)" TextField
    t =   182.18s Find the "Response for y (grid units)" TextField
    t =   182.27s Find the "Response for y (grid units)" TextField
    t =   182.36s Find the "Response for y (grid units)" TextField
    t =   182.46s Find the "Response for y (grid units)" TextField
    t =   182.55s Find the Target Application 'com.zacrotech.NeuroForge'
    t =   182.70s Added attachment named 'coordinate-reset-retains-saved-response-spatial.coordinate-rotation-en'
    t =   182.70s Find the "session-feedback-title" StaticText
    t =   182.80s Get all elements bound by index for: Descendants matching type ScrollView
    t =   182.86s Find the ScrollView (Element at index 0)
    t =   182.92s Find the Target Application 'com.zacrotech.NeuroForge'
    t =   182.97s Checking existence of `Keyboard (First Match)`
    t =   183.07s Get all elements bound by index for: Descendants matching type NavigationBar
    t =   183.12s Find the NavigationBar (Element at index 0)
    t =   183.19s Find the ScrollView at {{0.0, 154.5}, {375.0, 512.5}}
    t =   183.24s Find the ScrollView at {{0.0, 154.5}, {375.0, 512.5}}
    t =   183.30s Get all elements bound by index for: Descendants matching type TabBar
    t =   183.35s Find the TabBar (Element at index 0)
    t =   183.43s Checking existence of `"session-next" Any`
    t =   183.52s Find the "session-next" Any
    t =   183.61s Checking existence of `"session-next" Button`
    t =   183.70s Find the "session-next" Button
    t =   183.80s Find the "session-next" Button
    t =   183.89s Find the "session-next" Button
    t =   183.99s Find the "session-next" Button
    t =   184.09s Find the Target Application 'com.zacrotech.NeuroForge'
    t =   184.21s Added attachment named 'lab-response-feedback-spatial.coordinate-rotation-en'
    t =   184.21s Press "session-next" Button for 0.1 seconds
    t =   184.21s     Wait for com.zacrotech.NeuroForge to idle
    t =   184.21s     Find the "session-next" Button
    t =   184.31s     Check for interrupting elements affecting "session-next" Button
    t =   184.38s     Synthesize event
    t =   184.76s     Wait for com.zacrotech.NeuroForge to idle
    t =   186.02s Checking `Expect predicate `value == "2 / 5"` for object "session-position" ProgressIndicator`
    t =   186.02s     Find the "session-position" ProgressIndicator
    t =   186.14s Waiting 8.0s for "session-submit" Any to exist
    t =   187.15s     Checking `Expect predicate `existsNoRetry == 1` for object "session-submit" Any`
    t =   187.16s         Checking existence of `"session-submit" Any`
    t =   187.28s Terminate com.zacrotech.NeuroForge:97552
    t =   188.46s Tear Down
Test Case '-[NeuroForgeUITests.NavigationSmokeUITests testSpatialCoordinateEntryRetainsOriginalAndWorkedCopyAfterFeedback]' passed (188.567 seconds).
Test Suite 'NavigationSmokeUITests' failed at 2026-09-05 18:17:09.455.
	 Executed 4 tests, with 1 failure (0 unexpected) in 541.556 (541.562) seconds
Test Suite 'NeuroForgeUITests.xctest' failed at 2026-09-05 18:17:09.459.
	 Executed 4 tests, with 1 failure (0 unexpected) in 541.556 (541.566) seconds
Test Suite 'Selected tests' failed at 2026-09-05 18:17:09.459.
	 Executed 4 tests, with 1 failure (0 unexpected) in 541.556 (541.567) seconds
2026-09-05 18:17:11.198 xcodebuild[94583:6272839] [MT] IDETestOperationsObserverDebug: 548.701 elapsed -- Testing started completed.
2026-09-05 18:17:11.200 xcodebuild[94583:6272839] [MT] IDETestOperationsObserverDebug: 0.000 sec, +0.000 sec -- start
2026-09-05 18:17:11.200 xcodebuild[94583:6272839] [MT] IDETestOperationsObserverDebug: 548.701 sec, +548.701 sec -- end

Test session results, code coverage, and logs:
	/tmp/NeuroForge-improvement-ios/Logs/Test/Test-NeuroForgeUISmoke-2026.09.05_18-08-01--0400.xcresult

Failing tests:
	NavigationSmokeUITests.testSourceRecallColdRelaunchPreservesDraftReferenceAndNeutralResult()

** TEST EXECUTE FAILED **

Testing started
