Command line invocation:
    /Applications/Xcode.app/Contents/Developer/usr/bin/xcodebuild -project NeuroForge.xcodeproj -scheme NeuroForgeUISmoke -destination "platform=iOS Simulator,id=064C7C8F-D941-4D8C-9B55-958F4123AF02" -derivedDataPath /tmp/NeuroForge-improvement-ios CODE_SIGNING_ALLOWED=NO test-without-building -collect-test-diagnostics never "-only-testing:NeuroForgeUITests/NavigationSmokeUITests/testGraphPublicLaunchPointerControlsUndoAndColdCoordinatesReachSavedFeedback" "-only-testing:NeuroForgeUITests/NavigationSmokeUITests/testQuantitativeNumberAndUnitShowFeedbackAndAdvance" "-only-testing:NeuroForgeUITests/NavigationSmokeUITests/testGeneratedSetCreatesSeparateRunsAndRestoresSkippedRunThroughColdLaunch"

Build settings from command line:
    CODE_SIGNING_ALLOWED = NO

Resolve Package Graph


Resolved source packages:
  SwiftMath: https://github.com/mgriebling/SwiftMath.git @ 1d2c908

2026-09-05 14:55:32.962207-0400 NeuroForgeUITests-Runner[11963:5524410] [Default] Running tests...
objc[11963]: Class UIAccessibilityLoaderWebShared is implemented in both /Library/Developer/CoreSimulator/Volumes/iOS_23F77/Library/Developer/CoreSimulator/Profiles/Runtimes/iOS 26.5.simruntime/Contents/Resources/RuntimeRoot/System/Library/AccessibilityBundles/WebCore.axbundle/WebCore (0x106248310) and /Library/Developer/CoreSimulator/Volumes/iOS_23F77/Library/Developer/CoreSimulator/Profiles/Runtimes/iOS 26.5.simruntime/Contents/Resources/RuntimeRoot/System/Library/AccessibilityBundles/WebKit.axbundle/WebKit (0x1062c4398). This may cause spurious casting failures and mysterious crashes. One of the duplicates must be removed or renamed.
    t =      nans Interface orientation changed to Portrait
Test Suite 'Selected tests' started at 2026-09-05 14:55:54.940.
Test Suite 'NeuroForgeUITests.xctest' started at 2026-09-05 14:55:54.956.
Test Suite 'NavigationSmokeUITests' started at 2026-09-05 14:55:54.957.
Test Case '-[NeuroForgeUITests.NavigationSmokeUITests testGeneratedSetCreatesSeparateRunsAndRestoresSkippedRunThroughColdLaunch]' started.
    t =     0.01s Start Test at 2026-09-05 14:55:54.963
    t =     1.86s Set Up
    t =     1.95s Open com.zacrotech.NeuroForge
    t =     1.95s     Launch com.zacrotech.NeuroForge
2026-09-05 14:55:59.660 xcodebuild[11869:5523332] [MT] IDELaunchParametersSnapshot: The operation couldn’t be completed. (DebuggerLLDB.DebuggerVersionStore.StoreError error 0.)
2026-09-05 14:55:59.661 xcodebuild[11869:5523332] [MT] IDELaunchParametersSnapshot: no debugger version
    t =    12.23s         Setting up automation session
    t =    17.81s         Wait for com.zacrotech.NeuroForge to idle
    t =    28.87s Waiting 15.0s for "destination-today" Any to exist
    t =    29.94s     Checking `Expect predicate `existsNoRetry == 1` for object "destination-today" Any`
    t =    29.95s         Checking existence of `"destination-today" Any`
    t =    32.50s Tap "Practice" Button
    t =    32.50s     Wait for com.zacrotech.NeuroForge to idle
    t =    32.51s     Find the "Practice" Button
    t =    32.60s     Check for interrupting elements affecting "Practice" Button
    t =    33.42s     Synthesize event
    t =    34.30s     Wait for com.zacrotech.NeuroForge to idle
    t =    35.01s Get all elements bound by index for: Descendants matching type ScrollView
    t =    38.75s Find the ScrollView (Element at index 0)
    t =    38.84s Find the Target Application 'com.zacrotech.NeuroForge'
    t =    38.87s Checking existence of `Keyboard (First Match)`
    t =    38.98s Get all elements bound by index for: Descendants matching type NavigationBar
    t =    39.02s Find the NavigationBar (Element at index 0)
    t =    39.11s Find the "Practice" NavigationBar
    t =    39.28s Find the ScrollView at {{0.0, 0.0}, {375.0, 667.0}}
    t =    39.50s Find the ScrollView at {{0.0, 0.0}, {375.0, 667.0}}
    t =    39.61s Get all elements bound by index for: Descendants matching type TabBar
    t =    39.64s Find the TabBar (Element at index 0)
    t =    39.72s Find the "Tab Bar" TabBar
    t =    39.79s Checking existence of `"open-ai-studio" Any`
    t =    39.84s Checking existence of `"session-submit" Any`
    t =    39.89s Checking existence of `"session-next" Any`
    t =    40.03s Checking existence of `"train-start-practice" Any`
    t =    40.14s Checking existence of `"train-start-graph-construction" Any`
    t =    40.23s Checking existence of `"open-ai-studio" Any`
    t =    40.45s Checking existence of `"open-ai-studio" Any`
    t =    40.67s Find the ScrollView at {{0.0, 0.0}, {375.0, 667.0}}
    t =    40.72s Checking existence of `"open-ai-studio" Any`
    t =    40.76s Press Target Application 'com.zacrotech.NeuroForge'[0.00, 0.00] -> (187.5, 499.6) for 0.1 seconds, then drag to Target Application 'com.zacrotech.NeuroForge'[0.00, 0.00] -> (187.5, 300.6) with velocity of 250.00 pixels per second, and then hold for 0.2 seconds 
    t =    40.76s     Wait for com.zacrotech.NeuroForge to idle
    t =    40.76s     Find the Target Application 'com.zacrotech.NeuroForge'
    t =    40.79s     Check for interrupting elements affecting "NeuroForge" Application
    t =    40.93s     Synthesize event
    t =    40.93s         Find the Target Application 'com.zacrotech.NeuroForge'
    t =    40.96s         Find the Target Application 'com.zacrotech.NeuroForge'
    t =    40.99s         Find the Target Application 'com.zacrotech.NeuroForge'
    t =    41.02s         Find the Target Application 'com.zacrotech.NeuroForge'
    t =    41.08s         Find the Target Application 'com.zacrotech.NeuroForge'
    t =    42.48s     Wait for com.zacrotech.NeuroForge to idle
    t =    43.17s Get all elements bound by index for: Descendants matching type ScrollView
    t =    43.33s Find the ScrollView (Element at index 0)
    t =    43.51s Find the Target Application 'com.zacrotech.NeuroForge'
    t =    43.57s Checking existence of `Keyboard (First Match)`
    t =    44.26s Get all elements bound by index for: Descendants matching type NavigationBar
    t =    44.35s Find the NavigationBar (Element at index 0)
    t =    44.44s Find the "Practice" NavigationBar
    t =    44.52s Find the ScrollView at {{0.0, 0.0}, {375.0, 667.0}}
    t =    44.57s Find the ScrollView at {{0.0, 0.0}, {375.0, 667.0}}
    t =    44.62s Get all elements bound by index for: Descendants matching type TabBar
    t =    44.67s Find the TabBar (Element at index 0)
    t =    44.72s Find the "Tab Bar" TabBar
    t =    44.77s Checking existence of `"open-ai-studio" Any`
    t =    44.85s Checking existence of `"session-submit" Any`
    t =    44.90s Checking existence of `"session-next" Any`
    t =    44.95s Checking existence of `"train-start-practice" Any`
    t =    45.00s Checking existence of `"train-start-graph-construction" Any`
    t =    45.07s Checking existence of `"open-ai-studio" Any`
    t =    45.17s Checking existence of `"open-ai-studio" Any`
    t =    45.24s Find the ScrollView at {{0.0, 0.0}, {375.0, 667.0}}
    t =    45.29s Checking existence of `"open-ai-studio" Any`
    t =    45.35s Press Target Application 'com.zacrotech.NeuroForge'[0.00, 0.00] -> (187.5, 477.2) for 0.1 seconds, then drag to Target Application 'com.zacrotech.NeuroForge'[0.00, 0.00] -> (187.5, 222.2) with velocity of 250.00 pixels per second, and then hold for 0.2 seconds 
    t =    45.35s     Wait for com.zacrotech.NeuroForge to idle
    t =    45.35s     Find the Target Application 'com.zacrotech.NeuroForge'
    t =    45.39s     Check for interrupting elements affecting "NeuroForge" Application
    t =    45.51s     Synthesize event
    t =    45.52s         Find the Target Application 'com.zacrotech.NeuroForge'
    t =    45.56s         Find the Target Application 'com.zacrotech.NeuroForge'
    t =    45.60s         Find the Target Application 'com.zacrotech.NeuroForge'
    t =    45.62s         Find the Target Application 'com.zacrotech.NeuroForge'
    t =    45.77s         Find the Target Application 'com.zacrotech.NeuroForge'
    t =    47.37s     Wait for com.zacrotech.NeuroForge to idle
    t =    48.09s Get all elements bound by index for: Descendants matching type ScrollView
    t =    48.24s Find the ScrollView (Element at index 0)
    t =    48.32s Find the Target Application 'com.zacrotech.NeuroForge'
    t =    48.35s Checking existence of `Keyboard (First Match)`
    t =    48.44s Get all elements bound by index for: Descendants matching type NavigationBar
    t =    48.48s Find the NavigationBar (Element at index 0)
    t =    48.55s Find the "Practice" NavigationBar
    t =    48.61s Find the ScrollView at {{0.0, 0.0}, {375.0, 667.0}}
    t =    48.67s Find the ScrollView at {{0.0, 0.0}, {375.0, 667.0}}
    t =    48.96s Get all elements bound by index for: Descendants matching type TabBar
    t =    49.94s Find the TabBar (Element at index 0)
    t =    50.04s Find the "Tab Bar" TabBar
    t =    50.09s Checking existence of `"open-ai-studio" Any`
    t =    50.17s Checking existence of `"session-submit" Any`
    t =    50.22s Checking existence of `"session-next" Any`
    t =    50.28s Checking existence of `"train-start-practice" Any`
    t =    50.38s Checking existence of `"train-start-graph-construction" Any`
    t =    50.46s Checking existence of `"open-ai-studio" Any`
    t =    50.52s Checking existence of `"open-ai-studio" Any`
    t =    50.77s Find the ScrollView at {{0.0, 0.0}, {375.0, 667.0}}
    t =    50.85s Checking existence of `"open-ai-studio" Any`
    t =    50.92s Press Target Application 'com.zacrotech.NeuroForge'[0.00, 0.00] -> (187.5, 477.2) for 0.1 seconds, then drag to Target Application 'com.zacrotech.NeuroForge'[0.00, 0.00] -> (187.5, 222.2) with velocity of 250.00 pixels per second, and then hold for 0.2 seconds 
    t =    50.92s     Wait for com.zacrotech.NeuroForge to idle
    t =    50.92s     Find the Target Application 'com.zacrotech.NeuroForge'
    t =    50.97s     Check for interrupting elements affecting "NeuroForge" Application
    t =    51.12s     Synthesize event
    t =    51.17s         Find the Target Application 'com.zacrotech.NeuroForge'
    t =    51.26s         Find the Target Application 'com.zacrotech.NeuroForge'
    t =    51.37s         Find the Target Application 'com.zacrotech.NeuroForge'
    t =    51.47s         Find the Target Application 'com.zacrotech.NeuroForge'
    t =    51.54s         Find the Target Application 'com.zacrotech.NeuroForge'
    t =    53.16s     Wait for com.zacrotech.NeuroForge to idle
    t =    53.24s Get all elements bound by index for: Descendants matching type ScrollView
    t =    53.38s Find the ScrollView (Element at index 0)
    t =    53.48s Find the Target Application 'com.zacrotech.NeuroForge'
    t =    53.52s Checking existence of `Keyboard (First Match)`
    t =    53.82s Get all elements bound by index for: Descendants matching type NavigationBar
    t =    53.86s Find the NavigationBar (Element at index 0)
    t =    53.94s Find the "Practice" NavigationBar
    t =    54.00s Find the ScrollView at {{0.0, 0.0}, {375.0, 667.0}}
    t =    54.06s Find the ScrollView at {{0.0, 0.0}, {375.0, 667.0}}
    t =    54.10s Get all elements bound by index for: Descendants matching type TabBar
    t =    54.14s Find the TabBar (Element at index 0)
    t =    54.23s Find the "Tab Bar" TabBar
    t =    54.27s Checking existence of `"open-ai-studio" Any`
    t =    54.37s Checking existence of `"session-submit" Any`
    t =    54.45s Checking existence of `"session-next" Any`
    t =    54.54s Checking existence of `"train-start-practice" Any`
    t =    54.59s Checking existence of `"train-start-graph-construction" Any`
    t =    54.64s Checking existence of `"open-ai-studio" Any`
    t =    54.70s Checking existence of `"open-ai-studio" Any`
    t =    54.76s Find the ScrollView at {{0.0, 0.0}, {375.0, 667.0}}
    t =    54.82s Checking existence of `"open-ai-studio" Any`
    t =    54.91s Press Target Application 'com.zacrotech.NeuroForge'[0.00, 0.00] -> (187.5, 477.2) for 0.1 seconds, then drag to Target Application 'com.zacrotech.NeuroForge'[0.00, 0.00] -> (187.5, 222.2) with velocity of 250.00 pixels per second, and then hold for 0.2 seconds 
    t =    54.91s     Wait for com.zacrotech.NeuroForge to idle
    t =    54.92s     Find the Target Application 'com.zacrotech.NeuroForge'
    t =    54.96s     Check for interrupting elements affecting "NeuroForge" Application
    t =    55.11s     Synthesize event
    t =    55.12s         Find the Target Application 'com.zacrotech.NeuroForge'
    t =    55.16s         Find the Target Application 'com.zacrotech.NeuroForge'
    t =    55.19s         Find the Target Application 'com.zacrotech.NeuroForge'
    t =    55.22s         Find the Target Application 'com.zacrotech.NeuroForge'
    t =    55.27s         Find the Target Application 'com.zacrotech.NeuroForge'
    t =    56.88s     Wait for com.zacrotech.NeuroForge to idle
    t =    57.34s Get all elements bound by index for: Descendants matching type ScrollView
    t =    57.50s Find the ScrollView (Element at index 0)
    t =    57.81s Find the Target Application 'com.zacrotech.NeuroForge'
    t =    57.90s Checking existence of `Keyboard (First Match)`
    t =    58.42s Get all elements bound by index for: Descendants matching type NavigationBar
    t =    58.47s Find the NavigationBar (Element at index 0)
    t =    58.55s Find the "Practice" NavigationBar
    t =    58.60s Find the ScrollView at {{0.0, 0.0}, {375.0, 667.0}}
    t =    58.66s Find the ScrollView at {{0.0, 0.0}, {375.0, 667.0}}
    t =    58.71s Get all elements bound by index for: Descendants matching type TabBar
    t =    58.76s Find the TabBar (Element at index 0)
    t =    58.83s Find the "Tab Bar" TabBar
    t =    58.89s Checking existence of `"open-ai-studio" Any`
    t =    59.02s Checking existence of `"session-submit" Any`
    t =    59.43s Checking existence of `"session-next" Any`
    t =    59.51s Checking existence of `"train-start-practice" Any`
    t =    59.63s Checking existence of `"train-start-graph-construction" Any`
    t =    59.70s Checking existence of `"open-ai-studio" Any`
    t =    59.76s Checking existence of `"open-ai-studio" Any`
    t =    59.84s Find the ScrollView at {{0.0, 0.0}, {375.0, 667.0}}
    t =    59.93s Checking existence of `"open-ai-studio" Any`
    t =    60.05s Press Target Application 'com.zacrotech.NeuroForge'[0.00, 0.00] -> (187.5, 477.2) for 0.1 seconds, then drag to Target Application 'com.zacrotech.NeuroForge'[0.00, 0.00] -> (187.5, 222.2) with velocity of 250.00 pixels per second, and then hold for 0.2 seconds 
    t =    60.05s     Wait for com.zacrotech.NeuroForge to idle
    t =    60.07s     Find the Target Application 'com.zacrotech.NeuroForge'
    t =    60.15s     Check for interrupting elements affecting "NeuroForge" Application
    t =    60.35s     Synthesize event
    t =    60.36s         Find the Target Application 'com.zacrotech.NeuroForge'
    t =    60.38s         Find the Target Application 'com.zacrotech.NeuroForge'
    t =    60.41s         Find the Target Application 'com.zacrotech.NeuroForge'
    t =    60.44s         Find the Target Application 'com.zacrotech.NeuroForge'
    t =    60.48s         Find the Target Application 'com.zacrotech.NeuroForge'
    t =    62.08s     Wait for com.zacrotech.NeuroForge to idle
    t =    62.65s Get all elements bound by index for: Descendants matching type ScrollView
    t =    62.73s Find the ScrollView (Element at index 0)
    t =    62.82s Find the Target Application 'com.zacrotech.NeuroForge'
    t =    62.86s Checking existence of `Keyboard (First Match)`
    t =    63.33s Get all elements bound by index for: Descendants matching type NavigationBar
    t =    63.36s Find the NavigationBar (Element at index 0)
    t =    63.43s Find the "Practice" NavigationBar
    t =    63.49s Find the ScrollView at {{0.0, 0.0}, {375.0, 667.0}}
    t =    63.55s Find the ScrollView at {{0.0, 0.0}, {375.0, 667.0}}
    t =    63.59s Get all elements bound by index for: Descendants matching type TabBar
    t =    63.63s Find the TabBar (Element at index 0)
    t =    63.71s Find the "Tab Bar" TabBar
    t =    63.75s Checking existence of `"open-ai-studio" Any`
    t =    63.82s Find the "open-ai-studio" Any
    t =    63.88s Checking existence of `"session-submit" Any`
    t =    63.93s Checking existence of `"session-next" Any`
    t =    64.00s Checking existence of `"train-start-practice" Any`
    t =    64.07s Checking existence of `"train-start-graph-construction" Any`
    t =    64.19s Checking existence of `"open-ai-studio" Button`
    t =    64.24s Find the "open-ai-studio" Button
    t =    64.33s Checking existence of `"open-ai-studio" Button`
    t =    64.46s Find the "open-ai-studio" Button
    t =    64.58s Find the ScrollView at {{0.0, 0.0}, {375.0, 667.0}}
    t =    64.63s Checking existence of `"open-ai-studio" Button`
    t =    64.68s Find the "open-ai-studio" Button
    t =    64.75s Press Target Application 'com.zacrotech.NeuroForge'[0.00, 0.00] -> (187.5, 477.2) for 0.1 seconds, then drag to Target Application 'com.zacrotech.NeuroForge'[0.00, 0.00] -> (187.5, 180.8) with velocity of 250.00 pixels per second, and then hold for 0.2 seconds 
    t =    64.75s     Wait for com.zacrotech.NeuroForge to idle
    t =    64.75s     Find the Target Application 'com.zacrotech.NeuroForge'
    t =    64.79s     Check for interrupting elements affecting "NeuroForge" Application
    t =    64.92s     Synthesize event
    t =    64.92s         Find the Target Application 'com.zacrotech.NeuroForge'
    t =    64.96s         Find the Target Application 'com.zacrotech.NeuroForge'
    t =    65.02s         Find the Target Application 'com.zacrotech.NeuroForge'
    t =    65.05s         Find the Target Application 'com.zacrotech.NeuroForge'
    t =    65.12s         Find the Target Application 'com.zacrotech.NeuroForge'
    t =    67.00s     Wait for com.zacrotech.NeuroForge to idle
    t =    68.11s Get all elements bound by index for: Descendants matching type ScrollView
    t =    68.46s Find the ScrollView (Element at index 0)
    t =    68.63s Find the Target Application 'com.zacrotech.NeuroForge'
    t =    68.67s Checking existence of `Keyboard (First Match)`
    t =    68.81s Get all elements bound by index for: Descendants matching type NavigationBar
    t =    68.86s Find the NavigationBar (Element at index 0)
    t =    68.93s Find the "Practice" NavigationBar
    t =    69.00s Find the ScrollView at {{0.0, 0.0}, {375.0, 667.0}}
    t =    69.05s Find the ScrollView at {{0.0, 0.0}, {375.0, 667.0}}
    t =    69.10s Get all elements bound by index for: Descendants matching type TabBar
    t =    69.13s Find the TabBar (Element at index 0)
    t =    69.27s Find the "Tab Bar" TabBar
    t =    69.35s Checking existence of `"open-ai-studio" Button`
    t =    69.44s Checking existence of `"session-submit" Any`
    t =    69.50s Checking existence of `"session-next" Any`
    t =    69.55s Checking existence of `"train-start-practice" Any`
    t =    69.61s Checking existence of `"train-start-graph-construction" Any`
    t =    69.69s Checking existence of `"open-ai-studio" Button`
    t =    69.77s Checking existence of `"open-ai-studio" Button`
    t =    69.87s Find the ScrollView at {{0.0, 0.0}, {375.0, 667.0}}
    t =    69.96s Checking existence of `"open-ai-studio" Button`
    t =    70.13s Press Target Application 'com.zacrotech.NeuroForge'[0.00, 0.00] -> (187.5, 477.2) for 0.1 seconds, then drag to Target Application 'com.zacrotech.NeuroForge'[0.00, 0.00] -> (187.5, 222.2) with velocity of 250.00 pixels per second, and then hold for 0.2 seconds 
    t =    70.13s     Wait for com.zacrotech.NeuroForge to idle
    t =    70.14s     Find the Target Application 'com.zacrotech.NeuroForge'
    t =    70.27s     Check for interrupting elements affecting "NeuroForge" Application
    t =    70.44s     Synthesize event
    t =    70.44s         Find the Target Application 'com.zacrotech.NeuroForge'
    t =    70.48s         Find the Target Application 'com.zacrotech.NeuroForge'
    t =    70.51s         Find the Target Application 'com.zacrotech.NeuroForge'
    t =    70.54s         Find the Target Application 'com.zacrotech.NeuroForge'
    t =    70.58s         Find the Target Application 'com.zacrotech.NeuroForge'
    t =    72.19s     Wait for com.zacrotech.NeuroForge to idle
    t =    72.74s Get all elements bound by index for: Descendants matching type ScrollView
    t =    72.93s Find the ScrollView (Element at index 0)
    t =    73.30s Find the Target Application 'com.zacrotech.NeuroForge'
    t =    73.38s Checking existence of `Keyboard (First Match)`
    t =    73.50s Get all elements bound by index for: Descendants matching type NavigationBar
    t =    73.55s Find the NavigationBar (Element at index 0)
    t =    73.61s Find the "Practice" NavigationBar
    t =    73.65s Find the ScrollView at {{0.0, 0.0}, {375.0, 667.0}}
    t =    73.70s Find the ScrollView at {{0.0, 0.0}, {375.0, 667.0}}
    t =    73.75s Get all elements bound by index for: Descendants matching type TabBar
    t =    73.78s Find the TabBar (Element at index 0)
    t =    73.84s Find the "Tab Bar" TabBar
    t =    73.89s Checking existence of `"open-ai-studio" Button`
    t =    73.97s Find the "open-ai-studio" Button
    t =    74.14s Checking existence of `"session-submit" Any`
    t =    74.27s Checking existence of `"session-next" Any`
    t =    74.48s Checking existence of `"train-start-practice" Any`
    t =    74.62s Checking existence of `"train-start-graph-construction" Any`
    t =    74.68s Checking existence of `"open-ai-studio" Button`
    t =    74.72s Find the "open-ai-studio" Button
    t =    74.82s Checking existence of `"open-ai-studio" Button`
    t =    74.87s Find the "open-ai-studio" Button
    t =    74.94s Find the ScrollView at {{0.0, 0.0}, {375.0, 667.0}}
    t =    75.05s Checking existence of `"open-ai-studio" Button`
    t =    75.10s Find the "open-ai-studio" Button
    t =    75.15s Press Target Application 'com.zacrotech.NeuroForge'[0.00, 0.00] -> (187.5, 477.2) for 0.1 seconds, then drag to Target Application 'com.zacrotech.NeuroForge'[0.00, 0.00] -> (187.5, 180.8) with velocity of 250.00 pixels per second, and then hold for 0.2 seconds 
    t =    75.15s     Wait for com.zacrotech.NeuroForge to idle
    t =    75.15s     Find the Target Application 'com.zacrotech.NeuroForge'
    t =    75.18s     Check for interrupting elements affecting "NeuroForge" Application
    t =    75.29s     Synthesize event
    t =    75.30s         Find the Target Application 'com.zacrotech.NeuroForge'
    t =    75.33s         Find the Target Application 'com.zacrotech.NeuroForge'
    t =    75.36s         Find the Target Application 'com.zacrotech.NeuroForge'
    t =    75.39s         Find the Target Application 'com.zacrotech.NeuroForge'
    t =    75.42s         Find the Target Application 'com.zacrotech.NeuroForge'
    t =    77.17s     Wait for com.zacrotech.NeuroForge to idle
    t =    77.89s Get all elements bound by index for: Descendants matching type ScrollView
    t =    77.97s Find the ScrollView (Element at index 0)
    t =    78.05s Find the Target Application 'com.zacrotech.NeuroForge'
    t =    78.08s Checking existence of `Keyboard (First Match)`
    t =    78.21s Get all elements bound by index for: Descendants matching type NavigationBar
    t =    78.25s Find the NavigationBar (Element at index 0)
    t =    78.31s Find the "Practice" NavigationBar
    t =    78.35s Find the ScrollView at {{0.0, 0.0}, {375.0, 667.0}}
    t =    78.39s Find the ScrollView at {{0.0, 0.0}, {375.0, 667.0}}
    t =    78.43s Get all elements bound by index for: Descendants matching type TabBar
    t =    78.46s Find the TabBar (Element at index 0)
    t =    78.51s Find the "Tab Bar" TabBar
    t =    78.55s Checking existence of `"open-ai-studio" Button`
    t =    78.60s Find the "open-ai-studio" Button
    t =    78.65s Checking existence of `"session-submit" Any`
    t =    78.69s Checking existence of `"session-next" Any`
    t =    78.74s Checking existence of `"train-start-practice" Any`
    t =    78.78s Checking existence of `"train-start-graph-construction" Any`
    t =    78.83s Checking existence of `"open-ai-studio" Button`
    t =    78.88s Find the "open-ai-studio" Button
    t =    78.94s Checking existence of `"open-ai-studio" Button`
    t =    78.98s Find the "open-ai-studio" Button
    t =    79.05s Find the ScrollView at {{0.0, 0.0}, {375.0, 667.0}}
    t =    79.10s Checking existence of `"open-ai-studio" Button`
    t =    79.17s Find the "open-ai-studio" Button
    t =    79.29s Press Target Application 'com.zacrotech.NeuroForge'[0.00, 0.00] -> (187.5, 477.2) for 0.1 seconds, then drag to Target Application 'com.zacrotech.NeuroForge'[0.00, 0.00] -> (187.5, 180.8) with velocity of 250.00 pixels per second, and then hold for 0.2 seconds 
    t =    79.29s     Wait for com.zacrotech.NeuroForge to idle
    t =    79.30s     Find the Target Application 'com.zacrotech.NeuroForge'
    t =    79.35s     Check for interrupting elements affecting "NeuroForge" Application
    t =    79.40s     Synthesize event
    t =    79.41s         Find the Target Application 'com.zacrotech.NeuroForge'
    t =    79.44s         Find the Target Application 'com.zacrotech.NeuroForge'
    t =    79.48s         Find the Target Application 'com.zacrotech.NeuroForge'
    t =    79.51s         Find the Target Application 'com.zacrotech.NeuroForge'
    t =    79.60s         Find the Target Application 'com.zacrotech.NeuroForge'
    t =    81.43s     Wait for com.zacrotech.NeuroForge to idle
    t =    81.85s Get all elements bound by index for: Descendants matching type ScrollView
    t =    82.06s Find the ScrollView (Element at index 0)
    t =    82.14s Find the Target Application 'com.zacrotech.NeuroForge'
    t =    82.17s Checking existence of `Keyboard (First Match)`
    t =    82.29s Get all elements bound by index for: Descendants matching type NavigationBar
    t =    82.33s Find the NavigationBar (Element at index 0)
    t =    82.41s Find the "Practice" NavigationBar
    t =    82.46s Find the ScrollView at {{0.0, 0.0}, {375.0, 667.0}}
    t =    82.54s Find the ScrollView at {{0.0, 0.0}, {375.0, 667.0}}
    t =    82.57s Get all elements bound by index for: Descendants matching type TabBar
    t =    82.60s Find the TabBar (Element at index 0)
    t =    82.66s Find the "Tab Bar" TabBar
    t =    82.71s Checking existence of `"open-ai-studio" Button`
    t =    82.84s Find the "open-ai-studio" Button
    t =    82.89s Checking existence of `"session-submit" Any`
    t =    82.94s Checking existence of `"session-next" Any`
    t =    83.02s Checking existence of `"train-start-practice" Any`
    t =    83.07s Checking existence of `"train-start-graph-construction" Any`
    t =    83.14s Checking existence of `"open-ai-studio" Button`
    t =    83.24s Find the "open-ai-studio" Button
    t =    83.37s Find the "open-ai-studio" Button
    t =    83.41s Find the "open-ai-studio" Button
    t =    83.46s Checking existence of `"open-ai-studio" Button`
    t =    83.53s Find the "open-ai-studio" Button
    t =    83.66s Find the ScrollView at {{0.0, 0.0}, {375.0, 667.0}}
    t =    83.70s Checking existence of `"open-ai-studio" Button`
    t =    83.74s Find the "open-ai-studio" Button
    t =    83.79s Press Target Application 'com.zacrotech.NeuroForge'[0.00, 0.00] -> (187.5, 477.2) for 0.1 seconds, then drag to Target Application 'com.zacrotech.NeuroForge'[0.00, 0.00] -> (187.5, 429.2) with velocity of 250.00 pixels per second, and then hold for 0.2 seconds 
    t =    83.79s     Wait for com.zacrotech.NeuroForge to idle
    t =    83.79s     Find the Target Application 'com.zacrotech.NeuroForge'
    t =    83.82s     Check for interrupting elements affecting "NeuroForge" Application
    t =    83.95s     Synthesize event
    t =    83.95s         Find the Target Application 'com.zacrotech.NeuroForge'
    t =    83.98s         Find the Target Application 'com.zacrotech.NeuroForge'
    t =    84.02s         Find the Target Application 'com.zacrotech.NeuroForge'
    t =    84.05s         Find the Target Application 'com.zacrotech.NeuroForge'
    t =    84.08s         Find the Target Application 'com.zacrotech.NeuroForge'
    t =    84.82s     Wait for com.zacrotech.NeuroForge to idle
    t =    85.88s Get all elements bound by index for: Descendants matching type ScrollView
    t =    85.99s Find the ScrollView (Element at index 0)
    t =    86.07s Find the Target Application 'com.zacrotech.NeuroForge'
    t =    86.10s Checking existence of `Keyboard (First Match)`
    t =    86.19s Get all elements bound by index for: Descendants matching type NavigationBar
    t =    86.23s Find the NavigationBar (Element at index 0)
    t =    86.33s Find the "Practice" NavigationBar
    t =    86.39s Find the ScrollView at {{0.0, 0.0}, {375.0, 667.0}}
    t =    86.46s Find the ScrollView at {{0.0, 0.0}, {375.0, 667.0}}
    t =    86.50s Get all elements bound by index for: Descendants matching type TabBar
    t =    86.55s Find the TabBar (Element at index 0)
    t =    86.77s Find the "Tab Bar" TabBar
    t =    86.83s Checking existence of `"open-ai-studio" Button`
    t =    86.89s Find the "open-ai-studio" Button
    t =    86.94s Checking existence of `"session-submit" Any`
    t =    86.98s Checking existence of `"session-next" Any`
    t =    87.03s Checking existence of `"train-start-practice" Any`
    t =    87.08s Checking existence of `"train-start-graph-construction" Any`
    t =    87.13s Checking existence of `"open-ai-studio" Button`
    t =    87.17s Find the "open-ai-studio" Button
    t =    87.24s Find the "open-ai-studio" Button
    t =    87.29s Find the "open-ai-studio" Button
    t =    87.34s Checking existence of `"open-ai-studio" Button`
    t =    87.38s Find the "open-ai-studio" Button
    t =    87.44s Find the ScrollView at {{0.0, 0.0}, {375.0, 667.0}}
    t =    87.47s Checking existence of `"open-ai-studio" Button`
    t =    87.51s Find the "open-ai-studio" Button
    t =    87.56s Press Target Application 'com.zacrotech.NeuroForge'[0.00, 0.00] -> (187.5, 477.2) for 0.1 seconds, then drag to Target Application 'com.zacrotech.NeuroForge'[0.00, 0.00] -> (187.5, 461.2) with velocity of 250.00 pixels per second, and then hold for 0.2 seconds 
    t =    87.56s     Wait for com.zacrotech.NeuroForge to idle
    t =    87.56s     Find the Target Application 'com.zacrotech.NeuroForge'
    t =    87.59s     Check for interrupting elements affecting "NeuroForge" Application
    t =    87.66s     Synthesize event
    t =    87.66s         Find the Target Application 'com.zacrotech.NeuroForge'
    t =    87.69s         Find the Target Application 'com.zacrotech.NeuroForge'
    t =    87.72s         Find the Target Application 'com.zacrotech.NeuroForge'
    t =    87.75s         Find the Target Application 'com.zacrotech.NeuroForge'
    t =    87.78s         Find the Target Application 'com.zacrotech.NeuroForge'
    t =    88.40s     Wait for com.zacrotech.NeuroForge to idle
    t =    90.21s Get all elements bound by index for: Descendants matching type ScrollView
    t =    90.26s Find the ScrollView (Element at index 0)
    t =    90.31s Find the Target Application 'com.zacrotech.NeuroForge'
    t =    90.33s Checking existence of `Keyboard (First Match)`
    t =    90.41s Get all elements bound by index for: Descendants matching type NavigationBar
    t =    90.44s Find the NavigationBar (Element at index 0)
    t =    90.48s Find the "Practice" NavigationBar
    t =    90.51s Find the ScrollView at {{0.0, 0.0}, {375.0, 667.0}}
    t =    90.55s Find the ScrollView at {{0.0, 0.0}, {375.0, 667.0}}
    t =    90.59s Get all elements bound by index for: Descendants matching type TabBar
    t =    90.62s Find the TabBar (Element at index 0)
    t =    90.66s Find the "Tab Bar" TabBar
    t =    90.70s Checking existence of `"open-ai-studio" Button`
    t =    90.75s Find the "open-ai-studio" Button
    t =    90.78s Checking existence of `"session-submit" Any`
    t =    90.82s Checking existence of `"session-next" Any`
    t =    90.85s Checking existence of `"train-start-practice" Any`
    t =    90.88s Checking existence of `"train-start-graph-construction" Any`
    t =    90.92s Checking existence of `"open-ai-studio" Button`
    t =    90.95s Find the "open-ai-studio" Button
    t =    91.00s Find the "open-ai-studio" Button
    t =    91.04s Find the "open-ai-studio" Button
    t =    91.08s Tap "open-ai-studio" Button
    t =    91.08s     Wait for com.zacrotech.NeuroForge to idle
    t =    91.08s     Find the "open-ai-studio" Button
    t =    91.12s     Check for interrupting elements affecting "open-ai-studio" Button
    t =    91.16s     Synthesize event
    t =    91.46s     Wait for com.zacrotech.NeuroForge to idle
    t =    92.18s Waiting 8.0s for "ai-studio-root" Any to exist
    t =    93.22s     Checking `Expect predicate `existsNoRetry == 1` for object "ai-studio-root" Any`
    t =    93.22s         Checking existence of `"ai-studio-root" Any`
    t =    93.35s Get all elements bound by index for: Descendants matching type ScrollView
    t =    93.40s Find the ScrollView (Element at index 0)
    t =    93.48s Find the Target Application 'com.zacrotech.NeuroForge'
    t =    93.52s Checking existence of `Keyboard (First Match)`
    t =    93.66s Get all elements bound by index for: Descendants matching type NavigationBar
    t =    93.71s Find the NavigationBar (Element at index 0)
    t =    93.78s Find the NavigationBar (Element at index 1)
    t =    93.86s Find the "Create a question set" NavigationBar
    t =    93.91s Find the ScrollView at {{0.0, 30.0}, {375.0, 637.0}}
    t =    93.97s Find the ScrollView at {{0.0, 30.0}, {375.0, 637.0}}
    t =    94.03s Get all elements bound by index for: Descendants matching type TabBar
    t =    94.07s Find the TabBar (Element at index 0)
    t =    94.20s Checking existence of `"ai-studio-generate-action" Button`
    t =    94.26s Find the "ai-studio-generate-action" Button
    t =    94.31s Checking existence of `"session-submit" Any`
    t =    94.38s Checking existence of `"session-next" Any`
    t =    94.44s Checking existence of `"train-start-practice" Any`
    t =    94.50s Checking existence of `"train-start-graph-construction" Any`
    t =    94.56s Checking existence of `"ai-studio-generate-action" Button`
    t =    94.62s Find the "ai-studio-generate-action" Button
    t =    94.69s Checking existence of `"ai-studio-generate-action" Button`
    t =    94.74s Find the "ai-studio-generate-action" Button
    t =    94.82s Find the ScrollView at {{0.0, 30.0}, {375.0, 637.0}}
    t =    94.87s Checking existence of `"ai-studio-generate-action" Button`
    t =    94.92s Find the "ai-studio-generate-action" Button
    t =    94.98s Press Target Application 'com.zacrotech.NeuroForge'[0.00, 0.00] -> (187.5, 559.2) for 0.1 seconds, then drag to Target Application 'com.zacrotech.NeuroForge'[0.00, 0.00] -> (187.5, 259.8) with velocity of 250.00 pixels per second, and then hold for 0.2 seconds 
    t =    94.98s     Wait for com.zacrotech.NeuroForge to idle
    t =    94.98s     Find the Target Application 'com.zacrotech.NeuroForge'
    t =    95.03s     Check for interrupting elements affecting "NeuroForge" Application
    t =    95.09s     Synthesize event
    t =    95.09s         Find the Target Application 'com.zacrotech.NeuroForge'
    t =    95.13s         Find the Target Application 'com.zacrotech.NeuroForge'
    t =    95.17s         Find the Target Application 'com.zacrotech.NeuroForge'
    t =    95.22s         Find the Target Application 'com.zacrotech.NeuroForge'
    t =    95.26s         Find the Target Application 'com.zacrotech.NeuroForge'
    t =    96.99s     Wait for com.zacrotech.NeuroForge to idle
    t =    97.38s Get all elements bound by index for: Descendants matching type ScrollView
    t =    97.64s Find the ScrollView (Element at index 0)
    t =    97.84s Find the Target Application 'com.zacrotech.NeuroForge'
    t =    97.91s Checking existence of `Keyboard (First Match)`
    t =    98.11s Get all elements bound by index for: Descendants matching type NavigationBar
    t =    98.19s Find the NavigationBar (Element at index 0)
    t =    98.29s Find the NavigationBar (Element at index 1)
    t =    98.44s Find the "Create a question set" NavigationBar
    t =    98.56s Find the ScrollView at {{0.0, 30.0}, {375.0, 637.0}}
    t =    98.72s Find the ScrollView at {{0.0, 30.0}, {375.0, 637.0}}
    t =    98.86s Get all elements bound by index for: Descendants matching type TabBar
    t =    99.01s Find the TabBar (Element at index 0)
    t =    99.32s Checking existence of `"ai-studio-generate-action" Button`
    t =    99.47s Find the "ai-studio-generate-action" Button
    t =    99.54s Checking existence of `"session-submit" Any`
    t =    99.61s Checking existence of `"session-next" Any`
    t =    99.67s Checking existence of `"train-start-practice" Any`
    t =    99.75s Checking existence of `"train-start-graph-construction" Any`
    t =    99.83s Checking existence of `"ai-studio-generate-action" Button`
    t =    99.92s Find the "ai-studio-generate-action" Button
    t =   100.05s Checking existence of `"ai-studio-generate-action" Button`
    t =   100.14s Find the "ai-studio-generate-action" Button
    t =   100.24s Find the ScrollView at {{0.0, 30.0}, {375.0, 637.0}}
    t =   100.31s Checking existence of `"ai-studio-generate-action" Button`
    t =   100.39s Find the "ai-studio-generate-action" Button
    t =   100.48s Press Target Application 'com.zacrotech.NeuroForge'[0.00, 0.00] -> (187.5, 548.8) for 0.1 seconds, then drag to Target Application 'com.zacrotech.NeuroForge'[0.00, 0.00] -> (187.5, 218.2) with velocity of 250.00 pixels per second, and then hold for 0.2 seconds 
    t =   100.48s     Wait for com.zacrotech.NeuroForge to idle
    t =   100.48s     Find the Target Application 'com.zacrotech.NeuroForge'
    t =   100.53s     Check for interrupting elements affecting "NeuroForge" Application
    t =   100.63s     Synthesize event
    t =   100.64s         Find the Target Application 'com.zacrotech.NeuroForge'
    t =   100.72s         Find the Target Application 'com.zacrotech.NeuroForge'
    t =   100.80s         Find the Target Application 'com.zacrotech.NeuroForge'
    t =   100.84s         Find the Target Application 'com.zacrotech.NeuroForge'
    t =   100.89s         Find the Target Application 'com.zacrotech.NeuroForge'
    t =   102.79s     Wait for com.zacrotech.NeuroForge to idle
    t =   103.31s Get all elements bound by index for: Descendants matching type ScrollView
    t =   103.38s Find the ScrollView (Element at index 0)
    t =   103.44s Find the Target Application 'com.zacrotech.NeuroForge'
    t =   103.48s Checking existence of `Keyboard (First Match)`
    t =   103.61s Get all elements bound by index for: Descendants matching type NavigationBar
    t =   103.66s Find the NavigationBar (Element at index 0)
    t =   103.75s Find the NavigationBar (Element at index 1)
    t =   103.86s Find the "Create a question set" NavigationBar
    t =   104.04s Find the ScrollView at {{0.0, 30.0}, {375.0, 637.0}}
    t =   104.10s Find the ScrollView at {{0.0, 30.0}, {375.0, 637.0}}
    t =   104.16s Get all elements bound by index for: Descendants matching type TabBar
    t =   104.21s Find the TabBar (Element at index 0)
    t =   104.34s Checking existence of `"ai-studio-generate-action" Button`
    t =   104.42s Find the "ai-studio-generate-action" Button
    t =   104.48s Checking existence of `"session-submit" Any`
    t =   104.55s Checking existence of `"session-next" Any`
    t =   104.62s Checking existence of `"train-start-practice" Any`
    t =   104.69s Checking existence of `"train-start-graph-construction" Any`
    t =   104.76s Checking existence of `"ai-studio-generate-action" Button`
    t =   104.84s Find the "ai-studio-generate-action" Button
    t =   104.93s Checking existence of `"ai-studio-generate-action" Button`
    t =   104.99s Find the "ai-studio-generate-action" Button
    t =   105.06s Find the ScrollView at {{0.0, 30.0}, {375.0, 637.0}}
    t =   105.11s Checking existence of `"ai-studio-generate-action" Button`
    t =   105.17s Find the "ai-studio-generate-action" Button
    t =   105.26s Press Target Application 'com.zacrotech.NeuroForge'[0.00, 0.00] -> (187.5, 548.8) for 0.1 seconds, then drag to Target Application 'com.zacrotech.NeuroForge'[0.00, 0.00] -> (187.5, 469.8) with velocity of 250.00 pixels per second, and then hold for 0.2 seconds 
    t =   105.26s     Wait for com.zacrotech.NeuroForge to idle
    t =   105.26s     Find the Target Application 'com.zacrotech.NeuroForge'
    t =   105.31s     Check for interrupting elements affecting "NeuroForge" Application
    t =   105.36s     Synthesize event
    t =   105.36s         Find the Target Application 'com.zacrotech.NeuroForge'
    t =   105.40s         Find the Target Application 'com.zacrotech.NeuroForge'
    t =   105.44s         Find the Target Application 'com.zacrotech.NeuroForge'
    t =   105.49s         Find the Target Application 'com.zacrotech.NeuroForge'
    t =   105.53s         Find the Target Application 'com.zacrotech.NeuroForge'
    t =   106.41s     Wait for com.zacrotech.NeuroForge to idle
    t =   106.82s Get all elements bound by index for: Descendants matching type ScrollView
    t =   106.88s Find the ScrollView (Element at index 0)
    t =   106.95s Find the Target Application 'com.zacrotech.NeuroForge'
    t =   106.99s Checking existence of `Keyboard (First Match)`
    t =   107.13s Get all elements bound by index for: Descendants matching type NavigationBar
    t =   107.18s Find the NavigationBar (Element at index 0)
    t =   107.24s Find the NavigationBar (Element at index 1)
    t =   107.33s Find the "Create a question set" NavigationBar
    t =   107.38s Find the ScrollView at {{0.0, 30.0}, {375.0, 637.0}}
    t =   107.44s Find the ScrollView at {{0.0, 30.0}, {375.0, 637.0}}
    t =   107.50s Get all elements bound by index for: Descendants matching type TabBar
    t =   107.55s Find the TabBar (Element at index 0)
    t =   107.68s Checking existence of `"ai-studio-generate-action" Button`
    t =   107.75s Find the "ai-studio-generate-action" Button
    t =   107.80s Checking existence of `"session-submit" Any`
    t =   107.87s Checking existence of `"session-next" Any`
    t =   107.93s Checking existence of `"train-start-practice" Any`
    t =   108.01s Checking existence of `"train-start-graph-construction" Any`
    t =   108.09s Checking existence of `"ai-studio-generate-action" Button`
    t =   108.17s Find the "ai-studio-generate-action" Button
    t =   108.29s Find the "ai-studio-generate-action" Button
    t =   108.46s Find the "ai-studio-generate-action" Button
    t =   108.54s Checking existence of `"ai-studio-generate-action" Button`
    t =   108.62s Find the "ai-studio-generate-action" Button
    t =   108.72s Find the ScrollView at {{0.0, 30.0}, {375.0, 637.0}}
    t =   108.78s Checking existence of `"ai-studio-generate-action" Button`
    t =   108.84s Find the "ai-studio-generate-action" Button
    t =   108.91s Press Target Application 'com.zacrotech.NeuroForge'[0.00, 0.00] -> (187.5, 548.8) for 0.1 seconds, then drag to Target Application 'com.zacrotech.NeuroForge'[0.00, 0.00] -> (187.5, 532.8) with velocity of 250.00 pixels per second, and then hold for 0.2 seconds 
    t =   108.91s     Wait for com.zacrotech.NeuroForge to idle
    t =   108.91s     Find the Target Application 'com.zacrotech.NeuroForge'
    t =   108.96s     Check for interrupting elements affecting "NeuroForge" Application
    t =   109.04s     Synthesize event
    t =   109.05s         Find the Target Application 'com.zacrotech.NeuroForge'
    t =   109.09s         Find the Target Application 'com.zacrotech.NeuroForge'
    t =   109.15s         Find the Target Application 'com.zacrotech.NeuroForge'
    t =   109.20s         Find the Target Application 'com.zacrotech.NeuroForge'
    t =   109.26s         Find the Target Application 'com.zacrotech.NeuroForge'
    t =   110.04s     Wait for com.zacrotech.NeuroForge to idle
    t =   110.07s Get all elements bound by index for: Descendants matching type ScrollView
    t =   110.34s Find the ScrollView (Element at index 0)
    t =   110.51s Find the Target Application 'com.zacrotech.NeuroForge'
    t =   110.57s Checking existence of `Keyboard (First Match)`
    t =   110.74s Get all elements bound by index for: Descendants matching type NavigationBar
    t =   110.82s Find the NavigationBar (Element at index 0)
    t =   110.90s Find the NavigationBar (Element at index 1)
    t =   111.13s Find the "Create a question set" NavigationBar
    t =   111.23s Find the ScrollView at {{0.0, 30.0}, {375.0, 637.0}}
    t =   111.34s Find the ScrollView at {{0.0, 30.0}, {375.0, 637.0}}
    t =   111.43s Get all elements bound by index for: Descendants matching type TabBar
    t =   111.55s Find the TabBar (Element at index 0)
    t =   111.92s Checking existence of `"ai-studio-generate-action" Button`
    t =   112.14s Find the "ai-studio-generate-action" Button
    t =   112.24s Checking existence of `"session-submit" Any`
    t =   112.31s Checking existence of `"session-next" Any`
    t =   112.37s Checking existence of `"train-start-practice" Any`
    t =   112.45s Checking existence of `"train-start-graph-construction" Any`
    t =   112.53s Checking existence of `"ai-studio-generate-action" Button`
    t =   112.60s Find the "ai-studio-generate-action" Button
    t =   112.68s Find the "ai-studio-generate-action" Button
    t =   112.75s Find the "ai-studio-generate-action" Button
    t =   112.82s Find the "ai-studio-generate-action" Button
/Users/takamimarsh/Developer/Projects/Zacro Tech/NeuroForge/UITests/NavigationSmokeUITests.swift:453: error: -[NeuroForgeUITests.NavigationSmokeUITests testGeneratedSetCreatesSeparateRunsAndRestoresSkippedRunThroughColdLaunch] : XCTAssertTrue failed
    t =   113.23s Tear Down
Test Case '-[NeuroForgeUITests.NavigationSmokeUITests testGeneratedSetCreatesSeparateRunsAndRestoresSkippedRunThroughColdLaunch]' failed (113.783 seconds).
Test Case '-[NeuroForgeUITests.NavigationSmokeUITests testGraphPublicLaunchPointerControlsUndoAndColdCoordinatesReachSavedFeedback]' started.
    t =     0.00s Start Test at 2026-09-05 14:57:48.748
    t =     0.06s Set Up
    t =     0.07s Open com.zacrotech.NeuroForge
    t =     0.07s     Launch com.zacrotech.NeuroForge
    t =     0.07s         Terminate com.zacrotech.NeuroForge:12265
2026-09-05 14:57:49.924 xcodebuild[11869:5523332] [MT] IDELaunchParametersSnapshot: The operation couldn’t be completed. (DebuggerLLDB.DebuggerVersionStore.StoreError error 0.)
2026-09-05 14:57:49.925 xcodebuild[11869:5523332] [MT] IDELaunchParametersSnapshot: no debugger version
    t =     2.01s         Setting up automation session
    t =     3.46s         Wait for com.zacrotech.NeuroForge to idle
    t =     6.58s Waiting 15.0s for "Practice" Button to exist
    t =     7.59s     Checking `Expect predicate `existsNoRetry == 1` for object "Practice" Button`
    t =     7.59s         Checking existence of `"Practice" Button`
    t =     8.20s Press "Practice" Button for 0.1 seconds
    t =     8.20s     Wait for com.zacrotech.NeuroForge to idle
    t =     8.20s     Find the "Practice" Button
    t =     8.25s     Check for interrupting elements affecting "Practice" Button
    t =     8.30s     Synthesize event
    t =     8.71s     Wait for com.zacrotech.NeuroForge to idle
    t =    11.03s Waiting 8.0s for "destination-train" Any to exist
    t =    12.05s     Checking `Expect predicate `existsNoRetry == 1` for object "destination-train" Any`
    t =    12.06s         Checking existence of `"destination-train" Any`
    t =    12.51s Get all elements bound by index for: Descendants matching type ScrollView
    t =    12.56s Find the ScrollView (Element at index 0)
    t =    12.63s Find the Target Application 'com.zacrotech.NeuroForge'
    t =    12.66s Checking existence of `Keyboard (First Match)`
    t =    12.72s Get all elements bound by index for: Descendants matching type NavigationBar
    t =    12.75s Find the NavigationBar (Element at index 0)
    t =    12.79s Find the "Practice" NavigationBar
    t =    12.82s Find the ScrollView at {{0.0, 0.0}, {375.0, 667.0}}
    t =    12.85s Find the ScrollView at {{0.0, 0.0}, {375.0, 667.0}}
    t =    12.87s Get all elements bound by index for: Descendants matching type TabBar
    t =    12.90s Find the TabBar (Element at index 0)
    t =    12.94s Find the "Tab Bar" TabBar
    t =    12.97s Checking existence of `Button (First Match)`
    t =    13.03s Checking existence of `"session-submit" Any`
    t =    13.06s Checking existence of `"session-next" Any`
    t =    13.09s Checking existence of `"train-start-practice" Any`
    t =    13.12s Checking existence of `"train-start-graph-construction" Any`
    t =    13.15s Checking existence of `Button (First Match)`
    t =    13.22s Checking existence of `Button (First Match)`
    t =    13.28s Find the ScrollView at {{0.0, 0.0}, {375.0, 667.0}}
    t =    13.31s Checking existence of `Button (First Match)`
    t =    13.37s Press Target Application 'com.zacrotech.NeuroForge'[0.00, 0.00] -> (187.5, 499.6) for 0.1 seconds, then drag to Target Application 'com.zacrotech.NeuroForge'[0.00, 0.00] -> (187.5, 300.6) with velocity of 250.00 pixels per second, and then hold for 0.2 seconds 
    t =    13.37s     Wait for com.zacrotech.NeuroForge to idle
    t =    13.38s     Find the Target Application 'com.zacrotech.NeuroForge'
    t =    13.40s     Check for interrupting elements affecting "NeuroForge" Application
    t =    13.47s     Synthesize event
    t =    13.48s         Find the Target Application 'com.zacrotech.NeuroForge'
    t =    13.50s         Find the Target Application 'com.zacrotech.NeuroForge'
    t =    13.52s         Find the Target Application 'com.zacrotech.NeuroForge'
    t =    13.55s         Find the Target Application 'com.zacrotech.NeuroForge'
    t =    13.58s         Find the Target Application 'com.zacrotech.NeuroForge'
    t =    14.92s     Wait for com.zacrotech.NeuroForge to idle
    t =    14.92s Get all elements bound by index for: Descendants matching type ScrollView
    t =    14.96s Find the ScrollView (Element at index 0)
    t =    15.00s Find the Target Application 'com.zacrotech.NeuroForge'
    t =    15.03s Checking existence of `Keyboard (First Match)`
    t =    15.10s Get all elements bound by index for: Descendants matching type NavigationBar
    t =    15.13s Find the NavigationBar (Element at index 0)
    t =    15.17s Find the "Practice" NavigationBar
    t =    15.20s Find the ScrollView at {{0.0, 0.0}, {375.0, 667.0}}
    t =    15.24s Find the ScrollView at {{0.0, 0.0}, {375.0, 667.0}}
    t =    15.27s Get all elements bound by index for: Descendants matching type TabBar
    t =    15.29s Find the TabBar (Element at index 0)
    t =    15.33s Find the "Tab Bar" TabBar
    t =    15.36s Checking existence of `Button (First Match)`
    t =    15.42s Checking existence of `"session-submit" Any`
    t =    15.46s Checking existence of `"session-next" Any`
    t =    15.49s Checking existence of `"train-start-practice" Any`
    t =    15.52s Checking existence of `"train-start-graph-construction" Any`
    t =    15.55s Checking existence of `Button (First Match)`
    t =    15.63s Checking existence of `Button (First Match)`
    t =    15.71s Find the ScrollView at {{0.0, 0.0}, {375.0, 667.0}}
    t =    15.74s Checking existence of `Button (First Match)`
    t =    15.84s Press Target Application 'com.zacrotech.NeuroForge'[0.00, 0.00] -> (187.5, 499.6) for 0.1 seconds, then drag to Target Application 'com.zacrotech.NeuroForge'[0.00, 0.00] -> (187.5, 300.6) with velocity of 250.00 pixels per second, and then hold for 0.2 seconds 
    t =    15.84s     Wait for com.zacrotech.NeuroForge to idle
    t =    15.85s     Find the Target Application 'com.zacrotech.NeuroForge'
    t =    15.88s     Check for interrupting elements affecting "NeuroForge" Application
    t =    15.94s     Synthesize event
    t =    15.94s         Find the Target Application 'com.zacrotech.NeuroForge'
    t =    15.96s         Find the Target Application 'com.zacrotech.NeuroForge'
    t =    15.98s         Find the Target Application 'com.zacrotech.NeuroForge'
    t =    16.00s         Find the Target Application 'com.zacrotech.NeuroForge'
    t =    16.02s         Find the Target Application 'com.zacrotech.NeuroForge'
    t =    17.36s     Wait for com.zacrotech.NeuroForge to idle
    t =    17.86s Get all elements bound by index for: Descendants matching type ScrollView
    t =    17.89s Find the ScrollView (Element at index 0)
    t =    17.93s Find the Target Application 'com.zacrotech.NeuroForge'
    t =    17.95s Checking existence of `Keyboard (First Match)`
    t =    18.03s Get all elements bound by index for: Descendants matching type NavigationBar
    t =    18.07s Find the NavigationBar (Element at index 0)
    t =    18.12s Find the "Practice" NavigationBar
    t =    18.15s Find the ScrollView at {{0.0, 0.0}, {375.0, 667.0}}
    t =    18.18s Find the ScrollView at {{0.0, 0.0}, {375.0, 667.0}}
    t =    18.21s Get all elements bound by index for: Descendants matching type TabBar
    t =    18.24s Find the TabBar (Element at index 0)
    t =    18.28s Find the "Tab Bar" TabBar
    t =    18.31s Checking existence of `Button (First Match)`
    t =    18.37s Find the Button (First Match)
    t =    18.42s Checking existence of `"session-submit" Any`
    t =    18.46s Checking existence of `"session-next" Any`
    t =    18.49s Checking existence of `"train-start-practice" Any`
    t =    18.53s Checking existence of `"train-start-graph-construction" Any`
    t =    18.56s Checking existence of `"Quantitative Intuition, Magnitude, uncertainty, and probability, Unassessed, No practice yet" Button`
    t =    18.61s Find the "Quantitative Intuition, Magnitude, uncertainty, and probability, Unassessed, No practice yet" Button
    t =    18.68s Checking existence of `"Quantitative Intuition, Magnitude, uncertainty, and probability, Unassessed, No practice yet" Button`
    t =    18.73s Find the "Quantitative Intuition, Magnitude, uncertainty, and probability, Unassessed, No practice yet" Button
    t =    18.79s Find the ScrollView at {{0.0, 0.0}, {375.0, 667.0}}
    t =    18.82s Checking existence of `"Quantitative Intuition, Magnitude, uncertainty, and probability, Unassessed, No practice yet" Button`
    t =    18.88s Find the "Quantitative Intuition, Magnitude, uncertainty, and probability, Unassessed, No practice yet" Button
    t =    18.93s Press Target Application 'com.zacrotech.NeuroForge'[0.00, 0.00] -> (187.5, 477.2) for 0.1 seconds, then drag to Target Application 'com.zacrotech.NeuroForge'[0.00, 0.00] -> (187.5, 180.8) with velocity of 250.00 pixels per second, and then hold for 0.2 seconds 
    t =    18.93s     Wait for com.zacrotech.NeuroForge to idle
    t =    18.93s     Find the Target Application 'com.zacrotech.NeuroForge'
    t =    18.96s     Check for interrupting elements affecting "NeuroForge" Application
    t =    18.98s     Synthesize event
    t =    18.99s         Find the Target Application 'com.zacrotech.NeuroForge'
    t =    19.01s         Find the Target Application 'com.zacrotech.NeuroForge'
    t =    19.03s         Find the Target Application 'com.zacrotech.NeuroForge'
    t =    19.05s         Find the Target Application 'com.zacrotech.NeuroForge'
    t =    19.08s         Find the Target Application 'com.zacrotech.NeuroForge'
    t =    20.79s     Wait for com.zacrotech.NeuroForge to idle
    t =    21.40s Get all elements bound by index for: Descendants matching type ScrollView
    t =    21.43s Find the ScrollView (Element at index 0)
    t =    21.47s Find the Target Application 'com.zacrotech.NeuroForge'
    t =    21.49s Checking existence of `Keyboard (First Match)`
    t =    21.56s Get all elements bound by index for: Descendants matching type NavigationBar
    t =    21.59s Find the NavigationBar (Element at index 0)
    t =    21.63s Find the "Practice" NavigationBar
    t =    21.66s Find the ScrollView at {{0.0, 0.0}, {375.0, 667.0}}
    t =    21.70s Find the ScrollView at {{0.0, 0.0}, {375.0, 667.0}}
    t =    21.73s Get all elements bound by index for: Descendants matching type TabBar
    t =    21.75s Find the TabBar (Element at index 0)
    t =    21.79s Find the "Tab Bar" TabBar
    t =    21.82s Checking existence of `"Quantitative Intuition, Magnitude, uncertainty, and probability, Unassessed, No practice yet" Button`
    t =    21.87s Find the "Quantitative Intuition, Magnitude, uncertainty, and probability, Unassessed, No practice yet" Button
    t =    21.93s Checking existence of `"session-submit" Any`
    t =    21.97s Checking existence of `"session-next" Any`
    t =    22.01s Checking existence of `"train-start-practice" Any`
    t =    22.04s Checking existence of `"train-start-graph-construction" Any`
    t =    22.08s Checking existence of `"Quantitative Intuition, Magnitude, uncertainty, and probability, Unassessed, No practice yet" Button`
    t =    22.13s Find the "Quantitative Intuition, Magnitude, uncertainty, and probability, Unassessed, No practice yet" Button
    t =    22.21s Checking existence of `"Quantitative Intuition, Magnitude, uncertainty, and probability, Unassessed, No practice yet" Button`
    t =    22.26s Find the "Quantitative Intuition, Magnitude, uncertainty, and probability, Unassessed, No practice yet" Button
    t =    22.31s Find the ScrollView at {{0.0, 0.0}, {375.0, 667.0}}
    t =    22.35s Checking existence of `"Quantitative Intuition, Magnitude, uncertainty, and probability, Unassessed, No practice yet" Button`
    t =    22.40s Find the "Quantitative Intuition, Magnitude, uncertainty, and probability, Unassessed, No practice yet" Button
    t =    22.45s Press Target Application 'com.zacrotech.NeuroForge'[0.00, 0.00] -> (187.5, 477.2) for 0.1 seconds, then drag to Target Application 'com.zacrotech.NeuroForge'[0.00, 0.00] -> (187.5, 202.2) with velocity of 250.00 pixels per second, and then hold for 0.2 seconds 
    t =    22.45s     Wait for com.zacrotech.NeuroForge to idle
    t =    22.46s     Find the Target Application 'com.zacrotech.NeuroForge'
    t =    22.48s     Check for interrupting elements affecting "NeuroForge" Application
    t =    22.51s     Synthesize event
    t =    22.52s         Find the Target Application 'com.zacrotech.NeuroForge'
    t =    22.54s         Find the Target Application 'com.zacrotech.NeuroForge'
    t =    22.57s         Find the Target Application 'com.zacrotech.NeuroForge'
    t =    22.59s         Find the Target Application 'com.zacrotech.NeuroForge'
    t =    22.61s         Find the Target Application 'com.zacrotech.NeuroForge'
    t =    24.25s     Wait for com.zacrotech.NeuroForge to idle
    t =    24.25s Get all elements bound by index for: Descendants matching type ScrollView
    t =    24.28s Find the ScrollView (Element at index 0)
    t =    24.34s Find the Target Application 'com.zacrotech.NeuroForge'
    t =    24.36s Checking existence of `Keyboard (First Match)`
    t =    24.45s Get all elements bound by index for: Descendants matching type NavigationBar
    t =    24.51s Find the NavigationBar (Element at index 0)
    t =    24.57s Find the "Practice" NavigationBar
    t =    24.60s Find the ScrollView at {{0.0, 0.0}, {375.0, 667.0}}
    t =    24.64s Find the ScrollView at {{0.0, 0.0}, {375.0, 667.0}}
    t =    24.67s Get all elements bound by index for: Descendants matching type TabBar
    t =    24.71s Find the TabBar (Element at index 0)
    t =    24.75s Find the "Tab Bar" TabBar
    t =    24.78s Checking existence of `"Quantitative Intuition, Magnitude, uncertainty, and probability, Unassessed, No practice yet" Button`
    t =    24.83s Find the "Quantitative Intuition, Magnitude, uncertainty, and probability, Unassessed, No practice yet" Button
    t =    24.88s Checking existence of `"session-submit" Any`
    t =    24.93s Checking existence of `"session-next" Any`
    t =    24.96s Checking existence of `"train-start-practice" Any`
    t =    25.00s Checking existence of `"train-start-graph-construction" Any`
    t =    25.04s Checking existence of `"Quantitative Intuition, Magnitude, uncertainty, and probability, Unassessed, No practice yet" Button`
    t =    25.10s Find the "Quantitative Intuition, Magnitude, uncertainty, and probability, Unassessed, No practice yet" Button
    t =    25.16s Find the "Quantitative Intuition, Magnitude, uncertainty, and probability, Unassessed, No practice yet" Button
    t =    25.23s Find the "Quantitative Intuition, Magnitude, uncertainty, and probability, Unassessed, No practice yet" Button
    t =    25.29s Checking existence of `"Quantitative Intuition, Magnitude, uncertainty, and probability, Unassessed, No practice yet" Button`
    t =    25.35s Find the "Quantitative Intuition, Magnitude, uncertainty, and probability, Unassessed, No practice yet" Button
    t =    25.43s Find the ScrollView at {{0.0, 0.0}, {375.0, 667.0}}
    t =    25.46s Checking existence of `"Quantitative Intuition, Magnitude, uncertainty, and probability, Unassessed, No practice yet" Button`
    t =    25.52s Find the "Quantitative Intuition, Magnitude, uncertainty, and probability, Unassessed, No practice yet" Button
    t =    25.59s Press Target Application 'com.zacrotech.NeuroForge'[0.00, 0.00] -> (187.5, 477.2) for 0.1 seconds, then drag to Target Application 'com.zacrotech.NeuroForge'[0.00, 0.00] -> (187.5, 461.2) with velocity of 250.00 pixels per second, and then hold for 0.2 seconds 
    t =    25.59s     Wait for com.zacrotech.NeuroForge to idle
    t =    25.59s     Find the Target Application 'com.zacrotech.NeuroForge'
    t =    25.62s     Check for interrupting elements affecting "NeuroForge" Application
    t =    25.66s     Synthesize event
    t =    25.66s         Find the Target Application 'com.zacrotech.NeuroForge'
    t =    25.68s         Find the Target Application 'com.zacrotech.NeuroForge'
    t =    25.71s         Find the Target Application 'com.zacrotech.NeuroForge'
    t =    25.74s         Find the Target Application 'com.zacrotech.NeuroForge'
    t =    25.77s         Find the Target Application 'com.zacrotech.NeuroForge'
    t =    26.38s     Wait for com.zacrotech.NeuroForge to idle
    t =    28.66s Get all elements bound by index for: Descendants matching type ScrollView
    t =    28.74s Find the ScrollView (Element at index 0)
    t =    28.81s Find the Target Application 'com.zacrotech.NeuroForge'
    t =    28.84s Checking existence of `Keyboard (First Match)`
    t =    28.93s Get all elements bound by index for: Descendants matching type NavigationBar
    t =    28.97s Find the NavigationBar (Element at index 0)
    t =    29.02s Find the "Practice" NavigationBar
    t =    29.08s Find the ScrollView at {{0.0, 0.0}, {375.0, 667.0}}
    t =    29.12s Find the ScrollView at {{0.0, 0.0}, {375.0, 667.0}}
    t =    29.15s Get all elements bound by index for: Descendants matching type TabBar
    t =    29.18s Find the TabBar (Element at index 0)
    t =    29.23s Find the "Tab Bar" TabBar
    t =    29.28s Checking existence of `"Quantitative Intuition, Magnitude, uncertainty, and probability, Unassessed, No practice yet" Button`
    t =    29.36s Find the "Quantitative Intuition, Magnitude, uncertainty, and probability, Unassessed, No practice yet" Button
    t =    29.44s Checking existence of `"session-submit" Any`
    t =    29.50s Checking existence of `"session-next" Any`
    t =    29.54s Checking existence of `"train-start-practice" Any`
    t =    29.58s Checking existence of `"train-start-graph-construction" Any`
    t =    29.62s Checking existence of `"Quantitative Intuition, Magnitude, uncertainty, and probability, Unassessed, No practice yet" Button`
    t =    29.68s Find the "Quantitative Intuition, Magnitude, uncertainty, and probability, Unassessed, No practice yet" Button
    t =    29.77s Find the "Quantitative Intuition, Magnitude, uncertainty, and probability, Unassessed, No practice yet" Button
    t =    29.83s Find the "Quantitative Intuition, Magnitude, uncertainty, and probability, Unassessed, No practice yet" Button
    t =    29.89s Tap "Quantitative Intuition, Magnitude, uncertainty, and probability, Unassessed, No practice yet" Button
    t =    29.89s     Wait for com.zacrotech.NeuroForge to idle
    t =    29.89s     Find the "Quantitative Intuition, Magnitude, uncertainty, and probability, Unassessed, No practice yet" Button
    t =    29.95s     Check for interrupting elements affecting "Quantitative Intuition, Magnitude, uncertainty, and probability, Unassessed, No practice yet" Button
    t =    30.02s     Synthesize event
    t =    30.34s     Wait for com.zacrotech.NeuroForge to idle
    t =    30.64s Waiting 8.0s for "Quantitative" NavigationBar to exist
    t =    31.67s     Checking `Expect predicate `existsNoRetry == 1` for object "Quantitative" NavigationBar`
    t =    31.67s         Checking existence of `"Quantitative" NavigationBar`
    t =    31.79s Get all elements bound by index for: Descendants matching type ScrollView
    t =    31.83s Find the ScrollView (Element at index 0)
    t =    31.88s Find the Target Application 'com.zacrotech.NeuroForge'
    t =    31.91s Checking existence of `Keyboard (First Match)`
    t =    31.99s Get all elements bound by index for: Descendants matching type NavigationBar
    t =    32.03s Find the NavigationBar (Element at index 0)
    t =    32.09s Find the "Quantitative" NavigationBar
    t =    32.12s Find the ScrollView at {{0.0, 0.0}, {375.0, 667.0}}
    t =    32.16s Find the ScrollView at {{0.0, 0.0}, {375.0, 667.0}}
    t =    32.20s Get all elements bound by index for: Descendants matching type TabBar
    t =    32.22s Find the TabBar (Element at index 0)
    t =    32.27s Find the "Tab Bar" TabBar
    t =    32.30s Checking existence of `Button (First Match)`
    t =    32.38s Checking existence of `"session-submit" Any`
    t =    32.42s Checking existence of `"session-next" Any`
    t =    32.46s Checking existence of `"train-start-practice" Any`
    t =    32.50s Find the "train-start-practice" Any
    t =    32.55s Find the "train-start-practice" Button
    t =    32.60s Find the "train-start-practice" Button
    t =    32.64s Checking existence of `"train-start-graph-construction" Any`
    t =    32.68s Checking existence of `Button (First Match)`
    t =    32.76s Checking existence of `Button (First Match)`
    t =    32.84s Find the ScrollView at {{0.0, 0.0}, {375.0, 667.0}}
    t =    32.87s Checking existence of `Button (First Match)`
    t =    32.95s Press Target Application 'com.zacrotech.NeuroForge'[0.00, 0.00] -> (187.5, 431.2) for 0.1 seconds, then drag to Target Application 'com.zacrotech.NeuroForge'[0.00, 0.00] -> (187.5, 237.4) with velocity of 250.00 pixels per second, and then hold for 0.2 seconds 
    t =    32.95s     Wait for com.zacrotech.NeuroForge to idle
    t =    32.95s     Find the Target Application 'com.zacrotech.NeuroForge'
    t =    32.98s     Check for interrupting elements affecting "NeuroForge" Application
    t =    33.02s     Synthesize event
    t =    33.02s         Find the Target Application 'com.zacrotech.NeuroForge'
    t =    33.05s         Find the Target Application 'com.zacrotech.NeuroForge'
    t =    33.08s         Find the Target Application 'com.zacrotech.NeuroForge'
    t =    33.11s         Find the Target Application 'com.zacrotech.NeuroForge'
    t =    33.14s         Find the Target Application 'com.zacrotech.NeuroForge'
    t =    34.46s     Wait for com.zacrotech.NeuroForge to idle
    t =    35.13s Get all elements bound by index for: Descendants matching type ScrollView
    t =    35.18s Find the ScrollView (Element at index 0)
    t =    35.23s Find the Target Application 'com.zacrotech.NeuroForge'
    t =    35.26s Checking existence of `Keyboard (First Match)`
    t =    35.38s Get all elements bound by index for: Descendants matching type NavigationBar
    t =    35.43s Find the NavigationBar (Element at index 0)
    t =    35.50s Find the "Quantitative" NavigationBar
    t =    35.54s Find the ScrollView at {{0.0, 0.0}, {375.0, 667.0}}
    t =    35.59s Find the ScrollView at {{0.0, 0.0}, {375.0, 667.0}}
    t =    35.63s Get all elements bound by index for: Descendants matching type TabBar
    t =    35.67s Find the TabBar (Element at index 0)
    t =    35.73s Find the "Tab Bar" TabBar
    t =    35.77s Checking existence of `Button (First Match)`
    t =    35.85s Find the Button (First Match)
    t =    35.91s Checking existence of `"session-submit" Any`
    t =    35.99s Checking existence of `"session-next" Any`
    t =    36.05s Checking existence of `"train-start-practice" Any`
    t =    36.11s Find the "train-start-practice" Any
    t =    36.18s Find the "train-start-practice" Button
    t =    36.24s Find the "train-start-practice" Button
    t =    36.29s Checking existence of `"train-start-graph-construction" Any`
    t =    36.34s Checking existence of `"Scaling Law, Apply the input multiplier through the direct, inverse, or power-law relationship before changing the output., Practice" Button`
    t =    36.41s Find the "Scaling Law, Apply the input multiplier through the direct, inverse, or power-law relationship before changing the output., Practice" Button
    t =    36.51s Checking existence of `"Scaling Law, Apply the input multiplier through the direct, inverse, or power-law relationship before changing the output., Practice" Button`
    t =    36.60s Find the "Scaling Law, Apply the input multiplier through the direct, inverse, or power-law relationship before changing the output., Practice" Button
    t =    36.69s Find the ScrollView at {{0.0, 0.0}, {375.0, 667.0}}
    t =    36.75s Checking existence of `"Scaling Law, Apply the input multiplier through the direct, inverse, or power-law relationship before changing the output., Practice" Button`
    t =    36.88s Find the "Scaling Law, Apply the input multiplier through the direct, inverse, or power-law relationship before changing the output., Practice" Button
    t =    37.01s Press Target Application 'com.zacrotech.NeuroForge'[0.00, 0.00] -> (187.5, 420.8) for 0.1 seconds, then drag to Target Application 'com.zacrotech.NeuroForge'[0.00, 0.00] -> (187.5, 166.7) with velocity of 250.00 pixels per second, and then hold for 0.2 seconds 
    t =    37.01s     Wait for com.zacrotech.NeuroForge to idle
    t =    37.01s     Find the Target Application 'com.zacrotech.NeuroForge'
    t =    37.08s     Check for interrupting elements affecting "NeuroForge" Application
    t =    37.30s     Synthesize event
    t =    37.31s         Find the Target Application 'com.zacrotech.NeuroForge'
    t =    37.35s         Find the Target Application 'com.zacrotech.NeuroForge'
    t =    37.42s         Find the Target Application 'com.zacrotech.NeuroForge'
    t =    37.48s         Find the Target Application 'com.zacrotech.NeuroForge'
    t =    37.52s         Find the Target Application 'com.zacrotech.NeuroForge'
    t =    39.08s     Wait for com.zacrotech.NeuroForge to idle
    t =    39.08s Get all elements bound by index for: Descendants matching type ScrollView
    t =    39.13s Find the ScrollView (Element at index 0)
    t =    39.19s Find the Target Application 'com.zacrotech.NeuroForge'
    t =    39.22s Checking existence of `Keyboard (First Match)`
    t =    39.30s Get all elements bound by index for: Descendants matching type NavigationBar
    t =    39.33s Find the NavigationBar (Element at index 0)
    t =    39.38s Find the "Quantitative" NavigationBar
    t =    39.42s Find the ScrollView at {{0.0, 0.0}, {375.0, 667.0}}
    t =    39.47s Find the ScrollView at {{0.0, 0.0}, {375.0, 667.0}}
    t =    39.51s Get all elements bound by index for: Descendants matching type TabBar
    t =    39.54s Find the TabBar (Element at index 0)
    t =    39.59s Find the "Tab Bar" TabBar
    t =    39.63s Checking existence of `"Scaling Law, Apply the input multiplier through the direct, inverse, or power-law relationship before changing the output., Practice" Button`
    t =    39.71s Find the "Scaling Law, Apply the input multiplier through the direct, inverse, or power-law relationship before changing the output., Practice" Button
    t =    39.78s Checking existence of `"session-submit" Any`
    t =    39.83s Checking existence of `"session-next" Any`
    t =    39.88s Checking existence of `"train-start-practice" Any`
    t =    39.93s Find the "train-start-practice" Any
    t =    39.99s Find the "train-start-practice" Button
    t =    40.04s Find the "train-start-practice" Button
    t =    40.09s Checking existence of `"train-start-graph-construction" Any`
    t =    40.13s Checking existence of `"Scaling Law, Apply the input multiplier through the direct, inverse, or power-law relationship before changing the output., Practice" Button`
    t =    40.21s Find the "Scaling Law, Apply the input multiplier through the direct, inverse, or power-law relationship before changing the output., Practice" Button
    t =    40.28s Checking existence of `"Scaling Law, Apply the input multiplier through the direct, inverse, or power-law relationship before changing the output., Practice" Button`
    t =    40.34s Find the "Scaling Law, Apply the input multiplier through the direct, inverse, or power-law relationship before changing the output., Practice" Button
    t =    40.41s Find the ScrollView at {{0.0, 0.0}, {375.0, 667.0}}
    t =    40.45s Checking existence of `"Scaling Law, Apply the input multiplier through the direct, inverse, or power-law relationship before changing the output., Practice" Button`
    t =    40.51s Find the "Scaling Law, Apply the input multiplier through the direct, inverse, or power-law relationship before changing the output., Practice" Button
    t =    40.57s Press Target Application 'com.zacrotech.NeuroForge'[0.00, 0.00] -> (187.5, 420.8) for 0.1 seconds, then drag to Target Application 'com.zacrotech.NeuroForge'[0.00, 0.00] -> (187.5, 166.7) with velocity of 250.00 pixels per second, and then hold for 0.2 seconds 
    t =    40.57s     Wait for com.zacrotech.NeuroForge to idle
    t =    40.57s     Find the Target Application 'com.zacrotech.NeuroForge'
    t =    40.60s     Check for interrupting elements affecting "NeuroForge" Application
    t =    40.66s     Synthesize event
    t =    40.66s         Find the Target Application 'com.zacrotech.NeuroForge'
    t =    40.69s         Find the Target Application 'com.zacrotech.NeuroForge'
    t =    40.72s         Find the Target Application 'com.zacrotech.NeuroForge'
    t =    40.75s         Find the Target Application 'com.zacrotech.NeuroForge'
    t =    40.79s         Find the Target Application 'com.zacrotech.NeuroForge'
    t =    42.34s     Wait for com.zacrotech.NeuroForge to idle
    t =    42.91s Get all elements bound by index for: Descendants matching type ScrollView
    t =    42.96s Find the ScrollView (Element at index 0)
    t =    43.00s Find the Target Application 'com.zacrotech.NeuroForge'
    t =    43.04s Checking existence of `Keyboard (First Match)`
    t =    43.13s Get all elements bound by index for: Descendants matching type NavigationBar
    t =    43.16s Find the NavigationBar (Element at index 0)
    t =    43.22s Find the "Quantitative" NavigationBar
    t =    43.26s Find the ScrollView at {{0.0, 0.0}, {375.0, 667.0}}
    t =    43.31s Find the ScrollView at {{0.0, 0.0}, {375.0, 667.0}}
    t =    43.35s Get all elements bound by index for: Descendants matching type TabBar
    t =    43.38s Find the TabBar (Element at index 0)
    t =    43.43s Find the "Tab Bar" TabBar
    t =    43.48s Checking existence of `"Scaling Law, Apply the input multiplier through the direct, inverse, or power-law relationship before changing the output., Practice" Button`
    t =    43.55s Find the "Scaling Law, Apply the input multiplier through the direct, inverse, or power-law relationship before changing the output., Practice" Button
    t =    43.61s Checking existence of `"session-submit" Any`
    t =    43.66s Checking existence of `"session-next" Any`
    t =    43.71s Checking existence of `"train-start-practice" Any`
    t =    43.76s Find the "train-start-practice" Any
    t =    43.82s Find the "train-start-practice" Button
    t =    43.87s Find the "train-start-practice" Button
    t =    43.92s Checking existence of `"train-start-graph-construction" Any`
    t =    43.97s Checking existence of `"Scaling Law, Apply the input multiplier through the direct, inverse, or power-law relationship before changing the output., Practice" Button`
    t =    44.03s Find the "Scaling Law, Apply the input multiplier through the direct, inverse, or power-law relationship before changing the output., Practice" Button
    t =    44.10s Checking existence of `"Scaling Law, Apply the input multiplier through the direct, inverse, or power-law relationship before changing the output., Practice" Button`
    t =    44.18s Find the "Scaling Law, Apply the input multiplier through the direct, inverse, or power-law relationship before changing the output., Practice" Button
    t =    44.24s Find the ScrollView at {{0.0, 0.0}, {375.0, 667.0}}
    t =    44.29s Checking existence of `"Scaling Law, Apply the input multiplier through the direct, inverse, or power-law relationship before changing the output., Practice" Button`
    t =    44.35s Find the "Scaling Law, Apply the input multiplier through the direct, inverse, or power-law relationship before changing the output., Practice" Button
    t =    44.41s Press Target Application 'com.zacrotech.NeuroForge'[0.00, 0.00] -> (187.5, 420.8) for 0.1 seconds, then drag to Target Application 'com.zacrotech.NeuroForge'[0.00, 0.00] -> (187.5, 166.7) with velocity of 250.00 pixels per second, and then hold for 0.2 seconds 
    t =    44.41s     Wait for com.zacrotech.NeuroForge to idle
    t =    44.41s     Find the Target Application 'com.zacrotech.NeuroForge'
    t =    44.44s     Check for interrupting elements affecting "NeuroForge" Application
    t =    44.48s     Synthesize event
    t =    44.49s         Find the Target Application 'com.zacrotech.NeuroForge'
    t =    44.52s         Find the Target Application 'com.zacrotech.NeuroForge'
    t =    44.56s         Find the Target Application 'com.zacrotech.NeuroForge'
    t =    44.59s         Find the Target Application 'com.zacrotech.NeuroForge'
    t =    44.63s         Find the Target Application 'com.zacrotech.NeuroForge'
    t =    46.17s     Wait for com.zacrotech.NeuroForge to idle
    t =    46.52s Get all elements bound by index for: Descendants matching type ScrollView
    t =    46.56s Find the ScrollView (Element at index 0)
    t =    46.61s Find the Target Application 'com.zacrotech.NeuroForge'
    t =    46.65s Checking existence of `Keyboard (First Match)`
    t =    46.74s Get all elements bound by index for: Descendants matching type NavigationBar
    t =    46.78s Find the NavigationBar (Element at index 0)
    t =    46.83s Find the "Quantitative" NavigationBar
    t =    46.88s Find the ScrollView at {{0.0, 0.0}, {375.0, 667.0}}
    t =    46.92s Find the ScrollView at {{0.0, 0.0}, {375.0, 667.0}}
    t =    46.96s Get all elements bound by index for: Descendants matching type TabBar
    t =    47.00s Find the TabBar (Element at index 0)
    t =    47.05s Find the "Tab Bar" TabBar
    t =    47.09s Checking existence of `"Scaling Law, Apply the input multiplier through the direct, inverse, or power-law relationship before changing the output., Practice" Button`
    t =    47.15s Find the "Scaling Law, Apply the input multiplier through the direct, inverse, or power-law relationship before changing the output., Practice" Button
    t =    47.21s Checking existence of `"session-submit" Any`
    t =    47.27s Checking existence of `"session-next" Any`
    t =    47.33s Checking existence of `"train-start-practice" Any`
    t =    47.40s Find the "train-start-practice" Any
    t =    47.59s Find the "train-start-practice" Button
    t =    47.69s Find the "train-start-practice" Button
    t =    47.75s Checking existence of `"train-start-graph-construction" Any`
    t =    47.81s Checking existence of `"Scaling Law, Apply the input multiplier through the direct, inverse, or power-law relationship before changing the output., Practice" Button`
    t =    47.87s Find the "Scaling Law, Apply the input multiplier through the direct, inverse, or power-law relationship before changing the output., Practice" Button
    t =    47.98s Find the "Scaling Law, Apply the input multiplier through the direct, inverse, or power-law relationship before changing the output., Practice" Button
    t =    48.10s Find the "Scaling Law, Apply the input multiplier through the direct, inverse, or power-law relationship before changing the output., Practice" Button
    t =    48.18s Checking existence of `"Scaling Law, Apply the input multiplier through the direct, inverse, or power-law relationship before changing the output., Practice" Button`
    t =    48.25s Find the "Scaling Law, Apply the input multiplier through the direct, inverse, or power-law relationship before changing the output., Practice" Button
    t =    48.32s Find the ScrollView at {{0.0, 0.0}, {375.0, 667.0}}
    t =    48.37s Checking existence of `"Scaling Law, Apply the input multiplier through the direct, inverse, or power-law relationship before changing the output., Practice" Button`
    t =    48.43s Find the "Scaling Law, Apply the input multiplier through the direct, inverse, or power-law relationship before changing the output., Practice" Button
    t =    48.51s Press Target Application 'com.zacrotech.NeuroForge'[0.00, 0.00] -> (187.5, 420.8) for 0.1 seconds, then drag to Target Application 'com.zacrotech.NeuroForge'[0.00, 0.00] -> (187.5, 357.3) with velocity of 250.00 pixels per second, and then hold for 0.2 seconds 
    t =    48.51s     Wait for com.zacrotech.NeuroForge to idle
    t =    48.51s     Find the Target Application 'com.zacrotech.NeuroForge'
    t =    48.56s     Check for interrupting elements affecting "NeuroForge" Application
    t =    48.66s     Synthesize event
    t =    48.66s         Find the Target Application 'com.zacrotech.NeuroForge'
    t =    48.69s         Find the Target Application 'com.zacrotech.NeuroForge'
    t =    48.73s         Find the Target Application 'com.zacrotech.NeuroForge'
    t =    48.77s         Find the Target Application 'com.zacrotech.NeuroForge'
    t =    48.81s         Find the Target Application 'com.zacrotech.NeuroForge'
    t =    49.65s     Wait for com.zacrotech.NeuroForge to idle
    t =    49.87s Get all elements bound by index for: Descendants matching type ScrollView
    t =    50.00s Find the ScrollView (Element at index 0)
    t =    50.07s Find the Target Application 'com.zacrotech.NeuroForge'
    t =    50.11s Checking existence of `Keyboard (First Match)`
    t =    50.22s Get all elements bound by index for: Descendants matching type NavigationBar
    t =    50.26s Find the NavigationBar (Element at index 0)
    t =    50.31s Find the "Quantitative" NavigationBar
    t =    50.36s Find the ScrollView at {{0.0, 0.0}, {375.0, 667.0}}
    t =    50.41s Find the ScrollView at {{0.0, 0.0}, {375.0, 667.0}}
    t =    50.45s Get all elements bound by index for: Descendants matching type TabBar
    t =    50.49s Find the TabBar (Element at index 0)
    t =    50.54s Find the "Tab Bar" TabBar
    t =    50.59s Checking existence of `"Scaling Law, Apply the input multiplier through the direct, inverse, or power-law relationship before changing the output., Practice" Button`
    t =    50.67s Find the "Scaling Law, Apply the input multiplier through the direct, inverse, or power-law relationship before changing the output., Practice" Button
    t =    50.75s Checking existence of `"session-submit" Any`
    t =    50.83s Checking existence of `"session-next" Any`
    t =    50.88s Checking existence of `"train-start-practice" Any`
    t =    50.94s Find the "train-start-practice" Any
    t =    51.01s Find the "train-start-practice" Button
    t =    51.07s Find the "train-start-practice" Button
    t =    51.12s Checking existence of `"train-start-graph-construction" Any`
    t =    51.18s Checking existence of `"Scaling Law, Apply the input multiplier through the direct, inverse, or power-law relationship before changing the output., Practice" Button`
    t =    51.25s Find the "Scaling Law, Apply the input multiplier through the direct, inverse, or power-law relationship before changing the output., Practice" Button
    t =    51.32s Find the "Scaling Law, Apply the input multiplier through the direct, inverse, or power-law relationship before changing the output., Practice" Button
    t =    51.39s Find the "Scaling Law, Apply the input multiplier through the direct, inverse, or power-law relationship before changing the output., Practice" Button
    t =    51.47s Checking existence of `"Scaling Law, Apply the input multiplier through the direct, inverse, or power-law relationship before changing the output., Practice" Button`
    t =    51.53s Find the "Scaling Law, Apply the input multiplier through the direct, inverse, or power-law relationship before changing the output., Practice" Button
    t =    51.60s Find the ScrollView at {{0.0, 0.0}, {375.0, 667.0}}
    t =    51.64s Checking existence of `"Scaling Law, Apply the input multiplier through the direct, inverse, or power-law relationship before changing the output., Practice" Button`
    t =    51.70s Find the "Scaling Law, Apply the input multiplier through the direct, inverse, or power-law relationship before changing the output., Practice" Button
    t =    51.76s Press Target Application 'com.zacrotech.NeuroForge'[0.00, 0.00] -> (187.5, 420.8) for 0.1 seconds, then drag to Target Application 'com.zacrotech.NeuroForge'[0.00, 0.00] -> (187.5, 404.8) with velocity of 250.00 pixels per second, and then hold for 0.2 seconds 
    t =    51.76s     Wait for com.zacrotech.NeuroForge to idle
    t =    51.77s     Find the Target Application 'com.zacrotech.NeuroForge'
    t =    51.81s     Check for interrupting elements affecting "NeuroForge" Application
    t =    51.85s     Synthesize event
    t =    51.86s         Find the Target Application 'com.zacrotech.NeuroForge'
    t =    51.89s         Find the Target Application 'com.zacrotech.NeuroForge'
    t =    51.93s         Find the Target Application 'com.zacrotech.NeuroForge'
    t =    51.96s         Find the Target Application 'com.zacrotech.NeuroForge'
    t =    52.00s         Find the Target Application 'com.zacrotech.NeuroForge'
    t =    52.63s     Wait for com.zacrotech.NeuroForge to idle
    t =    52.64s Get all elements bound by index for: Descendants matching type ScrollView
    t =    52.68s Find the ScrollView (Element at index 0)
    t =    52.73s Find the Target Application 'com.zacrotech.NeuroForge'
    t =    52.77s Checking existence of `Keyboard (First Match)`
    t =    52.85s Get all elements bound by index for: Descendants matching type NavigationBar
    t =    52.89s Find the NavigationBar (Element at index 0)
    t =    52.94s Find the "Quantitative" NavigationBar
    t =    52.99s Find the ScrollView at {{0.0, 0.0}, {375.0, 667.0}}
    t =    53.03s Find the ScrollView at {{0.0, 0.0}, {375.0, 667.0}}
    t =    53.07s Get all elements bound by index for: Descendants matching type TabBar
    t =    53.11s Find the TabBar (Element at index 0)
    t =    53.16s Find the "Tab Bar" TabBar
    t =    53.20s Checking existence of `"Scaling Law, Apply the input multiplier through the direct, inverse, or power-law relationship before changing the output., Practice" Button`
    t =    53.26s Find the "Scaling Law, Apply the input multiplier through the direct, inverse, or power-law relationship before changing the output., Practice" Button
    t =    53.32s Checking existence of `"session-submit" Any`
    t =    53.37s Checking existence of `"session-next" Any`
    t =    53.42s Checking existence of `"train-start-practice" Any`
    t =    53.48s Find the "train-start-practice" Any
    t =    53.56s Find the "train-start-practice" Button
    t =    53.62s Find the "train-start-practice" Button
    t =    53.68s Checking existence of `"train-start-graph-construction" Any`
    t =    53.75s Checking existence of `"Scaling Law, Apply the input multiplier through the direct, inverse, or power-law relationship before changing the output., Practice" Button`
    t =    53.81s Find the "Scaling Law, Apply the input multiplier through the direct, inverse, or power-law relationship before changing the output., Practice" Button
    t =    53.88s Find the "Scaling Law, Apply the input multiplier through the direct, inverse, or power-law relationship before changing the output., Practice" Button
    t =    53.94s Find the "Scaling Law, Apply the input multiplier through the direct, inverse, or power-law relationship before changing the output., Practice" Button
    t =    54.01s Checking existence of `"Scaling Law, Apply the input multiplier through the direct, inverse, or power-law relationship before changing the output., Practice" Button`
    t =    54.07s Find the "Scaling Law, Apply the input multiplier through the direct, inverse, or power-law relationship before changing the output., Practice" Button
    t =    54.13s Find the ScrollView at {{0.0, 0.0}, {375.0, 667.0}}
    t =    54.18s Checking existence of `"Scaling Law, Apply the input multiplier through the direct, inverse, or power-law relationship before changing the output., Practice" Button`
    t =    54.24s Find the "Scaling Law, Apply the input multiplier through the direct, inverse, or power-law relationship before changing the output., Practice" Button
    t =    54.31s Press Target Application 'com.zacrotech.NeuroForge'[0.00, 0.00] -> (187.5, 420.8) for 0.1 seconds, then drag to Target Application 'com.zacrotech.NeuroForge'[0.00, 0.00] -> (187.5, 404.8) with velocity of 250.00 pixels per second, and then hold for 0.2 seconds 
    t =    54.31s     Wait for com.zacrotech.NeuroForge to idle
    t =    54.31s     Find the Target Application 'com.zacrotech.NeuroForge'
    t =    54.35s     Check for interrupting elements affecting "NeuroForge" Application
    t =    54.39s     Synthesize event
    t =    54.39s         Find the Target Application 'com.zacrotech.NeuroForge'
    t =    54.43s         Find the Target Application 'com.zacrotech.NeuroForge'
    t =    54.46s         Find the Target Application 'com.zacrotech.NeuroForge'
    t =    54.50s         Find the Target Application 'com.zacrotech.NeuroForge'
    t =    54.53s         Find the Target Application 'com.zacrotech.NeuroForge'
    t =    55.14s     Wait for com.zacrotech.NeuroForge to idle
    t =    55.15s Get all elements bound by index for: Descendants matching type ScrollView
    t =    55.19s Find the ScrollView (Element at index 0)
    t =    55.24s Find the Target Application 'com.zacrotech.NeuroForge'
    t =    55.27s Checking existence of `Keyboard (First Match)`
    t =    55.36s Get all elements bound by index for: Descendants matching type NavigationBar
    t =    55.40s Find the NavigationBar (Element at index 0)
    t =    55.46s Find the "Quantitative" NavigationBar
    t =    55.51s Find the ScrollView at {{0.0, 0.0}, {375.0, 667.0}}
    t =    55.56s Find the ScrollView at {{0.0, 0.0}, {375.0, 667.0}}
    t =    55.60s Get all elements bound by index for: Descendants matching type TabBar
    t =    55.63s Find the TabBar (Element at index 0)
    t =    55.68s Find the "Tab Bar" TabBar
    t =    55.72s Checking existence of `"Scaling Law, Apply the input multiplier through the direct, inverse, or power-law relationship before changing the output., Practice" Button`
    t =    55.78s Find the "Scaling Law, Apply the input multiplier through the direct, inverse, or power-law relationship before changing the output., Practice" Button
    t =    55.84s Checking existence of `"session-submit" Any`
    t =    55.89s Checking existence of `"session-next" Any`
    t =    55.94s Checking existence of `"train-start-practice" Any`
    t =    55.99s Find the "train-start-practice" Any
    t =    56.05s Find the "train-start-practice" Button
    t =    56.11s Find the "train-start-practice" Button
    t =    56.16s Checking existence of `"train-start-graph-construction" Any`
    t =    56.21s Checking existence of `"Scaling Law, Apply the input multiplier through the direct, inverse, or power-law relationship before changing the output., Practice" Button`
    t =    56.27s Find the "Scaling Law, Apply the input multiplier through the direct, inverse, or power-law relationship before changing the output., Practice" Button
    t =    56.35s Find the "Scaling Law, Apply the input multiplier through the direct, inverse, or power-law relationship before changing the output., Practice" Button
    t =    56.41s Find the "Scaling Law, Apply the input multiplier through the direct, inverse, or power-law relationship before changing the output., Practice" Button
    t =    56.48s Tap "Scaling Law, Apply the input multiplier through the direct, inverse, or power-law relationship before changing the output., Practice" Button
    t =    56.48s     Wait for com.zacrotech.NeuroForge to idle
    t =    56.48s     Find the "Scaling Law, Apply the input multiplier through the direct, inverse, or power-law relationship before changing the output., Practice" Button
    t =    56.54s     Check for interrupting elements affecting "Scaling Law, Apply the input multiplier through the direct, inverse, or power-law relationship before changing the output., Practice" Button
    t =    56.59s     Synthesize event
    t =    56.89s     Wait for com.zacrotech.NeuroForge to idle
    t =    57.63s Waiting 8.0s for "Scaling Law" NavigationBar to exist
    t =    58.69s     Checking `Expect predicate `existsNoRetry == 1` for object "Scaling Law" NavigationBar`
    t =    58.70s         Checking existence of `"Scaling Law" NavigationBar`
    t =    58.79s Get all elements bound by index for: Descendants matching type ScrollView
    t =    58.85s Find the ScrollView (Element at index 0)
    t =    58.92s Find the Target Application 'com.zacrotech.NeuroForge'
    t =    58.96s Checking existence of `Keyboard (First Match)`
    t =    59.06s Get all elements bound by index for: Descendants matching type NavigationBar
    t =    59.10s Find the NavigationBar (Element at index 0)
    t =    59.16s Find the "Scaling Law" NavigationBar
    t =    59.21s Find the ScrollView at {{0.0, 0.0}, {375.0, 667.0}}
    t =    59.26s Find the ScrollView at {{0.0, 0.0}, {375.0, 667.0}}
    t =    59.31s Get all elements bound by index for: Descendants matching type TabBar
    t =    59.35s Find the TabBar (Element at index 0)
    t =    59.41s Find the "Tab Bar" TabBar
    t =    59.46s Checking existence of `"5 questions" Button`
    t =    59.51s Checking existence of `"session-submit" Any`
    t =    59.57s Checking existence of `"session-next" Any`
    t =    59.62s Checking existence of `"train-start-practice" Any`
    t =    59.69s Find the "train-start-practice" Any
    t =    59.76s Find the "train-start-practice" Button
    t =    59.82s Find the "train-start-practice" Button
    t =    59.88s Checking existence of `"train-start-graph-construction" Any`
    t =    59.93s Find the "train-start-graph-construction" Any
    t =    60.00s Find the "train-start-graph-construction" Button
    t =    60.06s Find the "train-start-graph-construction" Button
    t =    60.12s Checking existence of `"5 questions" Button`
    t =    60.17s Checking existence of `"5 questions" Button`
    t =    60.23s Find the ScrollView at {{0.0, 0.0}, {375.0, 667.0}}
    t =    60.28s Checking existence of `"5 questions" Button`
    t =    60.33s Press Target Application 'com.zacrotech.NeuroForge'[0.00, 0.00] -> (187.5, 366.4) for 0.1 seconds, then drag to Target Application 'com.zacrotech.NeuroForge'[0.00, 0.00] -> (187.5, 180.7) with velocity of 250.00 pixels per second, and then hold for 0.2 seconds 
    t =    60.33s     Wait for com.zacrotech.NeuroForge to idle
    t =    60.33s     Find the Target Application 'com.zacrotech.NeuroForge'
    t =    60.37s     Check for interrupting elements affecting "NeuroForge" Application
    t =    60.42s     Synthesize event
    t =    60.42s         Find the Target Application 'com.zacrotech.NeuroForge'
    t =    60.45s         Find the Target Application 'com.zacrotech.NeuroForge'
    t =    60.49s         Find the Target Application 'com.zacrotech.NeuroForge'
    t =    60.53s         Find the Target Application 'com.zacrotech.NeuroForge'
    t =    60.58s         Find the Target Application 'com.zacrotech.NeuroForge'
    t =    61.87s     Wait for com.zacrotech.NeuroForge to idle
    t =    62.35s Get all elements bound by index for: Descendants matching type ScrollView
    t =    62.41s Find the ScrollView (Element at index 0)
    t =    62.48s Find the Target Application 'com.zacrotech.NeuroForge'
    t =    62.53s Checking existence of `Keyboard (First Match)`
    t =    62.68s Get all elements bound by index for: Descendants matching type NavigationBar
    t =    62.72s Find the NavigationBar (Element at index 0)
    t =    62.79s Find the "Scaling Law" NavigationBar
    t =    62.84s Find the ScrollView at {{0.0, 0.0}, {375.0, 667.0}}
    t =    62.90s Find the ScrollView at {{0.0, 0.0}, {375.0, 667.0}}
    t =    62.95s Get all elements bound by index for: Descendants matching type TabBar
    t =    62.99s Find the TabBar (Element at index 0)
    t =    63.05s Find the "Tab Bar" TabBar
    t =    63.10s Checking existence of `"5 questions" Button`
    t =    63.17s Checking existence of `"session-submit" Any`
    t =    63.22s Checking existence of `"session-next" Any`
    t =    63.28s Checking existence of `"train-start-practice" Any`
    t =    63.34s Find the "train-start-practice" Any
    t =    63.40s Find the "train-start-practice" Button
    t =    63.48s Find the "train-start-practice" Button
    t =    63.53s Checking existence of `"train-start-graph-construction" Any`
    t =    63.59s Find the "train-start-graph-construction" Any
    t =    63.66s Find the "train-start-graph-construction" Button
    t =    63.72s Find the "train-start-graph-construction" Button
    t =    63.77s Checking existence of `"5 questions" Button`
    t =    63.83s Checking existence of `"5 questions" Button`
    t =    63.88s Find the ScrollView at {{0.0, 0.0}, {375.0, 667.0}}
    t =    63.93s Checking existence of `"5 questions" Button`
    t =    63.98s Press Target Application 'com.zacrotech.NeuroForge'[0.00, 0.00] -> (187.5, 366.4) for 0.1 seconds, then drag to Target Application 'com.zacrotech.NeuroForge'[0.00, 0.00] -> (187.5, 180.7) with velocity of 250.00 pixels per second, and then hold for 0.2 seconds 
    t =    63.98s     Wait for com.zacrotech.NeuroForge to idle
    t =    63.98s     Find the Target Application 'com.zacrotech.NeuroForge'
    t =    64.02s     Check for interrupting elements affecting "NeuroForge" Application
    t =    64.08s     Synthesize event
    t =    64.09s         Find the Target Application 'com.zacrotech.NeuroForge'
    t =    64.12s         Find the Target Application 'com.zacrotech.NeuroForge'
    t =    64.16s         Find the Target Application 'com.zacrotech.NeuroForge'
    t =    64.20s         Find the Target Application 'com.zacrotech.NeuroForge'
    t =    64.24s         Find the Target Application 'com.zacrotech.NeuroForge'
    t =    65.55s     Wait for com.zacrotech.NeuroForge to idle
    t =    66.12s Get all elements bound by index for: Descendants matching type ScrollView
    t =    66.18s Find the ScrollView (Element at index 0)
    t =    66.25s Find the Target Application 'com.zacrotech.NeuroForge'
    t =    66.33s Checking existence of `Keyboard (First Match)`
    t =    66.45s Get all elements bound by index for: Descendants matching type NavigationBar
    t =    66.52s Find the NavigationBar (Element at index 0)
    t =    66.60s Find the "Scaling Law" NavigationBar
    t =    66.65s Find the ScrollView at {{0.0, 0.0}, {375.0, 667.0}}
    t =    66.71s Find the ScrollView at {{0.0, 0.0}, {375.0, 667.0}}
    t =    66.75s Get all elements bound by index for: Descendants matching type TabBar
    t =    66.81s Find the TabBar (Element at index 0)
    t =    66.90s Find the "Tab Bar" TabBar
    t =    66.97s Checking existence of `"5 questions" Button`
    t =    67.04s Checking existence of `"session-submit" Any`
    t =    67.09s Checking existence of `"session-next" Any`
    t =    67.15s Checking existence of `"train-start-practice" Any`
    t =    67.21s Find the "train-start-practice" Any
    t =    67.29s Find the "train-start-practice" Button
    t =    67.39s Find the "train-start-practice" Button
    t =    67.49s Checking existence of `"train-start-graph-construction" Any`
    t =    67.57s Find the "train-start-graph-construction" Any
    t =    67.70s Find the "train-start-graph-construction" Button
    t =    67.79s Find the "train-start-graph-construction" Button
    t =    67.90s Checking existence of `"5 questions" Button`
    t =    67.97s Checking existence of `"5 questions" Button`
    t =    68.03s Find the ScrollView at {{0.0, 0.0}, {375.0, 667.0}}
    t =    68.09s Checking existence of `"5 questions" Button`
    t =    68.16s Press Target Application 'com.zacrotech.NeuroForge'[0.00, 0.00] -> (187.5, 366.4) for 0.1 seconds, then drag to Target Application 'com.zacrotech.NeuroForge'[0.00, 0.00] -> (187.5, 180.7) with velocity of 250.00 pixels per second, and then hold for 0.2 seconds 
    t =    68.16s     Wait for com.zacrotech.NeuroForge to idle
    t =    68.17s     Find the Target Application 'com.zacrotech.NeuroForge'
    t =    68.21s     Check for interrupting elements affecting "NeuroForge" Application
    t =    68.29s     Synthesize event
    t =    68.30s         Find the Target Application 'com.zacrotech.NeuroForge'
    t =    68.34s         Find the Target Application 'com.zacrotech.NeuroForge'
    t =    68.41s         Find the Target Application 'com.zacrotech.NeuroForge'
    t =    68.60s         Find the Target Application 'com.zacrotech.NeuroForge'
    t =    68.67s         Find the Target Application 'com.zacrotech.NeuroForge'
    t =    70.00s     Wait for com.zacrotech.NeuroForge to idle
    t =    70.44s Get all elements bound by index for: Descendants matching type ScrollView
    t =    70.59s Find the ScrollView (Element at index 0)
    t =    70.72s Find the Target Application 'com.zacrotech.NeuroForge'
    t =    70.77s Checking existence of `Keyboard (First Match)`
    t =    70.88s Get all elements bound by index for: Descendants matching type NavigationBar
    t =    70.93s Find the NavigationBar (Element at index 0)
    t =    70.99s Find the "Scaling Law" NavigationBar
    t =    71.04s Find the ScrollView at {{0.0, 0.0}, {375.0, 667.0}}
    t =    71.10s Find the ScrollView at {{0.0, 0.0}, {375.0, 667.0}}
    t =    71.15s Get all elements bound by index for: Descendants matching type TabBar
    t =    71.19s Find the TabBar (Element at index 0)
    t =    71.29s Find the "Tab Bar" TabBar
    t =    71.37s Checking existence of `"5 questions" Button`
    t =    71.47s Checking existence of `"session-submit" Any`
    t =    71.53s Checking existence of `"session-next" Any`
    t =    71.59s Checking existence of `"train-start-practice" Any`
    t =    71.64s Find the "train-start-practice" Any
    t =    71.72s Find the "train-start-practice" Button
    t =    71.79s Find the "train-start-practice" Button
    t =    71.84s Checking existence of `"train-start-graph-construction" Any`
    t =    71.92s Find the "train-start-graph-construction" Any
    t =    72.00s Find the "train-start-graph-construction" Button
    t =    72.06s Find the "train-start-graph-construction" Button
    t =    72.12s Checking existence of `"5 questions" Button`
    t =    72.17s Checking existence of `"5 questions" Button`
    t =    72.22s Find the ScrollView at {{0.0, 0.0}, {375.0, 667.0}}
    t =    72.27s Checking existence of `"5 questions" Button`
    t =    72.32s Press Target Application 'com.zacrotech.NeuroForge'[0.00, 0.00] -> (187.5, 366.4) for 0.1 seconds, then drag to Target Application 'com.zacrotech.NeuroForge'[0.00, 0.00] -> (187.5, 180.7) with velocity of 250.00 pixels per second, and then hold for 0.2 seconds 
    t =    72.32s     Wait for com.zacrotech.NeuroForge to idle
    t =    72.32s     Find the Target Application 'com.zacrotech.NeuroForge'
    t =    72.36s     Check for interrupting elements affecting "NeuroForge" Application
    t =    72.44s     Synthesize event
    t =    72.44s         Find the Target Application 'com.zacrotech.NeuroForge'
    t =    72.48s         Find the Target Application 'com.zacrotech.NeuroForge'
    t =    72.52s         Find the Target Application 'com.zacrotech.NeuroForge'
    t =    72.56s         Find the Target Application 'com.zacrotech.NeuroForge'
    t =    72.62s         Find the Target Application 'com.zacrotech.NeuroForge'
    t =    73.93s     Wait for com.zacrotech.NeuroForge to idle
    t =    74.55s Get all elements bound by index for: Descendants matching type ScrollView
    t =    74.60s Find the ScrollView (Element at index 0)
    t =    74.65s Find the Target Application 'com.zacrotech.NeuroForge'
    t =    74.69s Checking existence of `Keyboard (First Match)`
    t =    74.77s Get all elements bound by index for: Descendants matching type NavigationBar
    t =    74.81s Find the NavigationBar (Element at index 0)
    t =    74.87s Find the "Scaling Law" NavigationBar
    t =    74.92s Find the ScrollView at {{0.0, 0.0}, {375.0, 667.0}}
    t =    74.96s Find the ScrollView at {{0.0, 0.0}, {375.0, 667.0}}
    t =    75.01s Get all elements bound by index for: Descendants matching type TabBar
    t =    75.05s Find the TabBar (Element at index 0)
    t =    75.10s Find the "Tab Bar" TabBar
    t =    75.15s Checking existence of `"5 questions" Button`
    t =    75.19s Find the "5 questions" Button
    t =    75.24s Checking existence of `"session-submit" Any`
    t =    75.29s Checking existence of `"session-next" Any`
    t =    75.39s Checking existence of `"train-start-practice" Any`
    t =    75.44s Find the "train-start-practice" Any
    t =    75.56s Find the "train-start-practice" Button
    t =    75.64s Find the "train-start-practice" Button
    t =    75.71s Checking existence of `"train-start-graph-construction" Any`
    t =    75.76s Find the "train-start-graph-construction" Any
    t =    75.83s Find the "train-start-graph-construction" Button
    t =    75.90s Find the "train-start-graph-construction" Button
    t =    75.95s Checking existence of `"5 questions" Button`
    t =    76.00s Find the "5 questions" Button
    t =    76.09s Checking existence of `"5 questions" Button`
    t =    76.14s Find the "5 questions" Button
    t =    76.19s Find the ScrollView at {{0.0, 0.0}, {375.0, 667.0}}
    t =    76.24s Checking existence of `"5 questions" Button`
    t =    76.29s Find the "5 questions" Button
    t =    76.34s Press Target Application 'com.zacrotech.NeuroForge'[0.00, 0.00] -> (187.5, 366.4) for 0.1 seconds, then drag to Target Application 'com.zacrotech.NeuroForge'[0.00, 0.00] -> (187.5, 228.4) with velocity of 250.00 pixels per second, and then hold for 0.2 seconds 
    t =    76.34s     Wait for com.zacrotech.NeuroForge to idle
    t =    76.34s     Find the Target Application 'com.zacrotech.NeuroForge'
    t =    76.38s     Check for interrupting elements affecting "NeuroForge" Application
    t =    76.44s     Synthesize event
    t =    76.44s         Find the Target Application 'com.zacrotech.NeuroForge'
    t =    76.47s         Find the Target Application 'com.zacrotech.NeuroForge'
    t =    76.51s         Find the Target Application 'com.zacrotech.NeuroForge'
    t =    76.54s         Find the Target Application 'com.zacrotech.NeuroForge'
    t =    76.59s         Find the Target Application 'com.zacrotech.NeuroForge'
    t =    77.70s     Wait for com.zacrotech.NeuroForge to idle
    t =    77.71s Get all elements bound by index for: Descendants matching type ScrollView
    t =    77.75s Find the ScrollView (Element at index 0)
    t =    77.81s Find the Target Application 'com.zacrotech.NeuroForge'
    t =    77.85s Checking existence of `Keyboard (First Match)`
    t =    77.94s Get all elements bound by index for: Descendants matching type NavigationBar
    t =    77.99s Find the NavigationBar (Element at index 0)
    t =    78.06s Find the "Scaling Law" NavigationBar
    t =    78.12s Find the ScrollView at {{0.0, 0.0}, {375.0, 667.0}}
    t =    78.17s Find the ScrollView at {{0.0, 0.0}, {375.0, 667.0}}
    t =    78.21s Get all elements bound by index for: Descendants matching type TabBar
    t =    78.26s Find the TabBar (Element at index 0)
    t =    78.33s Find the "Tab Bar" TabBar
    t =    78.40s Checking existence of `"5 questions" Button`
    t =    78.46s Find the "5 questions" Button
    t =    78.51s Checking existence of `"session-submit" Any`
    t =    78.57s Checking existence of `"session-next" Any`
    t =    78.63s Checking existence of `"train-start-practice" Any`
    t =    78.69s Find the "train-start-practice" Any
    t =    78.76s Find the "train-start-practice" Button
    t =    78.82s Find the "train-start-practice" Button
    t =    78.88s Checking existence of `"train-start-graph-construction" Any`
    t =    78.93s Find the "train-start-graph-construction" Any
    t =    79.00s Find the "train-start-graph-construction" Button
    t =    79.06s Find the "train-start-graph-construction" Button
    t =    79.11s Checking existence of `"5 questions" Button`
    t =    79.16s Find the "5 questions" Button
    t =    79.23s Find the "5 questions" Button
    t =    79.29s Find the "5 questions" Button
    t =    79.35s Checking existence of `"5 questions" Button`
    t =    79.40s Find the "5 questions" Button
    t =    79.45s Find the ScrollView at {{0.0, 0.0}, {375.0, 667.0}}
    t =    79.49s Checking existence of `"5 questions" Button`
    t =    79.54s Find the "5 questions" Button
    t =    79.59s Press Target Application 'com.zacrotech.NeuroForge'[0.00, 0.00] -> (187.5, 366.4) for 0.1 seconds, then drag to Target Application 'com.zacrotech.NeuroForge'[0.00, 0.00] -> (187.5, 350.4) with velocity of 250.00 pixels per second, and then hold for 0.2 seconds 
    t =    79.59s     Wait for com.zacrotech.NeuroForge to idle
    t =    79.59s     Find the Target Application 'com.zacrotech.NeuroForge'
    t =    79.62s     Check for interrupting elements affecting "NeuroForge" Application
    t =    79.67s     Synthesize event
    t =    79.67s         Find the Target Application 'com.zacrotech.NeuroForge'
    t =    79.70s         Find the Target Application 'com.zacrotech.NeuroForge'
    t =    79.74s         Find the Target Application 'com.zacrotech.NeuroForge'
    t =    79.78s         Find the Target Application 'com.zacrotech.NeuroForge'
    t =    79.82s         Find the Target Application 'com.zacrotech.NeuroForge'
    t =    80.43s     Wait for com.zacrotech.NeuroForge to idle
    t =    80.43s Get all elements bound by index for: Descendants matching type ScrollView
    t =    80.47s Find the ScrollView (Element at index 0)
    t =    80.52s Find the Target Application 'com.zacrotech.NeuroForge'
    t =    80.56s Checking existence of `Keyboard (First Match)`
    t =    80.65s Get all elements bound by index for: Descendants matching type NavigationBar
    t =    80.69s Find the NavigationBar (Element at index 0)
    t =    80.75s Find the "Scaling Law" NavigationBar
    t =    80.79s Find the ScrollView at {{0.0, 0.0}, {375.0, 667.0}}
    t =    80.84s Find the ScrollView at {{0.0, 0.0}, {375.0, 667.0}}
    t =    80.88s Get all elements bound by index for: Descendants matching type TabBar
    t =    80.92s Find the TabBar (Element at index 0)
    t =    80.97s Find the "Tab Bar" TabBar
    t =    81.01s Checking existence of `"5 questions" Button`
    t =    81.06s Find the "5 questions" Button
    t =    81.11s Checking existence of `"session-submit" Any`
    t =    81.16s Checking existence of `"session-next" Any`
    t =    81.21s Checking existence of `"train-start-practice" Any`
    t =    81.26s Find the "train-start-practice" Any
    t =    81.32s Find the "train-start-practice" Button
    t =    81.38s Find the "train-start-practice" Button
    t =    81.43s Checking existence of `"train-start-graph-construction" Any`
    t =    81.48s Find the "train-start-graph-construction" Any
    t =    81.56s Find the "train-start-graph-construction" Button
    t =    81.66s Find the "train-start-graph-construction" Button
    t =    81.77s Checking existence of `"5 questions" Button`
    t =    81.82s Find the "5 questions" Button
    t =    81.89s Find the "5 questions" Button
    t =    81.95s Find the "5 questions" Button
    t =    82.00s Tap "5 questions" Button
    t =    82.00s     Wait for com.zacrotech.NeuroForge to idle
    t =    82.01s     Find the "5 questions" Button
    t =    82.05s     Check for interrupting elements affecting "5 questions" Button
    t =    82.10s     Synthesize event
    t =    82.39s     Wait for com.zacrotech.NeuroForge to idle
    t =    83.42s Checking `Expect predicate `selected == 1` for object "5 questions" Button`
    t =    83.42s     Find the "5 questions" Button
    t =    83.48s Find the "Start practice" Button
    t =    83.54s Waiting 5.0s for "train-start-graph-construction" Button to exist
    t =    84.55s     Checking `Expect predicate `existsNoRetry == 1` for object "train-start-graph-construction" Button`
    t =    84.55s         Checking existence of `"train-start-graph-construction" Button`
    t =    84.61s Find the "train-start-graph-construction" Button
    t =    84.68s Find the "train-start-graph-construction" Button
    t =    84.73s Find the "Start practice" Button
    t =    84.78s Press "train-start-graph-construction" Button for 0.1 seconds
    t =    84.78s     Wait for com.zacrotech.NeuroForge to idle
    t =    84.78s     Find the "train-start-graph-construction" Button
    t =    84.83s     Check for interrupting elements affecting "train-start-graph-construction" Button
    t =    84.88s     Synthesize event
    t =    85.28s     Wait for com.zacrotech.NeuroForge to idle
    t =    86.80s Waiting 10.0s for "universal-session" Any to exist
    t =    87.82s     Checking `Expect predicate `existsNoRetry == 1` for object "universal-session" Any`
    t =    87.83s         Checking existence of `"universal-session" Any`
    t =    87.98s Waiting 3.0s for "session-resume" Any to exist
    t =    89.05s     Checking `Expect predicate `existsNoRetry == 1` for object "session-resume" Any`
    t =    89.06s         Checking existence of `"session-resume" Any`
    t =    89.25s         Capturing element debug description
    t =    90.05s     Checking `Expect predicate `existsNoRetry == 1` for object "session-resume" Any`
    t =    90.05s         Checking existence of `"session-resume" Any`
    t =    90.14s         Capturing element debug description
    t =    90.98s     Checking `Expect predicate `existsNoRetry == 1` for object "session-resume" Any`
    t =    90.98s         Checking existence of `"session-resume" Any`
    t =    91.06s         Capturing element debug description
    t =    91.06s     Checking existence of `"session-resume" Any`
    t =    91.13s Collecting debug information to assist test failure triage
    t =    91.13s     Requesting snapshot of accessibility hierarchy for app with pid 12957
    t =    91.33s Find the "session-position" Any
    t =    91.40s Waiting 8.0s for "session-prompt" Any to exist
    t =    92.46s     Checking `Expect predicate `existsNoRetry == 1` for object "session-prompt" Any`
    t =    92.46s         Checking existence of `"session-prompt" Any`
    t =    92.55s Find the "session-prompt" Any
    t =    92.63s Checking existence of `StaticText (First Match)`
    t =    92.77s Get all elements bound by index for: Descendants matching type ScrollView
    t =    92.83s Find the ScrollView (Element at index 0)
    t =    92.95s Find the Target Application 'com.zacrotech.NeuroForge'
    t =    93.00s Checking existence of `Keyboard (First Match)`
    t =    93.12s Get all elements bound by index for: Descendants matching type NavigationBar
    t =    93.18s Find the NavigationBar (Element at index 0)
    t =    93.25s Find the ScrollView at {{0.0, 154.5}, {375.0, 512.5}}
    t =    93.31s Find the ScrollView at {{0.0, 154.5}, {375.0, 512.5}}
    t =    93.36s Get all elements bound by index for: Descendants matching type TabBar
    t =    93.42s Find the TabBar (Element at index 0)
    t =    93.50s Checking existence of `"graph-place-origin" Button`
    t =    93.57s Checking existence of `"session-submit" Any`
    t =    93.65s Find the "session-submit" Any
    t =    93.75s Find the "session-submit" Button
    t =    93.84s Find the "session-submit" Button
    t =    93.91s Checking existence of `"session-next" Any`
    t =    93.98s Checking existence of `"train-start-practice" Any`
    t =    94.05s Find the "train-start-practice" Any
    t =    94.15s Checking existence of `"train-start-graph-construction" Any`
    t =    94.23s Find the "train-start-graph-construction" Any
    t =    94.33s Checking existence of `"graph-place-origin" Button`
    t =    94.40s Checking existence of `"graph-place-origin" Button`
    t =    94.46s Find the ScrollView at {{0.0, 154.5}, {375.0, 512.5}}
    t =    94.52s Checking existence of `"graph-place-origin" Button`
    t =    94.59s Press Target Application 'com.zacrotech.NeuroForge'[0.00, 0.00] -> (187.5, 506.5) for 0.1 seconds, then drag to Target Application 'com.zacrotech.NeuroForge'[0.00, 0.00] -> (187.5, 283.5) with velocity of 250.00 pixels per second, and then hold for 0.2 seconds 
    t =    94.59s     Wait for com.zacrotech.NeuroForge to idle
    t =    94.59s     Find the Target Application 'com.zacrotech.NeuroForge'
    t =    94.64s     Check for interrupting elements affecting "NeuroForge" Application
    t =    94.80s     Synthesize event
    t =    94.80s         Find the Target Application 'com.zacrotech.NeuroForge'
    t =    94.85s         Find the Target Application 'com.zacrotech.NeuroForge'
    t =    94.90s         Find the Target Application 'com.zacrotech.NeuroForge'
    t =    94.95s         Find the Target Application 'com.zacrotech.NeuroForge'
    t =    95.00s         Find the Target Application 'com.zacrotech.NeuroForge'
    t =    96.51s     Wait for com.zacrotech.NeuroForge to idle
    t =    96.67s Get all elements bound by index for: Descendants matching type ScrollView
    t =    96.81s Find the ScrollView (Element at index 0)
    t =    96.91s Find the Target Application 'com.zacrotech.NeuroForge'
    t =    96.96s Checking existence of `Keyboard (First Match)`
    t =    97.09s Get all elements bound by index for: Descendants matching type NavigationBar
    t =    97.37s Find the NavigationBar (Element at index 0)
    t =    97.49s Find the ScrollView at {{0.0, 154.5}, {375.0, 512.5}}
    t =    97.57s Find the ScrollView at {{0.0, 154.5}, {375.0, 512.5}}
    t =    97.65s Get all elements bound by index for: Descendants matching type TabBar
    t =    97.74s Find the TabBar (Element at index 0)
    t =    97.84s Checking existence of `"graph-place-origin" Button`
    t =    97.94s Checking existence of `"session-submit" Any`
    t =    98.02s Find the "session-submit" Any
    t =    98.10s Find the "session-submit" Button
    t =    98.18s Find the "session-submit" Button
    t =    98.26s Checking existence of `"session-next" Any`
    t =    98.35s Checking existence of `"train-start-practice" Any`
    t =    98.43s Find the "train-start-practice" Any
    t =    98.54s Checking existence of `"train-start-graph-construction" Any`
    t =    98.62s Find the "train-start-graph-construction" Any
    t =    98.75s Checking existence of `"graph-place-origin" Button`
    t =    98.82s Checking existence of `"graph-place-origin" Button`
    t =    98.89s Find the ScrollView at {{0.0, 154.5}, {375.0, 512.5}}
    t =    98.95s Checking existence of `"graph-place-origin" Button`
    t =    99.03s Press Target Application 'com.zacrotech.NeuroForge'[0.00, 0.00] -> (187.5, 506.5) for 0.1 seconds, then drag to Target Application 'com.zacrotech.NeuroForge'[0.00, 0.00] -> (187.5, 283.5) with velocity of 250.00 pixels per second, and then hold for 0.2 seconds 
    t =    99.03s     Wait for com.zacrotech.NeuroForge to idle
    t =    99.03s     Find the Target Application 'com.zacrotech.NeuroForge'
    t =    99.08s     Check for interrupting elements affecting "NeuroForge" Application
    t =    99.22s     Synthesize event
    t =    99.22s         Find the Target Application 'com.zacrotech.NeuroForge'
    t =    99.27s         Find the Target Application 'com.zacrotech.NeuroForge'
    t =    99.33s         Find the Target Application 'com.zacrotech.NeuroForge'
    t =    99.38s         Find the Target Application 'com.zacrotech.NeuroForge'
    t =    99.44s         Find the Target Application 'com.zacrotech.NeuroForge'
    t =   100.91s     Wait for com.zacrotech.NeuroForge to idle
    t =   100.91s Get all elements bound by index for: Descendants matching type ScrollView
    t =   100.98s Find the ScrollView (Element at index 0)
    t =   101.06s Find the Target Application 'com.zacrotech.NeuroForge'
    t =   101.10s Checking existence of `Keyboard (First Match)`
    t =   101.23s Get all elements bound by index for: Descendants matching type NavigationBar
    t =   101.29s Find the NavigationBar (Element at index 0)
    t =   101.36s Find the ScrollView at {{0.0, 154.5}, {375.0, 512.5}}
    t =   101.42s Find the ScrollView at {{0.0, 154.5}, {375.0, 512.5}}
    t =   101.48s Get all elements bound by index for: Descendants matching type TabBar
    t =   101.54s Find the TabBar (Element at index 0)
    t =   101.62s Checking existence of `"graph-place-origin" Button`
    t =   101.69s Checking existence of `"session-submit" Any`
    t =   101.76s Find the "session-submit" Any
    t =   101.85s Find the "session-submit" Button
    t =   101.93s Find the "session-submit" Button
    t =   102.00s Checking existence of `"session-next" Any`
    t =   102.08s Checking existence of `"train-start-practice" Any`
    t =   102.15s Find the "train-start-practice" Any
    t =   102.27s Checking existence of `"train-start-graph-construction" Any`
    t =   102.35s Find the "train-start-graph-construction" Any
    t =   102.45s Checking existence of `"graph-place-origin" Button`
    t =   102.52s Checking existence of `"graph-place-origin" Button`
    t =   102.59s Find the ScrollView at {{0.0, 154.5}, {375.0, 512.5}}
    t =   102.65s Checking existence of `"graph-place-origin" Button`
    t =   102.71s Press Target Application 'com.zacrotech.NeuroForge'[0.00, 0.00] -> (187.5, 506.5) for 0.1 seconds, then drag to Target Application 'com.zacrotech.NeuroForge'[0.00, 0.00] -> (187.5, 283.5) with velocity of 250.00 pixels per second, and then hold for 0.2 seconds 
    t =   102.72s     Wait for com.zacrotech.NeuroForge to idle
    t =   102.72s     Find the Target Application 'com.zacrotech.NeuroForge'
    t =   102.77s     Check for interrupting elements affecting "NeuroForge" Application
    t =   102.84s     Synthesize event
    t =   102.85s         Find the Target Application 'com.zacrotech.NeuroForge'
    t =   102.90s         Find the Target Application 'com.zacrotech.NeuroForge'
    t =   102.95s         Find the Target Application 'com.zacrotech.NeuroForge'
    t =   103.00s         Find the Target Application 'com.zacrotech.NeuroForge'
    t =   103.06s         Find the Target Application 'com.zacrotech.NeuroForge'
    t =   104.52s     Wait for com.zacrotech.NeuroForge to idle
    t =   104.52s Get all elements bound by index for: Descendants matching type ScrollView
    t =   104.58s Find the ScrollView (Element at index 0)
    t =   104.65s Find the Target Application 'com.zacrotech.NeuroForge'
    t =   104.71s Checking existence of `Keyboard (First Match)`
    t =   104.83s Get all elements bound by index for: Descendants matching type NavigationBar
    t =   104.88s Find the NavigationBar (Element at index 0)
    t =   104.95s Find the ScrollView at {{0.0, 154.5}, {375.0, 512.5}}
    t =   105.01s Find the ScrollView at {{0.0, 154.5}, {375.0, 512.5}}
    t =   105.06s Get all elements bound by index for: Descendants matching type TabBar
    t =   105.12s Find the TabBar (Element at index 0)
    t =   105.20s Checking existence of `"graph-place-origin" Button`
    t =   105.26s Checking existence of `"session-submit" Any`
    t =   105.33s Find the "session-submit" Any
    t =   105.41s Find the "session-submit" Button
    t =   105.49s Find the "session-submit" Button
    t =   105.56s Checking existence of `"session-next" Any`
    t =   105.63s Checking existence of `"train-start-practice" Any`
    t =   105.70s Find the "train-start-practice" Any
    t =   105.81s Checking existence of `"train-start-graph-construction" Any`
    t =   105.88s Find the "train-start-graph-construction" Any
    t =   105.99s Checking existence of `"graph-place-origin" Button`
    t =   106.05s Checking existence of `"graph-place-origin" Button`
    t =   106.13s Find the ScrollView at {{0.0, 154.5}, {375.0, 512.5}}
    t =   106.19s Checking existence of `"graph-place-origin" Button`
    t =   106.25s Press Target Application 'com.zacrotech.NeuroForge'[0.00, 0.00] -> (187.5, 506.5) for 0.1 seconds, then drag to Target Application 'com.zacrotech.NeuroForge'[0.00, 0.00] -> (187.5, 283.5) with velocity of 250.00 pixels per second, and then hold for 0.2 seconds 
    t =   106.25s     Wait for com.zacrotech.NeuroForge to idle
    t =   106.25s     Find the Target Application 'com.zacrotech.NeuroForge'
    t =   106.30s     Check for interrupting elements affecting "NeuroForge" Application
    t =   106.37s     Synthesize event
    t =   106.38s         Find the Target Application 'com.zacrotech.NeuroForge'
    t =   106.42s         Find the Target Application 'com.zacrotech.NeuroForge'
    t =   106.47s         Find the Target Application 'com.zacrotech.NeuroForge'
    t =   106.52s         Find the Target Application 'com.zacrotech.NeuroForge'
    t =   106.57s         Find the Target Application 'com.zacrotech.NeuroForge'
    t =   108.03s     Wait for com.zacrotech.NeuroForge to idle
    t =   108.04s Get all elements bound by index for: Descendants matching type ScrollView
    t =   108.09s Find the ScrollView (Element at index 0)
    t =   108.16s Find the Target Application 'com.zacrotech.NeuroForge'
    t =   108.21s Checking existence of `Keyboard (First Match)`
    t =   108.33s Get all elements bound by index for: Descendants matching type NavigationBar
    t =   108.38s Find the NavigationBar (Element at index 0)
    t =   108.45s Find the ScrollView at {{0.0, 154.5}, {375.0, 512.5}}
    t =   108.51s Find the ScrollView at {{0.0, 154.5}, {375.0, 512.5}}
    t =   108.57s Get all elements bound by index for: Descendants matching type TabBar
    t =   108.62s Find the TabBar (Element at index 0)
    t =   108.70s Checking existence of `"graph-place-origin" Button`
    t =   108.77s Checking existence of `"session-submit" Any`
    t =   108.85s Find the "session-submit" Any
    t =   108.93s Find the "session-submit" Button
    t =   109.01s Find the "session-submit" Button
    t =   109.10s Checking existence of `"session-next" Any`
    t =   109.17s Checking existence of `"train-start-practice" Any`
    t =   109.24s Find the "train-start-practice" Any
    t =   109.34s Checking existence of `"train-start-graph-construction" Any`
    t =   109.42s Find the "train-start-graph-construction" Any
    t =   109.53s Checking existence of `"graph-place-origin" Button`
    t =   109.60s Checking existence of `"graph-place-origin" Button`
    t =   109.70s Find the ScrollView at {{0.0, 154.5}, {375.0, 512.5}}
    t =   109.77s Checking existence of `"graph-place-origin" Button`
    t =   109.84s Press Target Application 'com.zacrotech.NeuroForge'[0.00, 0.00] -> (187.5, 506.5) for 0.1 seconds, then drag to Target Application 'com.zacrotech.NeuroForge'[0.00, 0.00] -> (187.5, 283.5) with velocity of 250.00 pixels per second, and then hold for 0.2 seconds 
    t =   109.84s     Wait for com.zacrotech.NeuroForge to idle
    t =   109.84s     Find the Target Application 'com.zacrotech.NeuroForge'
    t =   109.89s     Check for interrupting elements affecting "NeuroForge" Application
    t =   109.96s     Synthesize event
    t =   109.96s         Find the Target Application 'com.zacrotech.NeuroForge'
    t =   110.01s         Find the Target Application 'com.zacrotech.NeuroForge'
    t =   110.07s         Find the Target Application 'com.zacrotech.NeuroForge'
    t =   110.12s         Find the Target Application 'com.zacrotech.NeuroForge'
    t =   110.19s         Find the Target Application 'com.zacrotech.NeuroForge'
    t =   111.65s     Wait for com.zacrotech.NeuroForge to idle
    t =   111.65s Get all elements bound by index for: Descendants matching type ScrollView
    t =   111.71s Find the ScrollView (Element at index 0)
    t =   111.77s Find the Target Application 'com.zacrotech.NeuroForge'
    t =   111.82s Checking existence of `Keyboard (First Match)`
    t =   111.94s Get all elements bound by index for: Descendants matching type NavigationBar
    t =   111.99s Find the NavigationBar (Element at index 0)
    t =   112.05s Find the ScrollView at {{0.0, 154.5}, {375.0, 512.5}}
    t =   112.11s Find the ScrollView at {{0.0, 154.5}, {375.0, 512.5}}
    t =   112.17s Get all elements bound by index for: Descendants matching type TabBar
    t =   112.24s Find the TabBar (Element at index 0)
    t =   112.32s Checking existence of `"graph-place-origin" Button`
    t =   112.40s Checking existence of `"session-submit" Any`
    t =   112.48s Find the "session-submit" Any
    t =   112.56s Find the "session-submit" Button
    t =   112.64s Find the "session-submit" Button
    t =   112.74s Checking existence of `"session-next" Any`
    t =   112.81s Checking existence of `"train-start-practice" Any`
    t =   112.88s Find the "train-start-practice" Any
    t =   112.99s Checking existence of `"train-start-graph-construction" Any`
    t =   113.06s Find the "train-start-graph-construction" Any
    t =   113.17s Checking existence of `"graph-place-origin" Button`
    t =   113.24s Checking existence of `"graph-place-origin" Button`
    t =   113.30s Find the ScrollView at {{0.0, 154.5}, {375.0, 512.5}}
    t =   113.37s Checking existence of `"graph-place-origin" Button`
    t =   113.47s Press Target Application 'com.zacrotech.NeuroForge'[0.00, 0.00] -> (187.5, 506.5) for 0.1 seconds, then drag to Target Application 'com.zacrotech.NeuroForge'[0.00, 0.00] -> (187.5, 283.5) with velocity of 250.00 pixels per second, and then hold for 0.2 seconds 
    t =   113.47s     Wait for com.zacrotech.NeuroForge to idle
    t =   113.48s     Find the Target Application 'com.zacrotech.NeuroForge'
    t =   113.54s     Check for interrupting elements affecting "NeuroForge" Application
    t =   113.68s     Synthesize event
    t =   113.68s         Find the Target Application 'com.zacrotech.NeuroForge'
    t =   113.74s         Find the Target Application 'com.zacrotech.NeuroForge'
    t =   113.79s         Find the Target Application 'com.zacrotech.NeuroForge'
    t =   113.84s         Find the Target Application 'com.zacrotech.NeuroForge'
    t =   113.90s         Find the Target Application 'com.zacrotech.NeuroForge'
    t =   115.36s     Wait for com.zacrotech.NeuroForge to idle
    t =   115.37s Get all elements bound by index for: Descendants matching type ScrollView
    t =   115.44s Find the ScrollView (Element at index 0)
    t =   115.51s Find the Target Application 'com.zacrotech.NeuroForge'
    t =   115.56s Checking existence of `Keyboard (First Match)`
    t =   115.68s Get all elements bound by index for: Descendants matching type NavigationBar
    t =   115.74s Find the NavigationBar (Element at index 0)
    t =   115.82s Find the ScrollView at {{0.0, 154.5}, {375.0, 512.5}}
    t =   115.88s Find the ScrollView at {{0.0, 154.5}, {375.0, 512.5}}
    t =   115.93s Get all elements bound by index for: Descendants matching type TabBar
    t =   115.98s Find the TabBar (Element at index 0)
    t =   116.07s Checking existence of `"graph-place-origin" Button`
    t =   116.20s Checking existence of `"session-submit" Any`
    t =   116.27s Find the "session-submit" Any
    t =   116.37s Find the "session-submit" Button
    t =   116.45s Find the "session-submit" Button
    t =   116.52s Checking existence of `"session-next" Any`
    t =   116.59s Checking existence of `"train-start-practice" Any`
    t =   116.66s Find the "train-start-practice" Any
    t =   116.76s Checking existence of `"train-start-graph-construction" Any`
    t =   116.83s Find the "train-start-graph-construction" Any
    t =   116.95s Checking existence of `"graph-place-origin" Button`
    t =   117.03s Checking existence of `"graph-place-origin" Button`
    t =   117.11s Find the ScrollView at {{0.0, 154.5}, {375.0, 512.5}}
    t =   117.16s Checking existence of `"graph-place-origin" Button`
    t =   117.23s Press Target Application 'com.zacrotech.NeuroForge'[0.00, 0.00] -> (187.5, 506.5) for 0.1 seconds, then drag to Target Application 'com.zacrotech.NeuroForge'[0.00, 0.00] -> (187.5, 283.5) with velocity of 250.00 pixels per second, and then hold for 0.2 seconds 
    t =   117.23s     Wait for com.zacrotech.NeuroForge to idle
    t =   117.23s     Find the Target Application 'com.zacrotech.NeuroForge'
    t =   117.28s     Check for interrupting elements affecting "NeuroForge" Application
    t =   117.42s     Synthesize event
    t =   117.42s         Find the Target Application 'com.zacrotech.NeuroForge'
    t =   117.47s         Find the Target Application 'com.zacrotech.NeuroForge'
    t =   117.52s         Find the Target Application 'com.zacrotech.NeuroForge'
    t =   117.57s         Find the Target Application 'com.zacrotech.NeuroForge'
    t =   117.63s         Find the Target Application 'com.zacrotech.NeuroForge'
    t =   119.08s     Wait for com.zacrotech.NeuroForge to idle
    t =   119.08s Get all elements bound by index for: Descendants matching type ScrollView
    t =   119.15s Find the ScrollView (Element at index 0)
    t =   119.22s Find the Target Application 'com.zacrotech.NeuroForge'
    t =   119.26s Checking existence of `Keyboard (First Match)`
    t =   119.38s Get all elements bound by index for: Descendants matching type NavigationBar
    t =   119.43s Find the NavigationBar (Element at index 0)
    t =   119.50s Find the ScrollView at {{0.0, 154.5}, {375.0, 512.5}}
    t =   119.56s Find the ScrollView at {{0.0, 154.5}, {375.0, 512.5}}
    t =   119.61s Get all elements bound by index for: Descendants matching type TabBar
    t =   119.67s Find the TabBar (Element at index 0)
    t =   119.75s Checking existence of `"graph-place-origin" Button`
    t =   119.89s Checking existence of `"session-submit" Any`
    t =   119.98s Find the "session-submit" Any
    t =   120.07s Find the "session-submit" Button
    t =   120.16s Find the "session-submit" Button
    t =   120.24s Checking existence of `"session-next" Any`
    t =   120.39s Checking existence of `"train-start-practice" Any`
    t =   120.51s Find the "train-start-practice" Any
    t =   120.69s Checking existence of `"train-start-graph-construction" Any`
    t =   120.79s Find the "train-start-graph-construction" Any
    t =   120.94s Checking existence of `"graph-place-origin" Button`
    t =   121.03s Checking existence of `"graph-place-origin" Button`
    t =   121.18s Find the ScrollView at {{0.0, 154.5}, {375.0, 512.5}}
    t =   121.25s Checking existence of `"graph-place-origin" Button`
    t =   121.32s Press Target Application 'com.zacrotech.NeuroForge'[0.00, 0.00] -> (187.5, 506.5) for 0.1 seconds, then drag to Target Application 'com.zacrotech.NeuroForge'[0.00, 0.00] -> (187.5, 283.5) with velocity of 250.00 pixels per second, and then hold for 0.2 seconds 
    t =   121.32s     Wait for com.zacrotech.NeuroForge to idle
    t =   121.32s     Find the Target Application 'com.zacrotech.NeuroForge'
    t =   121.38s     Check for interrupting elements affecting "NeuroForge" Application
    t =   121.52s     Synthesize event
    t =   121.52s         Find the Target Application 'com.zacrotech.NeuroForge'
    t =   121.57s         Find the Target Application 'com.zacrotech.NeuroForge'
    t =   121.62s         Find the Target Application 'com.zacrotech.NeuroForge'
    t =   121.67s         Find the Target Application 'com.zacrotech.NeuroForge'
    t =   121.72s         Find the Target Application 'com.zacrotech.NeuroForge'
    t =   123.20s     Wait for com.zacrotech.NeuroForge to idle
    t =   123.21s Get all elements bound by index for: Descendants matching type ScrollView
    t =   123.33s Find the ScrollView (Element at index 0)
    t =   123.42s Find the Target Application 'com.zacrotech.NeuroForge'
    t =   123.47s Checking existence of `Keyboard (First Match)`
    t =   123.59s Get all elements bound by index for: Descendants matching type NavigationBar
    t =   123.64s Find the NavigationBar (Element at index 0)
    t =   123.71s Find the ScrollView at {{0.0, 154.5}, {375.0, 512.5}}
    t =   123.76s Find the ScrollView at {{0.0, 154.5}, {375.0, 512.5}}
    t =   123.82s Get all elements bound by index for: Descendants matching type TabBar
    t =   123.87s Find the TabBar (Element at index 0)
    t =   123.95s Checking existence of `"graph-place-origin" Button`
    t =   124.03s Checking existence of `"session-submit" Any`
    t =   124.10s Find the "session-submit" Any
    t =   124.19s Find the "session-submit" Button
    t =   124.27s Find the "session-submit" Button
    t =   124.35s Checking existence of `"session-next" Any`
    t =   124.43s Checking existence of `"train-start-practice" Any`
    t =   124.50s Find the "train-start-practice" Any
    t =   124.60s Checking existence of `"train-start-graph-construction" Any`
    t =   124.68s Find the "train-start-graph-construction" Any
    t =   124.80s Checking existence of `"graph-place-origin" Button`
    t =   124.86s Checking existence of `"graph-place-origin" Button`
    t =   124.93s Find the ScrollView at {{0.0, 154.5}, {375.0, 512.5}}
    t =   124.99s Checking existence of `"graph-place-origin" Button`
    t =   125.05s Press Target Application 'com.zacrotech.NeuroForge'[0.00, 0.00] -> (187.5, 506.5) for 0.1 seconds, then drag to Target Application 'com.zacrotech.NeuroForge'[0.00, 0.00] -> (187.5, 283.5) with velocity of 250.00 pixels per second, and then hold for 0.2 seconds 
    t =   125.05s     Wait for com.zacrotech.NeuroForge to idle
    t =   125.05s     Find the Target Application 'com.zacrotech.NeuroForge'
    t =   125.10s     Check for interrupting elements affecting "NeuroForge" Application
    t =   125.17s     Synthesize event
    t =   125.18s         Find the Target Application 'com.zacrotech.NeuroForge'
    t =   125.22s         Find the Target Application 'com.zacrotech.NeuroForge'
    t =   125.27s         Find the Target Application 'com.zacrotech.NeuroForge'
    t =   125.32s         Find the Target Application 'com.zacrotech.NeuroForge'
    t =   125.37s         Find the Target Application 'com.zacrotech.NeuroForge'
    t =   126.84s     Wait for com.zacrotech.NeuroForge to idle
    t =   126.85s Get all elements bound by index for: Descendants matching type ScrollView
    t =   126.92s Find the ScrollView (Element at index 0)
    t =   126.98s Find the Target Application 'com.zacrotech.NeuroForge'
    t =   127.03s Checking existence of `Keyboard (First Match)`
    t =   127.16s Get all elements bound by index for: Descendants matching type NavigationBar
    t =   127.21s Find the NavigationBar (Element at index 0)
    t =   127.28s Find the ScrollView at {{0.0, 154.5}, {375.0, 512.5}}
    t =   127.34s Find the ScrollView at {{0.0, 154.5}, {375.0, 512.5}}
    t =   127.40s Get all elements bound by index for: Descendants matching type TabBar
    t =   127.46s Find the TabBar (Element at index 0)
    t =   127.55s Checking existence of `"graph-place-origin" Button`
    t =   127.63s Checking existence of `"session-submit" Any`
    t =   127.71s Find the "session-submit" Any
    t =   127.80s Find the "session-submit" Button
    t =   127.88s Find the "session-submit" Button
    t =   127.97s Checking existence of `"session-next" Any`
    t =   128.04s Checking existence of `"train-start-practice" Any`
    t =   128.12s Find the "train-start-practice" Any
    t =   128.22s Checking existence of `"train-start-graph-construction" Any`
    t =   128.30s Find the "train-start-graph-construction" Any
    t =   128.42s Checking existence of `"graph-place-origin" Button`
    t =   128.49s Checking existence of `"graph-place-origin" Button`
    t =   128.56s Find the ScrollView at {{0.0, 154.5}, {375.0, 512.5}}
    t =   128.62s Checking existence of `"graph-place-origin" Button`
    t =   128.69s Press Target Application 'com.zacrotech.NeuroForge'[0.00, 0.00] -> (187.5, 506.5) for 0.1 seconds, then drag to Target Application 'com.zacrotech.NeuroForge'[0.00, 0.00] -> (187.5, 283.5) with velocity of 250.00 pixels per second, and then hold for 0.2 seconds 
    t =   128.69s     Wait for com.zacrotech.NeuroForge to idle
    t =   128.69s     Find the Target Application 'com.zacrotech.NeuroForge'
    t =   128.75s     Check for interrupting elements affecting "NeuroForge" Application
    t =   128.82s     Synthesize event
    t =   128.82s         Find the Target Application 'com.zacrotech.NeuroForge'
    t =   128.87s         Find the Target Application 'com.zacrotech.NeuroForge'
    t =   128.93s         Find the Target Application 'com.zacrotech.NeuroForge'
    t =   128.98s         Find the Target Application 'com.zacrotech.NeuroForge'
    t =   129.03s         Find the Target Application 'com.zacrotech.NeuroForge'
    t =   130.48s     Wait for com.zacrotech.NeuroForge to idle
    t =   130.49s Get all elements bound by index for: Descendants matching type ScrollView
    t =   130.55s Find the ScrollView (Element at index 0)
    t =   130.61s Find the Target Application 'com.zacrotech.NeuroForge'
    t =   130.66s Checking existence of `Keyboard (First Match)`
    t =   130.78s Get all elements bound by index for: Descendants matching type NavigationBar
    t =   130.83s Find the NavigationBar (Element at index 0)
    t =   130.90s Find the ScrollView at {{0.0, 154.5}, {375.0, 512.5}}
    t =   130.96s Find the ScrollView at {{0.0, 154.5}, {375.0, 512.5}}
    t =   131.04s Get all elements bound by index for: Descendants matching type TabBar
    t =   131.11s Find the TabBar (Element at index 0)
    t =   131.22s Checking existence of `"graph-place-origin" Button`
    t =   131.32s Checking existence of `"session-submit" Any`
    t =   131.43s Find the "session-submit" Any
    t =   131.52s Find the "session-submit" Button
    t =   131.60s Find the "session-submit" Button
    t =   131.67s Checking existence of `"session-next" Any`
    t =   131.82s Checking existence of `"train-start-practice" Any`
    t =   131.92s Find the "train-start-practice" Any
    t =   132.02s Checking existence of `"train-start-graph-construction" Any`
    t =   132.10s Find the "train-start-graph-construction" Any
    t =   132.21s Checking existence of `"graph-place-origin" Button`
    t =   132.27s Checking existence of `"graph-place-origin" Button`
    t =   132.34s Find the ScrollView at {{0.0, 154.5}, {375.0, 512.5}}
    t =   132.41s Checking existence of `"graph-place-origin" Button`
    t =   132.47s Press Target Application 'com.zacrotech.NeuroForge'[0.00, 0.00] -> (187.5, 506.5) for 0.1 seconds, then drag to Target Application 'com.zacrotech.NeuroForge'[0.00, 0.00] -> (187.5, 283.5) with velocity of 250.00 pixels per second, and then hold for 0.2 seconds 
    t =   132.47s     Wait for com.zacrotech.NeuroForge to idle
    t =   132.48s     Find the Target Application 'com.zacrotech.NeuroForge'
    t =   132.53s     Check for interrupting elements affecting "NeuroForge" Application
    t =   132.66s     Synthesize event
    t =   132.66s         Find the Target Application 'com.zacrotech.NeuroForge'
    t =   132.71s         Find the Target Application 'com.zacrotech.NeuroForge'
    t =   132.76s         Find the Target Application 'com.zacrotech.NeuroForge'
    t =   132.81s         Find the Target Application 'com.zacrotech.NeuroForge'
    t =   132.87s         Find the Target Application 'com.zacrotech.NeuroForge'
    t =   134.36s     Wait for com.zacrotech.NeuroForge to idle
    t =   134.38s Get all elements bound by index for: Descendants matching type ScrollView
    t =   134.53s Find the ScrollView (Element at index 0)
    t =   134.61s Find the Target Application 'com.zacrotech.NeuroForge'
    t =   134.66s Checking existence of `Keyboard (First Match)`
    t =   134.79s Get all elements bound by index for: Descendants matching type NavigationBar
    t =   134.85s Find the NavigationBar (Element at index 0)
    t =   134.94s Find the ScrollView at {{0.0, 154.5}, {375.0, 512.5}}
    t =   135.00s Find the ScrollView at {{0.0, 154.5}, {375.0, 512.5}}
    t =   135.06s Get all elements bound by index for: Descendants matching type TabBar
    t =   135.12s Find the TabBar (Element at index 0)
    t =   135.22s Checking existence of `"graph-place-origin" Button`
    t =   135.34s Checking existence of `"session-submit" Any`
    t =   135.44s Find the "session-submit" Any
    t =   135.57s Find the "session-submit" Button
    t =   135.66s Find the "session-submit" Button
    t =   135.76s Checking existence of `"session-next" Any`
    t =   135.86s Checking existence of `"train-start-practice" Any`
    t =   135.95s Find the "train-start-practice" Any
    t =   136.08s Checking existence of `"train-start-graph-construction" Any`
    t =   136.17s Find the "train-start-graph-construction" Any
    t =   136.31s Checking existence of `"graph-place-origin" Button`
    t =   136.40s Checking existence of `"graph-place-origin" Button`
    t =   136.48s Find the ScrollView at {{0.0, 154.5}, {375.0, 512.5}}
    t =   136.54s Checking existence of `"graph-place-origin" Button`
    t =   136.63s Press Target Application 'com.zacrotech.NeuroForge'[0.00, 0.00] -> (187.5, 506.5) for 0.1 seconds, then drag to Target Application 'com.zacrotech.NeuroForge'[0.00, 0.00] -> (187.5, 283.5) with velocity of 250.00 pixels per second, and then hold for 0.2 seconds 
    t =   136.63s     Wait for com.zacrotech.NeuroForge to idle
    t =   136.63s     Find the Target Application 'com.zacrotech.NeuroForge'
    t =   136.68s     Check for interrupting elements affecting "NeuroForge" Application
    t =   136.87s     Synthesize event
    t =   136.88s         Find the Target Application 'com.zacrotech.NeuroForge'
    t =   136.95s         Find the Target Application 'com.zacrotech.NeuroForge'
    t =   137.00s         Find the Target Application 'com.zacrotech.NeuroForge'
    t =   137.10s         Find the Target Application 'com.zacrotech.NeuroForge'
    t =   137.16s         Find the Target Application 'com.zacrotech.NeuroForge'
    t =   138.67s     Wait for com.zacrotech.NeuroForge to idle
/Users/takamimarsh/Developer/Projects/Zacro Tech/NeuroForge/UITests/NavigationSmokeUITests.swift:1163: error: -[NeuroForgeUITests.NavigationSmokeUITests testGraphPublicLaunchPointerControlsUndoAndColdCoordinatesReachSavedFeedback] : XCTAssertTrue failed
    t =   138.70s Tear Down
Test Case '-[NeuroForgeUITests.NavigationSmokeUITests testGraphPublicLaunchPointerControlsUndoAndColdCoordinatesReachSavedFeedback]' failed (139.156 seconds).
Test Case '-[NeuroForgeUITests.NavigationSmokeUITests testQuantitativeNumberAndUnitShowFeedbackAndAdvance]' started.
    t =     0.00s Start Test at 2026-09-05 15:00:07.906
    t =     0.05s Set Up
    t =     0.06s Open com.zacrotech.NeuroForge
    t =     0.06s     Launch com.zacrotech.NeuroForge
    t =     0.06s         Terminate com.zacrotech.NeuroForge:12957
2026-09-05 15:00:09.008 xcodebuild[11869:5523332] [MT] IDELaunchParametersSnapshot: The operation couldn’t be completed. (DebuggerLLDB.DebuggerVersionStore.StoreError error 0.)
2026-09-05 15:00:09.008 xcodebuild[11869:5523332] [MT] IDELaunchParametersSnapshot: no debugger version
    t =     1.72s         Setting up automation session
    t =     3.72s         Wait for com.zacrotech.NeuroForge to idle
    t =     8.74s Waiting 15.0s for "universal-session" Any to exist
    t =     9.80s     Checking `Expect predicate `existsNoRetry == 1` for object "universal-session" Any`
    t =     9.80s         Checking existence of `"universal-session" Any`
    t =    10.34s Waiting 3.0s for "session-resume" Any to exist
    t =    11.34s     Checking `Expect predicate `existsNoRetry == 1` for object "session-resume" Any`
    t =    11.35s         Checking existence of `"session-resume" Any`
    t =    11.49s         Capturing element debug description
    t =    12.40s     Checking `Expect predicate `existsNoRetry == 1` for object "session-resume" Any`
    t =    12.40s         Checking existence of `"session-resume" Any`
    t =    12.52s         Capturing element debug description
    t =    13.35s     Checking `Expect predicate `existsNoRetry == 1` for object "session-resume" Any`
    t =    13.35s         Checking existence of `"session-resume" Any`
    t =    13.47s         Capturing element debug description
    t =    13.47s     Checking existence of `"session-resume" Any`
    t =    13.59s Collecting debug information to assist test failure triage
    t =    13.59s     Requesting snapshot of accessibility hierarchy for app with pid 13801
    t =    13.80s Waiting 8.0s for "session-position" Any to exist
    t =    14.84s     Checking `Expect predicate `existsNoRetry == 1` for object "session-position" Any`
    t =    14.84s         Checking existence of `"session-position" Any`
    t =    14.96s Find the "session-position" Any
    t =    15.07s Waiting 8.0s for "session-prompt" Any to exist
    t =    16.08s     Checking `Expect predicate `existsNoRetry == 1` for object "session-prompt" Any`
    t =    16.08s         Checking existence of `"session-prompt" Any`
    t =    16.25s Find the "session-prompt" Any
    t =    16.39s Waiting 8.0s for "session-numeric-answer" Any to exist
    t =    17.45s     Checking `Expect predicate `existsNoRetry == 1` for object "session-numeric-answer" Any`
    t =    17.45s         Checking existence of `"session-numeric-answer" Any`
    t =    17.57s Get all elements bound by index for: Descendants matching type ScrollView
    t =    17.64s Find the ScrollView (Element at index 0)
    t =    17.76s Find the Target Application 'com.zacrotech.NeuroForge'
    t =    17.83s Checking existence of `Keyboard (First Match)`
    t =    17.95s Get all elements bound by index for: Descendants matching type NavigationBar
    t =    18.02s Find the NavigationBar (Element at index 0)
    t =    18.14s Find the ScrollView at {{0.0, 154.5}, {375.0, 512.5}}
    t =    18.23s Find the ScrollView at {{0.0, 154.5}, {375.0, 512.5}}
    t =    18.31s Get all elements bound by index for: Descendants matching type TabBar
    t =    18.38s Find the TabBar (Element at index 0)
    t =    18.58s Checking existence of `"session-numeric-answer" Any`
    t =    18.76s Find the "session-numeric-answer" Any
    t =    18.89s Checking existence of `"session-submit" Any`
    t =    19.04s Find the "session-submit" Any
    t =    19.20s Find the "session-submit" Button
    t =    19.41s Find the "session-submit" Button
    t =    19.56s Checking existence of `"session-next" Any`
    t =    19.68s Checking existence of `"train-start-practice" Any`
    t =    19.79s Checking existence of `"train-start-graph-construction" Any`
    t =    19.91s Checking existence of `"session-numeric-answer" TextField`
    t =    20.02s Find the "session-numeric-answer" TextField
    t =    20.15s Checking existence of `"session-numeric-answer" TextField`
    t =    20.27s Find the "session-numeric-answer" TextField
    t =    20.41s Find the ScrollView at {{0.0, 154.5}, {375.0, 512.5}}
    t =    20.50s Checking existence of `"session-numeric-answer" TextField`
    t =    20.61s Find the "session-numeric-answer" TextField
    t =    20.72s Press Target Application 'com.zacrotech.NeuroForge'[0.00, 0.00] -> (187.5, 506.5) for 0.1 seconds, then drag to Target Application 'com.zacrotech.NeuroForge'[0.00, 0.00] -> (187.5, 248.5) with velocity of 250.00 pixels per second, and then hold for 0.2 seconds 
    t =    20.72s     Wait for com.zacrotech.NeuroForge to idle
    t =    20.73s     Find the Target Application 'com.zacrotech.NeuroForge'
    t =    20.79s     Check for interrupting elements affecting "NeuroForge" Application
    t =    20.95s     Synthesize event
    t =    20.95s         Find the Target Application 'com.zacrotech.NeuroForge'
    t =    21.02s         Find the Target Application 'com.zacrotech.NeuroForge'
    t =    21.08s         Find the Target Application 'com.zacrotech.NeuroForge'
    t =    21.16s         Find the Target Application 'com.zacrotech.NeuroForge'
    t =    21.23s         Find the Target Application 'com.zacrotech.NeuroForge'
    t =    22.84s     Wait for com.zacrotech.NeuroForge to idle
    t =    22.85s Get all elements bound by index for: Descendants matching type ScrollView
    t =    22.93s Find the ScrollView (Element at index 0)
    t =    23.01s Find the Target Application 'com.zacrotech.NeuroForge'
    t =    23.07s Checking existence of `Keyboard (First Match)`
    t =    23.22s Get all elements bound by index for: Descendants matching type NavigationBar
    t =    23.29s Find the NavigationBar (Element at index 0)
    t =    23.37s Find the ScrollView at {{0.0, 154.5}, {375.0, 512.5}}
    t =    23.44s Find the ScrollView at {{0.0, 154.5}, {375.0, 512.5}}
    t =    23.51s Get all elements bound by index for: Descendants matching type TabBar
    t =    23.57s Find the TabBar (Element at index 0)
    t =    23.67s Checking existence of `"session-numeric-answer" TextField`
    t =    23.79s Find the "session-numeric-answer" TextField
    t =    23.90s Checking existence of `"session-submit" Any`
    t =    24.00s Find the "session-submit" Any
    t =    24.12s Find the "session-submit" Button
    t =    24.24s Find the "session-submit" Button
    t =    24.36s Checking existence of `"session-next" Any`
    t =    24.47s Checking existence of `"train-start-practice" Any`
    t =    24.58s Checking existence of `"train-start-graph-construction" Any`
    t =    24.69s Checking existence of `"session-numeric-answer" TextField`
    t =    24.80s Find the "session-numeric-answer" TextField
    t =    24.92s Checking existence of `"session-numeric-answer" TextField`
    t =    25.02s Find the "session-numeric-answer" TextField
    t =    25.13s Find the ScrollView at {{0.0, 154.5}, {375.0, 512.5}}
    t =    25.20s Checking existence of `"session-numeric-answer" TextField`
    t =    25.31s Find the "session-numeric-answer" TextField
    t =    25.43s Press Target Application 'com.zacrotech.NeuroForge'[0.00, 0.00] -> (187.5, 506.5) for 0.1 seconds, then drag to Target Application 'com.zacrotech.NeuroForge'[0.00, 0.00] -> (187.5, 248.5) with velocity of 250.00 pixels per second, and then hold for 0.2 seconds 
    t =    25.43s     Wait for com.zacrotech.NeuroForge to idle
    t =    25.43s     Find the Target Application 'com.zacrotech.NeuroForge'
    t =    25.49s     Check for interrupting elements affecting "NeuroForge" Application
    t =    25.57s     Synthesize event
    t =    25.58s         Find the Target Application 'com.zacrotech.NeuroForge'
    t =    25.64s         Find the Target Application 'com.zacrotech.NeuroForge'
    t =    25.70s         Find the Target Application 'com.zacrotech.NeuroForge'
    t =    25.76s         Find the Target Application 'com.zacrotech.NeuroForge'
    t =    25.82s         Find the Target Application 'com.zacrotech.NeuroForge'
    t =    27.41s     Wait for com.zacrotech.NeuroForge to idle
    t =    27.41s Get all elements bound by index for: Descendants matching type ScrollView
    t =    27.49s Find the ScrollView (Element at index 0)
    t =    27.57s Find the Target Application 'com.zacrotech.NeuroForge'
    t =    27.64s Checking existence of `Keyboard (First Match)`
    t =    27.76s Get all elements bound by index for: Descendants matching type NavigationBar
    t =    27.82s Find the NavigationBar (Element at index 0)
    t =    27.91s Find the ScrollView at {{0.0, 154.5}, {375.0, 512.5}}
    t =    27.98s Find the ScrollView at {{0.0, 154.5}, {375.0, 512.5}}
    t =    28.04s Get all elements bound by index for: Descendants matching type TabBar
    t =    28.10s Find the TabBar (Element at index 0)
    t =    28.20s Checking existence of `"session-numeric-answer" TextField`
    t =    28.31s Find the "session-numeric-answer" TextField
    t =    28.42s Checking existence of `"session-submit" Any`
    t =    28.53s Find the "session-submit" Any
    t =    28.65s Find the "session-submit" Button
    t =    28.76s Find the "session-submit" Button
    t =    28.88s Checking existence of `"session-next" Any`
    t =    28.99s Checking existence of `"train-start-practice" Any`
    t =    29.10s Checking existence of `"train-start-graph-construction" Any`
    t =    29.21s Checking existence of `"session-numeric-answer" TextField`
    t =    29.32s Find the "session-numeric-answer" TextField
    t =    29.44s Checking existence of `"session-numeric-answer" TextField`
    t =    29.55s Find the "session-numeric-answer" TextField
    t =    29.66s Find the ScrollView at {{0.0, 154.5}, {375.0, 512.5}}
    t =    29.73s Checking existence of `"session-numeric-answer" TextField`
    t =    29.83s Find the "session-numeric-answer" TextField
    t =    29.95s Press Target Application 'com.zacrotech.NeuroForge'[0.00, 0.00] -> (187.5, 506.5) for 0.1 seconds, then drag to Target Application 'com.zacrotech.NeuroForge'[0.00, 0.00] -> (187.5, 349.0) with velocity of 250.00 pixels per second, and then hold for 0.2 seconds 
    t =    29.95s     Wait for com.zacrotech.NeuroForge to idle
    t =    29.95s     Find the Target Application 'com.zacrotech.NeuroForge'
    t =    30.01s     Check for interrupting elements affecting "NeuroForge" Application
    t =    30.09s     Synthesize event
    t =    30.09s         Find the Target Application 'com.zacrotech.NeuroForge'
    t =    30.15s         Find the Target Application 'com.zacrotech.NeuroForge'
    t =    30.21s         Find the Target Application 'com.zacrotech.NeuroForge'
    t =    30.27s         Find the Target Application 'com.zacrotech.NeuroForge'
    t =    30.33s         Find the Target Application 'com.zacrotech.NeuroForge'
    t =    31.53s     Wait for com.zacrotech.NeuroForge to idle
    t =    31.54s Get all elements bound by index for: Descendants matching type ScrollView
    t =    31.60s Find the ScrollView (Element at index 0)
    t =    31.68s Find the Target Application 'com.zacrotech.NeuroForge'
    t =    31.75s Checking existence of `Keyboard (First Match)`
    t =    31.86s Get all elements bound by index for: Descendants matching type NavigationBar
    t =    31.93s Find the NavigationBar (Element at index 0)
    t =    32.01s Find the ScrollView at {{0.0, 154.5}, {375.0, 512.5}}
    t =    32.08s Find the ScrollView at {{0.0, 154.5}, {375.0, 512.5}}
    t =    32.16s Get all elements bound by index for: Descendants matching type TabBar
    t =    32.22s Find the TabBar (Element at index 0)
    t =    32.34s Checking existence of `"session-numeric-answer" TextField`
    t =    32.45s Find the "session-numeric-answer" TextField
    t =    32.56s Checking existence of `"session-submit" Any`
    t =    32.68s Find the "session-submit" Any
    t =    32.81s Find the "session-submit" Button
    t =    32.93s Find the "session-submit" Button
    t =    33.05s Checking existence of `"session-next" Any`
    t =    33.17s Checking existence of `"train-start-practice" Any`
    t =    33.28s Checking existence of `"train-start-graph-construction" Any`
    t =    33.42s Checking existence of `"session-numeric-answer" TextField`
    t =    33.54s Find the "session-numeric-answer" TextField
    t =    33.67s Find the "session-numeric-answer" TextField
    t =    33.79s Find the "session-numeric-answer" TextField
    t =    33.90s Checking existence of `"session-numeric-answer" TextField`
    t =    34.02s Find the "session-numeric-answer" TextField
    t =    34.14s Find the ScrollView at {{0.0, 154.5}, {375.0, 512.5}}
    t =    34.21s Checking existence of `"session-numeric-answer" TextField`
    t =    34.32s Find the "session-numeric-answer" TextField
    t =    34.44s Press Target Application 'com.zacrotech.NeuroForge'[0.00, 0.00] -> (187.5, 506.5) for 0.1 seconds, then drag to Target Application 'com.zacrotech.NeuroForge'[0.00, 0.00] -> (187.5, 490.5) with velocity of 250.00 pixels per second, and then hold for 0.2 seconds 
    t =    34.44s     Wait for com.zacrotech.NeuroForge to idle
    t =    34.44s     Find the Target Application 'com.zacrotech.NeuroForge'
    t =    34.51s     Check for interrupting elements affecting "NeuroForge" Application
    t =    34.59s     Synthesize event
    t =    34.59s         Find the Target Application 'com.zacrotech.NeuroForge'
    t =    34.65s         Find the Target Application 'com.zacrotech.NeuroForge'
    t =    34.71s         Find the Target Application 'com.zacrotech.NeuroForge'
    t =    34.78s         Find the Target Application 'com.zacrotech.NeuroForge'
    t =    34.85s         Find the Target Application 'com.zacrotech.NeuroForge'
    t =    35.48s     Wait for com.zacrotech.NeuroForge to idle
    t =    37.04s Get all elements bound by index for: Descendants matching type ScrollView
    t =    37.44s Find the ScrollView (Element at index 0)
    t =    37.61s Find the Target Application 'com.zacrotech.NeuroForge'
    t =    37.72s Checking existence of `Keyboard (First Match)`
    t =    37.93s Get all elements bound by index for: Descendants matching type NavigationBar
    t =    38.01s Find the NavigationBar (Element at index 0)
    t =    38.11s Find the ScrollView at {{0.0, 154.5}, {375.0, 512.5}}
    t =    38.19s Find the ScrollView at {{0.0, 154.5}, {375.0, 512.5}}
    t =    38.28s Get all elements bound by index for: Descendants matching type TabBar
    t =    38.35s Find the TabBar (Element at index 0)
    t =    38.47s Checking existence of `"session-numeric-answer" TextField`
    t =    38.68s Find the "session-numeric-answer" TextField
    t =    38.82s Checking existence of `"session-submit" Any`
    t =    38.95s Find the "session-submit" Any
    t =    39.09s Find the "session-submit" Button
    t =    39.23s Find the "session-submit" Button
    t =    39.35s Checking existence of `"session-next" Any`
    t =    39.47s Checking existence of `"train-start-practice" Any`
    t =    39.59s Checking existence of `"train-start-graph-construction" Any`
    t =    39.71s Checking existence of `"session-numeric-answer" TextField`
    t =    39.85s Find the "session-numeric-answer" TextField
    t =    40.03s Find the "session-numeric-answer" TextField
    t =    40.16s Find the "session-numeric-answer" TextField
    t =    40.33s Find the "session-numeric-answer" TextField
    t =    40.47s Press "session-numeric-answer" TextField for 0.1 seconds
    t =    40.47s     Wait for com.zacrotech.NeuroForge to idle
    t =    40.47s     Find the "session-numeric-answer" TextField
    t =    40.60s     Check for interrupting elements affecting "session-numeric-answer" TextField
    t =    40.80s     Synthesize event
    t =    41.22s     Wait for com.zacrotech.NeuroForge to idle
    t =    43.02s Waiting 5.0s for Keyboard (First Match) to exist
    t =    44.05s     Checking `Expect predicate `existsNoRetry == 1` for object Keyboard (First Match)`
    t =    44.06s         Checking existence of `Keyboard (First Match)`
    t =    44.10s Find the "session-numeric-answer" TextField
    t =    44.30s Type '67.2' into "session-numeric-answer" TextField
    t =    44.30s     Wait for com.zacrotech.NeuroForge to idle
    t =    44.31s     Find the "session-numeric-answer" TextField
    t =    44.45s     Check for interrupting elements affecting "session-numeric-answer" TextField
    t =    44.59s     Synthesize event
    t =    44.86s     Wait for com.zacrotech.NeuroForge to idle
    t =    45.95s Checking `Expect predicate `value == "67.2"` for object "session-numeric-answer" TextField`
    t =    45.95s     Find the "session-numeric-answer" TextField
    t =    46.10s Checking existence of `"session-submit" Any`
    t =    46.23s Find the "session-submit" Any
    t =    46.39s Waiting 8.0s for "session-data-prediction-input" TextField to exist
    t =    47.45s     Checking `Expect predicate `existsNoRetry == 1` for object "session-data-prediction-input" TextField`
    t =    47.45s         Checking existence of `"session-data-prediction-input" TextField`
    t =    47.57s Get all elements bound by index for: Descendants matching type ScrollView
    t =    47.64s Find the ScrollView (Element at index 0)
    t =    47.72s Find the Target Application 'com.zacrotech.NeuroForge'
    t =    47.79s Checking existence of `Keyboard (First Match)`
    t =    47.80s Find the Keyboard (First Match)
    t =    47.82s Get all elements bound by index for: Descendants matching type NavigationBar
    t =    47.88s Find the NavigationBar (Element at index 0)
    t =    47.97s Find the ScrollView at {{0.0, 154.5}, {375.0, 512.5}}
    t =    48.04s Find the ScrollView at {{0.0, 154.5}, {375.0, 512.5}}
    t =    48.11s Get all elements bound by index for: Descendants matching type TabBar
    t =    48.18s Find the TabBar (Element at index 0)
    t =    48.26s Checking existence of `"session-data-prediction-input" TextField`
    t =    48.38s Find the "session-data-prediction-input" TextField
    t =    48.49s Checking existence of `"session-submit" Any`
    t =    48.61s Find the "session-submit" Any
    t =    48.75s Find the "session-submit" Button
    t =    48.87s Find the "session-submit" Button
    t =    49.00s Checking existence of `"session-next" Any`
    t =    49.12s Checking existence of `"train-start-practice" Any`
    t =    49.24s Checking existence of `"train-start-graph-construction" Any`
    t =    49.37s Checking existence of `"session-data-prediction-input" TextField`
    t =    49.49s Find the "session-data-prediction-input" TextField
    t =    49.62s Checking existence of `"session-data-prediction-input" TextField`
    t =    49.73s Find the "session-data-prediction-input" TextField
    t =    49.86s Find the ScrollView at {{0.0, 154.5}, {375.0, 512.5}}
    t =    49.94s Checking existence of `"session-data-prediction-input" TextField`
    t =    50.06s Find the "session-data-prediction-input" TextField
    t =    50.20s Press Target Application 'com.zacrotech.NeuroForge'[0.00, 0.00] -> (187.5, 201.9) for 0.1 seconds, then drag to Target Application 'com.zacrotech.NeuroForge'[0.00, 0.00] -> (187.5, 320.1) with velocity of 250.00 pixels per second, and then hold for 0.2 seconds 
    t =    50.20s     Wait for com.zacrotech.NeuroForge to idle
    t =    50.20s     Find the Target Application 'com.zacrotech.NeuroForge'
    t =    50.31s     Check for interrupting elements affecting "NeuroForge" Application
    t =    50.51s     Synthesize event
    t =    50.51s         Find the Target Application 'com.zacrotech.NeuroForge'
    t =    50.58s         Find the Target Application 'com.zacrotech.NeuroForge'
    t =    50.65s         Find the Target Application 'com.zacrotech.NeuroForge'
    t =    50.72s         Find the Target Application 'com.zacrotech.NeuroForge'
    t =    50.82s         Find the Target Application 'com.zacrotech.NeuroForge'
    t =    51.91s     Wait for com.zacrotech.NeuroForge to idle
    t =    51.92s Get all elements bound by index for: Descendants matching type ScrollView
    t =    52.01s Find the ScrollView (Element at index 0)
    t =    52.11s Find the Target Application 'com.zacrotech.NeuroForge'
    t =    52.18s Checking existence of `Keyboard (First Match)`
    t =    52.19s Find the Keyboard (First Match)
    t =    52.21s Get all elements bound by index for: Descendants matching type NavigationBar
    t =    52.28s Find the NavigationBar (Element at index 0)
    t =    52.36s Find the ScrollView at {{0.0, 154.5}, {375.0, 512.5}}
    t =    52.44s Find the ScrollView at {{0.0, 154.5}, {375.0, 512.5}}
    t =    52.52s Get all elements bound by index for: Descendants matching type TabBar
    t =    52.59s Find the TabBar (Element at index 0)
    t =    52.69s Checking existence of `"session-data-prediction-input" TextField`
    t =    52.85s Find the "session-data-prediction-input" TextField
    t =    52.98s Checking existence of `"session-submit" Any`
    t =    53.11s Find the "session-submit" Any
    t =    53.25s Find the "session-submit" Button
    t =    53.39s Find the "session-submit" Button
    t =    53.52s Checking existence of `"session-next" Any`
    t =    53.65s Checking existence of `"train-start-practice" Any`
    t =    53.83s Checking existence of `"train-start-graph-construction" Any`
    t =    53.96s Checking existence of `"session-data-prediction-input" TextField`
    t =    54.11s Find the "session-data-prediction-input" TextField
    t =    54.28s Find the "session-data-prediction-input" TextField
    t =    54.40s Checking existence of `"session-data-prediction-input" TextField`
    t =    54.52s Find the "session-data-prediction-input" TextField
    t =    54.65s Find the ScrollView at {{0.0, 154.5}, {375.0, 512.5}}
    t =    54.73s Checking existence of `"session-data-prediction-input" TextField`
    t =    54.85s Find the "session-data-prediction-input" TextField
    t =    54.99s Press Target Application 'com.zacrotech.NeuroForge'[0.00, 0.00] -> (187.5, 201.9) for 0.1 seconds, then drag to Target Application 'com.zacrotech.NeuroForge'[0.00, 0.00] -> (187.5, 247.4) with velocity of 250.00 pixels per second, and then hold for 0.2 seconds 
    t =    54.99s     Wait for com.zacrotech.NeuroForge to idle
    t =    54.99s     Find the Target Application 'com.zacrotech.NeuroForge'
    t =    55.07s     Check for interrupting elements affecting "NeuroForge" Application
    t =    55.17s     Synthesize event
    t =    55.17s         Find the Target Application 'com.zacrotech.NeuroForge'
    t =    55.24s         Find the Target Application 'com.zacrotech.NeuroForge'
    t =    55.38s         Find the Target Application 'com.zacrotech.NeuroForge'
    t =    55.59s         Find the Target Application 'com.zacrotech.NeuroForge'
    t =    55.77s         Find the Target Application 'com.zacrotech.NeuroForge'
    t =    56.67s     Wait for com.zacrotech.NeuroForge to idle
    t =    57.87s Get all elements bound by index for: Descendants matching type ScrollView
    t =    57.95s Find the ScrollView (Element at index 0)
    t =    58.04s Find the Target Application 'com.zacrotech.NeuroForge'
    t =    58.10s Checking existence of `Keyboard (First Match)`
    t =    58.11s Find the Keyboard (First Match)
    t =    58.13s Get all elements bound by index for: Descendants matching type NavigationBar
    t =    58.20s Find the NavigationBar (Element at index 0)
    t =    58.28s Find the ScrollView at {{0.0, 154.5}, {375.0, 512.5}}
    t =    58.36s Find the ScrollView at {{0.0, 154.5}, {375.0, 512.5}}
    t =    58.43s Get all elements bound by index for: Descendants matching type TabBar
    t =    58.50s Find the TabBar (Element at index 0)
    t =    58.58s Checking existence of `"session-data-prediction-input" TextField`
    t =    58.72s Find the "session-data-prediction-input" TextField
    t =    58.84s Checking existence of `"session-submit" Any`
    t =    58.95s Find the "session-submit" Any
    t =    59.08s Find the "session-submit" Button
    t =    59.20s Find the "session-submit" Button
    t =    59.33s Checking existence of `"session-next" Any`
    t =    59.45s Checking existence of `"train-start-practice" Any`
    t =    59.58s Checking existence of `"train-start-graph-construction" Any`
    t =    59.69s Checking existence of `"session-data-prediction-input" TextField`
    t =    59.81s Find the "session-data-prediction-input" TextField
    t =    59.93s Find the "session-data-prediction-input" TextField
    t =    60.05s Find the "session-data-prediction-input" TextField
    t =    60.17s Find the "session-data-prediction-input" TextField
    t =    60.29s Press "session-data-prediction-input" TextField for 0.1 seconds
    t =    60.29s     Wait for com.zacrotech.NeuroForge to idle
    t =    60.29s     Find the "session-data-prediction-input" TextField
    t =    60.40s     Check for interrupting elements affecting "session-data-prediction-input" TextField
    t =    60.49s     Synthesize event
    t =    60.88s     Wait for com.zacrotech.NeuroForge to idle
    t =    61.50s Waiting 5.0s for Keyboard (First Match) to exist
    t =    62.52s     Checking `Expect predicate `existsNoRetry == 1` for object Keyboard (First Match)`
    t =    62.53s         Checking existence of `Keyboard (First Match)`
    t =    62.55s Type '25' into "session-data-prediction-input" TextField
    t =    62.55s     Wait for com.zacrotech.NeuroForge to idle
    t =    62.55s     Find the "session-data-prediction-input" TextField
    t =    62.70s     Check for interrupting elements affecting "session-data-prediction-input" TextField
    t =    62.79s     Synthesize event
    t =    63.03s     Wait for com.zacrotech.NeuroForge to idle
    t =    64.05s Checking `Expect predicate `value == "25"` for object "session-data-prediction-input" TextField`
    t =    64.06s     Find the "session-data-prediction-input" TextField
    t =    64.18s Get all elements bound by index for: Descendants matching type ScrollView
    t =    64.25s Find the ScrollView (Element at index 0)
    t =    64.35s Find the Target Application 'com.zacrotech.NeuroForge'
    t =    64.42s Checking existence of `Keyboard (First Match)`
    t =    64.44s Find the Keyboard (First Match)
    t =    64.47s Get all elements bound by index for: Descendants matching type NavigationBar
    t =    64.59s Find the NavigationBar (Element at index 0)
    t =    64.69s Find the ScrollView at {{0.0, 154.5}, {375.0, 512.5}}
    t =    64.76s Find the ScrollView at {{0.0, 154.5}, {375.0, 512.5}}
    t =    64.83s Get all elements bound by index for: Descendants matching type TabBar
    t =    64.90s Find the TabBar (Element at index 0)
    t =    64.98s Checking existence of `"session-data-inspection" Button`
    t =    65.10s Find the "session-data-inspection" Button
    t =    65.23s Checking existence of `"session-submit" Any`
    t =    65.34s Find the "session-submit" Any
    t =    65.48s Find the "session-submit" Button
    t =    65.61s Find the "session-submit" Button
    t =    65.73s Checking existence of `"session-next" Any`
    t =    65.85s Checking existence of `"train-start-practice" Any`
    t =    65.98s Checking existence of `"train-start-graph-construction" Any`
    t =    66.10s Checking existence of `"session-data-inspection" Button`
    t =    66.22s Find the "session-data-inspection" Button
    t =    66.34s Checking existence of `"session-data-inspection" Button`
    t =    66.46s Find the "session-data-inspection" Button
    t =    66.60s Find the ScrollView at {{0.0, 154.5}, {375.0, 512.5}}
    t =    66.68s Checking existence of `"session-data-inspection" Button`
    t =    66.81s Find the "session-data-inspection" Button
    t =    66.97s Press Target Application 'com.zacrotech.NeuroForge'[0.00, 0.00] -> (187.5, 196.5) for 0.1 seconds, then drag to Target Application 'com.zacrotech.NeuroForge'[0.00, 0.00] -> (187.5, 298.5) with velocity of 250.00 pixels per second, and then hold for 0.2 seconds 
    t =    66.97s     Wait for com.zacrotech.NeuroForge to idle
    t =    66.97s     Find the Target Application 'com.zacrotech.NeuroForge'
    t =    67.05s     Check for interrupting elements affecting "NeuroForge" Application
    t =    67.18s     Synthesize event
    t =    67.18s         Find the Target Application 'com.zacrotech.NeuroForge'
    t =    67.28s         Find the Target Application 'com.zacrotech.NeuroForge'
    t =    67.37s         Find the Target Application 'com.zacrotech.NeuroForge'
    t =    67.45s         Find the Target Application 'com.zacrotech.NeuroForge'
    t =    67.54s         Find the Target Application 'com.zacrotech.NeuroForge'
    t =    68.57s     Wait for com.zacrotech.NeuroForge to idle
    t =    68.58s Get all elements bound by index for: Descendants matching type ScrollView
    t =    68.67s Find the ScrollView (Element at index 0)
    t =    68.75s Find the Target Application 'com.zacrotech.NeuroForge'
    t =    68.82s Checking existence of `Keyboard (First Match)`
    t =    68.84s Find the Keyboard (First Match)
    t =    68.87s Get all elements bound by index for: Descendants matching type NavigationBar
    t =    68.96s Find the NavigationBar (Element at index 0)
    t =    69.05s Find the ScrollView at {{0.0, 154.5}, {375.0, 512.5}}
    t =    69.13s Find the ScrollView at {{0.0, 154.5}, {375.0, 512.5}}
    t =    69.21s Get all elements bound by index for: Descendants matching type TabBar
    t =    69.30s Find the TabBar (Element at index 0)
    t =    69.38s Checking existence of `"session-data-inspection" Button`
    t =    69.56s Find the "session-data-inspection" Button
    t =    69.74s Checking existence of `"session-submit" Any`
    t =    69.89s Find the "session-submit" Any
    t =    70.03s Find the "session-submit" Button
    t =    70.16s Find the "session-submit" Button
    t =    70.29s Checking existence of `"session-next" Any`
    t =    70.41s Checking existence of `"train-start-practice" Any`
    t =    70.55s Checking existence of `"train-start-graph-construction" Any`
    t =    70.67s Checking existence of `"session-data-inspection" Button`
    t =    70.79s Find the "session-data-inspection" Button
    t =    70.93s Checking existence of `"session-data-inspection" Button`
    t =    71.05s Find the "session-data-inspection" Button
    t =    71.17s Find the ScrollView at {{0.0, 154.5}, {375.0, 512.5}}
    t =    71.24s Checking existence of `"session-data-inspection" Button`
    t =    71.36s Find the "session-data-inspection" Button
    t =    71.48s Press Target Application 'com.zacrotech.NeuroForge'[0.00, 0.00] -> (187.5, 196.5) for 0.1 seconds, then drag to Target Application 'com.zacrotech.NeuroForge'[0.00, 0.00] -> (187.5, 298.5) with velocity of 250.00 pixels per second, and then hold for 0.2 seconds 
    t =    71.48s     Wait for com.zacrotech.NeuroForge to idle
    t =    71.49s     Find the Target Application 'com.zacrotech.NeuroForge'
    t =    71.55s     Check for interrupting elements affecting "NeuroForge" Application
    t =    71.75s     Synthesize event
    t =    71.75s         Find the Target Application 'com.zacrotech.NeuroForge'
    t =    71.82s         Find the Target Application 'com.zacrotech.NeuroForge'
    t =    71.88s         Find the Target Application 'com.zacrotech.NeuroForge'
    t =    71.94s         Find the Target Application 'com.zacrotech.NeuroForge'
    t =    72.01s         Find the Target Application 'com.zacrotech.NeuroForge'
    t =    72.98s     Wait for com.zacrotech.NeuroForge to idle
    t =    72.99s Get all elements bound by index for: Descendants matching type ScrollView
    t =    73.07s Find the ScrollView (Element at index 0)
    t =    73.16s Find the Target Application 'com.zacrotech.NeuroForge'
    t =    73.23s Checking existence of `Keyboard (First Match)`
    t =    73.24s Find the Keyboard (First Match)
    t =    73.26s Get all elements bound by index for: Descendants matching type NavigationBar
    t =    73.33s Find the NavigationBar (Element at index 0)
    t =    73.42s Find the ScrollView at {{0.0, 154.5}, {375.0, 512.5}}
    t =    73.49s Find the ScrollView at {{0.0, 154.5}, {375.0, 512.5}}
    t =    73.56s Get all elements bound by index for: Descendants matching type TabBar
    t =    73.63s Find the TabBar (Element at index 0)
    t =    73.72s Checking existence of `"session-data-inspection" Button`
    t =    73.84s Find the "session-data-inspection" Button
    t =    73.96s Checking existence of `"session-submit" Any`
    t =    74.07s Find the "session-submit" Any
    t =    74.20s Find the "session-submit" Button
    t =    74.33s Find the "session-submit" Button
    t =    74.46s Checking existence of `"session-next" Any`
    t =    74.58s Checking existence of `"train-start-practice" Any`
    t =    74.71s Checking existence of `"train-start-graph-construction" Any`
    t =    74.86s Checking existence of `"session-data-inspection" Button`
    t =    74.99s Find the "session-data-inspection" Button
    t =    75.14s Find the "session-data-inspection" Button
    t =    75.26s Checking existence of `"session-data-inspection" Button`
    t =    75.40s Find the "session-data-inspection" Button
    t =    75.53s Find the ScrollView at {{0.0, 154.5}, {375.0, 512.5}}
    t =    75.60s Checking existence of `"session-data-inspection" Button`
    t =    75.72s Find the "session-data-inspection" Button
    t =    75.83s Press Target Application 'com.zacrotech.NeuroForge'[0.00, 0.00] -> (187.5, 196.5) for 0.1 seconds, then drag to Target Application 'com.zacrotech.NeuroForge'[0.00, 0.00] -> (187.5, 243.5) with velocity of 250.00 pixels per second, and then hold for 0.2 seconds 
    t =    75.83s     Wait for com.zacrotech.NeuroForge to idle
    t =    75.84s     Find the Target Application 'com.zacrotech.NeuroForge'
    t =    75.90s     Check for interrupting elements affecting "NeuroForge" Application
    t =    75.99s     Synthesize event
    t =    75.99s         Find the Target Application 'com.zacrotech.NeuroForge'
    t =    76.06s         Find the Target Application 'com.zacrotech.NeuroForge'
    t =    76.13s         Find the Target Application 'com.zacrotech.NeuroForge'
    t =    76.19s         Find the Target Application 'com.zacrotech.NeuroForge'
    t =    76.26s         Find the Target Application 'com.zacrotech.NeuroForge'
    t =    77.02s     Wait for com.zacrotech.NeuroForge to idle
    t =    77.02s Get all elements bound by index for: Descendants matching type ScrollView
    t =    77.10s Find the ScrollView (Element at index 0)
    t =    77.18s Find the Target Application 'com.zacrotech.NeuroForge'
    t =    77.25s Checking existence of `Keyboard (First Match)`
    t =    77.26s Find the Keyboard (First Match)
    t =    77.28s Get all elements bound by index for: Descendants matching type NavigationBar
    t =    77.35s Find the NavigationBar (Element at index 0)
    t =    77.43s Find the ScrollView at {{0.0, 154.5}, {375.0, 512.5}}
    t =    77.51s Find the ScrollView at {{0.0, 154.5}, {375.0, 512.5}}
    t =    77.58s Get all elements bound by index for: Descendants matching type TabBar
    t =    77.66s Find the TabBar (Element at index 0)
    t =    77.74s Checking existence of `"session-data-inspection" Button`
    t =    77.87s Find the "session-data-inspection" Button
    t =    77.99s Checking existence of `"session-submit" Any`
    t =    78.12s Find the "session-submit" Any
    t =    78.25s Find the "session-submit" Button
    t =    78.37s Find the "session-submit" Button
    t =    78.50s Checking existence of `"session-next" Any`
    t =    78.62s Checking existence of `"train-start-practice" Any`
    t =    78.75s Checking existence of `"train-start-graph-construction" Any`
    t =    78.88s Checking existence of `"session-data-inspection" Button`
    t =    78.99s Find the "session-data-inspection" Button
    t =    79.12s Find the "session-data-inspection" Button
    t =    79.24s Checking existence of `"session-data-inspection" Button`
    t =    79.36s Find the "session-data-inspection" Button
    t =    79.49s Find the ScrollView at {{0.0, 154.5}, {375.0, 512.5}}
    t =    79.57s Checking existence of `"session-data-inspection" Button`
    t =    79.70s Find the "session-data-inspection" Button
    t =    79.81s Press Target Application 'com.zacrotech.NeuroForge'[0.00, 0.00] -> (187.5, 196.5) for 0.1 seconds, then drag to Target Application 'com.zacrotech.NeuroForge'[0.00, 0.00] -> (187.5, 212.5) with velocity of 250.00 pixels per second, and then hold for 0.2 seconds 
    t =    79.81s     Wait for com.zacrotech.NeuroForge to idle
    t =    79.82s     Find the Target Application 'com.zacrotech.NeuroForge'
    t =    79.88s     Check for interrupting elements affecting "NeuroForge" Application
    t =    79.96s     Synthesize event
    t =    79.96s         Find the Target Application 'com.zacrotech.NeuroForge'
    t =    80.03s         Find the Target Application 'com.zacrotech.NeuroForge'
    t =    80.10s         Find the Target Application 'com.zacrotech.NeuroForge'
    t =    80.16s         Find the Target Application 'com.zacrotech.NeuroForge'
    t =    80.24s         Find the Target Application 'com.zacrotech.NeuroForge'
    t =    80.88s     Wait for com.zacrotech.NeuroForge to idle
    t =    82.34s Get all elements bound by index for: Descendants matching type ScrollView
    t =    82.44s Find the ScrollView (Element at index 0)
    t =    82.53s Find the Target Application 'com.zacrotech.NeuroForge'
    t =    82.59s Checking existence of `Keyboard (First Match)`
    t =    82.61s Find the Keyboard (First Match)
    t =    82.63s Get all elements bound by index for: Descendants matching type NavigationBar
    t =    82.70s Find the NavigationBar (Element at index 0)
    t =    82.78s Find the ScrollView at {{0.0, 154.5}, {375.0, 512.5}}
    t =    82.85s Find the ScrollView at {{0.0, 154.5}, {375.0, 512.5}}
    t =    82.93s Get all elements bound by index for: Descendants matching type TabBar
    t =    83.00s Find the TabBar (Element at index 0)
    t =    83.08s Checking existence of `"session-data-inspection" Button`
    t =    83.21s Find the "session-data-inspection" Button
    t =    83.32s Checking existence of `"session-submit" Any`
    t =    83.46s Find the "session-submit" Any
    t =    83.59s Find the "session-submit" Button
    t =    83.71s Find the "session-submit" Button
    t =    83.84s Checking existence of `"session-next" Any`
    t =    83.96s Checking existence of `"train-start-practice" Any`
    t =    84.11s Checking existence of `"train-start-graph-construction" Any`
    t =    84.25s Checking existence of `"session-data-inspection" Button`
    t =    84.37s Find the "session-data-inspection" Button
    t =    84.50s Find the "session-data-inspection" Button
    t =    84.62s Find the "session-data-inspection" Button
    t =    84.75s Checking existence of `"session-data-inspection" Button`
    t =    84.86s Find the "session-data-inspection" Button
    t =    84.98s Find the ScrollView at {{0.0, 154.5}, {375.0, 512.5}}
    t =    85.07s Checking existence of `"session-data-inspection" Button`
    t =    85.20s Find the "session-data-inspection" Button
    t =    85.32s Press Target Application 'com.zacrotech.NeuroForge'[0.00, 0.00] -> (187.5, 298.5) for 0.1 seconds, then drag to Target Application 'com.zacrotech.NeuroForge'[0.00, 0.00] -> (187.5, 282.5) with velocity of 250.00 pixels per second, and then hold for 0.2 seconds 
    t =    85.32s     Wait for com.zacrotech.NeuroForge to idle
    t =    85.32s     Find the Target Application 'com.zacrotech.NeuroForge'
    t =    85.39s     Check for interrupting elements affecting "NeuroForge" Application
    t =    85.47s     Synthesize event
    t =    85.47s         Find the Target Application 'com.zacrotech.NeuroForge'
    t =    85.53s         Find the Target Application 'com.zacrotech.NeuroForge'
    t =    85.60s         Find the Target Application 'com.zacrotech.NeuroForge'
    t =    85.66s         Find the Target Application 'com.zacrotech.NeuroForge'
    t =    85.73s         Find the Target Application 'com.zacrotech.NeuroForge'
    t =    86.37s     Wait for com.zacrotech.NeuroForge to idle
    t =    87.82s Get all elements bound by index for: Descendants matching type ScrollView
    t =    87.90s Find the ScrollView (Element at index 0)
    t =    87.99s Find the Target Application 'com.zacrotech.NeuroForge'
    t =    88.06s Checking existence of `Keyboard (First Match)`
    t =    88.08s Find the Keyboard (First Match)
    t =    88.10s Get all elements bound by index for: Descendants matching type NavigationBar
    t =    88.18s Find the NavigationBar (Element at index 0)
    t =    88.30s Find the ScrollView at {{0.0, 154.5}, {375.0, 512.5}}
    t =    88.38s Find the ScrollView at {{0.0, 154.5}, {375.0, 512.5}}
    t =    88.46s Get all elements bound by index for: Descendants matching type TabBar
    t =    88.53s Find the TabBar (Element at index 0)
    t =    88.60s Checking existence of `"session-data-inspection" Button`
    t =    88.72s Find the "session-data-inspection" Button
    t =    88.85s Checking existence of `"session-submit" Any`
    t =    88.97s Find the "session-submit" Any
    t =    89.10s Find the "session-submit" Button
    t =    89.23s Find the "session-submit" Button
    t =    89.35s Checking existence of `"session-next" Any`
    t =    89.48s Checking existence of `"train-start-practice" Any`
    t =    89.60s Checking existence of `"train-start-graph-construction" Any`
    t =    89.72s Checking existence of `"session-data-inspection" Button`
    t =    89.84s Find the "session-data-inspection" Button
    t =    89.96s Find the "session-data-inspection" Button
    t =    90.08s Checking existence of `"session-data-inspection" Button`
    t =    90.20s Find the "session-data-inspection" Button
    t =    90.32s Find the ScrollView at {{0.0, 154.5}, {375.0, 512.5}}
    t =    90.39s Checking existence of `"session-data-inspection" Button`
    t =    90.52s Find the "session-data-inspection" Button
    t =    90.64s Press Target Application 'com.zacrotech.NeuroForge'[0.00, 0.00] -> (187.5, 196.5) for 0.1 seconds, then drag to Target Application 'com.zacrotech.NeuroForge'[0.00, 0.00] -> (187.5, 212.5) with velocity of 250.00 pixels per second, and then hold for 0.2 seconds 
    t =    90.64s     Wait for com.zacrotech.NeuroForge to idle
    t =    90.64s     Find the Target Application 'com.zacrotech.NeuroForge'
    t =    90.71s     Check for interrupting elements affecting "NeuroForge" Application
    t =    90.79s     Synthesize event
    t =    90.79s         Find the Target Application 'com.zacrotech.NeuroForge'
    t =    90.86s         Find the Target Application 'com.zacrotech.NeuroForge'
    t =    90.92s         Find the Target Application 'com.zacrotech.NeuroForge'
    t =    90.98s         Find the Target Application 'com.zacrotech.NeuroForge'
    t =    91.04s         Find the Target Application 'com.zacrotech.NeuroForge'
    t =    91.68s     Wait for com.zacrotech.NeuroForge to idle
    t =    93.18s Get all elements bound by index for: Descendants matching type ScrollView
    t =    93.36s Find the ScrollView (Element at index 0)
    t =    93.51s Find the Target Application 'com.zacrotech.NeuroForge'
    t =    93.58s Checking existence of `Keyboard (First Match)`
    t =    93.59s Find the Keyboard (First Match)
    t =    93.61s Get all elements bound by index for: Descendants matching type NavigationBar
    t =    93.68s Find the NavigationBar (Element at index 0)
    t =    93.78s Find the ScrollView at {{0.0, 154.5}, {375.0, 512.5}}
    t =    93.86s Find the ScrollView at {{0.0, 154.5}, {375.0, 512.5}}
    t =    93.93s Get all elements bound by index for: Descendants matching type TabBar
    t =    94.01s Find the TabBar (Element at index 0)
    t =    94.09s Checking existence of `"session-data-inspection" Button`
    t =    94.22s Find the "session-data-inspection" Button
    t =    94.34s Checking existence of `"session-submit" Any`
    t =    94.45s Find the "session-submit" Any
    t =    94.59s Find the "session-submit" Button
    t =    94.72s Find the "session-submit" Button
    t =    94.84s Checking existence of `"session-next" Any`
    t =    94.97s Checking existence of `"train-start-practice" Any`
    t =    95.09s Checking existence of `"train-start-graph-construction" Any`
    t =    95.23s Checking existence of `"session-data-inspection" Button`
    t =    95.38s Find the "session-data-inspection" Button
    t =    95.58s Find the "session-data-inspection" Button
    t =    95.76s Find the "session-data-inspection" Button
    t =    95.90s Checking existence of `"session-data-inspection" Button`
    t =    96.05s Find the "session-data-inspection" Button
    t =    96.18s Find the ScrollView at {{0.0, 154.5}, {375.0, 512.5}}
    t =    96.26s Checking existence of `"session-data-inspection" Button`
    t =    96.38s Find the "session-data-inspection" Button
    t =    96.51s Press Target Application 'com.zacrotech.NeuroForge'[0.00, 0.00] -> (187.5, 298.5) for 0.1 seconds, then drag to Target Application 'com.zacrotech.NeuroForge'[0.00, 0.00] -> (187.5, 282.5) with velocity of 250.00 pixels per second, and then hold for 0.2 seconds 
    t =    96.51s     Wait for com.zacrotech.NeuroForge to idle
    t =    96.51s     Find the Target Application 'com.zacrotech.NeuroForge'
    t =    96.58s     Check for interrupting elements affecting "NeuroForge" Application
    t =    96.70s     Synthesize event
    t =    96.70s         Find the Target Application 'com.zacrotech.NeuroForge'
    t =    96.77s         Find the Target Application 'com.zacrotech.NeuroForge'
    t =    96.83s         Find the Target Application 'com.zacrotech.NeuroForge'
    t =    96.89s         Find the Target Application 'com.zacrotech.NeuroForge'
    t =    96.96s         Find the Target Application 'com.zacrotech.NeuroForge'
    t =    97.61s     Wait for com.zacrotech.NeuroForge to idle
    t =    99.02s Get all elements bound by index for: Descendants matching type ScrollView
    t =    99.09s Find the ScrollView (Element at index 0)
    t =    99.17s Find the Target Application 'com.zacrotech.NeuroForge'
    t =    99.23s Checking existence of `Keyboard (First Match)`
    t =    99.25s Find the Keyboard (First Match)
    t =    99.27s Get all elements bound by index for: Descendants matching type NavigationBar
    t =    99.34s Find the NavigationBar (Element at index 0)
    t =    99.41s Find the ScrollView at {{0.0, 154.5}, {375.0, 512.5}}
    t =    99.49s Find the ScrollView at {{0.0, 154.5}, {375.0, 512.5}}
    t =    99.56s Get all elements bound by index for: Descendants matching type TabBar
    t =    99.64s Find the TabBar (Element at index 0)
    t =    99.72s Checking existence of `"session-data-inspection" Button`
    t =    99.83s Find the "session-data-inspection" Button
    t =    99.95s Checking existence of `"session-submit" Any`
    t =   100.07s Find the "session-submit" Any
    t =   100.20s Find the "session-submit" Button
    t =   100.32s Find the "session-submit" Button
    t =   100.44s Checking existence of `"session-next" Any`
    t =   100.55s Checking existence of `"train-start-practice" Any`
    t =   100.67s Checking existence of `"train-start-graph-construction" Any`
    t =   100.79s Checking existence of `"session-data-inspection" Button`
    t =   100.91s Find the "session-data-inspection" Button
    t =   101.07s Find the "session-data-inspection" Button
    t =   101.19s Find the "session-data-inspection" Button
    t =   101.33s Find the "session-data-inspection" Button
    t =   101.45s Tap "session-data-inspection" Button
    t =   101.45s     Wait for com.zacrotech.NeuroForge to idle
    t =   101.45s     Find the "session-data-inspection" Button
    t =   101.57s     Check for interrupting elements affecting "session-data-inspection" Button
    t =   101.66s     Synthesize event
    t =   101.96s     Wait for com.zacrotech.NeuroForge to idle
    t =   103.54s Waiting 5.0s for "Does not meet" Button to exist
    t =   104.55s     Checking `Expect predicate `existsNoRetry == 1` for object "Does not meet" Button`
    t =   104.55s         Checking existence of `"Does not meet" Button`
    t =   104.73s Find the "Does not meet" Button
    t =   104.86s Tap "Does not meet" Button
    t =   104.86s     Wait for com.zacrotech.NeuroForge to idle
    t =   104.86s     Find the "Does not meet" Button
    t =   104.98s     Check for interrupting elements affecting "Does not meet" Button
    t =   105.07s     Synthesize event
    t =   105.38s     Wait for com.zacrotech.NeuroForge to idle
    t =   107.13s Waiting 5.0s for "session-data-inspected-point" Any to exist
    t =   108.14s     Checking `Expect predicate `existsNoRetry == 1` for object "session-data-inspected-point" Any`
    t =   108.14s         Checking existence of `"session-data-inspected-point" Any`
    t =   108.28s Find the "session-data-inspected-point" Any
    t =   108.40s Find the "session-data-inspected-point" StaticText
    t =   108.51s Get all elements bound by index for: Descendants matching type ScrollView
    t =   108.58s Find the ScrollView (Element at index 0)
    t =   108.66s Find the Target Application 'com.zacrotech.NeuroForge'
    t =   108.72s Checking existence of `Keyboard (First Match)`
    t =   108.84s Get all elements bound by index for: Descendants matching type NavigationBar
    t =   108.90s Find the NavigationBar (Element at index 0)
    t =   108.98s Find the ScrollView at {{0.0, 154.5}, {375.0, 512.5}}
    t =   109.05s Find the ScrollView at {{0.0, 154.5}, {375.0, 512.5}}
    t =   109.12s Get all elements bound by index for: Descendants matching type TabBar
    t =   109.19s Find the TabBar (Element at index 0)
    t =   109.28s Checking existence of `"session-data-table" Button`
    t =   109.39s Find the "session-data-table" Button
    t =   109.50s Checking existence of `"session-submit" Any`
    t =   109.61s Find the "session-submit" Any
    t =   109.76s Find the "session-submit" Button
    t =   109.87s Find the "session-submit" Button
    t =   109.98s Checking existence of `"session-next" Any`
    t =   110.10s Checking existence of `"train-start-practice" Any`
    t =   110.22s Checking existence of `"train-start-graph-construction" Any`
    t =   110.34s Checking existence of `"session-data-table" Button`
    t =   110.45s Find the "session-data-table" Button
    t =   110.58s Find the "session-data-table" Button
    t =   110.70s Checking existence of `"session-data-table" Button`
    t =   110.81s Find the "session-data-table" Button
    t =   110.93s Find the ScrollView at {{0.0, 154.5}, {375.0, 512.5}}
    t =   111.00s Checking existence of `"session-data-table" Button`
    t =   111.12s Find the "session-data-table" Button
    t =   111.26s Press Target Application 'com.zacrotech.NeuroForge'[0.00, 0.00] -> (187.5, 248.5) for 0.1 seconds, then drag to Target Application 'com.zacrotech.NeuroForge'[0.00, 0.00] -> (187.5, 305.0) with velocity of 250.00 pixels per second, and then hold for 0.2 seconds 
    t =   111.26s     Wait for com.zacrotech.NeuroForge to idle
    t =   111.26s     Find the Target Application 'com.zacrotech.NeuroForge'
    t =   111.32s     Check for interrupting elements affecting "NeuroForge" Application
    t =   111.41s     Synthesize event
    t =   111.42s         Find the Target Application 'com.zacrotech.NeuroForge'
    t =   111.48s         Find the Target Application 'com.zacrotech.NeuroForge'
    t =   111.55s         Find the Target Application 'com.zacrotech.NeuroForge'
    t =   111.61s         Find the Target Application 'com.zacrotech.NeuroForge'
    t =   111.67s         Find the Target Application 'com.zacrotech.NeuroForge'
    t =   112.46s     Wait for com.zacrotech.NeuroForge to idle
    t =   112.47s Get all elements bound by index for: Descendants matching type ScrollView
    t =   112.54s Find the ScrollView (Element at index 0)
    t =   112.61s Find the Target Application 'com.zacrotech.NeuroForge'
    t =   112.67s Checking existence of `Keyboard (First Match)`
    t =   112.79s Get all elements bound by index for: Descendants matching type NavigationBar
    t =   112.85s Find the NavigationBar (Element at index 0)
    t =   112.93s Find the ScrollView at {{0.0, 154.5}, {375.0, 512.5}}
    t =   113.00s Find the ScrollView at {{0.0, 154.5}, {375.0, 512.5}}
    t =   113.07s Get all elements bound by index for: Descendants matching type TabBar
    t =   113.14s Find the TabBar (Element at index 0)
    t =   113.24s Checking existence of `"session-data-table" Button`
    t =   113.35s Find the "session-data-table" Button
    t =   113.46s Checking existence of `"session-submit" Any`
    t =   113.57s Find the "session-submit" Any
    t =   113.71s Find the "session-submit" Button
    t =   113.82s Find the "session-submit" Button
    t =   113.94s Checking existence of `"session-next" Any`
    t =   114.05s Checking existence of `"train-start-practice" Any`
    t =   114.17s Checking existence of `"train-start-graph-construction" Any`
    t =   114.28s Checking existence of `"session-data-table" Button`
    t =   114.40s Find the "session-data-table" Button
    t =   114.52s Find the "session-data-table" Button
    t =   114.64s Checking existence of `"session-data-table" Button`
    t =   114.75s Find the "session-data-table" Button
    t =   114.87s Find the ScrollView at {{0.0, 154.5}, {375.0, 512.5}}
    t =   114.94s Checking existence of `"session-data-table" Button`
    t =   115.05s Find the "session-data-table" Button
    t =   115.16s Press Target Application 'com.zacrotech.NeuroForge'[0.00, 0.00] -> (187.5, 248.5) for 0.1 seconds, then drag to Target Application 'com.zacrotech.NeuroForge'[0.00, 0.00] -> (187.5, 264.5) with velocity of 250.00 pixels per second, and then hold for 0.2 seconds 
    t =   115.16s     Wait for com.zacrotech.NeuroForge to idle
    t =   115.17s     Find the Target Application 'com.zacrotech.NeuroForge'
    t =   115.24s     Check for interrupting elements affecting "NeuroForge" Application
    t =   115.32s     Synthesize event
    t =   115.32s         Find the Target Application 'com.zacrotech.NeuroForge'
    t =   115.38s         Find the Target Application 'com.zacrotech.NeuroForge'
    t =   115.45s         Find the Target Application 'com.zacrotech.NeuroForge'
    t =   115.51s         Find the Target Application 'com.zacrotech.NeuroForge'
    t =   115.57s         Find the Target Application 'com.zacrotech.NeuroForge'
    t =   116.21s     Wait for com.zacrotech.NeuroForge to idle
    t =   117.66s Get all elements bound by index for: Descendants matching type ScrollView
    t =   117.77s Find the ScrollView (Element at index 0)
    t =   117.86s Find the Target Application 'com.zacrotech.NeuroForge'
    t =   117.93s Checking existence of `Keyboard (First Match)`
    t =   118.15s Get all elements bound by index for: Descendants matching type NavigationBar
    t =   118.23s Find the NavigationBar (Element at index 0)
    t =   118.31s Find the ScrollView at {{0.0, 154.5}, {375.0, 512.5}}
    t =   118.39s Find the ScrollView at {{0.0, 154.5}, {375.0, 512.5}}
    t =   118.46s Get all elements bound by index for: Descendants matching type TabBar
    t =   118.53s Find the TabBar (Element at index 0)
    t =   118.63s Checking existence of `"session-data-table" Button`
    t =   118.81s Find the "session-data-table" Button
    t =   118.94s Checking existence of `"session-submit" Any`
    t =   119.07s Find the "session-submit" Any
    t =   119.20s Find the "session-submit" Button
    t =   119.32s Find the "session-submit" Button
    t =   119.45s Checking existence of `"session-next" Any`
    t =   119.56s Checking existence of `"train-start-practice" Any`
    t =   119.68s Checking existence of `"train-start-graph-construction" Any`
    t =   119.80s Checking existence of `"session-data-table" Button`
    t =   119.91s Find the "session-data-table" Button
    t =   120.04s Find the "session-data-table" Button
    t =   120.16s Find the "session-data-table" Button
    t =   120.29s Tap "session-data-table" Button
    t =   120.29s     Wait for com.zacrotech.NeuroForge to idle
    t =   120.29s     Find the "session-data-table" Button
    t =   120.40s     Check for interrupting elements affecting "session-data-table" Button
    t =   120.53s     Synthesize event
    t =   120.84s     Wait for com.zacrotech.NeuroForge to idle
    t =   121.03s Waiting 5.0s for "session-data-row-0" Any to exist
    t =   122.06s     Checking `Expect predicate `existsNoRetry == 1` for object "session-data-row-0" Any`
    t =   122.08s         Checking existence of `"session-data-row-0" Any`
    t =   122.20s Get all elements bound by index for: Descendants matching type ScrollView
    t =   122.26s Find the ScrollView (Element at index 0)
    t =   122.35s Find the Target Application 'com.zacrotech.NeuroForge'
    t =   122.41s Checking existence of `Keyboard (First Match)`
    t =   122.53s Get all elements bound by index for: Descendants matching type NavigationBar
    t =   122.60s Find the NavigationBar (Element at index 0)
    t =   122.68s Find the ScrollView at {{0.0, 154.5}, {375.0, 512.5}}
    t =   122.75s Find the ScrollView at {{0.0, 154.5}, {375.0, 512.5}}
    t =   122.82s Get all elements bound by index for: Descendants matching type TabBar
    t =   122.89s Find the TabBar (Element at index 0)
    t =   122.99s Checking existence of `"session-data-row-0" Any`
    t =   123.11s Find the "session-data-row-0" Any
    t =   123.23s Checking existence of `"session-submit" Any`
    t =   123.36s Find the "session-submit" Any
    t =   123.51s Find the "session-submit" Button
    t =   123.64s Find the "session-submit" Button
    t =   123.78s Checking existence of `"session-next" Any`
    t =   123.90s Checking existence of `"train-start-practice" Any`
    t =   124.02s Checking existence of `"train-start-graph-construction" Any`
    t =   124.14s Checking existence of `"session-data-row-0" StaticText`
    t =   124.26s Find the "session-data-row-0" StaticText
    t =   124.39s Find the "session-data-row-0" StaticText
    t =   124.51s Find the "session-data-row-0" StaticText
    t =   124.63s Find the "session-data-row-0" StaticText
    t =   124.75s Find the "session-data-row-0" StaticText
    t =   124.86s Find the "session-data-row-0" StaticText
    t =   124.98s Checking existence of `Keyboard (First Match)`
    t =   125.10s Find the "session-numeric-answer" TextField
    t =   125.21s Find the Target Application 'com.zacrotech.NeuroForge'
    t =   125.51s Added attachment named 'quantitative-original-count-inspection-table-en'
    t =   125.51s Waiting 8.0s for "Unit" TextField to exist
    t =   126.52s     Checking `Expect predicate `existsNoRetry == 1` for object "Unit" TextField`
    t =   126.52s         Checking existence of `"Unit" TextField`
    t =   126.68s Get all elements bound by index for: Descendants matching type ScrollView
    t =   126.76s Find the ScrollView (Element at index 0)
    t =   126.85s Find the Target Application 'com.zacrotech.NeuroForge'
    t =   126.91s Checking existence of `Keyboard (First Match)`
    t =   127.03s Get all elements bound by index for: Descendants matching type NavigationBar
    t =   127.10s Find the NavigationBar (Element at index 0)
    t =   127.19s Find the ScrollView at {{0.0, 154.5}, {375.0, 512.5}}
    t =   127.27s Find the ScrollView at {{0.0, 154.5}, {375.0, 512.5}}
    t =   127.34s Get all elements bound by index for: Descendants matching type TabBar
    t =   127.41s Find the TabBar (Element at index 0)
    t =   127.51s Checking existence of `"Unit" TextField`
    t =   127.62s Find the "Unit" TextField
    t =   127.73s Checking existence of `"session-submit" Any`
    t =   127.84s Find the "session-submit" Any
    t =   127.97s Find the "session-submit" Button
    t =   128.09s Find the "session-submit" Button
    t =   128.27s Checking existence of `"session-next" Any`
    t =   128.39s Checking existence of `"train-start-practice" Any`
    t =   128.50s Checking existence of `"train-start-graph-construction" Any`
    t =   128.63s Checking existence of `"Unit" TextField`
    t =   128.75s Find the "Unit" TextField
    t =   128.88s Checking existence of `"Unit" TextField`
    t =   128.98s Find the "Unit" TextField
    t =   129.10s Find the ScrollView at {{0.0, 154.5}, {375.0, 512.5}}
    t =   129.18s Checking existence of `"Unit" TextField`
    t =   129.31s Find the "Unit" TextField
    t =   129.43s Press Target Application 'com.zacrotech.NeuroForge'[0.00, 0.00] -> (187.5, 506.5) for 0.1 seconds, then drag to Target Application 'com.zacrotech.NeuroForge'[0.00, 0.00] -> (187.5, 248.5) with velocity of 250.00 pixels per second, and then hold for 0.2 seconds 
    t =   129.43s     Wait for com.zacrotech.NeuroForge to idle
    t =   129.44s     Find the Target Application 'com.zacrotech.NeuroForge'
    t =   129.52s     Check for interrupting elements affecting "NeuroForge" Application
    t =   129.61s     Synthesize event
    t =   129.61s         Find the Target Application 'com.zacrotech.NeuroForge'
    t =   129.67s         Find the Target Application 'com.zacrotech.NeuroForge'
    t =   129.74s         Find the Target Application 'com.zacrotech.NeuroForge'
    t =   129.80s         Find the Target Application 'com.zacrotech.NeuroForge'
    t =   129.87s         Find the Target Application 'com.zacrotech.NeuroForge'
    t =   131.45s     Wait for com.zacrotech.NeuroForge to idle
    t =   131.46s Get all elements bound by index for: Descendants matching type ScrollView
    t =   131.53s Find the ScrollView (Element at index 0)
    t =   131.61s Find the Target Application 'com.zacrotech.NeuroForge'
    t =   131.67s Checking existence of `Keyboard (First Match)`
    t =   131.79s Get all elements bound by index for: Descendants matching type NavigationBar
    t =   131.86s Find the NavigationBar (Element at index 0)
    t =   131.94s Find the ScrollView at {{0.0, 154.5}, {375.0, 512.5}}
    t =   132.01s Find the ScrollView at {{0.0, 154.5}, {375.0, 512.5}}
    t =   132.08s Get all elements bound by index for: Descendants matching type TabBar
    t =   132.15s Find the TabBar (Element at index 0)
    t =   132.25s Checking existence of `"Unit" TextField`
    t =   132.36s Find the "Unit" TextField
    t =   132.47s Checking existence of `"session-submit" Any`
    t =   132.58s Find the "session-submit" Any
    t =   132.70s Find the "session-submit" Button
    t =   132.82s Find the "session-submit" Button
    t =   132.94s Checking existence of `"session-next" Any`
    t =   133.05s Checking existence of `"train-start-practice" Any`
    t =   133.17s Checking existence of `"train-start-graph-construction" Any`
    t =   133.29s Checking existence of `"Unit" TextField`
    t =   133.42s Find the "Unit" TextField
    t =   133.56s Checking existence of `"Unit" TextField`
    t =   133.68s Find the "Unit" TextField
    t =   133.81s Find the ScrollView at {{0.0, 154.5}, {375.0, 512.5}}
    t =   133.89s Checking existence of `"Unit" TextField`
    t =   134.04s Find the "Unit" TextField
    t =   134.16s Press Target Application 'com.zacrotech.NeuroForge'[0.00, 0.00] -> (187.5, 506.5) for 0.1 seconds, then drag to Target Application 'com.zacrotech.NeuroForge'[0.00, 0.00] -> (187.5, 341.5) with velocity of 250.00 pixels per second, and then hold for 0.2 seconds 
    t =   134.16s     Wait for com.zacrotech.NeuroForge to idle
    t =   134.16s     Find the Target Application 'com.zacrotech.NeuroForge'
    t =   134.23s     Check for interrupting elements affecting "NeuroForge" Application
    t =   134.33s     Synthesize event
    t =   134.33s         Find the Target Application 'com.zacrotech.NeuroForge'
    t =   134.41s         Find the Target Application 'com.zacrotech.NeuroForge'
    t =   134.49s         Find the Target Application 'com.zacrotech.NeuroForge'
    t =   134.56s         Find the Target Application 'com.zacrotech.NeuroForge'
    t =   134.65s         Find the Target Application 'com.zacrotech.NeuroForge'
    t =   135.98s     Wait for com.zacrotech.NeuroForge to idle
    t =   136.00s Get all elements bound by index for: Descendants matching type ScrollView
    t =   136.21s Find the ScrollView (Element at index 0)
    t =   136.34s Find the Target Application 'com.zacrotech.NeuroForge'
    t =   136.50s Checking existence of `Keyboard (First Match)`
    t =   136.65s Get all elements bound by index for: Descendants matching type NavigationBar
    t =   136.73s Find the NavigationBar (Element at index 0)
    t =   136.85s Find the ScrollView at {{0.0, 154.5}, {375.0, 512.5}}
    t =   136.95s Find the ScrollView at {{0.0, 154.5}, {375.0, 512.5}}
    t =   137.04s Get all elements bound by index for: Descendants matching type TabBar
    t =   137.12s Find the TabBar (Element at index 0)
    t =   137.26s Checking existence of `"Unit" TextField`
    t =   137.51s Find the "Unit" TextField
    t =   137.67s Checking existence of `"session-submit" Any`
    t =   137.86s Find the "session-submit" Any
    t =   138.08s Find the "session-submit" Button
    t =   138.22s Find the "session-submit" Button
    t =   138.38s Checking existence of `"session-next" Any`
    t =   138.50s Checking existence of `"train-start-practice" Any`
    t =   138.64s Checking existence of `"train-start-graph-construction" Any`
    t =   138.77s Checking existence of `"Unit" TextField`
    t =   138.89s Find the "Unit" TextField
    t =   139.02s Find the "Unit" TextField
    t =   139.15s Find the "Unit" TextField
    t =   139.27s Checking existence of `"Unit" TextField`
    t =   139.40s Find the "Unit" TextField
    t =   139.54s Find the ScrollView at {{0.0, 154.5}, {375.0, 512.5}}
    t =   139.61s Checking existence of `"Unit" TextField`
    t =   139.74s Find the "Unit" TextField
    t =   139.88s Press Target Application 'com.zacrotech.NeuroForge'[0.00, 0.00] -> (187.5, 506.5) for 0.1 seconds, then drag to Target Application 'com.zacrotech.NeuroForge'[0.00, 0.00] -> (187.5, 490.5) with velocity of 250.00 pixels per second, and then hold for 0.2 seconds 
    t =   139.88s     Wait for com.zacrotech.NeuroForge to idle
    t =   139.88s     Find the Target Application 'com.zacrotech.NeuroForge'
    t =   139.95s     Check for interrupting elements affecting "NeuroForge" Application
    t =   140.11s     Synthesize event
    t =   140.11s         Find the Target Application 'com.zacrotech.NeuroForge'
    t =   140.17s         Find the Target Application 'com.zacrotech.NeuroForge'
    t =   140.24s         Find the Target Application 'com.zacrotech.NeuroForge'
    t =   140.31s         Find the Target Application 'com.zacrotech.NeuroForge'
    t =   140.39s         Find the Target Application 'com.zacrotech.NeuroForge'
    t =   141.04s     Wait for com.zacrotech.NeuroForge to idle
    t =   142.53s Get all elements bound by index for: Descendants matching type ScrollView
    t =   142.86s Find the ScrollView (Element at index 0)
    t =   143.04s Find the Target Application 'com.zacrotech.NeuroForge'
    t =   143.11s Checking existence of `Keyboard (First Match)`
    t =   143.24s Get all elements bound by index for: Descendants matching type NavigationBar
    t =   143.31s Find the NavigationBar (Element at index 0)
    t =   143.41s Find the ScrollView at {{0.0, 154.5}, {375.0, 512.5}}
    t =   143.49s Find the ScrollView at {{0.0, 154.5}, {375.0, 512.5}}
    t =   143.57s Get all elements bound by index for: Descendants matching type TabBar
    t =   143.64s Find the TabBar (Element at index 0)
    t =   143.75s Checking existence of `"Unit" TextField`
    t =   143.89s Find the "Unit" TextField
    t =   144.01s Checking existence of `"session-submit" Any`
    t =   144.14s Find the "session-submit" Any
    t =   144.28s Find the "session-submit" Button
    t =   144.43s Find the "session-submit" Button
    t =   144.57s Checking existence of `"session-next" Any`
    t =   144.70s Checking existence of `"train-start-practice" Any`
    t =   144.83s Checking existence of `"train-start-graph-construction" Any`
    t =   144.96s Checking existence of `"Unit" TextField`
    t =   145.08s Find the "Unit" TextField
    t =   145.21s Find the "Unit" TextField
    t =   145.34s Find the "Unit" TextField
    t =   145.47s Find the "Unit" TextField
    t =   145.59s Press "Unit" TextField for 0.1 seconds
    t =   145.59s     Wait for com.zacrotech.NeuroForge to idle
    t =   145.59s     Find the "Unit" TextField
    t =   145.71s     Check for interrupting elements affecting "Unit" TextField
    t =   145.87s     Synthesize event
    t =   146.29s     Wait for com.zacrotech.NeuroForge to idle
    t =   146.58s Waiting 5.0s for Keyboard (First Match) to exist
    t =   147.65s     Checking `Expect predicate `existsNoRetry == 1` for object Keyboard (First Match)`
    t =   147.66s         Checking existence of `Keyboard (First Match)`
    t =   147.68s Type '%' into "Unit" TextField
    t =   147.68s     Wait for com.zacrotech.NeuroForge to idle
    t =   147.72s     Find the "Unit" TextField
    t =   147.88s     Check for interrupting elements affecting "Unit" TextField
    t =   147.96s     Synthesize event
    t =   148.19s     Wait for com.zacrotech.NeuroForge to idle
    t =   149.37s Checking `Expect predicate `value == "%"` for object "Unit" TextField`
    t =   149.37s     Find the "Unit" TextField
    t =   149.50s Get all elements bound by index for: Descendants matching type TextField
    t =   149.59s Find the TextField (Element at index 0)
    t =   149.67s Find the "session-data-prediction-input" TextField
    t =   149.76s Find the "session-data-prediction-input" TextField
    t =   149.83s Find the TextField (Element at index 1)
    t =   149.90s Find the "session-numeric-answer" TextField
    t =   149.99s Find the "session-numeric-answer" TextField
    t =   150.07s Find the TextField (Element at index 2)
    t =   150.15s Find the "Unit" TextField
    t =   150.23s Find the "Unit" TextField
    t =   150.31s Find the "Unit" TextField
    t =   150.38s Get all elements bound by index for: Descendants matching type TextView
    t =   150.45s Waiting 8.0s for "session-submit" Any to exist
    t =   151.47s     Checking `Expect predicate `existsNoRetry == 1` for object "session-submit" Any`
    t =   151.48s         Checking existence of `"session-submit" Any`
    t =   151.61s Get all elements bound by index for: Descendants matching type ScrollView
    t =   151.69s Find the ScrollView (Element at index 0)
    t =   151.78s Find the Target Application 'com.zacrotech.NeuroForge'
    t =   151.85s Checking existence of `Keyboard (First Match)`
    t =   151.86s Find the Keyboard (First Match)
    t =   151.88s Get all elements bound by index for: Descendants matching type NavigationBar
    t =   151.95s Find the NavigationBar (Element at index 0)
    t =   152.04s Find the ScrollView at {{0.0, 154.5}, {375.0, 512.5}}
    t =   152.12s Find the ScrollView at {{0.0, 154.5}, {375.0, 512.5}}
    t =   152.21s Get all elements bound by index for: Descendants matching type TabBar
    t =   152.29s Find the TabBar (Element at index 0)
    t =   152.37s Checking existence of `"session-submit" Any`
    t =   152.50s Find the "session-submit" Any
    t =   152.63s Checking existence of `"session-submit" Button`
    t =   152.75s Find the "session-submit" Button
    t =   152.90s Find the "session-submit" Button
    t =   153.03s Find the "session-submit" Button
    t =   154.18s Checking `Expect predicate `enabled == 1` for object "session-submit" Button`
    t =   154.18s     Find the "session-submit" Button
    t =   154.32s Tap "session-submit" Button
    t =   154.32s     Wait for com.zacrotech.NeuroForge to idle
    t =   154.32s     Find the "session-submit" Button
    t =   154.46s     Check for interrupting elements affecting "session-submit" Button
    t =   154.54s     Synthesize event
    t =   154.84s     Wait for com.zacrotech.NeuroForge to idle
    t =   155.13s Waiting 8.0s for "session-next" Any to exist
    t =   156.14s     Checking `Expect predicate `existsNoRetry == 1` for object "session-next" Any`
    t =   156.14s         Checking existence of `"session-next" Any`
    t =   156.30s Find the "session-position" ProgressIndicator
    t =   156.42s Find the "session-prompt" Any
    t =   156.54s Checking existence of `"Your answer" StaticText`
    t =   156.66s Checking existence of `TextField (First Match)`
    t =   156.70s Find the TextField (First Match)
    t =   156.73s Find the "session-data-prediction-input" TextField
    t =   156.76s Checking existence of `TextField (First Match)`
    t =   156.79s Find the TextField (First Match)
    t =   156.82s Find the "session-numeric-answer" TextField
    t =   156.86s Checking existence of `TextField (First Match)`
    t =   156.89s Find the TextField (First Match)
    t =   156.92s Find the "Unit" TextField
    t =   156.95s Waiting 8.0s for "session-feedback-title" Any to exist
    t =   157.96s     Checking `Expect predicate `existsNoRetry == 1` for object "session-feedback-title" Any`
    t =   157.96s         Checking existence of `"session-feedback-title" Any`
    t =   158.10s Get all elements bound by index for: Descendants matching type ScrollView
    t =   158.17s Find the ScrollView (Element at index 0)
    t =   158.25s Find the Target Application 'com.zacrotech.NeuroForge'
    t =   158.32s Checking existence of `Keyboard (First Match)`
    t =   158.44s Get all elements bound by index for: Descendants matching type NavigationBar
    t =   158.52s Find the NavigationBar (Element at index 0)
    t =   158.60s Find the ScrollView at {{0.0, 154.5}, {375.0, 512.5}}
    t =   158.69s Find the ScrollView at {{0.0, 154.5}, {375.0, 512.5}}
    t =   158.76s Get all elements bound by index for: Descendants matching type TabBar
    t =   158.84s Find the TabBar (Element at index 0)
    t =   158.95s Checking existence of `"session-feedback-title" Any`
    t =   159.08s Find the "session-feedback-title" Any
    t =   159.19s Checking existence of `"session-submit" Any`
    t =   159.30s Checking existence of `"session-next" Any`
    t =   159.42s Find the "session-next" Any
    t =   159.54s Find the "session-next" Button
    t =   159.66s Find the "session-next" Button
    t =   159.82s Checking existence of `"train-start-practice" Any`
    t =   159.95s Checking existence of `"train-start-graph-construction" Any`
    t =   160.07s Checking existence of `"session-feedback-title" StaticText`
    t =   160.18s Find the "session-feedback-title" StaticText
    t =   160.31s Find the "session-feedback-title" StaticText
    t =   160.43s Checking existence of `"session-feedback-title" StaticText`
    t =   160.56s Find the "session-feedback-title" StaticText
    t =   160.70s Find the ScrollView at {{0.0, 154.5}, {375.0, 512.5}}
    t =   160.78s Checking existence of `"session-feedback-title" StaticText`
    t =   160.90s Find the "session-feedback-title" StaticText
    t =   161.02s Press Target Application 'com.zacrotech.NeuroForge'[0.00, 0.00] -> (187.5, 248.5) for 0.1 seconds, then drag to Target Application 'com.zacrotech.NeuroForge'[0.00, 0.00] -> (187.5, 264.5) with velocity of 250.00 pixels per second, and then hold for 0.2 seconds 
    t =   161.02s     Wait for com.zacrotech.NeuroForge to idle
    t =   161.02s     Find the Target Application 'com.zacrotech.NeuroForge'
    t =   161.09s     Check for interrupting elements affecting "NeuroForge" Application
    t =   161.21s     Synthesize event
    t =   161.22s         Find the Target Application 'com.zacrotech.NeuroForge'
    t =   161.29s         Find the Target Application 'com.zacrotech.NeuroForge'
    t =   161.37s         Find the Target Application 'com.zacrotech.NeuroForge'
    t =   161.44s         Find the Target Application 'com.zacrotech.NeuroForge'
    t =   161.51s         Find the Target Application 'com.zacrotech.NeuroForge'
    t =   162.15s     Wait for com.zacrotech.NeuroForge to idle
    t =   163.61s Get all elements bound by index for: Descendants matching type ScrollView
    t =   163.70s Find the ScrollView (Element at index 0)
    t =   163.81s Find the Target Application 'com.zacrotech.NeuroForge'
    t =   163.88s Checking existence of `Keyboard (First Match)`
    t =   164.01s Get all elements bound by index for: Descendants matching type NavigationBar
    t =   164.09s Find the NavigationBar (Element at index 0)
    t =   164.18s Find the ScrollView at {{0.0, 154.5}, {375.0, 512.5}}
    t =   164.26s Find the ScrollView at {{0.0, 154.5}, {375.0, 512.5}}
    t =   164.33s Get all elements bound by index for: Descendants matching type TabBar
    t =   164.41s Find the TabBar (Element at index 0)
    t =   164.52s Checking existence of `"session-feedback-title" StaticText`
    t =   164.67s Find the "session-feedback-title" StaticText
    t =   164.80s Checking existence of `"session-submit" Any`
    t =   164.92s Checking existence of `"session-next" Any`
    t =   165.04s Find the "session-next" Any
    t =   165.18s Find the "session-next" Button
    t =   165.30s Find the "session-next" Button
    t =   165.42s Checking existence of `"train-start-practice" Any`
    t =   165.55s Checking existence of `"train-start-graph-construction" Any`
    t =   165.67s Checking existence of `"session-feedback-title" StaticText`
    t =   165.79s Find the "session-feedback-title" StaticText
    t =   165.92s Find the "session-feedback-title" StaticText
    t =   166.05s Find the "session-feedback-title" StaticText
    t =   166.18s Find the "session-feedback-title" StaticText
    t =   166.31s Find the "session-feedback-title" StaticText
    t =   166.44s Find the "session-feedback-title" StaticText
    t =   166.57s Find the "session-feedback-title" StaticText
    t =   166.69s Get all elements bound by index for: Descendants matching type ScrollView
    t =   166.77s Find the ScrollView (Element at index 0)
    t =   166.86s Find the Target Application 'com.zacrotech.NeuroForge'
    t =   166.93s Checking existence of `Keyboard (First Match)`
    t =   167.06s Get all elements bound by index for: Descendants matching type NavigationBar
    t =   167.16s Find the NavigationBar (Element at index 0)
    t =   167.26s Find the ScrollView at {{0.0, 154.5}, {375.0, 512.5}}
    t =   167.37s Find the ScrollView at {{0.0, 154.5}, {375.0, 512.5}}
    t =   167.55s Get all elements bound by index for: Descendants matching type TabBar
    t =   167.64s Find the TabBar (Element at index 0)
    t =   167.78s Checking existence of `"session-next" Any`
    t =   167.92s Find the "session-next" Any
    t =   168.06s Checking existence of `"session-next" Button`
    t =   168.19s Find the "session-next" Button
    t =   168.33s Find the "session-next" Button
    t =   168.46s Find the "session-next" Button
    t =   168.59s Find the "session-next" Button
    t =   168.71s Find the Target Application 'com.zacrotech.NeuroForge'
    t =   168.98s Added attachment named 'lab-response-feedback-quantitative.proportion-en'
    t =   169.00s Press "session-next" Button for 0.1 seconds
    t =   169.00s     Wait for com.zacrotech.NeuroForge to idle
    t =   169.00s     Find the "session-next" Button
    t =   169.17s     Check for interrupting elements affecting "session-next" Button
    t =   169.33s     Synthesize event
    t =   169.73s     Wait for com.zacrotech.NeuroForge to idle
    t =   171.57s Checking `Expect predicate `value == "2 / 5"` for object "session-position" ProgressIndicator`
    t =   171.57s     Find the "session-position" ProgressIndicator
    t =   171.78s Waiting 8.0s for "session-submit" Any to exist
    t =   172.85s     Checking `Expect predicate `existsNoRetry == 1` for object "session-submit" Any`
    t =   172.86s         Checking existence of `"session-submit" Any`
    t =   173.00s Terminate com.zacrotech.NeuroForge:13801
    t =   174.11s Tear Down
Test Case '-[NeuroForgeUITests.NavigationSmokeUITests testQuantitativeNumberAndUnitShowFeedbackAndAdvance]' passed (174.338 seconds).
Test Suite 'NavigationSmokeUITests' failed at 2026-09-05 15:03:02.249.
	 Executed 3 tests, with 2 failures (0 unexpected) in 427.277 (427.292) seconds
Test Suite 'NeuroForgeUITests.xctest' failed at 2026-09-05 15:03:02.254.
	 Executed 3 tests, with 2 failures (0 unexpected) in 427.277 (427.298) seconds
Test Suite 'Selected tests' failed at 2026-09-05 15:03:02.255.
	 Executed 3 tests, with 2 failures (0 unexpected) in 427.277 (427.314) seconds
2026-09-05 15:03:03.940 xcodebuild[11869:5523332] [MT] IDETestOperationsObserverDebug: 464.035 elapsed -- Testing started completed.
2026-09-05 15:03:03.941 xcodebuild[11869:5523332] [MT] IDETestOperationsObserverDebug: 0.000 sec, +0.000 sec -- start
2026-09-05 15:03:03.941 xcodebuild[11869:5523332] [MT] IDETestOperationsObserverDebug: 464.035 sec, +464.035 sec -- end

Test session results, code coverage, and logs:
	/tmp/NeuroForge-improvement-ios/Logs/Test/Test-NeuroForgeUISmoke-2026.09.05_14-55-18--0400.xcresult

Failing tests:
	NavigationSmokeUITests.testGeneratedSetCreatesSeparateRunsAndRestoresSkippedRunThroughColdLaunch()
	NavigationSmokeUITests.testGraphPublicLaunchPointerControlsUndoAndColdCoordinatesReachSavedFeedback()

** TEST EXECUTE FAILED **

Testing started
