Command line invocation:
    /Applications/Xcode.app/Contents/Developer/usr/bin/xcodebuild -project NeuroForge.xcodeproj -scheme NeuroForgeUISmoke -destination "platform=iOS Simulator,id=064C7C8F-D941-4D8C-9B55-958F4123AF02" -derivedDataPath /tmp/NeuroForge-improvement-ios CODE_SIGNING_ALLOWED=NO test-without-building "-only-testing:NeuroForgeUITests/NavigationSmokeUITests/testClaimEvidenceSelectionShowsFeedbackAndAdvances" "-only-testing:NeuroForgeUITests/NavigationSmokeUITests/testLogicStateInputsAndInvariantShowFeedbackAndAdvance" "-only-testing:NeuroForgeUITests/NavigationSmokeUITests/testQuantitativeNumberAndUnitShowFeedbackAndAdvance"

Build settings from command line:
    CODE_SIGNING_ALLOWED = NO

Resolve Package Graph


Resolved source packages:
  SwiftMath: https://github.com/mgriebling/SwiftMath.git @ 1d2c908

2026-09-05 12:45:14.055702-0400 NeuroForgeUITests-Runner[59765:4943528] [Default] Running tests...
objc[59765]: Class UIAccessibilityLoaderWebShared is implemented in both /Library/Developer/CoreSimulator/Volumes/iOS_23F77/Library/Developer/CoreSimulator/Profiles/Runtimes/iOS 26.5.simruntime/Contents/Resources/RuntimeRoot/System/Library/AccessibilityBundles/WebCore.axbundle/WebCore (0x1088f8310) and /Library/Developer/CoreSimulator/Volumes/iOS_23F77/Library/Developer/CoreSimulator/Profiles/Runtimes/iOS 26.5.simruntime/Contents/Resources/RuntimeRoot/System/Library/AccessibilityBundles/WebKit.axbundle/WebKit (0x108974398). This may cause spurious casting failures and mysterious crashes. One of the duplicates must be removed or renamed.
    t =      nans Interface orientation changed to Portrait
Test Suite 'Selected tests' started at 2026-09-05 12:45:17.207.
Test Suite 'NeuroForgeUITests.xctest' started at 2026-09-05 12:45:17.222.
Test Suite 'NavigationSmokeUITests' started at 2026-09-05 12:45:17.222.
Test Case '-[NeuroForgeUITests.NavigationSmokeUITests testClaimEvidenceSelectionShowsFeedbackAndAdvances]' started.
    t =     0.00s Start Test at 2026-09-05 12:45:17.224
    t =     0.55s Set Up
    t =     0.56s Open com.zacrotech.NeuroForge
    t =     0.56s     Launch com.zacrotech.NeuroForge
2026-09-05 12:45:18.630 xcodebuild[59692:4942887] [MT] IDELaunchParametersSnapshot: The operation couldn’t be completed. (DebuggerLLDB.DebuggerVersionStore.StoreError error 0.)
2026-09-05 12:45:18.630 xcodebuild[59692:4942887] [MT] IDELaunchParametersSnapshot: no debugger version
    t =     3.58s         Setting up automation session
    t =     6.23s         Wait for com.zacrotech.NeuroForge to idle
    t =    10.92s Waiting 15.0s for "universal-session" Any to exist
    t =    11.96s     Checking `Expect predicate `existsNoRetry == 1` for object "universal-session" Any`
    t =    11.97s         Checking existence of `"universal-session" Any`
    t =    13.22s Waiting 3.0s for "session-resume" Any to exist
    t =    14.26s     Checking `Expect predicate `existsNoRetry == 1` for object "session-resume" Any`
    t =    14.28s         Checking existence of `"session-resume" Any`
    t =    14.54s         Capturing element debug description
    t =    15.28s     Checking `Expect predicate `existsNoRetry == 1` for object "session-resume" Any`
    t =    15.29s         Checking existence of `"session-resume" Any`
    t =    15.49s         Capturing element debug description
    t =    16.22s     Checking `Expect predicate `existsNoRetry == 1` for object "session-resume" Any`
    t =    16.23s         Checking existence of `"session-resume" Any`
    t =    16.37s         Capturing element debug description
    t =    16.38s     Checking existence of `"session-resume" Any`
    t =    16.49s Collecting debug information to assist test failure triage
    t =    16.50s     Requesting snapshot of accessibility hierarchy for app with pid 59806
    t =    16.68s Waiting 8.0s for "session-position" Any to exist
    t =    17.72s     Checking `Expect predicate `existsNoRetry == 1` for object "session-position" Any`
    t =    17.72s         Checking existence of `"session-position" Any`
    t =    17.89s Find the "session-position" Any
    t =    18.00s Find the "session-prompt" Any
    t =    18.11s Get all elements bound by index for: Descendants matching type ScrollView
    t =    18.18s Find the ScrollView (Element at index 0)
    t =    18.32s Find the Target Application 'com.zacrotech.NeuroForge'
    t =    18.38s Checking existence of `Keyboard (First Match)`
    t =    18.51s Find the ScrollView at {{0.0, 154.5}, {375.0, 512.5}}
    t =    18.58s Find the ScrollView at {{0.0, 154.5}, {375.0, 512.5}}
    t =    18.65s Checking existence of `"science-study-stage" Any`
    t =    18.77s Find the "science-study-stage" Any
    t =    18.90s Checking existence of `"session-submit" Any`
    t =    19.02s Find the "session-submit" Any
    t =    19.16s Find the "session-submit" Button
    t =    19.30s Checking existence of `"session-next" Any`
    t =    19.43s Checking existence of `"science-study-stage" StaticText`
    t =    19.55s Find the "science-study-stage" StaticText
    t =    19.72s Find the "science-study-stage" StaticText
    t =    19.85s Find the "science-study-stage" StaticText
    t =    19.97s Find the "science-study-stage" StaticText
    t =    20.10s Checking existence of `"session-next" Any`
    t =    20.23s Find the "session-submit" Any
    t =    20.37s Get all elements bound by index for: Descendants matching type ScrollView
    t =    20.44s Find the ScrollView (Element at index 0)
    t =    20.52s Find the Target Application 'com.zacrotech.NeuroForge'
    t =    20.58s Checking existence of `Keyboard (First Match)`
    t =    20.71s Find the ScrollView at {{0.0, 154.5}, {375.0, 512.5}}
    t =    20.78s Find the ScrollView at {{0.0, 154.5}, {375.0, 512.5}}
    t =    20.86s Checking existence of `Button (First Match)`
    t =    20.89s Find the Button (First Match)
    t =    20.93s Checking existence of `"session-submit" Any`
    t =    21.05s Find the "session-submit" Any
    t =    21.18s Find the "session-submit" Button
    t =    21.30s Checking existence of `"session-next" Any`
    t =    21.43s Checking existence of `"The workshop group had the higher observed final score.: The workshop mean was 39 points; the comparison mean was 36 points." Button`
    t =    21.46s Find the "The workshop group had the higher observed final score.: The workshop mean was 39 points; the comparison mean was 36 points." Button
    t =    21.51s Checking existence of `"The workshop group had the higher observed final score.: The workshop mean was 39 points; the comparison mean was 36 points." Button`
    t =    21.55s Find the "The workshop group had the higher observed final score.: The workshop mean was 39 points; the comparison mean was 36 points." Button
    t =    21.59s Find the ScrollView at {{0.0, 154.5}, {375.0, 512.5}}
    t =    21.66s Checking existence of `"The workshop group had the higher observed final score.: The workshop mean was 39 points; the comparison mean was 36 points." Button`
    t =    21.70s Find the "The workshop group had the higher observed final score.: The workshop mean was 39 points; the comparison mean was 36 points." Button
    t =    21.74s Press Target Application 'com.zacrotech.NeuroForge'[0.00, 0.00] -> (187.5, 506.5) for 0.1 seconds, then drag to Target Application 'com.zacrotech.NeuroForge'[0.00, 0.00] -> (187.5, 248.5) with velocity of 250.00 pixels per second, and then hold for 0.2 seconds 
    t =    21.74s     Wait for com.zacrotech.NeuroForge to idle
    t =    21.74s     Find the Target Application 'com.zacrotech.NeuroForge'
    t =    21.81s     Check for interrupting elements affecting "NeuroForge" Application
    t =    22.03s     Synthesize event
    t =    22.03s         Find the Target Application 'com.zacrotech.NeuroForge'
    t =    22.09s         Find the Target Application 'com.zacrotech.NeuroForge'
    t =    22.16s         Find the Target Application 'com.zacrotech.NeuroForge'
    t =    22.22s         Find the Target Application 'com.zacrotech.NeuroForge'
    t =    22.28s         Find the Target Application 'com.zacrotech.NeuroForge'
    t =    23.99s     Wait for com.zacrotech.NeuroForge to idle
    t =    24.00s Get all elements bound by index for: Descendants matching type ScrollView
    t =    24.09s Find the ScrollView (Element at index 0)
    t =    24.17s Find the Target Application 'com.zacrotech.NeuroForge'
    t =    24.23s Checking existence of `Keyboard (First Match)`
    t =    24.36s Find the ScrollView at {{0.0, 154.5}, {375.0, 512.5}}
    t =    24.44s Find the ScrollView at {{0.0, 154.5}, {375.0, 512.5}}
    t =    24.51s Checking existence of `"The workshop group had the higher observed final score.: The workshop mean was 39 points; the comparison mean was 36 points." Button`
    t =    24.54s Find the "The workshop group had the higher observed final score.: The workshop mean was 39 points; the comparison mean was 36 points." Button
    t =    24.58s Checking existence of `"session-submit" Any`
    t =    24.70s Find the "session-submit" Any
    t =    24.81s Find the "session-submit" Button
    t =    24.93s Checking existence of `"session-next" Any`
    t =    25.05s Checking existence of `"The workshop group had the higher observed final score.: The workshop mean was 39 points; the comparison mean was 36 points." Button`
    t =    25.11s Find the "The workshop group had the higher observed final score.: The workshop mean was 39 points; the comparison mean was 36 points." Button
    t =    25.16s Find the "The workshop group had the higher observed final score.: The workshop mean was 39 points; the comparison mean was 36 points." Button
    t =    25.27s Find the "The workshop group had the higher observed final score.: The workshop mean was 39 points; the comparison mean was 36 points." Button
    t =    25.33s Checking existence of `"The workshop group had the higher observed final score.: The workshop mean was 39 points; the comparison mean was 36 points." Button`
    t =    25.36s Find the "The workshop group had the higher observed final score.: The workshop mean was 39 points; the comparison mean was 36 points." Button
    t =    25.41s Find the ScrollView at {{0.0, 154.5}, {375.0, 512.5}}
    t =    25.49s Checking existence of `"The workshop group had the higher observed final score.: The workshop mean was 39 points; the comparison mean was 36 points." Button`
    t =    25.55s Find the "The workshop group had the higher observed final score.: The workshop mean was 39 points; the comparison mean was 36 points." Button
    t =    25.61s Press Target Application 'com.zacrotech.NeuroForge'[0.00, 0.00] -> (187.5, 506.5) for 0.1 seconds, then drag to Target Application 'com.zacrotech.NeuroForge'[0.00, 0.00] -> (187.5, 483.5) with velocity of 250.00 pixels per second, and then hold for 0.2 seconds 
    t =    25.61s     Wait for com.zacrotech.NeuroForge to idle
    t =    25.61s     Find the Target Application 'com.zacrotech.NeuroForge'
    t =    25.69s     Check for interrupting elements affecting "NeuroForge" Application
    t =    25.77s     Synthesize event
    t =    25.77s         Find the Target Application 'com.zacrotech.NeuroForge'
    t =    25.84s         Find the Target Application 'com.zacrotech.NeuroForge'
    t =    25.91s         Find the Target Application 'com.zacrotech.NeuroForge'
    t =    25.97s         Find the Target Application 'com.zacrotech.NeuroForge'
    t =    26.06s         Find the Target Application 'com.zacrotech.NeuroForge'
    t =    26.74s     Wait for com.zacrotech.NeuroForge to idle
    t =    26.74s Get all elements bound by index for: Descendants matching type ScrollView
    t =    26.83s Find the ScrollView (Element at index 0)
    t =    26.91s Find the Target Application 'com.zacrotech.NeuroForge'
    t =    26.98s Checking existence of `Keyboard (First Match)`
    t =    27.13s Find the ScrollView at {{0.0, 154.5}, {375.0, 512.5}}
    t =    27.23s Find the ScrollView at {{0.0, 154.5}, {375.0, 512.5}}
    t =    27.31s Checking existence of `"The workshop group had the higher observed final score.: The workshop mean was 39 points; the comparison mean was 36 points." Button`
    t =    27.36s Find the "The workshop group had the higher observed final score.: The workshop mean was 39 points; the comparison mean was 36 points." Button
    t =    27.40s Checking existence of `"session-submit" Any`
    t =    27.57s Find the "session-submit" Any
    t =    27.70s Find the "session-submit" Button
    t =    27.83s Checking existence of `"session-next" Any`
    t =    27.97s Checking existence of `"The workshop group had the higher observed final score.: The workshop mean was 39 points; the comparison mean was 36 points." Button`
    t =    28.01s Find the "The workshop group had the higher observed final score.: The workshop mean was 39 points; the comparison mean was 36 points." Button
    t =    28.07s Find the "The workshop group had the higher observed final score.: The workshop mean was 39 points; the comparison mean was 36 points." Button
    t =    28.14s Find the "The workshop group had the higher observed final score.: The workshop mean was 39 points; the comparison mean was 36 points." Button
    t =    28.18s Checking existence of `"The workshop group had the higher observed final score.: The workshop mean was 39 points; the comparison mean was 36 points." Button`
    t =    28.21s Find the "The workshop group had the higher observed final score.: The workshop mean was 39 points; the comparison mean was 36 points." Button
    t =    28.25s Find the ScrollView at {{0.0, 154.5}, {375.0, 512.5}}
    t =    28.33s Checking existence of `"The workshop group had the higher observed final score.: The workshop mean was 39 points; the comparison mean was 36 points." Button`
    t =    28.37s Find the "The workshop group had the higher observed final score.: The workshop mean was 39 points; the comparison mean was 36 points." Button
    t =    28.41s Press Target Application 'com.zacrotech.NeuroForge'[0.00, 0.00] -> (187.5, 506.5) for 0.1 seconds, then drag to Target Application 'com.zacrotech.NeuroForge'[0.00, 0.00] -> (187.5, 490.5) with velocity of 250.00 pixels per second, and then hold for 0.2 seconds 
    t =    28.41s     Wait for com.zacrotech.NeuroForge to idle
    t =    28.41s     Find the Target Application 'com.zacrotech.NeuroForge'
    t =    28.47s     Check for interrupting elements affecting "NeuroForge" Application
    t =    28.59s     Synthesize event
    t =    28.59s         Find the Target Application 'com.zacrotech.NeuroForge'
    t =    28.65s         Find the Target Application 'com.zacrotech.NeuroForge'
    t =    28.72s         Find the Target Application 'com.zacrotech.NeuroForge'
    t =    28.79s         Find the Target Application 'com.zacrotech.NeuroForge'
    t =    28.85s         Find the Target Application 'com.zacrotech.NeuroForge'
    t =    29.50s     Wait for com.zacrotech.NeuroForge to idle
    t =    29.51s Get all elements bound by index for: Descendants matching type ScrollView
    t =    29.60s Find the ScrollView (Element at index 0)
    t =    29.68s Find the Target Application 'com.zacrotech.NeuroForge'
    t =    29.74s Checking existence of `Keyboard (First Match)`
    t =    29.87s Find the ScrollView at {{0.0, 154.5}, {375.0, 512.5}}
    t =    29.95s Find the ScrollView at {{0.0, 154.5}, {375.0, 512.5}}
    t =    30.03s Checking existence of `"The workshop group had the higher observed final score.: The workshop mean was 39 points; the comparison mean was 36 points." Button`
    t =    30.07s Find the "The workshop group had the higher observed final score.: The workshop mean was 39 points; the comparison mean was 36 points." Button
    t =    30.10s Checking existence of `"session-submit" Any`
    t =    30.24s Find the "session-submit" Any
    t =    30.37s Find the "session-submit" Button
    t =    30.49s Checking existence of `"session-next" Any`
    t =    30.62s Checking existence of `"The workshop group had the higher observed final score.: The workshop mean was 39 points; the comparison mean was 36 points." Button`
    t =    30.65s Find the "The workshop group had the higher observed final score.: The workshop mean was 39 points; the comparison mean was 36 points." Button
    t =    30.70s Find the "The workshop group had the higher observed final score.: The workshop mean was 39 points; the comparison mean was 36 points." Button
    t =    30.75s Find the "The workshop group had the higher observed final score.: The workshop mean was 39 points; the comparison mean was 36 points." Button
    t =    30.79s Find the "The workshop group had the higher observed final score.: The workshop mean was 39 points; the comparison mean was 36 points." Button
    t =    30.85s Find the "The workshop group had the higher observed final score.: The workshop mean was 39 points; the comparison mean was 36 points." Button
    t =    30.91s Tap "The workshop group had the higher observed final score.: The workshop mean was 39 points; the comparison mean was 36 points." Button
    t =    30.91s     Wait for com.zacrotech.NeuroForge to idle
    t =    30.91s     Find the "The workshop group had the higher observed final score.: The workshop mean was 39 points; the comparison mean was 36 points." Button
    t =    30.96s     Check for interrupting elements affecting "The workshop group had the higher observed final score.: The workshop mean was 39 points; the comparison mean was 36 points." Button
    t =    31.06s     Synthesize event
    t =    31.35s     Wait for com.zacrotech.NeuroForge to idle
    t =    34.11s Checking `Expect predicate `selected == 1` for object "The workshop group had the higher observed final score.: The workshop mean was 39 points; the comparison mean was 36 points." Button`
    t =    34.12s     Find the "The workshop group had the higher observed final score.: The workshop mean was 39 points; the comparison mean was 36 points." Button
    t =    34.18s Get all elements bound by index for: Descendants matching type ScrollView
    t =    34.26s Find the ScrollView (Element at index 0)
    t =    34.37s Find the Target Application 'com.zacrotech.NeuroForge'
    t =    34.43s Checking existence of `Keyboard (First Match)`
    t =    34.55s Find the ScrollView at {{0.0, 154.5}, {375.0, 512.5}}
    t =    34.63s Find the ScrollView at {{0.0, 154.5}, {375.0, 512.5}}
    t =    34.70s Checking existence of `Button (First Match)`
    t =    34.74s Find the Button (First Match)
    t =    34.77s Checking existence of `"session-submit" Any`
    t =    34.89s Find the "session-submit" Any
    t =    35.01s Find the "session-submit" Button
    t =    35.14s Checking existence of `"session-next" Any`
    t =    35.26s Checking existence of `"Claim, The workshop group had the higher observed final score." Button`
    t =    35.30s Find the "Claim, The workshop group had the higher observed final score." Button
    t =    35.34s Find the "Claim, The workshop group had the higher observed final score." Button
    t =    35.38s Find the "Claim, The workshop group had the higher observed final score." Button
    t =    35.42s Tap "Claim, The workshop group had the higher observed final score." Button
    t =    35.42s     Wait for com.zacrotech.NeuroForge to idle
    t =    35.43s     Find the "Claim, The workshop group had the higher observed final score." Button
    t =    35.46s     Check for interrupting elements affecting "Claim, The workshop group had the higher observed final score." Button
    t =    35.62s     Synthesize event
    t =    35.93s     Wait for com.zacrotech.NeuroForge to idle
    t =    36.39s Waiting 5.0s for "This comparison cannot separate a workshop effect from differences in prior skill." Button to exist
    t =    37.43s     Checking `Expect predicate `existsNoRetry == 1` for object "This comparison cannot separate a workshop effect from differences in prior skill." Button`
    t =    37.44s         Checking existence of `"This comparison cannot separate a workshop effect from differences in prior skill." Button`
    t =    37.65s Tap "This comparison cannot separate a workshop effect from differences in prior skill." Button
    t =    37.65s     Wait for com.zacrotech.NeuroForge to idle
    t =    37.65s     Find the "This comparison cannot separate a workshop effect from differences in prior skill." Button
    t =    37.78s     Check for interrupting elements affecting "This comparison cannot separate a workshop effect from differences in prior skill." Button
    t =    37.91s     Synthesize event
    t =    38.21s     Wait for com.zacrotech.NeuroForge to idle
    t =    39.76s Get all elements bound by index for: Descendants matching type ScrollView
    t =    39.86s Find the ScrollView (Element at index 0)
    t =    39.95s Find the Target Application 'com.zacrotech.NeuroForge'
    t =    40.01s Checking existence of `Keyboard (First Match)`
    t =    40.14s Find the ScrollView at {{0.0, 154.5}, {375.0, 512.5}}
    t =    40.21s Find the ScrollView at {{0.0, 154.5}, {375.0, 512.5}}
    t =    40.28s Checking existence of `Button (First Match)`
    t =    40.32s Find the Button (First Match)
    t =    40.36s Checking existence of `"session-submit" Any`
    t =    40.48s Find the "session-submit" Any
    t =    40.61s Find the "session-submit" Button
    t =    40.74s Checking existence of `"session-next" Any`
    t =    40.87s Checking existence of `"This comparison cannot separate a workshop effect from differences in prior skill.: Participants chose their group instead of being randomly assigned." Button`
    t =    40.90s Find the "This comparison cannot separate a workshop effect from differences in prior skill.: Participants chose their group instead of being randomly assigned." Button
    t =    40.96s Find the "This comparison cannot separate a workshop effect from differences in prior skill.: Participants chose their group instead of being randomly assigned." Button
    t =    41.00s Find the "This comparison cannot separate a workshop effect from differences in prior skill.: Participants chose their group instead of being randomly assigned." Button
    t =    41.04s Checking existence of `"This comparison cannot separate a workshop effect from differences in prior skill.: Participants chose their group instead of being randomly assigned." Button`
    t =    41.08s Find the "This comparison cannot separate a workshop effect from differences in prior skill.: Participants chose their group instead of being randomly assigned." Button
    t =    41.13s Find the ScrollView at {{0.0, 154.5}, {375.0, 512.5}}
    t =    41.21s Checking existence of `"This comparison cannot separate a workshop effect from differences in prior skill.: Participants chose their group instead of being randomly assigned." Button`
    t =    41.25s Find the "This comparison cannot separate a workshop effect from differences in prior skill.: Participants chose their group instead of being randomly assigned." Button
    t =    41.29s Press Target Application 'com.zacrotech.NeuroForge'[0.00, 0.00] -> (187.5, 506.5) for 0.1 seconds, then drag to Target Application 'com.zacrotech.NeuroForge'[0.00, 0.00] -> (187.5, 384.0) with velocity of 250.00 pixels per second, and then hold for 0.2 seconds 
    t =    41.29s     Wait for com.zacrotech.NeuroForge to idle
    t =    41.29s     Find the Target Application 'com.zacrotech.NeuroForge'
    t =    41.36s     Check for interrupting elements affecting "NeuroForge" Application
    t =    41.44s     Synthesize event
    t =    41.44s         Find the Target Application 'com.zacrotech.NeuroForge'
    t =    41.51s         Find the Target Application 'com.zacrotech.NeuroForge'
    t =    41.58s         Find the Target Application 'com.zacrotech.NeuroForge'
    t =    41.65s         Find the Target Application 'com.zacrotech.NeuroForge'
    t =    41.71s         Find the Target Application 'com.zacrotech.NeuroForge'
    t =    42.76s     Wait for com.zacrotech.NeuroForge to idle
    t =    42.76s Get all elements bound by index for: Descendants matching type ScrollView
    t =    42.86s Find the ScrollView (Element at index 0)
    t =    42.94s Find the Target Application 'com.zacrotech.NeuroForge'
    t =    43.00s Checking existence of `Keyboard (First Match)`
    t =    43.13s Find the ScrollView at {{0.0, 154.5}, {375.0, 512.5}}
    t =    43.21s Find the ScrollView at {{0.0, 154.5}, {375.0, 512.5}}
    t =    43.28s Checking existence of `"This comparison cannot separate a workshop effect from differences in prior skill.: Participants chose their group instead of being randomly assigned." Button`
    t =    43.32s Find the "This comparison cannot separate a workshop effect from differences in prior skill.: Participants chose their group instead of being randomly assigned." Button
    t =    43.36s Checking existence of `"session-submit" Any`
    t =    43.48s Find the "session-submit" Any
    t =    43.60s Find the "session-submit" Button
    t =    43.72s Checking existence of `"session-next" Any`
    t =    43.85s Checking existence of `"This comparison cannot separate a workshop effect from differences in prior skill.: Participants chose their group instead of being randomly assigned." Button`
    t =    43.89s Find the "This comparison cannot separate a workshop effect from differences in prior skill.: Participants chose their group instead of being randomly assigned." Button
    t =    43.94s Find the "This comparison cannot separate a workshop effect from differences in prior skill.: Participants chose their group instead of being randomly assigned." Button
    t =    43.99s Find the "This comparison cannot separate a workshop effect from differences in prior skill.: Participants chose their group instead of being randomly assigned." Button
    t =    44.03s Checking existence of `"This comparison cannot separate a workshop effect from differences in prior skill.: Participants chose their group instead of being randomly assigned." Button`
    t =    44.06s Find the "This comparison cannot separate a workshop effect from differences in prior skill.: Participants chose their group instead of being randomly assigned." Button
    t =    44.10s Find the ScrollView at {{0.0, 154.5}, {375.0, 512.5}}
    t =    44.18s Checking existence of `"This comparison cannot separate a workshop effect from differences in prior skill.: Participants chose their group instead of being randomly assigned." Button`
    t =    44.22s Find the "This comparison cannot separate a workshop effect from differences in prior skill.: Participants chose their group instead of being randomly assigned." Button
    t =    44.26s Press Target Application 'com.zacrotech.NeuroForge'[0.00, 0.00] -> (187.5, 506.5) for 0.1 seconds, then drag to Target Application 'com.zacrotech.NeuroForge'[0.00, 0.00] -> (187.5, 490.5) with velocity of 250.00 pixels per second, and then hold for 0.2 seconds 
    t =    44.26s     Wait for com.zacrotech.NeuroForge to idle
    t =    44.27s     Find the Target Application 'com.zacrotech.NeuroForge'
    t =    44.33s     Check for interrupting elements affecting "NeuroForge" Application
    t =    44.41s     Synthesize event
    t =    44.42s         Find the Target Application 'com.zacrotech.NeuroForge'
    t =    44.48s         Find the Target Application 'com.zacrotech.NeuroForge'
    t =    44.55s         Find the Target Application 'com.zacrotech.NeuroForge'
    t =    44.61s         Find the Target Application 'com.zacrotech.NeuroForge'
    t =    44.68s         Find the Target Application 'com.zacrotech.NeuroForge'
    t =    45.32s     Wait for com.zacrotech.NeuroForge to idle
    t =    46.77s Get all elements bound by index for: Descendants matching type ScrollView
    t =    46.84s Find the ScrollView (Element at index 0)
    t =    46.92s Find the Target Application 'com.zacrotech.NeuroForge'
    t =    46.98s Checking existence of `Keyboard (First Match)`
    t =    47.11s Find the ScrollView at {{0.0, 154.5}, {375.0, 512.5}}
    t =    47.19s Find the ScrollView at {{0.0, 154.5}, {375.0, 512.5}}
    t =    47.27s Checking existence of `"This comparison cannot separate a workshop effect from differences in prior skill.: Participants chose their group instead of being randomly assigned." Button`
    t =    47.31s Find the "This comparison cannot separate a workshop effect from differences in prior skill.: Participants chose their group instead of being randomly assigned." Button
    t =    47.35s Checking existence of `"session-submit" Any`
    t =    47.47s Find the "session-submit" Any
    t =    47.61s Find the "session-submit" Button
    t =    47.73s Checking existence of `"session-next" Any`
    t =    47.86s Checking existence of `"This comparison cannot separate a workshop effect from differences in prior skill.: Participants chose their group instead of being randomly assigned." Button`
    t =    47.89s Find the "This comparison cannot separate a workshop effect from differences in prior skill.: Participants chose their group instead of being randomly assigned." Button
    t =    47.95s Find the "This comparison cannot separate a workshop effect from differences in prior skill.: Participants chose their group instead of being randomly assigned." Button
    t =    47.99s Find the "This comparison cannot separate a workshop effect from differences in prior skill.: Participants chose their group instead of being randomly assigned." Button
    t =    48.03s Tap "This comparison cannot separate a workshop effect from differences in prior skill.: Participants chose their group instead of being randomly assigned." Button
    t =    48.03s     Wait for com.zacrotech.NeuroForge to idle
    t =    48.10s     Find the "This comparison cannot separate a workshop effect from differences in prior skill.: Participants chose their group instead of being randomly assigned." Button
    t =    48.14s     Check for interrupting elements affecting "This comparison cannot separate a workshop effect from differences in prior skill.: Participants chose their group instead of being randomly assigned." Button
    t =    48.23s     Synthesize event
    t =    48.53s     Wait for com.zacrotech.NeuroForge to idle
    t =    49.55s Checking `Expect predicate `selected == 1` for object "This comparison cannot separate a workshop effect from differences in prior skill.: Participants chose their group instead of being randomly assigned." Button`
    t =    49.55s     Find the "This comparison cannot separate a workshop effect from differences in prior skill.: Participants chose their group instead of being randomly assigned." Button
    t =    49.60s Get all elements bound by index for: Descendants matching type ScrollView
    t =    49.67s Find the ScrollView (Element at index 0)
    t =    49.75s Find the Target Application 'com.zacrotech.NeuroForge'
    t =    49.83s Checking existence of `Keyboard (First Match)`
    t =    49.97s Find the ScrollView at {{0.0, 154.5}, {375.0, 512.5}}
    t =    50.04s Find the ScrollView at {{0.0, 154.5}, {375.0, 512.5}}
    t =    50.12s Checking existence of `Button (First Match)`
    t =    50.16s Find the Button (First Match)
    t =    50.20s Checking existence of `"session-submit" Any`
    t =    50.33s Find the "session-submit" Any
    t =    50.48s Find the "session-submit" Button
    t =    50.62s Checking existence of `"session-next" Any`
    t =    50.75s Checking existence of `"This comparison cannot separate a workshop effect from differences in prior skill.: Prior skill predicts the outcome, and its mean was 51 in the workshop group versus 38 in the comparison group." Button`
    t =    50.79s Find the "This comparison cannot separate a workshop effect from differences in prior skill.: Prior skill predicts the outcome, and its mean was 51 in the workshop group versus 38 in the comparison group." Button
    t =    50.85s Find the "This comparison cannot separate a workshop effect from differences in prior skill.: Prior skill predicts the outcome, and its mean was 51 in the workshop group versus 38 in the comparison group." Button
    t =    50.89s Find the "This comparison cannot separate a workshop effect from differences in prior skill.: Prior skill predicts the outcome, and its mean was 51 in the workshop group versus 38 in the comparison group." Button
    t =    50.94s Find the "This comparison cannot separate a workshop effect from differences in prior skill.: Prior skill predicts the outcome, and its mean was 51 in the workshop group versus 38 in the comparison group." Button
    t =    50.98s Tap "This comparison cannot separate a workshop effect from differences in prior skill.: Prior skill predicts the outcome, and its mean was 51 in the workshop group versus 38 in the comparison group." Button
    t =    50.98s     Wait for com.zacrotech.NeuroForge to idle
    t =    50.98s     Find the "This comparison cannot separate a workshop effect from differences in prior skill.: Prior skill predicts the outcome, and its mean was 51 in the workshop group versus 38 in the comparison group." Button
    t =    51.02s     Check for interrupting elements affecting "This comparison cannot separate a workshop effect from differences in prior skill.: Prior skill predicts the outcome, and its mean was 51 in the workshop group versus 38 in the comparison group." Button
    t =    51.15s     Synthesize event
    t =    51.46s     Wait for com.zacrotech.NeuroForge to idle
    t =    52.48s Checking `Expect predicate `selected == 1` for object "This comparison cannot separate a workshop effect from differences in prior skill.: Prior skill predicts the outcome, and its mean was 51 in the workshop group versus 38 in the comparison group." Button`
    t =    52.49s     Find the "This comparison cannot separate a workshop effect from differences in prior skill.: Prior skill predicts the outcome, and its mean was 51 in the workshop group versus 38 in the comparison group." Button
    t =    52.53s Find the "session-submit" Any
    t =    52.67s Waiting 8.0s for "session-submit" Any to exist
    t =    53.71s     Checking `Expect predicate `existsNoRetry == 1` for object "session-submit" Any`
    t =    53.73s         Checking existence of `"session-submit" Any`
    t =    53.85s Get all elements bound by index for: Descendants matching type ScrollView
    t =    53.92s Find the ScrollView (Element at index 0)
    t =    54.00s Find the Target Application 'com.zacrotech.NeuroForge'
    t =    54.07s Checking existence of `Keyboard (First Match)`
    t =    54.19s Find the ScrollView at {{0.0, 154.5}, {375.0, 512.5}}
    t =    54.27s Find the ScrollView at {{0.0, 154.5}, {375.0, 512.5}}
    t =    54.34s Checking existence of `"session-submit" Any`
    t =    54.46s Find the "session-submit" Any
    t =    54.58s Checking existence of `"session-submit" Button`
    t =    54.69s Find the "session-submit" Button
    t =    54.83s Find the "session-submit" Button
    t =    54.96s Find the "session-submit" Button
    t =    56.09s Checking `Expect predicate `enabled == 1` for object "session-submit" Button`
    t =    56.09s     Find the "session-submit" Button
    t =    56.23s Tap "session-submit" Button
    t =    56.23s     Wait for com.zacrotech.NeuroForge to idle
    t =    56.23s     Find the "session-submit" Button
    t =    56.35s     Check for interrupting elements affecting "session-submit" Button
    t =    56.50s     Synthesize event
    t =    56.82s     Wait for com.zacrotech.NeuroForge to idle
    t =    58.12s Checking `Expect predicate `label == "Study stage 2 of 2 · Choose the experiment"` for object "science-study-stage" StaticText`
    t =    58.13s     Find the "science-study-stage" StaticText
    t =    58.26s Find the "session-position" ProgressIndicator
    t =    58.37s Find the "session-prompt" Any
    t =    58.48s Checking existence of `"session-feedback-title" Any`
    t =    58.59s Checking existence of `"session-next" Any`
    t =    58.71s Find the "session-submit" Any
    t =    58.82s Checking existence of `"session-save-close" Any`
    t =    58.93s Waiting 5.0s for Button (First Match) to exist
    t =    59.95s     Checking `Expect predicate `existsNoRetry == 1` for object Button (First Match)`
    t =    59.95s         Checking existence of `Button (First Match)`
    t =    59.97s Tap Button (First Match)
    t =    59.97s     Wait for com.zacrotech.NeuroForge to idle
    t =    59.98s     Find the Button (First Match)
    t =    59.99s     Check for interrupting elements affecting "pause.fill" Button
    t =    60.07s     Synthesize event
    t =    60.37s     Wait for com.zacrotech.NeuroForge to idle
    t =    60.37s Waiting 5.0s for "session-save-close" Any to exist
    t =    61.38s     Checking `Expect predicate `existsNoRetry == 1` for object "session-save-close" Any`
    t =    61.38s         Checking existence of `"session-save-close" Any`
    t =    61.48s Tap "session-save-close" Any
    t =    61.48s     Wait for com.zacrotech.NeuroForge to idle
    t =    61.48s     Find the "session-save-close" Any
    t =    61.57s     Check for interrupting elements affecting "session-save-close" Button
    t =    61.62s     Synthesize event
    t =    61.91s     Wait for com.zacrotech.NeuroForge to idle
    t =    61.97s Waiting 8.0s for "destination-today" Any to exist
    t =    62.99s     Checking `Expect predicate `existsNoRetry == 1` for object "destination-today" Any`
    t =    62.99s         Checking existence of `"destination-today" Any`
    t =    63.06s Tap "Progress" Button
    t =    63.06s     Wait for com.zacrotech.NeuroForge to idle
    t =    63.06s     Find the "Progress" Button
    t =    63.12s     Check for interrupting elements affecting "Progress" Button
    t =    63.17s     Synthesize event
    t =    63.47s     Wait for com.zacrotech.NeuroForge to idle
    t =    65.06s Waiting 8.0s for "progress-section-picker" Any to exist
    t =    66.06s     Checking `Expect predicate `existsNoRetry == 1` for object "progress-section-picker" Any`
    t =    66.06s         Checking existence of `"progress-section-picker" Any`
    t =    66.19s Tap "History" Button
    t =    66.19s     Wait for com.zacrotech.NeuroForge to idle
    t =    66.19s     Find the "History" Button
    t =    66.23s     Check for interrupting elements affecting "History" Button
    t =    66.27s     Synthesize event
    t =    66.57s     Wait for com.zacrotech.NeuroForge to idle
    t =    67.70s Waiting 8.0s for "No saved answers" StaticText to exist
    t =    68.72s     Checking `Expect predicate `existsNoRetry == 1` for object "No saved answers" StaticText`
    t =    68.73s         Checking existence of `"No saved answers" StaticText`
    t =    68.83s         Capturing element debug description
    t =    69.76s     Checking `Expect predicate `existsNoRetry == 1` for object "No saved answers" StaticText`
    t =    69.76s         Checking existence of `"No saved answers" StaticText`
    t =    69.80s         Capturing element debug description
    t =    70.80s     Checking `Expect predicate `existsNoRetry == 1` for object "No saved answers" StaticText`
    t =    70.81s         Checking existence of `"No saved answers" StaticText`
    t =    70.84s         Capturing element debug description
    t =    71.74s     Checking `Expect predicate `existsNoRetry == 1` for object "No saved answers" StaticText`
    t =    71.74s         Checking existence of `"No saved answers" StaticText`
    t =    71.77s         Capturing element debug description
    t =    72.79s     Checking `Expect predicate `existsNoRetry == 1` for object "No saved answers" StaticText`
    t =    72.80s         Checking existence of `"No saved answers" StaticText`
    t =    72.83s         Capturing element debug description
    t =    73.74s     Checking `Expect predicate `existsNoRetry == 1` for object "No saved answers" StaticText`
    t =    73.74s         Checking existence of `"No saved answers" StaticText`
    t =    73.78s         Capturing element debug description
    t =    74.78s     Checking `Expect predicate `existsNoRetry == 1` for object "No saved answers" StaticText`
    t =    74.78s         Checking existence of `"No saved answers" StaticText`
    t =    74.82s         Capturing element debug description
    t =    75.71s     Checking `Expect predicate `existsNoRetry == 1` for object "No saved answers" StaticText`
    t =    75.71s         Checking existence of `"No saved answers" StaticText`
    t =    75.74s         Capturing element debug description
    t =    75.74s     Checking existence of `"No saved answers" StaticText`
    t =    75.77s Collecting debug information to assist test failure triage
    t =    75.77s     Requesting snapshot of accessibility hierarchy for app with pid 59806
/Users/takamimarsh/Developer/Projects/Zacro Tech/NeuroForge/UITests/NavigationSmokeUITests.swift:751: error: -[NeuroForgeUITests.NavigationSmokeUITests testClaimEvidenceSelectionShowsFeedbackAndAdvances] : XCTAssertTrue failed - The intermediate evidence save must not create a scored attempt.
    t =    76.14s Tear Down
Test Case '-[NeuroForgeUITests.NavigationSmokeUITests testClaimEvidenceSelectionShowsFeedbackAndAdvances]' failed (76.487 seconds).
Test Case '-[NeuroForgeUITests.NavigationSmokeUITests testLogicStateInputsAndInvariantShowFeedbackAndAdvance]' started.
    t =     0.00s Start Test at 2026-09-05 12:46:33.711
    t =     0.04s Set Up
    t =     0.04s Open com.zacrotech.NeuroForge
    t =     0.05s     Launch com.zacrotech.NeuroForge
    t =     0.05s         Terminate com.zacrotech.NeuroForge:59806
2026-09-05 12:46:34.870 xcodebuild[59692:4942887] [MT] IDELaunchParametersSnapshot: The operation couldn’t be completed. (DebuggerLLDB.DebuggerVersionStore.StoreError error 0.)
2026-09-05 12:46:34.871 xcodebuild[59692:4942887] [MT] IDELaunchParametersSnapshot: no debugger version
    t =     1.58s         Setting up automation session
    t =     3.18s         Wait for com.zacrotech.NeuroForge to idle
    t =     6.57s Waiting 15.0s for "universal-session" Any to exist
    t =     7.59s     Checking `Expect predicate `existsNoRetry == 1` for object "universal-session" Any`
    t =     7.60s         Checking existence of `"universal-session" Any`
    t =     7.91s Waiting 3.0s for "session-resume" Any to exist
    t =     8.92s     Checking `Expect predicate `existsNoRetry == 1` for object "session-resume" Any`
    t =     8.92s         Checking existence of `"session-resume" Any`
    t =     9.07s         Capturing element debug description
    t =     9.98s     Checking `Expect predicate `existsNoRetry == 1` for object "session-resume" Any`
    t =     9.98s         Checking existence of `"session-resume" Any`
    t =    10.12s         Capturing element debug description
    t =    10.92s     Checking `Expect predicate `existsNoRetry == 1` for object "session-resume" Any`
    t =    10.92s         Checking existence of `"session-resume" Any`
    t =    11.06s         Capturing element debug description
    t =    11.06s     Checking existence of `"session-resume" Any`
    t =    11.17s Collecting debug information to assist test failure triage
    t =    11.17s     Requesting snapshot of accessibility hierarchy for app with pid 60149
    t =    11.32s Waiting 8.0s for "session-position" Any to exist
    t =    12.34s     Checking `Expect predicate `existsNoRetry == 1` for object "session-position" Any`
    t =    12.34s         Checking existence of `"session-position" Any`
    t =    12.48s Find the "session-position" Any
    t =    12.61s Waiting 8.0s for "session-prompt" Any to exist
    t =    13.63s     Checking `Expect predicate `existsNoRetry == 1` for object "session-prompt" Any`
    t =    13.63s         Checking existence of `"session-prompt" Any`
    t =    13.76s Find the "session-prompt" Any
    t =    13.89s Get all elements bound by index for: Descendants matching type ScrollView
    t =    13.97s Find the ScrollView (Element at index 0)
    t =    14.07s Find the Target Application 'com.zacrotech.NeuroForge'
    t =    14.14s Checking existence of `Keyboard (First Match)`
    t =    14.26s Find the ScrollView at {{0.0, 154.5}, {375.0, 512.5}}
    t =    14.33s Find the ScrollView at {{0.0, 154.5}, {375.0, 512.5}}
    t =    14.40s Checking existence of `Button (First Match)`
    t =    14.43s Find the Button (First Match)
    t =    14.47s Checking existence of `"session-submit" Any`
    t =    14.58s Find the "session-submit" Any
    t =    14.70s Find the "session-submit" Button
    t =    14.81s Checking existence of `"session-next" Any`
    t =    14.94s Checking existence of `"ready must equal (count <= 7)" Button`
    t =    14.98s Find the "ready must equal (count <= 7)" Button
    t =    15.02s Checking existence of `"ready must equal (count <= 7)" Button`
    t =    15.05s Find the "ready must equal (count <= 7)" Button
    t =    15.09s Find the ScrollView at {{0.0, 154.5}, {375.0, 512.5}}
    t =    15.16s Checking existence of `"ready must equal (count <= 7)" Button`
    t =    15.19s Find the "ready must equal (count <= 7)" Button
    t =    15.23s Press Target Application 'com.zacrotech.NeuroForge'[0.00, 0.00] -> (187.5, 506.5) for 0.1 seconds, then drag to Target Application 'com.zacrotech.NeuroForge'[0.00, 0.00] -> (187.5, 248.5) with velocity of 250.00 pixels per second, and then hold for 0.2 seconds 
    t =    15.23s     Wait for com.zacrotech.NeuroForge to idle
    t =    15.23s     Find the Target Application 'com.zacrotech.NeuroForge'
    t =    15.29s     Check for interrupting elements affecting "NeuroForge" Application
    t =    15.40s     Synthesize event
    t =    15.40s         Find the Target Application 'com.zacrotech.NeuroForge'
    t =    15.46s         Find the Target Application 'com.zacrotech.NeuroForge'
    t =    15.52s         Find the Target Application 'com.zacrotech.NeuroForge'
    t =    15.59s         Find the Target Application 'com.zacrotech.NeuroForge'
    t =    15.65s         Find the Target Application 'com.zacrotech.NeuroForge'
    t =    17.24s     Wait for com.zacrotech.NeuroForge to idle
    t =    17.25s Get all elements bound by index for: Descendants matching type ScrollView
    t =    17.33s Find the ScrollView (Element at index 0)
    t =    17.41s Find the Target Application 'com.zacrotech.NeuroForge'
    t =    17.47s Checking existence of `Keyboard (First Match)`
    t =    17.59s Find the ScrollView at {{0.0, 154.5}, {375.0, 512.5}}
    t =    17.66s Find the ScrollView at {{0.0, 154.5}, {375.0, 512.5}}
    t =    17.73s Checking existence of `"ready must equal (count <= 7)" Button`
    t =    17.77s Find the "ready must equal (count <= 7)" Button
    t =    17.80s Checking existence of `"session-submit" Any`
    t =    17.91s Find the "session-submit" Any
    t =    18.04s Find the "session-submit" Button
    t =    18.15s Checking existence of `"session-next" Any`
    t =    18.27s Checking existence of `"ready must equal (count <= 7)" Button`
    t =    18.30s Find the "ready must equal (count <= 7)" Button
    t =    18.34s Checking existence of `"ready must equal (count <= 7)" Button`
    t =    18.38s Find the "ready must equal (count <= 7)" Button
    t =    18.41s Find the ScrollView at {{0.0, 154.5}, {375.0, 512.5}}
    t =    18.49s Checking existence of `"ready must equal (count <= 7)" Button`
    t =    18.52s Find the "ready must equal (count <= 7)" Button
    t =    18.56s Press Target Application 'com.zacrotech.NeuroForge'[0.00, 0.00] -> (187.5, 506.5) for 0.1 seconds, then drag to Target Application 'com.zacrotech.NeuroForge'[0.00, 0.00] -> (187.5, 277.5) with velocity of 250.00 pixels per second, and then hold for 0.2 seconds 
    t =    18.56s     Wait for com.zacrotech.NeuroForge to idle
    t =    18.56s     Find the Target Application 'com.zacrotech.NeuroForge'
    t =    18.62s     Check for interrupting elements affecting "NeuroForge" Application
    t =    18.70s     Synthesize event
    t =    18.71s         Find the Target Application 'com.zacrotech.NeuroForge'
    t =    18.79s         Find the Target Application 'com.zacrotech.NeuroForge'
    t =    18.86s         Find the Target Application 'com.zacrotech.NeuroForge'
    t =    18.93s         Find the Target Application 'com.zacrotech.NeuroForge'
    t =    19.01s         Find the Target Application 'com.zacrotech.NeuroForge'
    t =    20.50s     Wait for com.zacrotech.NeuroForge to idle
    t =    20.50s Get all elements bound by index for: Descendants matching type ScrollView
    t =    20.58s Find the ScrollView (Element at index 0)
    t =    20.66s Find the Target Application 'com.zacrotech.NeuroForge'
    t =    20.73s Checking existence of `Keyboard (First Match)`
    t =    20.85s Find the ScrollView at {{0.0, 154.5}, {375.0, 512.5}}
    t =    20.93s Find the ScrollView at {{0.0, 154.5}, {375.0, 512.5}}
    t =    21.00s Checking existence of `"ready must equal (count <= 7)" Button`
    t =    21.04s Find the "ready must equal (count <= 7)" Button
    t =    21.07s Checking existence of `"session-submit" Any`
    t =    21.19s Find the "session-submit" Any
    t =    21.31s Find the "session-submit" Button
    t =    21.43s Checking existence of `"session-next" Any`
    t =    21.55s Checking existence of `"ready must equal (count <= 7)" Button`
    t =    21.58s Find the "ready must equal (count <= 7)" Button
    t =    21.63s Find the "ready must equal (count <= 7)" Button
    t =    21.67s Find the "ready must equal (count <= 7)" Button
    t =    21.71s Checking existence of `"ready must equal (count <= 7)" Button`
    t =    21.74s Find the "ready must equal (count <= 7)" Button
    t =    21.78s Find the ScrollView at {{0.0, 154.5}, {375.0, 512.5}}
    t =    21.86s Checking existence of `"ready must equal (count <= 7)" Button`
    t =    21.89s Find the "ready must equal (count <= 7)" Button
    t =    21.93s Press Target Application 'com.zacrotech.NeuroForge'[0.00, 0.00] -> (187.5, 506.5) for 0.1 seconds, then drag to Target Application 'com.zacrotech.NeuroForge'[0.00, 0.00] -> (187.5, 490.5) with velocity of 250.00 pixels per second, and then hold for 0.2 seconds 
    t =    21.93s     Wait for com.zacrotech.NeuroForge to idle
    t =    21.93s     Find the Target Application 'com.zacrotech.NeuroForge'
    t =    22.00s     Check for interrupting elements affecting "NeuroForge" Application
    t =    22.08s     Synthesize event
    t =    22.08s         Find the Target Application 'com.zacrotech.NeuroForge'
    t =    22.15s         Find the Target Application 'com.zacrotech.NeuroForge'
    t =    22.22s         Find the Target Application 'com.zacrotech.NeuroForge'
    t =    22.29s         Find the Target Application 'com.zacrotech.NeuroForge'
    t =    22.35s         Find the Target Application 'com.zacrotech.NeuroForge'
    t =    22.99s     Wait for com.zacrotech.NeuroForge to idle
    t =    24.44s Get all elements bound by index for: Descendants matching type ScrollView
    t =    24.54s Find the ScrollView (Element at index 0)
    t =    24.62s Find the Target Application 'com.zacrotech.NeuroForge'
    t =    24.69s Checking existence of `Keyboard (First Match)`
    t =    24.81s Find the ScrollView at {{0.0, 154.5}, {375.0, 512.5}}
    t =    24.89s Find the ScrollView at {{0.0, 154.5}, {375.0, 512.5}}
    t =    24.97s Checking existence of `"ready must equal (count <= 7)" Button`
    t =    25.01s Find the "ready must equal (count <= 7)" Button
    t =    25.04s Checking existence of `"session-submit" Any`
    t =    25.18s Find the "session-submit" Any
    t =    25.31s Find the "session-submit" Button
    t =    25.44s Checking existence of `"session-next" Any`
    t =    25.58s Checking existence of `"ready must equal (count <= 7)" Button`
    t =    25.62s Find the "ready must equal (count <= 7)" Button
    t =    25.67s Find the "ready must equal (count <= 7)" Button
    t =    25.72s Find the "ready must equal (count <= 7)" Button
    t =    25.76s Tap "ready must equal (count <= 7)" Button
    t =    25.76s     Wait for com.zacrotech.NeuroForge to idle
    t =    25.76s     Find the "ready must equal (count <= 7)" Button
    t =    25.80s     Check for interrupting elements affecting "ready must equal (count <= 7)" Button
    t =    25.90s     Synthesize event
    t =    26.20s     Wait for com.zacrotech.NeuroForge to idle
    t =    27.24s Checking `Expect predicate `selected == 1` for object "ready must equal (count <= 7)" Button`
    t =    27.25s     Find the "ready must equal (count <= 7)" Button
    t =    27.30s Waiting 8.0s for "Response for count" TextField to exist
    t =    28.33s     Checking `Expect predicate `existsNoRetry == 1` for object "Response for count" TextField`
    t =    28.34s         Checking existence of `"Response for count" TextField`
    t =    28.48s Get all elements bound by index for: Descendants matching type ScrollView
    t =    28.57s Find the ScrollView (Element at index 0)
    t =    28.66s Find the Target Application 'com.zacrotech.NeuroForge'
    t =    28.74s Checking existence of `Keyboard (First Match)`
    t =    28.88s Find the ScrollView at {{0.0, 154.5}, {375.0, 512.5}}
    t =    28.96s Find the ScrollView at {{0.0, 154.5}, {375.0, 512.5}}
    t =    29.03s Checking existence of `"Response for count" TextField`
    t =    29.15s Find the "Response for count" TextField
    t =    29.27s Checking existence of `"session-submit" Any`
    t =    29.39s Find the "session-submit" Any
    t =    29.52s Find the "session-submit" Button
    t =    29.65s Checking existence of `"session-next" Any`
    t =    29.78s Checking existence of `"Response for count" TextField`
    t =    29.90s Find the "Response for count" TextField
    t =    30.03s Find the "Response for count" TextField
    t =    30.15s Find the "Response for count" TextField
    t =    30.27s Find the "Response for count" TextField
    t =    30.40s Tap "Response for count" TextField
    t =    30.40s     Wait for com.zacrotech.NeuroForge to idle
    t =    30.40s     Find the "Response for count" TextField
    t =    30.52s     Check for interrupting elements affecting "Response for count" TextField
    t =    30.60s     Synthesize event
    t =    30.90s     Wait for com.zacrotech.NeuroForge to idle
    t =    30.96s Type '0' into "Response for count" TextField
    t =    30.96s     Wait for com.zacrotech.NeuroForge to idle
    t =    30.96s     Find the "Response for count" TextField
    t =    31.11s     Check for interrupting elements affecting "Response for count" TextField
    t =    31.19s     Synthesize event
    t =    31.19s         Get number of matches for: Elements containing elements matching predicate 'hasKeyboardFocus == 1'
    t =    31.31s         Requesting snapshot of accessibility hierarchy for app with pid 60149
    t =    31.45s         Find: Descendants matching type TextField
    t =    31.45s         Find: Elements matching predicate '"Response for count" IN identifiers'
    t =    31.48s         Requesting snapshot of accessibility hierarchy for app with pid 60149
    t =    31.62s         Find: Descendants matching type TextField
    t =    31.62s         Find: Elements matching predicate '"Response for count" IN identifiers'
    t =    31.62s         Requesting snapshot of accessibility hierarchy for app with pid 60149
    t =    31.76s         Find: Descendants matching type TextField
    t =    31.76s         Requesting snapshot of accessibility hierarchy for app with pid 60149
    t =    31.91s         Requesting snapshot of accessibility hierarchy for app with pid 60149
    t =    32.05s         Find: Descendants matching type TextField
    t =    32.05s         Find: Elements matching predicate '"Response for count" IN identifiers'
    t =    32.08s         Requesting snapshot of accessibility hierarchy for app with pid 60149
    t =    32.22s         Find: Descendants matching type TextField
    t =    32.22s         Find: Elements matching predicate '"Response for count" IN identifiers'
    t =    32.22s         Requesting snapshot of accessibility hierarchy for app with pid 60149
    t =    32.36s         Find: Descendants matching type TextField
    t =    32.37s         Requesting snapshot of accessibility hierarchy for app with pid 60149
    t =    32.52s         Failed: Neither element nor any descendant has keyboard focus. Event dispatch snapshot: TextField, {{24.0, 276.0}, {327.0, 44.0}}, placeholderValue: 'Response for count', value: Response for count
Element debug description:
Attributes: TextField, 0x108c4bc00, {{24.0, 276.0}, {327.0, 44.0}}, placeholderValue: 'Response for count', value: Response for count
Element subtree:
 →TextField, 0x108c4bc00, {{24.0, 276.0}, {327.0, 44.0}}, placeholderValue: 'Response for count', value: Response for count
Path to element:
 →Application, 0x108c32e40, pid: 60149, label: 'NeuroForge'
  ↳Window (Main), 0x108c321c0, {{0.0, 0.0}, {375.0, 667.0}}
   ↳Other, 0x115a56940, {{0.0, 0.0}, {375.0, 667.0}}
    ↳Other, 0x115a56a80, {{0.0, 0.0}, {375.0, 667.0}}
     ↳Other, 0x115a56bc0, {{0.0, 0.0}, {375.0, 667.0}}
      ↳Alert, 0x115a56d00, {{-187.5, -191.5}, {780.0, 1080.0}}, identifier: 'universal-session'
       ↳ScrollView, 0x108c48f00, {{0.0, 154.5}, {375.0, 512.5}}
        ↳Other, 0x108c49040, {{0.0, -660.0}, {375.0, 1508.0}}
         ↳TextField, 0x108c4bc00, {{24.0, 276.0}, {327.0, 44.0}}, placeholderValue: 'Response for count', value: Response for count
Query chain:
 →Find: Target Application 'com.zacrotech.NeuroForge'
  Output: {
    Application, 0x115a9cb40, pid: 60149, label: 'NeuroForge'
  }
  ↪︎Find: Descendants matching type TextField
    Output: {
      TextField, 0x115a9a300, {{24.0, 276.0}, {327.0, 44.0}}, placeholderValue: 'Response for count', value: Response for count
      TextField, 0x115a9a440, {{24.0, 334.0}, {327.0, 44.0}}, placeholderValue: 'Response for ready', value: Response for ready
    }
    ↪︎Find: Elements matching predicate '"Response for count" IN identifiers'
      Output: {
        TextField, 0x115a7ea80, {{24.0, 276.0}, {327.0, 44.0}}, placeholderValue: 'Response for count', value: Response for count
      }

    t =    32.52s     Wait for com.zacrotech.NeuroForge to idle
    t =    33.53s     Retrying `Type '0' into "Response for count" TextField` (attempt #2)
    t =    33.53s         Wait for com.zacrotech.NeuroForge to idle
    t =    33.53s         Find the "Response for count" TextField
    t =    33.65s         Check for interrupting elements affecting "Response for count" TextField
    t =    33.74s         Synthesize event
    t =    33.74s             Get number of matches for: Elements containing elements matching predicate 'hasKeyboardFocus == 1'
    t =    33.88s             Requesting snapshot of accessibility hierarchy for app with pid 60149
    t =    34.02s             Find: Descendants matching type TextField
    t =    34.02s             Find: Elements matching predicate '"Response for count" IN identifiers'
    t =    34.06s             Requesting snapshot of accessibility hierarchy for app with pid 60149
    t =    34.20s             Find: Descendants matching type TextField
    t =    34.20s             Find: Elements matching predicate '"Response for count" IN identifiers'
    t =    34.21s             Requesting snapshot of accessibility hierarchy for app with pid 60149
    t =    34.35s             Find: Descendants matching type TextField
    t =    34.36s             Requesting snapshot of accessibility hierarchy for app with pid 60149
    t =    34.50s             Requesting snapshot of accessibility hierarchy for app with pid 60149
    t =    34.64s             Find: Descendants matching type TextField
    t =    34.64s             Find: Elements matching predicate '"Response for count" IN identifiers'
    t =    34.67s             Requesting snapshot of accessibility hierarchy for app with pid 60149
    t =    34.81s             Find: Descendants matching type TextField
    t =    34.81s             Find: Elements matching predicate '"Response for count" IN identifiers'
    t =    34.81s             Requesting snapshot of accessibility hierarchy for app with pid 60149
    t =    34.96s             Find: Descendants matching type TextField
    t =    34.96s             Requesting snapshot of accessibility hierarchy for app with pid 60149
    t =    35.12s             Failed: Neither element nor any descendant has keyboard focus. Event dispatch snapshot: TextField, {{24.0, 276.0}, {327.0, 44.0}}, placeholderValue: 'Response for count', value: Response for count
Element debug description:
Attributes: TextField, 0x115a55180, {{24.0, 276.0}, {327.0, 44.0}}, placeholderValue: 'Response for count', value: Response for count
Element subtree:
 →TextField, 0x115a55180, {{24.0, 276.0}, {327.0, 44.0}}, placeholderValue: 'Response for count', value: Response for count
Path to element:
 →Application, 0x115ab4f00, pid: 60149, label: 'NeuroForge'
  ↳Window (Main), 0x115ab5040, {{0.0, 0.0}, {375.0, 667.0}}
   ↳Other, 0x115a6d2c0, {{0.0, 0.0}, {375.0, 667.0}}
    ↳Other, 0x115a6d180, {{0.0, 0.0}, {375.0, 667.0}}
     ↳Other, 0x115a6db80, {{0.0, 0.0}, {375.0, 667.0}}
      ↳Alert, 0x115a6ed00, {{-187.5, -191.5}, {780.0, 1080.0}}, identifier: 'universal-session'
       ↳ScrollView, 0x115a6d540, {{0.0, 154.5}, {375.0, 512.5}}
        ↳Other, 0x115a6e580, {{0.0, -660.0}, {375.0, 1508.0}}
         ↳TextField, 0x115a55180, {{24.0, 276.0}, {327.0, 44.0}}, placeholderValue: 'Response for count', value: Response for count
Query chain:
 →Find: Target Application 'com.zacrotech.NeuroForge'
  Output: {
    Application, 0x115a943c0, pid: 60149, label: 'NeuroForge'
  }
  ↪︎Find: Descendants matching type TextField
    Output: {
      TextField, 0x115a91b80, {{24.0, 276.0}, {327.0, 44.0}}, placeholderValue: 'Response for count', value: Response for count
      TextField, 0x115a91cc0, {{24.0, 334.0}, {327.0, 44.0}}, placeholderValue: 'Response for ready', value: Response for ready
    }
    ↪︎Find: Elements matching predicate '"Response for count" IN identifiers'
      Output: {
        TextField, 0x115a75b80, {{24.0, 276.0}, {327.0, 44.0}}, placeholderValue: 'Response for count', value: Response for count
      }

    t =    35.12s         Wait for com.zacrotech.NeuroForge to idle
    t =    36.13s     Retrying `Type '0' into "Response for count" TextField` (attempt #3)
    t =    36.13s         Wait for com.zacrotech.NeuroForge to idle
    t =    36.13s         Find the "Response for count" TextField
    t =    36.25s         Check for interrupting elements affecting "Response for count" TextField
    t =    36.34s         Synthesize event
    t =    36.35s             Get number of matches for: Elements containing elements matching predicate 'hasKeyboardFocus == 1'
    t =    36.46s             Requesting snapshot of accessibility hierarchy for app with pid 60149
    t =    36.60s             Find: Descendants matching type TextField
    t =    36.60s             Find: Elements matching predicate '"Response for count" IN identifiers'
    t =    36.63s             Requesting snapshot of accessibility hierarchy for app with pid 60149
    t =    36.76s             Find: Descendants matching type TextField
    t =    36.76s             Find: Elements matching predicate '"Response for count" IN identifiers'
    t =    36.77s             Requesting snapshot of accessibility hierarchy for app with pid 60149
    t =    36.90s             Find: Descendants matching type TextField
    t =    36.91s             Requesting snapshot of accessibility hierarchy for app with pid 60149
    t =    37.05s             Requesting snapshot of accessibility hierarchy for app with pid 60149
    t =    37.19s             Find: Descendants matching type TextField
    t =    37.19s             Find: Elements matching predicate '"Response for count" IN identifiers'
    t =    37.22s             Requesting snapshot of accessibility hierarchy for app with pid 60149
    t =    37.36s             Find: Descendants matching type TextField
    t =    37.36s             Find: Elements matching predicate '"Response for count" IN identifiers'
    t =    37.36s             Requesting snapshot of accessibility hierarchy for app with pid 60149
    t =    37.50s             Find: Descendants matching type TextField
    t =    37.51s             Requesting snapshot of accessibility hierarchy for app with pid 60149
    t =    37.65s             Failed: Neither element nor any descendant has keyboard focus. Event dispatch snapshot: TextField, {{24.0, 276.0}, {327.0, 44.0}}, placeholderValue: 'Response for count', value: Response for count
Element debug description:
Attributes: TextField, 0x115a6e440, {{24.0, 276.0}, {327.0, 44.0}}, placeholderValue: 'Response for count', value: Response for count
Element subtree:
 →TextField, 0x115a6e440, {{24.0, 276.0}, {327.0, 44.0}}, placeholderValue: 'Response for count', value: Response for count
Path to element:
 →Application, 0x115aa8f00, pid: 60149, label: 'NeuroForge'
  ↳Window (Main), 0x115aa9040, {{0.0, 0.0}, {375.0, 667.0}}
   ↳Other, 0x115a80dc0, {{0.0, 0.0}, {375.0, 667.0}}
    ↳Other, 0x115a81040, {{0.0, 0.0}, {375.0, 667.0}}
     ↳Other, 0x115a80f00, {{0.0, 0.0}, {375.0, 667.0}}
      ↳Alert, 0x115a80b40, {{-187.5, -191.5}, {780.0, 1080.0}}, identifier: 'universal-session'
       ↳ScrollView, 0x108c30f00, {{0.0, 154.5}, {375.0, 512.5}}
        ↳Other, 0x108c31680, {{0.0, -660.0}, {375.0, 1508.0}}
         ↳TextField, 0x115a6e440, {{24.0, 276.0}, {327.0, 44.0}}, placeholderValue: 'Response for count', value: Response for count
Query chain:
 →Find: Target Application 'com.zacrotech.NeuroForge'
  Output: {
    Application, 0x115a95400, pid: 60149, label: 'NeuroForge'
  }
  ↪︎Find: Descendants matching type TextField
    Output: {
      TextField, 0x115a7ebc0, {{24.0, 276.0}, {327.0, 44.0}}, placeholderValue: 'Response for count', value: Response for count
      TextField, 0x115a7ea80, {{24.0, 334.0}, {327.0, 44.0}}, placeholderValue: 'Response for ready', value: Response for ready
    }
    ↪︎Find: Elements matching predicate '"Response for count" IN identifiers'
      Output: {
        TextField, 0x115a51b80, {{24.0, 276.0}, {327.0, 44.0}}, placeholderValue: 'Response for count', value: Response for count
      }

    t =    37.65s         Wait for com.zacrotech.NeuroForge to idle
    t =    37.66s     Requesting snapshot of accessibility hierarchy for app with pid 60149
/Users/takamimarsh/Developer/Projects/Zacro Tech/NeuroForge/UITests/NavigationSmokeUITests.swift:1002: error: -[NeuroForgeUITests.NavigationSmokeUITests testLogicStateInputsAndInvariantShowFeedbackAndAdvance] : Failed to synthesize event: Neither element nor any descendant has keyboard focus. Event dispatch snapshot: TextField, {{24.0, 276.0}, {327.0, 44.0}}, placeholderValue: 'Response for count', value: Response for count
Element debug description:
Attributes: TextField, 0x115a6e440, {{24.0, 276.0}, {327.0, 44.0}}, placeholderValue: 'Response for count', value: Response for count
Element subtree:
 →TextField, 0x115a6e440, {{24.0, 276.0}, {327.0, 44.0}}, placeholderValue: 'Response for count', value: Response for count
Path to element:
 →Application, 0x115aa8f00, pid: 60149, label: 'NeuroForge'
  ↳Window (Main), 0x115aa9040, {{0.0, 0.0}, {375.0, 667.0}}
   ↳Other, 0x115a80dc0, {{0.0, 0.0}, {375.0, 667.0}}
    ↳Other, 0x115a81040, {{0.0, 0.0}, {375.0, 667.0}}
     ↳Other, 0x115a80f00, {{0.0, 0.0}, {375.0, 667.0}}
      ↳Alert, 0x115a80b40, {{-187.5, -191.5}, {780.0, 1080.0}}, identifier: 'universal-session'
       ↳ScrollView, 0x108c30f00, {{0.0, 154.5}, {375.0, 512.5}}
        ↳Other, 0x108c31680, {{0.0, -660.0}, {375.0, 1508.0}}
         ↳TextField, 0x115a6e440, {{24.0, 276.0}, {327.0, 44.0}}, placeholderValue: 'Response for count', value: Response for count
Query chain:
 →Find: Target Application 'com.zacrotech.NeuroForge'
  Output: {
    Application, 0x115a95400, pid: 60149, label: 'NeuroForge'
  }
  ↪︎Find: Descendants matching type TextField
    Output: {
      TextField, 0x115a7ebc0, {{24.0, 276.0}, {327.0, 44.0}}, placeholderValue: 'Response for count', value: Response for count
      TextField, 0x115a7ea80, {{24.0, 334.0}, {327.0, 44.0}}, placeholderValue: 'Response for ready', value: Response for ready
    }
    ↪︎Find: Elements matching predicate '"Response for count" IN identifiers'
      Output: {
        TextField, 0x115a51b80, {{24.0, 276.0}, {327.0, 44.0}}, placeholderValue: 'Response for count', value: Response for count
      }

    t =    37.83s Tear Down
Test Case '-[NeuroForgeUITests.NavigationSmokeUITests testLogicStateInputsAndInvariantShowFeedbackAndAdvance]' failed (38.110 seconds).
Test Case '-[NeuroForgeUITests.NavigationSmokeUITests testQuantitativeNumberAndUnitShowFeedbackAndAdvance]' started.
    t =     0.00s Start Test at 2026-09-05 12:47:11.823
    t =     0.04s Set Up
    t =     0.05s     Open com.zacrotech.NeuroForge
    t =     0.05s         Launch com.zacrotech.NeuroForge
    t =     0.05s             Terminate com.zacrotech.NeuroForge:60149
2026-09-05 12:47:12.899 xcodebuild[59692:4942887] [MT] IDELaunchParametersSnapshot: The operation couldn’t be completed. (DebuggerLLDB.DebuggerVersionStore.StoreError error 0.)
2026-09-05 12:47:12.899 xcodebuild[59692:4942887] [MT] IDELaunchParametersSnapshot: no debugger version
    t =     1.69s             Setting up automation session
    t =     3.28s             Wait for com.zacrotech.NeuroForge to idle
    t =     7.87s     Waiting 15.0s for "universal-session" Any to exist
    t =     8.91s         Checking `Expect predicate `existsNoRetry == 1` for object "universal-session" Any`
    t =     8.91s             Checking existence of `"universal-session" Any`
    t =     9.45s     Waiting 3.0s for "session-resume" Any to exist
    t =    10.45s         Checking `Expect predicate `existsNoRetry == 1` for object "session-resume" Any`
    t =    10.46s             Checking existence of `"session-resume" Any`
    t =    10.60s             Capturing element debug description
    t =    11.51s         Checking `Expect predicate `existsNoRetry == 1` for object "session-resume" Any`
    t =    11.51s             Checking existence of `"session-resume" Any`
    t =    11.64s             Capturing element debug description
    t =    12.45s         Checking `Expect predicate `existsNoRetry == 1` for object "session-resume" Any`
    t =    12.45s             Checking existence of `"session-resume" Any`
    t =    12.56s             Capturing element debug description
    t =    12.56s         Checking existence of `"session-resume" Any`
    t =    12.66s     Collecting debug information to assist test failure triage
    t =    12.66s         Requesting snapshot of accessibility hierarchy for app with pid 60309
    t =    12.83s     Waiting 8.0s for "session-position" Any to exist
    t =    13.84s         Checking `Expect predicate `existsNoRetry == 1` for object "session-position" Any`
    t =    13.84s             Checking existence of `"session-position" Any`
    t =    13.97s     Find the "session-position" Any
    t =    14.07s     Waiting 8.0s for "session-prompt" Any to exist
    t =    15.09s         Checking `Expect predicate `existsNoRetry == 1` for object "session-prompt" Any`
    t =    15.09s             Checking existence of `"session-prompt" Any`
    t =    15.22s     Find the "session-prompt" Any
    t =    15.34s     Waiting 8.0s for "session-numeric-answer" Any to exist
    t =    16.38s         Checking `Expect predicate `existsNoRetry == 1` for object "session-numeric-answer" Any`
    t =    16.38s             Checking existence of `"session-numeric-answer" Any`
    t =    16.51s     Checking existence of `"session-numeric-answer" Any`
    t =    16.61s     Find the "session-numeric-answer" Any
    t =    16.76s     Get all elements bound by index for: Descendants matching type ScrollView
    t =    16.82s     Find the ScrollView (Element at index 0)
    t =    16.91s     Swipe up ScrollView at {{0.0, 154.5}, {375.0, 512.5}}
    t =    16.91s         Wait for com.zacrotech.NeuroForge to idle
    t =    16.91s         Find the ScrollView at {{0.0, 154.5}, {375.0, 512.5}}
    t =    16.97s         Check for interrupting elements affecting ScrollView
    t =    17.10s         Synthesize event
    t =    17.56s         Wait for com.zacrotech.NeuroForge to idle
    t =    19.67s     Checking existence of `"session-numeric-answer" TextField`
    t =    19.81s     Find the "session-numeric-answer" TextField
    t =    19.94s     Find the "session-numeric-answer" TextField
    t =    20.04s     Tap "session-numeric-answer" TextField
    t =    20.04s         Wait for com.zacrotech.NeuroForge to idle
    t =    20.05s         Find the "session-numeric-answer" TextField
    t =    20.15s         Check for interrupting elements affecting "session-numeric-answer" TextField
    t =    20.23s         Synthesize event
    t =    20.54s         Wait for com.zacrotech.NeuroForge to idle
    t =    20.55s     Find the "session-numeric-answer" TextField
    t =    20.67s     Type '67.2' into "session-numeric-answer" TextField
    t =    20.67s         Wait for com.zacrotech.NeuroForge to idle
    t =    20.92s         Find the "session-numeric-answer" TextField
    t =    21.04s         Check for interrupting elements affecting "session-numeric-answer" TextField
    t =    21.12s         Synthesize event
    t =    21.14s             Get number of matches for: Elements containing elements matching predicate 'hasKeyboardFocus == 1'
    t =    21.24s             Requesting snapshot of accessibility hierarchy for app with pid 60309
    t =    21.35s             Find: Descendants matching type Any
    t =    21.35s             Find: Elements matching predicate '"session-numeric-answer" IN identifiers'
    t =    21.38s             Requesting snapshot of accessibility hierarchy for app with pid 60309
    t =    21.50s             Find: Descendants matching type Any
    t =    21.50s             Find: Elements matching predicate '"session-numeric-answer" IN identifiers'
    t =    21.50s             Requesting snapshot of accessibility hierarchy for app with pid 60309
    t =    21.62s             Find: Descendants matching type Any
    t =    21.62s             Requesting snapshot of accessibility hierarchy for app with pid 60309
    t =    22.30s             Requesting snapshot of accessibility hierarchy for app with pid 60309
    t =    22.42s             Find: Descendants matching type Any
    t =    22.42s             Find: Elements matching predicate '"session-numeric-answer" IN identifiers'
    t =    22.45s             Requesting snapshot of accessibility hierarchy for app with pid 60309
    t =    22.57s             Find: Descendants matching type Any
    t =    22.58s             Find: Elements matching predicate '"session-numeric-answer" IN identifiers'
    t =    22.58s             Requesting snapshot of accessibility hierarchy for app with pid 60309
    t =    22.70s             Find: Descendants matching type Any
    t =    22.70s             Requesting snapshot of accessibility hierarchy for app with pid 60309
    t =    23.39s             Failed: Neither element nor any descendant has keyboard focus. Event dispatch snapshot: TextField, {{24.0, 602.5}, {165.0, 44.0}}, identifier: 'session-numeric-answer', placeholderValue: 'Value in %', value: Value in %
Element debug description:
Attributes: TextField, 0x115b2c780, {{24.0, 602.5}, {165.0, 44.0}}, identifier: 'session-numeric-answer', placeholderValue: 'Value in %', value: Value in %
Element subtree:
 →TextField, 0x115b2c780, {{24.0, 602.5}, {165.0, 44.0}}, identifier: 'session-numeric-answer', placeholderValue: 'Value in %', value: Value in %
Path to element:
 →Application, 0x115b226c0, pid: 60309, label: 'NeuroForge'
  ↳Window (Main), 0x115b20280, {{0.0, 0.0}, {375.0, 667.0}}
   ↳Other, 0x115b28780, {{0.0, 0.0}, {375.0, 667.0}}
    ↳Other, 0x115b288c0, {{0.0, 0.0}, {375.0, 667.0}}
     ↳Other, 0x115b28a00, {{0.0, 0.0}, {375.0, 667.0}}
      ↳Alert, 0x115b28b40, {{-187.5, -191.5}, {780.0, 1080.0}}, identifier: 'universal-session'
       ↳ScrollView, 0x115b2a080, {{0.0, 154.5}, {375.0, 512.5}}
        ↳Other, 0x115b2a1c0, {{0.0, -624.5}, {375.0, 1488.0}}
         ↳TextField, 0x115b2c780, {{24.0, 602.5}, {165.0, 44.0}}, identifier: 'session-numeric-answer', placeholderValue: 'Value in %', value: Value in %
Query chain:
 →Find: Target Application 'com.zacrotech.NeuroForge'
  Output: {
    Application, 0x115b74640, pid: 60309, label: 'NeuroForge'
  }
  ↪︎Find: Descendants matching type Any
    Output: {
      Window (Main), 0x115b4ebc0, {{0.0, 0.0}, {375.0, 667.0}}
      Other, 0x115b4ed00, {{0.0, 0.0}, {375.0, 667.0}}
      Other, 0x115b67480, {{0.0, 0.0}, {375.0, 667.0}}
      Other, 0x115b4ee40, {{0.0, 0.0}, {375.0, 667.0}}
      Other, 0x115b675c0, {{0.0, 0.0}, {375.0, 667.0}}
      Other, 0x115b4ef80, {{0.0, 0.0}, {375.0, 667.0}}
      Other, 0x115b67700, {{0.0, 0.0}, {375.0, 667.0}}
      Other, 0x115b4f0c0, {{0.0, 0.0}, {375.0, 667.0}}
      Alert, 0x115b67840, {{-187.5, -191.5}, {780.0, 1080.0}}, identifier: 'universal-session'
      Other, 0x115b4f200, {{0.0, 0.0}, {375.0, 667.0}}
      Button, 0x115b67980, {{20.0, 32.0}, {44.0, 44.0}}, identifier: 'pause.fill', label: 'Pause session'
      Image, 0x115b67ac0, {{74.0, 35.0}, {38.0, 38.0}}, identifier: 'chart.xyaxis.line', label: 'chart.xyaxis.line'
      StaticText, 0x115b67c00, {{122.0, 35.5}, {49.0, 14.5}}, label: 'Practice'
      StaticText, 0x115b67d40, {{122.0, 52.0}, {166.5, 20.5}}, label: 'Quantitative intuition'
      StaticText, 0x115b67e80, {{20.0, 97.0}, {31.0, 18.0}}, label: '1 / 5'
      StaticText, 0x115b68000, {{59.0, 98.8}, {50.5, 14.5}}, label: 'Untimed session'
      Button, 0x115b68140, {{117.5, 99.0}, {38.5, 14.5}}, label: 'Timing'
      Button, 0x115b68500, {{215.0, 84.0}, {44.0, 44.0}}, identifier: 'session-header-save-close', label: 'Save and close session'
      Button, 0x115b68640, {{263.0, 84.0}, {44.0, 44.0}}, identifier: 'square.and.pencil', label: 'Open scratchpad'
      Button, 0x115b68780, {{311.0, 84.0}, {44.0, 44.0}}, label: 'Session controls'
      ProgressIndicator, 0x115b68b40, {{20.0, 138.0}, {335.0, 4.0}}, identifier: 'session-position', label: 'Session progress', value: 1 / 5
      ScrollView, 0x115b68dc0, {{0.0, 154.5}, {375.0, 512.5}}
      Button, 0x115b74500, {{98.5, 604.5}, {178.0, 50.5}}, identifier: 'session-submit', label: 'Submit response', Disabled
      Other, 0x115b4f340, {{0.0, 0.0}, {375.0, 667.0}}
      Other, 0x115b64b40, {{0.0, 584.0}, {375.0, 83.0}}
      Button, 0x115b68280, {{117.5, 99.0}, {38.5, 14.5}}
      Button, 0x115b688c0, {{311.0, 84.0}, {44.0, 44.0}}
      ProgressIndicator, 0x115b68c80, {{20.0, 128.0}, {335.0, 24.0}}, value: 0%
      Other, 0x115b68f00, {{0.0, -624.5}, {375.0, 1488.0}}
      Other, 0x115b74000, {{342.0, 154.5}, {30.0, 430.0}}, label: 'Vertical scroll bar, 4 pages', value: 74%
      Other, 0x115b4f480, {{0.0, 0.0}, {375.0, 667.0}}
      Other, 0x115b64c80, {{0.0, 0.0}, {375.0, 667.0}}
      Other, 0x115b66a80, {{0.0, 584.0}, {375.0, 83.0}}
      StaticText, 0x115b683c0, {{117.5, 98.8}, {38.5, 14.5}}, label: 'Timing'
      Image, 0x115b68a00, {{311.0, 84.0}, {44.0, 44.0}}, identifier: 'ellipsis.circle', label: 'More'
      StaticText, 0x115b69040, {{24.0, -600.5}, {113.5, 26.5}}, label: 'Quantitative'
      StaticText, 0x115b69400, {{24.0, -554.0}, {327.0, 39.0}}, label: 'General STEM. Report one decimal place; small rounding differences are accepted.'
      StaticText, 0x115b69540, {{38.0, -481.5}, {285.5, 19.0}}, label: 'Enter the percentage and the % unit.'
      Other, 0x115b69680, {{24.0, -429.0}, {314.5, 143.5}}, identifier: 'session-prompt', label: 'In a measurement study, 43 of 64 observations meet the criterion. Estimate the observed proportion as a percentage.'
      StaticText, 0x115b69900, {{40.0, -249.5}, {289.5, 38.0}}, label: '43 observations meet the criterion and 21 do not.'
      Other, 0x115b69a40, {{40.0, -173.5}, {276.0, 138.0}}, identifier: 'session-data-chart', label: '43 observations meet the criterion and 21 do not.', value: The vertical scale...
      Other, 0x115b69b80, {{40.0, -173.5}, {276.0, 138.0}}, identifier: 'session-data-chart', label: '43 observations meet the criterion and 21 do not.', value: The vertical scale...
      Button, 0x115b69f40, {{40.0, 20.5}, {154.5, 34.5}}, identifier: 'session-data-inspection', label: 'Inspect outcome, Meets criterion'
      StaticText, 0x115b6a1c0, {{40.0, 71.0}, {123.5, 47.0}}, identifier: 'session-data-inspected-point', label: 'Meets criterion, 43 observations'
      Button, 0x115b6a580, {{40.0, 134.0}, {295.0, 52.0}}, identifier: 'session-data-table', label: 'Data table'
      StaticText, 0x115b6a940, {{40.0, 230.0}, {287.0, 20.5}}, label: 'Predict before using the explanation'
      StaticText, 0x115b6aa80, {{40.0, 262.5}, {260.5, 38.0}}, label: 'Your prediction stays saved while you revise your final answer.'
      TextField, 0x115b6abc0, {{40.0, 312.5}, {271.5, 44.0}}, identifier: 'session-data-prediction-input', placeholderValue: 'Predicted percentage', value: Predicted percentage
      StaticText, 0x115b6ad00, {{319.5, 326.5}, {15.5, 20.5}}, label: 'Percent'
      Button, 0x115b6ae40, {{40.0, 368.5}, {239.5, 56.5}}, identifier: 'session-data-reveal-denominator', label: 'Save prediction and inspect denominator', Disabled
      StaticText, 0x115b6af80, {{40.0, 437.0}, {291.0, 34.0}}, label: 'This explanation is recorded as support. It does not change final-answer credit.'
      Other, 0x115b6b0c0, {{24.0, 507.0}, {327.0, 75.5}}, label: 'One hundred times the count divided by the total'
      TextField, 0x115b6b480, {{24.0, 602.5}, {165.0, 44.0}}, identifier: 'session-numeric-answer', placeholderValue: 'Value in %', value: Value in %
      TextField, 0x115b6b5c0, {{201.0, 602.5}, {150.0, 44.0}}, placeholderValue: 'Unit', value: Unit
      Button, 0x115b6b700, {{24.0, 666.5}, {327.0, 28.5}}, label: 'Confidence (optional)'
      Button, 0x115b6bac0, {{24.0, 715.0}, {100.5, 34.5}}, label: 'Use a hint'
      Button, 0x115b6bc00, {{132.5, 715.0}, {146.0, 34.5}}, label: 'Skip — no score'
      StaticText, 0x115b6bd40, {{25.0, 769.5}, {118.0, 16.0}}, identifier: 'session-response-requirement', label: 'Enter a number.'
      StaticText, 0x115b6be80, {{24.0, 805.5}, {292.0, 34.0}}, label: 'Confidence is optional. Your answer determines the result.'
      Other, 0x115b74140, {{369.0, 367.5}, {3.0, 138.5}}
      Other, 0x115b4f5c0, {{0.0, 0.0}, {375.0, 667.0}}
      TabBar, 0x115b64dc0, {{0.0, 584.0}, {375.0, 83.0}}, label: 'Tab Bar'
      Other, 0x115b66bc0, {{0.0, 584.0}, {375.0, 83.0}}
      Image, 0x115b69180, {{35.5, -593.0}, {13.0, 11.5}}, identifier: 'chart.xyaxis.line', label: 'chart.xyaxis.line'
      StaticText, 0x115b692c0, {{55.0, -594.5}, {72.5, 14.5}}, label: 'Quantitative'
      StaticText, 0x115b697c0, {{24.0, -429.0}, {314.5, 143.5}}, label: 'In a measurement study, 43 of 64 observations meet the criterion. Estimate the observed proportion as a percentage.'
      Other, 0x115b69cc0, {{40.0, -173.5}, {138.0, 138.0}}, label: 'Meets criterion', value: 43
      Other, 0x115b69e00, {{178.0, -173.5}, {138.0, 138.0}}, label: 'Does not meet', value: 21
      StaticText, 0x115b6a080, {{52.0, 27.5}, {114.5, 20.5}}, label: 'Meets criterion'
      StaticText, 0x115b6a300, {{40.0, 71.0}, {120.0, 20.5}}, label: 'Meets criterion'
      StaticText, 0x115b6a440, {{40.0, 97.5}, {123.5, 20.5}}, label: '43 observations'
      StaticText, 0x115b6a6c0, {{40.0, 134.0}, {295.0, 52.0}}, label: 'Data table'
      Image, 0x115b6a800, {{327.0, 154.0}, {7.0, 12.0}}, identifier: 'collapsed'
      Other, 0x115b6b200, {{36.0, 522.0}, {73.0, 45.5}}, label: '100 times k divided by n'
      StaticText, 0x115b6b840, {{24.0, 666.5}, {327.0, 28.5}}, label: 'Confidence (optional)'
      Image, 0x115b6b980, {{343.0, 674.5}, {7.0, 12.0}}, identifier: 'collapsed'
      Other, 0x115b4f700, {{0.0, 0.0}, {375.0, 667.0}}
      Other, 0x115b64f00, {{21.0, 584.0}, {333.0, 62.0}}
      Other, 0x115b66d00, {{0.0, 584.0}, {375.0, 83.0}}
      Other, 0x115b6b340, {{36.0, 522.0}, {73.0, 45.5}}
      Other, 0x115b4f840, {{0.0, 0.0}, {375.0, 667.0}}
      Other, 0x115b65040, {{21.0, 584.0}, {74.0, 54.0}}
      Other, 0x115b65180, {{21.0, 584.0}, {333.0, 62.0}}
      Other, 0x115b65f40, {{25.0, 588.0}, {74.0, 54.0}}
      Other, 0x115b66e40, {{0.0, 584.0}, {375.0, 83.0}}
      Other, 0x115b67200, {{0.0, 584.0}, {375.0, 83.0}}
      Other, 0x115b4f980, {{0.0, 0.0}, {375.0, 667.0}}, identifier: 'destination-today'
      Other, 0x115b64a00, {{0.0, 516.0}, {375.0, 68.0}}
      Button, 0x115b652c0, {{25.0, 588.0}, {74.0, 54.0}}, label: 'Today', Selected
      Button, 0x115b65540, {{87.2, 588.0}, {74.0, 54.0}}, label: 'Practice'
      Button, 0x115b657c0, {{149.5, 588.0}, {76.0, 54.0}}, label: 'Progress'
      Button, 0x115b65a40, {{213.8, 588.0}, {74.0, 54.0}}, label: 'Sources'
      Button, 0x115b65cc0, {{276.0, 588.0}, {74.0, 54.0}}, label: 'Settings'
      Other, 0x115b66080, {{25.0, 588.0}, {74.0, 54.0}}
      Other, 0x115b66f80, {{0.0, 584.0}, {375.0, 83.0}}
      Other, 0x115b67340, {{0.0, 584.0}, {375.0, 83.0}}
      NavigationBar, 0x115b4fac0, {{0.0, 20.0}, {375.0, 106.0}}, identifier: 'Today'
      Other, 0x115b4fd40, {{0.0, 0.0}, {375.0, 667.0}}
      Other, 0x115b64780, {{0.0, 0.0}, {375.0, 667.0}}
      Image, 0x115b65400, {{50.0, 592.5}, {23.5, 29.0}}, identifier: 'flame.fill', label: 'Flame'
      Image, 0x115b65680, {{108.2, 592.5}, {31.5, 31.5}}, identifier: 'scope', label: 'scope'
      Image, 0x115b65900, {{172.5, 595.5}, {31.0, 25.5}}, identifier: 'chart.line.uptrend.xyaxis', label: 'chart line'
      Image, 0x115b65b80, {{233.8, 593.0}, {33.5, 29.5}}, identifier: 'books.vertical.fill', label: 'Bookshelf'
      Image, 0x115b65e00, {{299.0, 594.0}, {28.0, 28.0}}, identifier: 'gearshape.fill', label: 'gearshape.fill'
      Other, 0x115b661c0, {{25.0, 588.0}, {74.0, 54.0}}
      Other, 0x115b66300, {{25.0, 588.0}, {74.0, 54.0}}
      Other, 0x115b670c0, {{0.0, 584.0}, {375.0, 83.0}}
      StaticText, 0x115b4fc00, {{16.0, 77.5}, {95.5, 41.0}}, label: 'Today'
      Other, 0x115b4fe80, {{0.0, 0.0}, {375.0, 667.0}}
      Other, 0x115b648c0, {{0.0, 0.0}, {375.0, 667.0}}
      Other, 0x115b66440, {{25.0, 588.0}, {74.0, 54.0}}
      Other, 0x115b66940, {{25.0, 588.0}, {74.0, 54.0}}
      Other, 0x115b60000, {{0.0, 0.0}, {375.0, 667.0}}
      Other, 0x115b66580, {{25.0, 588.0}, {74.0, 54.0}}
      Other, 0x115b66800, {{25.0, 588.0}, {74.0, 54.0}}
      Other, 0x115b60140, {{0.0, 0.0}, {375.0, 667.0}}
      Other, 0x115b666c0, {{25.0, 588.0}, {74.0, 54.0}}
      ScrollView, 0x115b60280, {{0.0, 0.0}, {375.0, 667.0}}
      Other, 0x115b603c0, {{0.0, 0.0}, {375.0, 667.0}}
      Other, 0x115b60780, {{0.0, 0.0}, {375.0, 667.0}}
      Other, 0x115b61180, {{0.0, 126.0}, {375.0, 1335.0}}
      Other, 0x115b64280, {{342.0, 74.0}, {30.0, 510.0}}, label: 'Vertical scroll bar, 3 pages', value: 0%
      Other, 0x115b60500, {{0.0, 0.0}, {375.0, 128.8}}
      Other, 0x115b60640, {{0.0, 519.2}, {375.0, 147.8}}
      Other, 0x115b608c0, {{0.0, 519.2}, {375.0, 147.8}}
      Other, 0x115b612c0, {{16.0, 150.0}, {343.0, 1098.0}}
      Other, 0x115b643c0, {{369.0, 77.0}, {3.0, 221.0}}
      Image, 0x115b60a00, {{-120.0, 524.0}, {615.0, 286.0}}, identifier: 'AdditionalDimmingOverlay'
      Other, 0x115b60b40, {{0.0, 519.2}, {375.0, 147.8}}
      Other, 0x115b60dc0, {{0.0, 519.2}, {375.0, 147.8}}
      StaticText, 0x115b61400, {{16.0, 150.0}, {248.0, 41.0}}, label: 'Good afternoon'
      StaticText, 0x115b61540, {{16.0, 196.0}, {157.0, 18.0}}, label: 'Saturday, September 5'
      Image, 0x115b61680, {{35.5, 258.5}, {15.0, 11.0}}, identifier: 'internaldrive', label: 'internaldrive'
      StaticText, 0x115b617c0, {{35.5, 256.0}, {149.5, 16.0}}, label: 'Saved on this device'
      StaticText, 0x115b61900, {{34.0, 284.0}, {216.5, 26.5}}, label: 'Quantitative Intuition'
      StaticText, 0x115b61a40, {{34.0, 322.5}, {103.5, 18.0}}, label: 'Question 1 of 5'
      Button, 0x115b61b80, {{34.0, 352.5}, {170.5, 50.5}}, identifier: 'continue-session', label: 'Continue session'
      Button, 0x115b61cc0, {{16.0, 445.0}, {343.0, 58.0}}, label: 'You're up to date.'
      StaticText, 0x115b621c0, {{16.0, 527.0}, {209.5, 33.5}}, label: 'Circuit chapters'
      StaticText, 0x115b62300, {{16.0, 566.5}, {314.5, 38.0}}, label: 'Recall, build, cross over, and reflect. Start the whole circuit above or choose one chapter.'
      Other, 0x115b62440, {{16.0, 618.5}, {343.0, 186.0}}
      StaticText, 0x115b63340, {{16.0, 1028.5}, {189.5, 33.5}}, label: 'Quick practice'
      StaticText, 0x115b63480, {{16.0, 1068.0}, {303.0, 18.0}}, label: 'Choose a short activity outside today’s plan.'
      Button, 0x115b635c0, {{16.0, 1100.0}, {343.0, 68.0}}, identifier: 'quick-practice-mental-math', label: 'Mental math, 5 minutes'
      Button, 0x115b63c00, {{16.0, 1180.0}, {343.0, 68.0}}, identifier: 'quick-practice-source-reviews', label: 'Source reviews, No sources yet'
      Other, 0x115b60c80, {{0.0, 519.2}, {375.0, 147.8}}
      Other, 0x115b60f00, {{0.0, 519.2}, {375.0, 147.8}}
      Other, 0x115b61040, {{0.0, 519.2}, {375.0, 147.8}}
      Image, 0x115b61e00, {{27.5, 465.5}, {19.0, 17.0}}, identifier: 'clock.arrow.circlepath', label: 'clock.arrow.circlepath'
      StaticText, 0x115b61f40, {{27.5, 463.8}, {163.0, 20.5}}, label: 'You're up to date.'
      Image, 0x115b62080, {{337.5, 467.0}, {8.5, 14.5}}, identifier: 'chevron.right', label: 'Forward'
      Button, 0x115b62580, {{16.0, 618.5}, {343.0, 186.0}}, label: 'CHAPTER 1, Logic, Not completed, Logic, Practice Logic with a focused set., 3 min, +25 completion XP'
      Image, 0x115b63700, {{30.0, 1114.0}, {40.0, 40.0}}, identifier: 'function', label: 'Function'
      StaticText, 0x115b63840, {{82.0, 1116.8}, {89.5, 18.0}}, label: 'Mental math'
      StaticText, 0x115b63980, {{82.0, 1136.8}, {56.0, 14.5}}, label: '5 minutes'
      Image, 0x115b63ac0, {{334.0, 1129.5}, {9.5, 9.5}}, identifier: 'arrow.up.right', label: 'arrow.up.right'
      Image, 0x115b63d40, {{30.0, 1194.0}, {40.0, 40.0}}, identifier: 'clock.arrow.circlepath', label: 'clock.arrow.circlepath'
      StaticText, 0x115b63e80, {{82.0, 1196.8}, {109.0, 18.0}}, label: 'Source reviews'
      StaticText, 0x115b64000, {{82.0, 1216.8}, {85.0, 14.5}}, label: 'No sources yet'
      Image, 0x115b64140, {{334.0, 1209.5}, {9.5, 9.5}}, identifier: 'arrow.up.right', label: 'arrow.up.right'
      Image, 0x115b626c0, {{32.0, 634.5}, {44.0, 44.0}}, identifier: 'point.3.connected.trianglepath.dotted', label: 'point.3.connected.trianglepath.dotted'
      StaticText, 0x115b62800, {{84.0, 634.5}, {75.5, 13.5}}, label: 'CHAPTER 1'
      StaticText, 0x115b62940, {{84.0, 651.0}, {32.0, 14.5}}, label: 'Logic'
      Image, 0x115b62a80, {{321.5, 636.0}, {20.0, 20.0}}, identifier: 'circle', label: 'Not completed'
      StaticText, 0x115b62bc0, {{32.0, 692.5}, {43.0, 20.5}}, label: 'Logic'
      StaticText, 0x115b62d00, {{32.0, 717.0}, {230.5, 18.0}}, label: 'Practice Logic with a focused set.'
      Image, 0x115b62e40, {{33.0, 775.0}, {12.0, 12.0}}, identifier: 'clock', label: 'Clock'
      StaticText, 0x115b62f80, {{33.0, 774.0}, {52.5, 14.5}}, label: '3 min'
      StaticText, 0x115b630c0, {{93.5, 774.0}, {115.0, 14.5}}, label: '+25 completion XP'
      Image, 0x115b63200, {{336.0, 776.0}, {6.5, 11.0}}, identifier: 'chevron.right', label: 'Forward'
    }
    ↪︎Find: Elements matching predicate '"session-numeric-answer" IN identifiers'
      Output: {
        TextField, 0x115b4d900, {{24.0, 602.5}, {165.0, 44.0}}, identifier: 'session-numeric-answer', placeholderValue: 'Value in %', value: Value in %
      }

    t =    23.40s         Wait for com.zacrotech.NeuroForge to idle
    t =    24.41s         Retrying `Type '67.2' into "session-numeric-answer" TextField` (attempt #2)
    t =    24.41s             Wait for com.zacrotech.NeuroForge to idle
    t =    24.42s             Find the "session-numeric-answer" TextField
    t =    24.52s             Check for interrupting elements affecting "session-numeric-answer" TextField
    t =    24.60s             Synthesize event
    t =    24.61s                 Get number of matches for: Elements containing elements matching predicate 'hasKeyboardFocus == 1'
    t =    24.72s                 Requesting snapshot of accessibility hierarchy for app with pid 60309
    t =    24.83s                 Find: Descendants matching type Any
    t =    24.83s                 Find: Elements matching predicate '"session-numeric-answer" IN identifiers'
    t =    24.86s                 Requesting snapshot of accessibility hierarchy for app with pid 60309
    t =    24.97s                 Find: Descendants matching type Any
    t =    24.98s                 Find: Elements matching predicate '"session-numeric-answer" IN identifiers'
    t =    24.98s                 Requesting snapshot of accessibility hierarchy for app with pid 60309
    t =    25.09s                 Find: Descendants matching type Any
    t =    25.10s                 Requesting snapshot of accessibility hierarchy for app with pid 60309
    t =    25.76s                 Requesting snapshot of accessibility hierarchy for app with pid 60309
    t =    25.88s                 Find: Descendants matching type Any
    t =    25.88s                 Find: Elements matching predicate '"session-numeric-answer" IN identifiers'
    t =    25.91s                 Requesting snapshot of accessibility hierarchy for app with pid 60309
    t =    26.02s                 Find: Descendants matching type Any
    t =    26.02s                 Find: Elements matching predicate '"session-numeric-answer" IN identifiers'
    t =    26.03s                 Requesting snapshot of accessibility hierarchy for app with pid 60309
    t =    26.14s                 Find: Descendants matching type Any
    t =    26.15s                 Requesting snapshot of accessibility hierarchy for app with pid 60309
    t =    26.81s                 Failed: Neither element nor any descendant has keyboard focus. Event dispatch snapshot: TextField, {{24.0, 602.5}, {165.0, 44.0}}, identifier: 'session-numeric-answer', placeholderValue: 'Value in %', value: Value in %
Element debug description:
Attributes: TextField, 0x115b2fe80, {{24.0, 602.5}, {165.0, 44.0}}, identifier: 'session-numeric-answer', placeholderValue: 'Value in %', value: Value in %
Element subtree:
 →TextField, 0x115b2fe80, {{24.0, 602.5}, {165.0, 44.0}}, identifier: 'session-numeric-answer', placeholderValue: 'Value in %', value: Value in %
Path to element:
 →Application, 0x115b8ed00, pid: 60309, label: 'NeuroForge'
  ↳Window (Main), 0x115b8ee40, {{0.0, 0.0}, {375.0, 667.0}}
   ↳Other, 0x115b97340, {{0.0, 0.0}, {375.0, 667.0}}
    ↳Other, 0x115b2c000, {{0.0, 0.0}, {375.0, 667.0}}
     ↳Other, 0x115b2c140, {{0.0, 0.0}, {375.0, 667.0}}
      ↳Alert, 0x115b2c280, {{-187.5, -191.5}, {780.0, 1080.0}}, identifier: 'universal-session'
       ↳ScrollView, 0x115b2d7c0, {{0.0, 154.5}, {375.0, 512.5}}
        ↳Other, 0x115b2d900, {{0.0, -624.5}, {375.0, 1488.0}}
         ↳TextField, 0x115b2fe80, {{24.0, 602.5}, {165.0, 44.0}}, identifier: 'session-numeric-answer', placeholderValue: 'Value in %', value: Value in %
Query chain:
 →Find: Target Application 'com.zacrotech.NeuroForge'
  Output: {
    Application, 0x115b661c0, pid: 60309, label: 'NeuroForge'
  }
  ↪︎Find: Descendants matching type Any
    Output: {
      Window (Main), 0x115b42300, {{0.0, 0.0}, {375.0, 667.0}}
      Other, 0x115b42440, {{0.0, 0.0}, {375.0, 667.0}}
      Other, 0x115b61040, {{0.0, 0.0}, {375.0, 667.0}}
      Other, 0x115b42580, {{0.0, 0.0}, {375.0, 667.0}}
      Other, 0x115b61180, {{0.0, 0.0}, {375.0, 667.0}}
      Other, 0x115b426c0, {{0.0, 0.0}, {375.0, 667.0}}
      Other, 0x115b612c0, {{0.0, 0.0}, {375.0, 667.0}}
      Other, 0x115b42800, {{0.0, 0.0}, {375.0, 667.0}}
      Alert, 0x115b61400, {{-187.5, -191.5}, {780.0, 1080.0}}, identifier: 'universal-session'
      Other, 0x115b42940, {{0.0, 0.0}, {375.0, 667.0}}
      Button, 0x115b61540, {{20.0, 32.0}, {44.0, 44.0}}, identifier: 'pause.fill', label: 'Pause session'
      Image, 0x115b61680, {{74.0, 35.0}, {38.0, 38.0}}, identifier: 'chart.xyaxis.line', label: 'chart.xyaxis.line'
      StaticText, 0x115b617c0, {{122.0, 35.5}, {49.0, 14.5}}, label: 'Practice'
      StaticText, 0x115b61900, {{122.0, 52.0}, {166.5, 20.5}}, label: 'Quantitative intuition'
      StaticText, 0x115b61a40, {{20.0, 97.0}, {31.0, 18.0}}, label: '1 / 5'
      StaticText, 0x115b61b80, {{59.0, 98.8}, {50.5, 14.5}}, label: 'Untimed session'
      Button, 0x115b61cc0, {{117.5, 99.0}, {38.5, 14.5}}, label: 'Timing'
      Button, 0x115b62080, {{215.0, 84.0}, {44.0, 44.0}}, identifier: 'session-header-save-close', label: 'Save and close session'
      Button, 0x115b621c0, {{263.0, 84.0}, {44.0, 44.0}}, identifier: 'square.and.pencil', label: 'Open scratchpad'
      Button, 0x115b62300, {{311.0, 84.0}, {44.0, 44.0}}, label: 'Session controls'
      ProgressIndicator, 0x115b626c0, {{20.0, 138.0}, {335.0, 4.0}}, identifier: 'session-position', label: 'Session progress', value: 1 / 5
      ScrollView, 0x115b62940, {{0.0, 154.5}, {375.0, 512.5}}
      Button, 0x115b66080, {{98.5, 604.5}, {178.0, 50.5}}, identifier: 'session-submit', label: 'Submit response', Disabled
      Other, 0x115b42a80, {{0.0, 0.0}, {375.0, 667.0}}
      Other, 0x115b466c0, {{0.0, 584.0}, {375.0, 83.0}}
      Button, 0x115b61e00, {{117.5, 99.0}, {38.5, 14.5}}
      Button, 0x115b62440, {{311.0, 84.0}, {44.0, 44.0}}
      ProgressIndicator, 0x115b62800, {{20.0, 128.0}, {335.0, 24.0}}, value: 0%
      Other, 0x115b62a80, {{0.0, -624.5}, {375.0, 1488.0}}
      Other, 0x115b65b80, {{342.0, 154.5}, {30.0, 430.0}}, label: 'Vertical scroll bar, 4 pages', value: 74%
      Other, 0x115b42bc0, {{0.0, 0.0}, {375.0, 667.0}}
      Other, 0x115b46800, {{0.0, 0.0}, {375.0, 667.0}}
      Other, 0x115b60640, {{0.0, 584.0}, {375.0, 83.0}}
      StaticText, 0x115b61f40, {{117.5, 98.8}, {38.5, 14.5}}, label: 'Timing'
      Image, 0x115b62580, {{311.0, 84.0}, {44.0, 44.0}}, identifier: 'ellipsis.circle', label: 'More'
      StaticText, 0x115b62bc0, {{24.0, -600.5}, {113.5, 26.5}}, label: 'Quantitative'
      StaticText, 0x115b62f80, {{24.0, -554.0}, {327.0, 39.0}}, label: 'General STEM. Report one decimal place; small rounding differences are accepted.'
      StaticText, 0x115b630c0, {{38.0, -481.5}, {285.5, 19.0}}, label: 'Enter the percentage and the % unit.'
      Other, 0x115b63200, {{24.0, -429.0}, {314.5, 143.5}}, identifier: 'session-prompt', label: 'In a measurement study, 43 of 64 observations meet the criterion. Estimate the observed proportion as a percentage.'
      StaticText, 0x115b63480, {{40.0, -249.5}, {289.5, 38.0}}, label: '43 observations meet the criterion and 21 do not.'
      Other, 0x115b635c0, {{40.0, -173.5}, {276.0, 138.0}}, identifier: 'session-data-chart', label: '43 observations meet the criterion and 21 do not.', value: The vertical scale...
      Other, 0x115b63700, {{40.0, -173.5}, {276.0, 138.0}}, identifier: 'session-data-chart', label: '43 observations meet the criterion and 21 do not.', value: The vertical scale...
      Button, 0x115b63ac0, {{40.0, 20.5}, {154.5, 34.5}}, identifier: 'session-data-inspection', label: 'Inspect outcome, Meets criterion'
      StaticText, 0x115b63d40, {{40.0, 71.0}, {123.5, 47.0}}, identifier: 'session-data-inspected-point', label: 'Meets criterion, 43 observations'
      Button, 0x115b64140, {{40.0, 134.0}, {295.0, 52.0}}, identifier: 'session-data-table', label: 'Data table'
      StaticText, 0x115b64500, {{40.0, 230.0}, {287.0, 20.5}}, label: 'Predict before using the explanation'
      StaticText, 0x115b64640, {{40.0, 262.5}, {260.5, 38.0}}, label: 'Your prediction stays saved while you revise your final answer.'
      TextField, 0x115b64780, {{40.0, 312.5}, {271.5, 44.0}}, identifier: 'session-data-prediction-input', placeholderValue: 'Predicted percentage', value: Predicted percentage
      StaticText, 0x115b648c0, {{319.5, 326.5}, {15.5, 20.5}}, label: 'Percent'
      Button, 0x115b64a00, {{40.0, 368.5}, {239.5, 56.5}}, identifier: 'session-data-reveal-denominator', label: 'Save prediction and inspect denominator', Disabled
      StaticText, 0x115b64b40, {{40.0, 437.0}, {291.0, 34.0}}, label: 'This explanation is recorded as support. It does not change final-answer credit.'
      Other, 0x115b64c80, {{24.0, 507.0}, {327.0, 75.5}}, label: 'One hundred times the count divided by the total'
      TextField, 0x115b65040, {{24.0, 602.5}, {165.0, 44.0}}, identifier: 'session-numeric-answer', placeholderValue: 'Value in %', value: Value in %
      TextField, 0x115b65180, {{201.0, 602.5}, {150.0, 44.0}}, placeholderValue: 'Unit', value: Unit
      Button, 0x115b652c0, {{24.0, 666.5}, {327.0, 28.5}}, label: 'Confidence (optional)'
      Button, 0x115b65680, {{24.0, 715.0}, {100.5, 34.5}}, label: 'Use a hint'
      Button, 0x115b657c0, {{132.5, 715.0}, {146.0, 34.5}}, label: 'Skip — no score'
      StaticText, 0x115b65900, {{25.0, 769.5}, {118.0, 16.0}}, identifier: 'session-response-requirement', label: 'Enter a number.'
      StaticText, 0x115b65a40, {{24.0, 805.5}, {292.0, 34.0}}, label: 'Confidence is optional. Your answer determines the result.'
      Other, 0x115b65cc0, {{369.0, 367.5}, {3.0, 138.5}}
      Other, 0x115b42d00, {{0.0, 0.0}, {375.0, 667.0}}
      TabBar, 0x115b46940, {{0.0, 584.0}, {375.0, 83.0}}, label: 'Tab Bar'
      Other, 0x115b60780, {{0.0, 584.0}, {375.0, 83.0}}
      Image, 0x115b62d00, {{35.5, -593.0}, {13.0, 11.5}}, identifier: 'chart.xyaxis.line', label: 'chart.xyaxis.line'
      StaticText, 0x115b62e40, {{55.0, -594.5}, {72.5, 14.5}}, label: 'Quantitative'
      StaticText, 0x115b63340, {{24.0, -429.0}, {314.5, 143.5}}, label: 'In a measurement study, 43 of 64 observations meet the criterion. Estimate the observed proportion as a percentage.'
      Other, 0x115b63840, {{40.0, -173.5}, {138.0, 138.0}}, label: 'Meets criterion', value: 43
      Other, 0x115b63980, {{178.0, -173.5}, {138.0, 138.0}}, label: 'Does not meet', value: 21
      StaticText, 0x115b63c00, {{52.0, 27.5}, {114.5, 20.5}}, label: 'Meets criterion'
      StaticText, 0x115b63e80, {{40.0, 71.0}, {120.0, 20.5}}, label: 'Meets criterion'
      StaticText, 0x115b64000, {{40.0, 97.5}, {123.5, 20.5}}, label: '43 observations'
      StaticText, 0x115b64280, {{40.0, 134.0}, {295.0, 52.0}}, label: 'Data table'
      Image, 0x115b643c0, {{327.0, 154.0}, {7.0, 12.0}}, identifier: 'collapsed'
      Other, 0x115b64dc0, {{36.0, 522.0}, {73.0, 45.5}}, label: '100 times k divided by n'
      StaticText, 0x115b65400, {{24.0, 666.5}, {327.0, 28.5}}, label: 'Confidence (optional)'
      Image, 0x115b65540, {{343.0, 674.5}, {7.0, 12.0}}, identifier: 'collapsed'
      Other, 0x115b42e40, {{0.0, 0.0}, {375.0, 667.0}}
      Other, 0x115b46a80, {{21.0, 584.0}, {333.0, 62.0}}
      Other, 0x115b608c0, {{0.0, 584.0}, {375.0, 83.0}}
      Other, 0x115b64f00, {{36.0, 522.0}, {73.0, 45.5}}
      Other, 0x115b42f80, {{0.0, 0.0}, {375.0, 667.0}}
      Other, 0x115b46bc0, {{21.0, 584.0}, {74.0, 54.0}}
      Other, 0x115b46d00, {{21.0, 584.0}, {333.0, 62.0}}
      Other, 0x115b47d40, {{25.0, 588.0}, {74.0, 54.0}}
      Other, 0x115b60a00, {{0.0, 584.0}, {375.0, 83.0}}
      Other, 0x115b60dc0, {{0.0, 584.0}, {375.0, 83.0}}
      Other, 0x115b430c0, {{0.0, 0.0}, {375.0, 667.0}}, identifier: 'destination-today'
      Other, 0x115b46580, {{0.0, 516.0}, {375.0, 68.0}}
      Button, 0x115b46e40, {{25.0, 588.0}, {74.0, 54.0}}, label: 'Today', Selected
      Button, 0x115b470c0, {{87.2, 588.0}, {74.0, 54.0}}, label: 'Practice'
      Button, 0x115b475c0, {{149.5, 588.0}, {76.0, 54.0}}, label: 'Progress'
      Button, 0x115b47840, {{213.8, 588.0}, {74.0, 54.0}}, label: 'Sources'
      Button, 0x115b47e80, {{276.0, 588.0}, {74.0, 54.0}}, label: 'Settings'
      Other, 0x115b47c00, {{25.0, 588.0}, {74.0, 54.0}}
      Other, 0x115b60b40, {{0.0, 584.0}, {375.0, 83.0}}
      Other, 0x115b60f00, {{0.0, 584.0}, {375.0, 83.0}}
      NavigationBar, 0x115b43200, {{0.0, 20.0}, {375.0, 106.0}}, identifier: 'Today'
      Other, 0x115b43480, {{0.0, 0.0}, {375.0, 667.0}}
      Other, 0x115b46300, {{0.0, 0.0}, {375.0, 667.0}}
      Image, 0x115b46f80, {{50.0, 592.5}, {23.5, 29.0}}, identifier: 'flame.fill', label: 'Flame'
      Image, 0x115b47480, {{108.2, 592.5}, {31.5, 31.5}}, identifier: 'scope', label: 'scope'
      Image, 0x115b47700, {{172.5, 595.5}, {31.0, 25.5}}, identifier: 'chart.line.uptrend.xyaxis', label: 'chart line'
      Image, 0x115b47980, {{233.8, 593.0}, {33.5, 29.5}}, identifier: 'books.vertical.fill', label: 'Bookshelf'
      Image, 0x115b47ac0, {{299.0, 594.0}, {28.0, 28.0}}, identifier: 'gearshape.fill', label: 'gearshape.fill'
      Other, 0x115b47200, {{25.0, 588.0}, {74.0, 54.0}}
      Other, 0x115b47340, {{25.0, 588.0}, {74.0, 54.0}}
      Other, 0x115b60c80, {{0.0, 584.0}, {375.0, 83.0}}
      StaticText, 0x115b43340, {{16.0, 77.5}, {95.5, 41.0}}, label: 'Today'
      Other, 0x115b435c0, {{0.0, 0.0}, {375.0, 667.0}}
      Other, 0x115b46440, {{0.0, 0.0}, {375.0, 667.0}}
      Other, 0x115b60000, {{25.0, 588.0}, {74.0, 54.0}}
      Other, 0x115b60500, {{25.0, 588.0}, {74.0, 54.0}}
      Other, 0x115b43700, {{0.0, 0.0}, {375.0, 667.0}}
      Other, 0x115b60140, {{25.0, 588.0}, {74.0, 54.0}}
      Other, 0x115b603c0, {{25.0, 588.0}, {74.0, 54.0}}
      Other, 0x115b43840, {{0.0, 0.0}, {375.0, 667.0}}
      Other, 0x115b60280, {{25.0, 588.0}, {74.0, 54.0}}
      ScrollView, 0x115b43980, {{0.0, 0.0}, {375.0, 667.0}}
      Other, 0x115b43ac0, {{0.0, 0.0}, {375.0, 667.0}}
      Other, 0x115b43e80, {{0.0, 0.0}, {375.0, 667.0}}
      Other, 0x115b697c0, {{0.0, 126.0}, {375.0, 1335.0}}
      Other, 0x115b743c0, {{342.0, 74.0}, {30.0, 510.0}}, label: 'Vertical scroll bar, 3 pages', value: 0%
      Other, 0x115b43c00, {{0.0, 0.0}, {375.0, 128.8}}
      Other, 0x115b43d40, {{0.0, 519.2}, {375.0, 147.8}}
      Other, 0x115b6a080, {{0.0, 519.2}, {375.0, 147.8}}
      Other, 0x115b69680, {{16.0, 150.0}, {343.0, 1098.0}}
      Other, 0x115b74000, {{369.0, 77.0}, {3.0, 221.0}}
      Image, 0x115b69e00, {{-120.0, 524.0}, {615.0, 286.0}}, identifier: 'AdditionalDimmingOverlay'
      Other, 0x115b69f40, {{0.0, 519.2}, {375.0, 147.8}}
      Other, 0x115b69cc0, {{0.0, 519.2}, {375.0, 147.8}}
      StaticText, 0x115b692c0, {{16.0, 150.0}, {248.0, 41.0}}, label: 'Good afternoon'
      StaticText, 0x115b69540, {{16.0, 196.0}, {157.0, 18.0}}, label: 'Saturday, September 5'
      Image, 0x115b69400, {{35.5, 258.5}, {15.0, 11.0}}, identifier: 'internaldrive', label: 'internaldrive'
      StaticText, 0x115b69180, {{35.5, 256.0}, {149.5, 16.0}}, label: 'Saved on this device'
      StaticText, 0x115b69040, {{34.0, 284.0}, {216.5, 26.5}}, label: 'Quantitative Intuition'
      StaticText, 0x115b68c80, {{34.0, 322.5}, {103.5, 18.0}}, label: 'Question 1 of 5'
      Button, 0x115b68dc0, {{34.0, 352.5}, {170.5, 50.5}}, identifier: 'continue-session', label: 'Continue session'
      Button, 0x115b68f00, {{16.0, 445.0}, {343.0, 58.0}}, label: 'You're up to date.'
      StaticText, 0x115b68780, {{16.0, 527.0}, {209.5, 33.5}}, label: 'Circuit chapters'
      StaticText, 0x115b68640, {{16.0, 566.5}, {314.5, 38.0}}, label: 'Recall, build, cross over, and reflect. Start the whole circuit above or choose one chapter.'
      Other, 0x115b68500, {{16.0, 618.5}, {343.0, 186.0}}
      StaticText, 0x115b4f980, {{16.0, 1028.5}, {189.5, 33.5}}, label: 'Quick practice'
      StaticText, 0x115b4f700, {{16.0, 1068.0}, {303.0, 18.0}}, label: 'Choose a short activity outside today’s plan.'
      Button, 0x115b4f5c0, {{16.0, 1100.0}, {343.0, 68.0}}, identifier: 'quick-practice-mental-math', label: 'Mental math, 5 minutes'
      Button, 0x115b4ef80, {{16.0, 1180.0}, {343.0, 68.0}}, identifier: 'quick-practice-source-reviews', label: 'Source reviews, No sources yet'
      Other, 0x115b69b80, {{0.0, 519.2}, {375.0, 147.8}}
      Other, 0x115b69a40, {{0.0, 519.2}, {375.0, 147.8}}
      Other, 0x115b69900, {{0.0, 519.2}, {375.0, 147.8}}
      Image, 0x115b68b40, {{27.5, 465.5}, {19.0, 17.0}}, identifier: 'clock.arrow.circlepath', label: 'clock.arrow.circlepath'
      StaticText, 0x115b68a00, {{27.5, 463.8}, {163.0, 20.5}}, label: 'You're up to date.'
      Image, 0x115b688c0, {{337.5, 467.0}, {8.5, 14.5}}, identifier: 'chevron.right', label: 'Forward'
      Button, 0x115b68140, {{16.0, 618.5}, {343.0, 186.0}}, label: 'CHAPTER 1, Logic, Not completed, Logic, Practice Logic with a focused set., 3 min, +25 completion XP'
      Image, 0x115b4f480, {{30.0, 1114.0}, {40.0, 40.0}}, identifier: 'function', label: 'Function'
      StaticText, 0x115b4f340, {{82.0, 1116.8}, {89.5, 18.0}}, label: 'Mental math'
      StaticText, 0x115b4f200, {{82.0, 1136.8}, {56.0, 14.5}}, label: '5 minutes'
      Image, 0x115b4f0c0, {{334.0, 1129.5}, {9.5, 9.5}}, identifier: 'arrow.up.right', label: 'arrow.up.right'
      Image, 0x115b4ebc0, {{30.0, 1194.0}, {40.0, 40.0}}, identifier: 'clock.arrow.circlepath', label: 'clock.arrow.circlepath'
      StaticText, 0x115b4ea80, {{82.0, 1196.8}, {109.0, 18.0}}, label: 'Source reviews'
      StaticText, 0x115b74500, {{82.0, 1216.8}, {85.0, 14.5}}, label: 'No sources yet'
      Image, 0x115b74140, {{334.0, 1209.5}, {9.5, 9.5}}, identifier: 'arrow.up.right', label: 'arrow.up.right'
      Image, 0x115b683c0, {{32.0, 634.5}, {44.0, 44.0}}, identifier: 'point.3.connected.trianglepath.dotted', label: 'point.3.connected.trianglepath.dotted'
      StaticText, 0x115b68280, {{84.0, 634.5}, {75.5, 13.5}}, label: 'CHAPTER 1'
      StaticText, 0x115b68000, {{84.0, 651.0}, {32.0, 14.5}}, label: 'Logic'
      Image, 0x115b4ed00, {{321.5, 636.0}, {20.0, 20.0}}, identifier: 'circle', label: 'Not completed'
      StaticText, 0x115b4ee40, {{32.0, 692.5}, {43.0, 20.5}}, label: 'Logic'
      StaticText, 0x115b4fc00, {{32.0, 717.0}, {230.5, 18.0}}, label: 'Practice Logic with a focused set.'
      Image, 0x115b4fac0, {{33.0, 775.0}, {12.0, 12.0}}, identifier: 'clock', label: 'Clock'
      StaticText, 0x115b4f840, {{33.0, 774.0}, {52.5, 14.5}}, label: '3 min'
      StaticText, 0x115b4fe80, {{93.5, 774.0}, {115.0, 14.5}}, label: '+25 completion XP'
      Image, 0x115b4fd40, {{336.0, 776.0}, {6.5, 11.0}}, identifier: 'chevron.right', label: 'Forward'
    }
    ↪︎Find: Elements matching predicate '"session-numeric-answer" IN identifiers'
      Output: {
        TextField, 0x115b41040, {{24.0, 602.5}, {165.0, 44.0}}, identifier: 'session-numeric-answer', placeholderValue: 'Value in %', value: Value in %
      }

    t =    26.83s             Wait for com.zacrotech.NeuroForge to idle
    t =    27.83s         Retrying `Type '67.2' into "session-numeric-answer" TextField` (attempt #3)
    t =    27.83s             Wait for com.zacrotech.NeuroForge to idle
    t =    27.84s             Find the "session-numeric-answer" TextField
    t =    27.94s             Check for interrupting elements affecting "session-numeric-answer" TextField
    t =    28.02s             Synthesize event
    t =    28.03s                 Get number of matches for: Elements containing elements matching predicate 'hasKeyboardFocus == 1'
    t =    28.13s                 Requesting snapshot of accessibility hierarchy for app with pid 60309
    t =    28.24s                 Find: Descendants matching type Any
    t =    28.24s                 Find: Elements matching predicate '"session-numeric-answer" IN identifiers'
    t =    28.27s                 Requesting snapshot of accessibility hierarchy for app with pid 60309
    t =    28.39s                 Find: Descendants matching type Any
    t =    28.39s                 Find: Elements matching predicate '"session-numeric-answer" IN identifiers'
    t =    28.39s                 Requesting snapshot of accessibility hierarchy for app with pid 60309
    t =    28.50s                 Find: Descendants matching type Any
    t =    28.51s                 Requesting snapshot of accessibility hierarchy for app with pid 60309
    t =    29.16s                 Requesting snapshot of accessibility hierarchy for app with pid 60309
    t =    29.29s                 Find: Descendants matching type Any
    t =    29.29s                 Find: Elements matching predicate '"session-numeric-answer" IN identifiers'
    t =    29.32s                 Requesting snapshot of accessibility hierarchy for app with pid 60309
    t =    29.44s                 Find: Descendants matching type Any
    t =    29.44s                 Find: Elements matching predicate '"session-numeric-answer" IN identifiers'
    t =    29.44s                 Requesting snapshot of accessibility hierarchy for app with pid 60309
    t =    29.56s                 Find: Descendants matching type Any
    t =    29.56s                 Requesting snapshot of accessibility hierarchy for app with pid 60309
    t =    30.25s                 Failed: Neither element nor any descendant has keyboard focus. Event dispatch snapshot: TextField, {{24.0, 602.5}, {165.0, 44.0}}, identifier: 'session-numeric-answer', placeholderValue: 'Value in %', value: Value in %
Element debug description:
Attributes: TextField, 0x115b97840, {{24.0, 602.5}, {165.0, 44.0}}, identifier: 'session-numeric-answer', placeholderValue: 'Value in %', value: Value in %
Element subtree:
 →TextField, 0x115b97840, {{24.0, 602.5}, {165.0, 44.0}}, identifier: 'session-numeric-answer', placeholderValue: 'Value in %', value: Value in %
Path to element:
 →Application, 0x115b44f00, pid: 60309, label: 'NeuroForge'
  ↳Window (Main), 0x115b44dc0, {{0.0, 0.0}, {375.0, 667.0}}
   ↳Other, 0x115b4cb40, {{0.0, 0.0}, {375.0, 667.0}}
    ↳Other, 0x115b4c280, {{0.0, 0.0}, {375.0, 667.0}}
     ↳Other, 0x115b4cf00, {{0.0, 0.0}, {375.0, 667.0}}
      ↳Alert, 0x115b4d400, {{-187.5, -191.5}, {780.0, 1080.0}}, identifier: 'universal-session'
       ↳ScrollView, 0x115b4e580, {{0.0, 154.5}, {375.0, 512.5}}
        ↳Other, 0x115b0f0c0, {{0.0, -624.5}, {375.0, 1488.0}}
         ↳TextField, 0x115b97840, {{24.0, 602.5}, {165.0, 44.0}}, identifier: 'session-numeric-answer', placeholderValue: 'Value in %', value: Value in %
Query chain:
 →Find: Target Application 'com.zacrotech.NeuroForge'
  Output: {
    Application, 0x115b8de00, pid: 60309, label: 'NeuroForge'
  }
  ↪︎Find: Descendants matching type Any
    Output: {
      Window (Main), 0x115b26300, {{0.0, 0.0}, {375.0, 667.0}}
      Other, 0x115b26440, {{0.0, 0.0}, {375.0, 667.0}}
      Other, 0x115b4f980, {{0.0, 0.0}, {375.0, 667.0}}
      Other, 0x115b26580, {{0.0, 0.0}, {375.0, 667.0}}
      Other, 0x115b4fd40, {{0.0, 0.0}, {375.0, 667.0}}
      Other, 0x115b266c0, {{0.0, 0.0}, {375.0, 667.0}}
      Other, 0x115b4f480, {{0.0, 0.0}, {375.0, 667.0}}
      Other, 0x115b26800, {{0.0, 0.0}, {375.0, 667.0}}
      Alert, 0x115b4f700, {{-187.5, -191.5}, {780.0, 1080.0}}, identifier: 'universal-session'
      Other, 0x115b26940, {{0.0, 0.0}, {375.0, 667.0}}
      Button, 0x115b4f200, {{20.0, 32.0}, {44.0, 44.0}}, identifier: 'pause.fill', label: 'Pause session'
      Image, 0x115b4f340, {{74.0, 35.0}, {38.0, 38.0}}, identifier: 'chart.xyaxis.line', label: 'chart.xyaxis.line'
      StaticText, 0x115b4f5c0, {{122.0, 35.5}, {49.0, 14.5}}, label: 'Practice'
      StaticText, 0x115b4f0c0, {{122.0, 52.0}, {166.5, 20.5}}, label: 'Quantitative intuition'
      StaticText, 0x115b4ea80, {{20.0, 97.0}, {31.0, 18.0}}, label: '1 / 5'
      StaticText, 0x115b74000, {{59.0, 98.8}, {50.5, 14.5}}, label: 'Untimed session'
      Button, 0x115b74140, {{117.5, 99.0}, {38.5, 14.5}}, label: 'Timing'
      Button, 0x115b74280, {{215.0, 84.0}, {44.0, 44.0}}, identifier: 'session-header-save-close', label: 'Save and close session'
      Button, 0x115b461c0, {{263.0, 84.0}, {44.0, 44.0}}, identifier: 'square.and.pencil', label: 'Open scratchpad'
      Button, 0x115b46300, {{311.0, 84.0}, {44.0, 44.0}}, label: 'Session controls'
      ProgressIndicator, 0x115b46580, {{20.0, 138.0}, {335.0, 4.0}}, identifier: 'session-position', label: 'Session progress', value: 1 / 5
      ScrollView, 0x115b46f80, {{0.0, 154.5}, {375.0, 512.5}}
      Button, 0x115b65e00, {{98.5, 604.5}, {178.0, 50.5}}, identifier: 'session-submit', label: 'Submit response', Disabled
      Other, 0x115b26a80, {{0.0, 0.0}, {375.0, 667.0}}
      Other, 0x115b69040, {{0.0, 584.0}, {375.0, 83.0}}
      Button, 0x115b74500, {{117.5, 99.0}, {38.5, 14.5}}
      Button, 0x115b46440, {{311.0, 84.0}, {44.0, 44.0}}
      ProgressIndicator, 0x115b47700, {{20.0, 128.0}, {335.0, 24.0}}, value: 0%
      Other, 0x115b46e40, {{0.0, -624.5}, {375.0, 1488.0}}
      Other, 0x115b65900, {{342.0, 154.5}, {30.0, 430.0}}, label: 'Vertical scroll bar, 4 pages', value: 74%
      Other, 0x115b26bc0, {{0.0, 0.0}, {375.0, 667.0}}
      Other, 0x115b69180, {{0.0, 0.0}, {375.0, 667.0}}
      Other, 0x115b4ef80, {{0.0, 584.0}, {375.0, 83.0}}
      StaticText, 0x115b743c0, {{117.5, 98.8}, {38.5, 14.5}}, label: 'Timing'
      Image, 0x115b46bc0, {{311.0, 84.0}, {44.0, 44.0}}, identifier: 'ellipsis.circle', label: 'More'
      StaticText, 0x115b47480, {{24.0, -600.5}, {113.5, 26.5}}, label: 'Quantitative'
      StaticText, 0x115b475c0, {{24.0, -554.0}, {327.0, 39.0}}, label: 'General STEM. Report one decimal place; small rounding differences are accepted.'
      StaticText, 0x115b47980, {{38.0, -481.5}, {285.5, 19.0}}, label: 'Enter the percentage and the % unit.'
      Other, 0x115b47840, {{24.0, -429.0}, {314.5, 143.5}}, identifier: 'session-prompt', label: 'In a measurement study, 43 of 64 observations meet the criterion. Estimate the observed proportion as a percentage.'
      StaticText, 0x115b46d00, {{40.0, -249.5}, {289.5, 38.0}}, label: '43 observations meet the criterion and 21 do not.'
      Other, 0x115b47200, {{40.0, -173.5}, {276.0, 138.0}}, identifier: 'session-data-chart', label: '43 observations meet the criterion and 21 do not.', value: The vertical scale...
      Other, 0x115b47340, {{40.0, -173.5}, {276.0, 138.0}}, identifier: 'session-data-chart', label: '43 observations meet the criterion and 21 do not.', value: The vertical scale...
      Button, 0x115b46a80, {{40.0, 20.5}, {154.5, 34.5}}, identifier: 'session-data-inspection', label: 'Inspect outcome, Meets criterion'
      StaticText, 0x115b46800, {{40.0, 71.0}, {123.5, 47.0}}, identifier: 'session-data-inspected-point', label: 'Meets criterion, 43 observations'
      Button, 0x115b65680, {{40.0, 134.0}, {295.0, 52.0}}, identifier: 'session-data-table', label: 'Data table'
      StaticText, 0x115b64000, {{40.0, 230.0}, {287.0, 20.5}}, label: 'Predict before using the explanation'
      StaticText, 0x115b64280, {{40.0, 262.5}, {260.5, 38.0}}, label: 'Your prediction stays saved while you revise your final answer.'
      TextField, 0x115b643c0, {{40.0, 312.5}, {271.5, 44.0}}, identifier: 'session-data-prediction-input', placeholderValue: 'Predicted percentage', value: Predicted percentage
      StaticText, 0x115b64640, {{319.5, 326.5}, {15.5, 20.5}}, label: 'Percent'
      Button, 0x115b64780, {{40.0, 368.5}, {239.5, 56.5}}, identifier: 'session-data-reveal-denominator', label: 'Save prediction and inspect denominator', Disabled
      StaticText, 0x115b64f00, {{40.0, 437.0}, {291.0, 34.0}}, label: 'This explanation is recorded as support. It does not change final-answer credit.'
      Other, 0x115b648c0, {{24.0, 507.0}, {327.0, 75.5}}, label: 'One hundred times the count divided by the total'
      TextField, 0x115b64dc0, {{24.0, 602.5}, {165.0, 44.0}}, identifier: 'session-numeric-answer', placeholderValue: 'Value in %', value: Value in %
      TextField, 0x115b64c80, {{201.0, 602.5}, {150.0, 44.0}}, placeholderValue: 'Unit', value: Unit
      Button, 0x115b65040, {{24.0, 666.5}, {327.0, 28.5}}, label: 'Confidence (optional)'
      Button, 0x115b65540, {{24.0, 715.0}, {100.5, 34.5}}, label: 'Use a hint'
      Button, 0x115b652c0, {{132.5, 715.0}, {146.0, 34.5}}, label: 'Skip — no score'
      StaticText, 0x115b66080, {{25.0, 769.5}, {118.0, 16.0}}, identifier: 'session-response-requirement', label: 'Enter a number.'
      StaticText, 0x115b65cc0, {{24.0, 805.5}, {292.0, 34.0}}, label: 'Confidence is optional. Your answer determines the result.'
      Other, 0x115b65a40, {{369.0, 367.5}, {3.0, 138.5}}
      Other, 0x115b26d00, {{0.0, 0.0}, {375.0, 667.0}}
      TabBar, 0x115b69e00, {{0.0, 584.0}, {375.0, 83.0}}, label: 'Tab Bar'
      Other, 0x115b4fac0, {{0.0, 584.0}, {375.0, 83.0}}
      Image, 0x115b470c0, {{35.5, -593.0}, {13.0, 11.5}}, identifier: 'chart.xyaxis.line', label: 'chart.xyaxis.line'
      StaticText, 0x115b47e80, {{55.0, -594.5}, {72.5, 14.5}}, label: 'Quantitative'
      StaticText, 0x115b47ac0, {{24.0, -429.0}, {314.5, 143.5}}, label: 'In a measurement study, 43 of 64 observations meet the criterion. Estimate the observed proportion as a percentage.'
      Other, 0x115b47c00, {{40.0, -173.5}, {138.0, 138.0}}, label: 'Meets criterion', value: 43
      Other, 0x115b47d40, {{178.0, -173.5}, {138.0, 138.0}}, label: 'Does not meet', value: 21
      StaticText, 0x115b46940, {{52.0, 27.5}, {114.5, 20.5}}, label: 'Meets criterion'
      StaticText, 0x115b466c0, {{40.0, 71.0}, {120.0, 20.5}}, label: 'Meets criterion'
      StaticText, 0x115b657c0, {{40.0, 97.5}, {123.5, 20.5}}, label: '43 observations'
      StaticText, 0x115b64500, {{40.0, 134.0}, {295.0, 52.0}}, label: 'Data table'
      Image, 0x115b64140, {{327.0, 154.0}, {7.0, 12.0}}, identifier: 'collapsed'
      Other, 0x115b64a00, {{36.0, 522.0}, {73.0, 45.5}}, label: '100 times k divided by n'
      StaticText, 0x115b65180, {{24.0, 666.5}, {327.0, 28.5}}, label: 'Confidence (optional)'
      Image, 0x115b65400, {{343.0, 674.5}, {7.0, 12.0}}, identifier: 'collapsed'
      Other, 0x115b26e40, {{0.0, 0.0}, {375.0, 667.0}}
      Other, 0x115b69a40, {{21.0, 584.0}, {333.0, 62.0}}
      Other, 0x115b4fc00, {{0.0, 584.0}, {375.0, 83.0}}
      Other, 0x115b64b40, {{36.0, 522.0}, {73.0, 45.5}}
      Other, 0x115b26f80, {{0.0, 0.0}, {375.0, 667.0}}
      Other, 0x115b69f40, {{21.0, 584.0}, {74.0, 54.0}}
      Other, 0x115b69b80, {{21.0, 584.0}, {333.0, 62.0}}
      Other, 0x115b68b40, {{25.0, 588.0}, {74.0, 54.0}}
      Other, 0x115b4ed00, {{0.0, 584.0}, {375.0, 83.0}}
      Other, 0x115b4fe80, {{0.0, 584.0}, {375.0, 83.0}}
      Other, 0x115b270c0, {{0.0, 0.0}, {375.0, 667.0}}, identifier: 'destination-today'
      Other, 0x115b68c80, {{0.0, 516.0}, {375.0, 68.0}}
      Button, 0x115b69900, {{25.0, 588.0}, {74.0, 54.0}}, label: 'Today', Selected
      Button, 0x115b6a080, {{87.2, 588.0}, {74.0, 54.0}}, label: 'Practice'
      Button, 0x115b69540, {{149.5, 588.0}, {76.0, 54.0}}, label: 'Progress'
      Button, 0x115b68280, {{213.8, 588.0}, {74.0, 54.0}}, label: 'Sources'
      Button, 0x115b68640, {{276.0, 588.0}, {74.0, 54.0}}, label: 'Settings'
      Other, 0x115b68780, {{25.0, 588.0}, {74.0, 54.0}}
      Other, 0x115b4ee40, {{0.0, 584.0}, {375.0, 83.0}}
      Other, 0x115b4f840, {{0.0, 584.0}, {375.0, 83.0}}
      NavigationBar, 0x115b27200, {{0.0, 20.0}, {375.0, 106.0}}, identifier: 'Today'
      Other, 0x115b27480, {{0.0, 0.0}, {375.0, 667.0}}
      Other, 0x115b421c0, {{0.0, 0.0}, {375.0, 667.0}}
      Image, 0x115b69cc0, {{50.0, 592.5}, {23.5, 29.0}}, identifier: 'flame.fill', label: 'Flame'
      Image, 0x115b692c0, {{108.2, 592.5}, {31.5, 31.5}}, identifier: 'scope', label: 'scope'
      Image, 0x115b69400, {{172.5, 595.5}, {31.0, 25.5}}, identifier: 'chart.line.uptrend.xyaxis', label: 'chart line'
      Image, 0x115b683c0, {{233.8, 593.0}, {33.5, 29.5}}, identifier: 'books.vertical.fill', label: 'Bookshelf'
      Image, 0x115b68a00, {{299.0, 594.0}, {28.0, 28.0}}, identifier: 'gearshape.fill', label: 'gearshape.fill'
      Other, 0x115b68f00, {{25.0, 588.0}, {74.0, 54.0}}
      Other, 0x115b688c0, {{25.0, 588.0}, {74.0, 54.0}}
      Other, 0x115b4ebc0, {{0.0, 584.0}, {375.0, 83.0}}
      StaticText, 0x115b27340, {{16.0, 77.5}, {95.5, 41.0}}, label: 'Today'
      Other, 0x115b275c0, {{0.0, 0.0}, {375.0, 667.0}}
      Other, 0x115b68dc0, {{0.0, 0.0}, {375.0, 667.0}}
      Other, 0x115b68000, {{25.0, 588.0}, {74.0, 54.0}}
      Other, 0x115b68500, {{25.0, 588.0}, {74.0, 54.0}}
      Other, 0x115b27700, {{0.0, 0.0}, {375.0, 667.0}}
      Other, 0x115b697c0, {{25.0, 588.0}, {74.0, 54.0}}
      Other, 0x115b69680, {{25.0, 588.0}, {74.0, 54.0}}
      Other, 0x115b27840, {{0.0, 0.0}, {375.0, 667.0}}
      Other, 0x115b68140, {{25.0, 588.0}, {74.0, 54.0}}
      ScrollView, 0x115b27980, {{0.0, 0.0}, {375.0, 667.0}}
      Other, 0x115b27ac0, {{0.0, 0.0}, {375.0, 667.0}}
      Other, 0x115b27e80, {{0.0, 0.0}, {375.0, 667.0}}
      Other, 0x115b617c0, {{0.0, 126.0}, {375.0, 1335.0}}
      Other, 0x115b42800, {{342.0, 74.0}, {30.0, 510.0}}, label: 'Vertical scroll bar, 3 pages', value: 0%
      Other, 0x115b27c00, {{0.0, 0.0}, {375.0, 128.8}}
      Other, 0x115b27d40, {{0.0, 519.2}, {375.0, 147.8}}
      Other, 0x115b62080, {{0.0, 519.2}, {375.0, 147.8}}
      Other, 0x115b61680, {{16.0, 150.0}, {343.0, 1098.0}}
      Other, 0x115b42300, {{369.0, 77.0}, {3.0, 221.0}}
      Image, 0x115b61e00, {{-120.0, 524.0}, {615.0, 286.0}}, identifier: 'AdditionalDimmingOverlay'
      Other, 0x115b61f40, {{0.0, 519.2}, {375.0, 147.8}}
      Other, 0x115b61cc0, {{0.0, 519.2}, {375.0, 147.8}}
      StaticText, 0x115b612c0, {{16.0, 150.0}, {248.0, 41.0}}, label: 'Good afternoon'
      StaticText, 0x115b61540, {{16.0, 196.0}, {157.0, 18.0}}, label: 'Saturday, September 5'
      Image, 0x115b61400, {{35.5, 258.5}, {15.0, 11.0}}, identifier: 'internaldrive', label: 'internaldrive'
      StaticText, 0x115b61180, {{35.5, 256.0}, {149.5, 16.0}}, label: 'Saved on this device'
      StaticText, 0x115b61040, {{34.0, 284.0}, {216.5, 26.5}}, label: 'Quantitative Intuition'
      StaticText, 0x115b60c80, {{34.0, 322.5}, {103.5, 18.0}}, label: 'Question 1 of 5'
      Button, 0x115b60dc0, {{34.0, 352.5}, {170.5, 50.5}}, identifier: 'continue-session', label: 'Continue session'
      Button, 0x115b60f00, {{16.0, 445.0}, {343.0, 58.0}}, label: 'You're up to date.'
      StaticText, 0x115b60780, {{16.0, 527.0}, {209.5, 33.5}}, label: 'Circuit chapters'
      StaticText, 0x115b60640, {{16.0, 566.5}, {314.5, 38.0}}, label: 'Recall, build, cross over, and reflect. Start the whole circuit above or choose one chapter.'
      Other, 0x115b60500, {{16.0, 618.5}, {343.0, 186.0}}
      StaticText, 0x115b43ac0, {{16.0, 1028.5}, {189.5, 33.5}}, label: 'Quick practice'
      StaticText, 0x115b43e80, {{16.0, 1068.0}, {303.0, 18.0}}, label: 'Choose a short activity outside today’s plan.'
      Button, 0x115b43840, {{16.0, 1100.0}, {343.0, 68.0}}, identifier: 'quick-practice-mental-math', label: 'Mental math, 5 minutes'
      Button, 0x115b42f80, {{16.0, 1180.0}, {343.0, 68.0}}, identifier: 'quick-practice-source-reviews', label: 'Source reviews, No sources yet'
      Other, 0x115b61b80, {{0.0, 519.2}, {375.0, 147.8}}
      Other, 0x115b61a40, {{0.0, 519.2}, {375.0, 147.8}}
      Other, 0x115b61900, {{0.0, 519.2}, {375.0, 147.8}}
      Image, 0x115b60b40, {{27.5, 465.5}, {19.0, 17.0}}, identifier: 'clock.arrow.circlepath', label: 'clock.arrow.circlepath'
      StaticText, 0x115b60a00, {{27.5, 463.8}, {163.0, 20.5}}, label: 'You're up to date.'
      Image, 0x115b608c0, {{337.5, 467.0}, {8.5, 14.5}}, identifier: 'chevron.right', label: 'Forward'
      Button, 0x115b60140, {{16.0, 618.5}, {343.0, 186.0}}, label: 'CHAPTER 1, Logic, Not completed, Logic, Practice Logic with a focused set., 3 min, +25 completion XP'
      Image, 0x115b43700, {{30.0, 1114.0}, {40.0, 40.0}}, identifier: 'function', label: 'Function'
      StaticText, 0x115b43480, {{82.0, 1116.8}, {89.5, 18.0}}, label: 'Mental math'
      StaticText, 0x115b435c0, {{82.0, 1136.8}, {56.0, 14.5}}, label: '5 minutes'
      Image, 0x115b430c0, {{334.0, 1129.5}, {9.5, 9.5}}, identifier: 'arrow.up.right', label: 'arrow.up.right'
      Image, 0x115b42bc0, {{30.0, 1194.0}, {40.0, 40.0}}, identifier: 'clock.arrow.circlepath', label: 'clock.arrow.circlepath'
      StaticText, 0x115b42e40, {{82.0, 1196.8}, {109.0, 18.0}}, label: 'Source reviews'
      StaticText, 0x115b42d00, {{82.0, 1216.8}, {85.0, 14.5}}, label: 'No sources yet'
      Image, 0x115b426c0, {{334.0, 1209.5}, {9.5, 9.5}}, identifier: 'arrow.up.right', label: 'arrow.up.right'
      Image, 0x115b603c0, {{32.0, 634.5}, {44.0, 44.0}}, identifier: 'point.3.connected.trianglepath.dotted', label: 'point.3.connected.trianglepath.dotted'
      StaticText, 0x115b60280, {{84.0, 634.5}, {75.5, 13.5}}, label: 'CHAPTER 1'
      StaticText, 0x115b60000, {{84.0, 651.0}, {32.0, 14.5}}, label: 'Logic'
      Image, 0x115b42940, {{321.5, 636.0}, {20.0, 20.0}}, identifier: 'circle', label: 'Not completed'
      StaticText, 0x115b42a80, {{32.0, 692.5}, {43.0, 20.5}}, label: 'Logic'
      StaticText, 0x115b43200, {{32.0, 717.0}, {230.5, 18.0}}, label: 'Practice Logic with a focused set.'
      Image, 0x115b43340, {{33.0, 775.0}, {12.0, 12.0}}, identifier: 'clock', label: 'Clock'
      StaticText, 0x115b43d40, {{33.0, 774.0}, {52.5, 14.5}}, label: '3 min'
      StaticText, 0x115b43c00, {{93.5, 774.0}, {115.0, 14.5}}, label: '+25 completion XP'
      Image, 0x115b43980, {{336.0, 776.0}, {6.5, 11.0}}, identifier: 'chevron.right', label: 'Forward'
    }
    ↪︎Find: Elements matching predicate '"session-numeric-answer" IN identifiers'
      Output: {
        TextField, 0x115b25040, {{24.0, 602.5}, {165.0, 44.0}}, identifier: 'session-numeric-answer', placeholderValue: 'Value in %', value: Value in %
      }

    t =    30.26s             Wait for com.zacrotech.NeuroForge to idle
    t =    30.26s         Requesting snapshot of accessibility hierarchy for app with pid 60309
/Users/takamimarsh/Developer/Projects/Zacro Tech/NeuroForge/UITests/NavigationSmokeUITests.swift:1092: error: -[NeuroForgeUITests.NavigationSmokeUITests testQuantitativeNumberAndUnitShowFeedbackAndAdvance] : Failed to synthesize event: Neither element nor any descendant has keyboard focus. Event dispatch snapshot: TextField, {{24.0, 602.5}, {165.0, 44.0}}, identifier: 'session-numeric-answer', placeholderValue: 'Value in %', value: Value in %
Element debug description:
Attributes: TextField, 0x115b97840, {{24.0, 602.5}, {165.0, 44.0}}, identifier: 'session-numeric-answer', placeholderValue: 'Value in %', value: Value in %
Element subtree:
 →TextField, 0x115b97840, {{24.0, 602.5}, {165.0, 44.0}}, identifier: 'session-numeric-answer', placeholderValue: 'Value in %', value: Value in %
Path to element:
 →Application, 0x115b44f00, pid: 60309, label: 'NeuroForge'
  ↳Window (Main), 0x115b44dc0, {{0.0, 0.0}, {375.0, 667.0}}
   ↳Other, 0x115b4cb40, {{0.0, 0.0}, {375.0, 667.0}}
    ↳Other, 0x115b4c280, {{0.0, 0.0}, {375.0, 667.0}}
     ↳Other, 0x115b4cf00, {{0.0, 0.0}, {375.0, 667.0}}
      ↳Alert, 0x115b4d400, {{-187.5, -191.5}, {780.0, 1080.0}}, identifier: 'universal-session'
       ↳ScrollView, 0x115b4e580, {{0.0, 154.5}, {375.0, 512.5}}
        ↳Other, 0x115b0f0c0, {{0.0, -624.5}, {375.0, 1488.0}}
         ↳TextField, 0x115b97840, {{24.0, 602.5}, {165.0, 44.0}}, identifier: 'session-numeric-answer', placeholderValue: 'Value in %', value: Value in %
Query chain:
 →Find: Target Application 'com.zacrotech.NeuroForge'
  Output: {
    Application, 0x115b8de00, pid: 60309, label: 'NeuroForge'
  }
  ↪︎Find: Descendants matching type Any
    Output: {
      Window (Main), 0x115b26300, {{0.0, 0.0}, {375.0, 667.0}}
      Other, 0x115b26440, {{0.0, 0.0}, {375.0, 667.0}}
      Other, 0x115b4f980, {{0.0, 0.0}, {375.0, 667.0}}
      Other, 0x115b26580, {{0.0, 0.0}, {375.0, 667.0}}
      Other, 0x115b4fd40, {{0.0, 0.0}, {375.0, 667.0}}
      Other, 0x115b266c0, {{0.0, 0.0}, {375.0, 667.0}}
      Other, 0x115b4f480, {{0.0, 0.0}, {375.0, 667.0}}
      Other, 0x115b26800, {{0.0, 0.0}, {375.0, 667.0}}
      Alert, 0x115b4f700, {{-187.5, -191.5}, {780.0, 1080.0}}, identifier: 'universal-session'
      Other, 0x115b26940, {{0.0, 0.0}, {375.0, 667.0}}
      Button, 0x115b4f200, {{20.0, 32.0}, {44.0, 44.0}}, identifier: 'pause.fill', label: 'Pause session'
      Image, 0x115b4f340, {{74.0, 35.0}, {38.0, 38.0}}, identifier: 'chart.xyaxis.line', label: 'chart.xyaxis.line'
      StaticText, 0x115b4f5c0, {{122.0, 35.5}, {49.0, 14.5}}, label: 'Practice'
      StaticText, 0x115b4f0c0, {{122.0, 52.0}, {166.5, 20.5}}, label: 'Quantitative intuition'
      StaticText, 0x115b4ea80, {{20.0, 97.0}, {31.0, 18.0}}, label: '1 / 5'
      StaticText, 0x115b74000, {{59.0, 98.8}, {50.5, 14.5}}, label: 'Untimed session'
      Button, 0x115b74140, {{117.5, 99.0}, {38.5, 14.5}}, label: 'Timing'
      Button, 0x115b74280, {{215.0, 84.0}, {44.0, 44.0}}, identifier: 'session-header-save-close', label: 'Save and close session'
      Button, 0x115b461c0, {{263.0, 84.0}, {44.0, 44.0}}, identifier: 'square.and.pencil', label: 'Open scratchpad'
      Button, 0x115b46300, {{311.0, 84.0}, {44.0, 44.0}}, label: 'Session controls'
      ProgressIndicator, 0x115b46580, {{20.0, 138.0}, {335.0, 4.0}}, identifier: 'session-position', label: 'Session progress', value: 1 / 5
      ScrollView, 0x115b46f80, {{0.0, 154.5}, {375.0, 512.5}}
      Button, 0x115b65e00, {{98.5, 604.5}, {178.0, 50.5}}, identifier: 'session-submit', label: 'Submit response', Disabled
      Other, 0x115b26a80, {{0.0, 0.0}, {375.0, 667.0}}
      Other, 0x115b69040, {{0.0, 584.0}, {375.0, 83.0}}
      Button, 0x115b74500, {{117.5, 99.0}, {38.5, 14.5}}
      Button, 0x115b46440, {{311.0, 84.0}, {44.0, 44.0}}
      ProgressIndicator, 0x115b47700, {{20.0, 128.0}, {335.0, 24.0}}, value: 0%
      Other, 0x115b46e40, {{0.0, -624.5}, {375.0, 1488.0}}
      Other, 0x115b65900, {{342.0, 154.5}, {30.0, 430.0}}, label: 'Vertical scroll bar, 4 pages', value: 74%
      Other, 0x115b26bc0, {{0.0, 0.0}, {375.0, 667.0}}
      Other, 0x115b69180, {{0.0, 0.0}, {375.0, 667.0}}
      Other, 0x115b4ef80, {{0.0, 584.0}, {375.0, 83.0}}
      StaticText, 0x115b743c0, {{117.5, 98.8}, {38.5, 14.5}}, label: 'Timing'
      Image, 0x115b46bc0, {{311.0, 84.0}, {44.0, 44.0}}, identifier: 'ellipsis.circle', label: 'More'
      StaticText, 0x115b47480, {{24.0, -600.5}, {113.5, 26.5}}, label: 'Quantitative'
      StaticText, 0x115b475c0, {{24.0, -554.0}, {327.0, 39.0}}, label: 'General STEM. Report one decimal place; small rounding differences are accepted.'
      StaticText, 0x115b47980, {{38.0, -481.5}, {285.5, 19.0}}, label: 'Enter the percentage and the % unit.'
      Other, 0x115b47840, {{24.0, -429.0}, {314.5, 143.5}}, identifier: 'session-prompt', label: 'In a measurement study, 43 of 64 observations meet the criterion. Estimate the observed proportion as a percentage.'
      StaticText, 0x115b46d00, {{40.0, -249.5}, {289.5, 38.0}}, label: '43 observations meet the criterion and 21 do not.'
      Other, 0x115b47200, {{40.0, -173.5}, {276.0, 138.0}}, identifier: 'session-data-chart', label: '43 observations meet the criterion and 21 do not.', value: The vertical scale...
      Other, 0x115b47340, {{40.0, -173.5}, {276.0, 138.0}}, identifier: 'session-data-chart', label: '43 observations meet the criterion and 21 do not.', value: The vertical scale...
      Button, 0x115b46a80, {{40.0, 20.5}, {154.5, 34.5}}, identifier: 'session-data-inspection', label: 'Inspect outcome, Meets criterion'
      StaticText, 0x115b46800, {{40.0, 71.0}, {123.5, 47.0}}, identifier: 'session-data-inspected-point', label: 'Meets criterion, 43 observations'
      Button, 0x115b65680, {{40.0, 134.0}, {295.0, 52.0}}, identifier: 'session-data-table', label: 'Data table'
      StaticText, 0x115b64000, {{40.0, 230.0}, {287.0, 20.5}}, label: 'Predict before using the explanation'
      StaticText, 0x115b64280, {{40.0, 262.5}, {260.5, 38.0}}, label: 'Your prediction stays saved while you revise your final answer.'
      TextField, 0x115b643c0, {{40.0, 312.5}, {271.5, 44.0}}, identifier: 'session-data-prediction-input', placeholderValue: 'Predicted percentage', value: Predicted percentage
      StaticText, 0x115b64640, {{319.5, 326.5}, {15.5, 20.5}}, label: 'Percent'
      Button, 0x115b64780, {{40.0, 368.5}, {239.5, 56.5}}, identifier: 'session-data-reveal-denominator', label: 'Save prediction and inspect denominator', Disabled
      StaticText, 0x115b64f00, {{40.0, 437.0}, {291.0, 34.0}}, label: 'This explanation is recorded as support. It does not change final-answer credit.'
      Other, 0x115b648c0, {{24.0, 507.0}, {327.0, 75.5}}, label: 'One hundred times the count divided by the total'
      TextField, 0x115b64dc0, {{24.0, 602.5}, {165.0, 44.0}}, identifier: 'session-numeric-answer', placeholderValue: 'Value in %', value: Value in %
      TextField, 0x115b64c80, {{201.0, 602.5}, {150.0, 44.0}}, placeholderValue: 'Unit', value: Unit
      Button, 0x115b65040, {{24.0, 666.5}, {327.0, 28.5}}, label: 'Confidence (optional)'
      Button, 0x115b65540, {{24.0, 715.0}, {100.5, 34.5}}, label: 'Use a hint'
      Button, 0x115b652c0, {{132.5, 715.0}, {146.0, 34.5}}, label: 'Skip — no score'
      StaticText, 0x115b66080, {{25.0, 769.5}, {118.0, 16.0}}, identifier: 'session-response-requirement', label: 'Enter a number.'
      StaticText, 0x115b65cc0, {{24.0, 805.5}, {292.0, 34.0}}, label: 'Confidence is optional. Your answer determines the result.'
      Other, 0x115b65a40, {{369.0, 367.5}, {3.0, 138.5}}
      Other, 0x115b26d00, {{0.0, 0.0}, {375.0, 667.0}}
      TabBar, 0x115b69e00, {{0.0, 584.0}, {375.0, 83.0}}, label: 'Tab Bar'
      Other, 0x115b4fac0, {{0.0, 584.0}, {375.0, 83.0}}
      Image, 0x115b470c0, {{35.5, -593.0}, {13.0, 11.5}}, identifier: 'chart.xyaxis.line', label: 'chart.xyaxis.line'
      StaticText, 0x115b47e80, {{55.0, -594.5}, {72.5, 14.5}}, label: 'Quantitative'
      StaticText, 0x115b47ac0, {{24.0, -429.0}, {314.5, 143.5}}, label: 'In a measurement study, 43 of 64 observations meet the criterion. Estimate the observed proportion as a percentage.'
      Other, 0x115b47c00, {{40.0, -173.5}, {138.0, 138.0}}, label: 'Meets criterion', value: 43
      Other, 0x115b47d40, {{178.0, -173.5}, {138.0, 138.0}}, label: 'Does not meet', value: 21
      StaticText, 0x115b46940, {{52.0, 27.5}, {114.5, 20.5}}, label: 'Meets criterion'
      StaticText, 0x115b466c0, {{40.0, 71.0}, {120.0, 20.5}}, label: 'Meets criterion'
      StaticText, 0x115b657c0, {{40.0, 97.5}, {123.5, 20.5}}, label: '43 observations'
      StaticText, 0x115b64500, {{40.0, 134.0}, {295.0, 52.0}}, label: 'Data table'
      Image, 0x115b64140, {{327.0, 154.0}, {7.0, 12.0}}, identifier: 'collapsed'
      Other, 0x115b64a00, {{36.0, 522.0}, {73.0, 45.5}}, label: '100 times k divided by n'
      StaticText, 0x115b65180, {{24.0, 666.5}, {327.0, 28.5}}, label: 'Confidence (optional)'
      Image, 0x115b65400, {{343.0, 674.5}, {7.0, 12.0}}, identifier: 'collapsed'
      Other, 0x115b26e40, {{0.0, 0.0}, {375.0, 667.0}}
      Other, 0x115b69a40, {{21.0, 584.0}, {333.0, 62.0}}
      Other, 0x115b4fc00, {{0.0, 584.0}, {375.0, 83.0}}
      Other, 0x115b64b40, {{36.0, 522.0}, {73.0, 45.5}}
      Other, 0x115b26f80, {{0.0, 0.0}, {375.0, 667.0}}
      Other, 0x115b69f40, {{21.0, 584.0}, {74.0, 54.0}}
      Other, 0x115b69b80, {{21.0, 584.0}, {333.0, 62.0}}
      Other, 0x115b68b40, {{25.0, 588.0}, {74.0, 54.0}}
      Other, 0x115b4ed00, {{0.0, 584.0}, {375.0, 83.0}}
      Other, 0x115b4fe80, {{0.0, 584.0}, {375.0, 83.0}}
      Other, 0x115b270c0, {{0.0, 0.0}, {375.0, 667.0}}, identifier: 'destination-today'
      Other, 0x115b68c80, {{0.0, 516.0}, {375.0, 68.0}}
      Button, 0x115b69900, {{25.0, 588.0}, {74.0, 54.0}}, label: 'Today', Selected
      Button, 0x115b6a080, {{87.2, 588.0}, {74.0, 54.0}}, label: 'Practice'
      Button, 0x115b69540, {{149.5, 588.0}, {76.0, 54.0}}, label: 'Progress'
      Button, 0x115b68280, {{213.8, 588.0}, {74.0, 54.0}}, label: 'Sources'
      Button, 0x115b68640, {{276.0, 588.0}, {74.0, 54.0}}, label: 'Settings'
      Other, 0x115b68780, {{25.0, 588.0}, {74.0, 54.0}}
      Other, 0x115b4ee40, {{0.0, 584.0}, {375.0, 83.0}}
      Other, 0x115b4f840, {{0.0, 584.0}, {375.0, 83.0}}
      NavigationBar, 0x115b27200, {{0.0, 20.0}, {375.0, 106.0}}, identifier: 'Today'
      Other, 0x115b27480, {{0.0, 0.0}, {375.0, 667.0}}
      Other, 0x115b421c0, {{0.0, 0.0}, {375.0, 667.0}}
      Image, 0x115b69cc0, {{50.0, 592.5}, {23.5, 29.0}}, identifier: 'flame.fill', label: 'Flame'
      Image, 0x115b692c0, {{108.2, 592.5}, {31.5, 31.5}}, identifier: 'scope', label: 'scope'
      Image, 0x115b69400, {{172.5, 595.5}, {31.0, 25.5}}, identifier: 'chart.line.uptrend.xyaxis', label: 'chart line'
      Image, 0x115b683c0, {{233.8, 593.0}, {33.5, 29.5}}, identifier: 'books.vertical.fill', label: 'Bookshelf'
      Image, 0x115b68a00, {{299.0, 594.0}, {28.0, 28.0}}, identifier: 'gearshape.fill', label: 'gearshape.fill'
      Other, 0x115b68f00, {{25.0, 588.0}, {74.0, 54.0}}
      Other, 0x115b688c0, {{25.0, 588.0}, {74.0, 54.0}}
      Other, 0x115b4ebc0, {{0.0, 584.0}, {375.0, 83.0}}
      StaticText, 0x115b27340, {{16.0, 77.5}, {95.5, 41.0}}, label: 'Today'
      Other, 0x115b275c0, {{0.0, 0.0}, {375.0, 667.0}}
      Other, 0x115b68dc0, {{0.0, 0.0}, {375.0, 667.0}}
      Other, 0x115b68000, {{25.0, 588.0}, {74.0, 54.0}}
      Other, 0x115b68500, {{25.0, 588.0}, {74.0, 54.0}}
      Other, 0x115b27700, {{0.0, 0.0}, {375.0, 667.0}}
      Other, 0x115b697c0, {{25.0, 588.0}, {74.0, 54.0}}
      Other, 0x115b69680, {{25.0, 588.0}, {74.0, 54.0}}
      Other, 0x115b27840, {{0.0, 0.0}, {375.0, 667.0}}
      Other, 0x115b68140, {{25.0, 588.0}, {74.0, 54.0}}
      ScrollView, 0x115b27980, {{0.0, 0.0}, {375.0, 667.0}}
      Other, 0x115b27ac0, {{0.0, 0.0}, {375.0, 667.0}}
      Other, 0x115b27e80, {{0.0, 0.0}, {375.0, 667.0}}
      Other, 0x115b617c0, {{0.0, 126.0}, {375.0, 1335.0}}
      Other, 0x115b42800, {{342.0, 74.0}, {30.0, 510.0}}, label: 'Vertical scroll bar, 3 pages', value: 0%
      Other, 0x115b27c00, {{0.0, 0.0}, {375.0, 128.8}}
      Other, 0x115b27d40, {{0.0, 519.2}, {375.0, 147.8}}
      Other, 0x115b62080, {{0.0, 519.2}, {375.0, 147.8}}
      Other, 0x115b61680, {{16.0, 150.0}, {343.0, 1098.0}}
      Other, 0x115b42300, {{369.0, 77.0}, {3.0, 221.0}}
      Image, 0x115b61e00, {{-120.0, 524.0}, {615.0, 286.0}}, identifier: 'AdditionalDimmingOverlay'
      Other, 0x115b61f40, {{0.0, 519.2}, {375.0, 147.8}}
      Other, 0x115b61cc0, {{0.0, 519.2}, {375.0, 147.8}}
      StaticText, 0x115b612c0, {{16.0, 150.0}, {248.0, 41.0}}, label: 'Good afternoon'
      StaticText, 0x115b61540, {{16.0, 196.0}, {157.0, 18.0}}, label: 'Saturday, September 5'
      Image, 0x115b61400, {{35.5, 258.5}, {15.0, 11.0}}, identifier: 'internaldrive', label: 'internaldrive'
      StaticText, 0x115b61180, {{35.5, 256.0}, {149.5, 16.0}}, label: 'Saved on this device'
      StaticText, 0x115b61040, {{34.0, 284.0}, {216.5, 26.5}}, label: 'Quantitative Intuition'
      StaticText, 0x115b60c80, {{34.0, 322.5}, {103.5, 18.0}}, label: 'Question 1 of 5'
      Button, 0x115b60dc0, {{34.0, 352.5}, {170.5, 50.5}}, identifier: 'continue-session', label: 'Continue session'
      Button, 0x115b60f00, {{16.0, 445.0}, {343.0, 58.0}}, label: 'You're up to date.'
      StaticText, 0x115b60780, {{16.0, 527.0}, {209.5, 33.5}}, label: 'Circuit chapters'
      StaticText, 0x115b60640, {{16.0, 566.5}, {314.5, 38.0}}, label: 'Recall, build, cross over, and reflect. Start the whole circuit above or choose one chapter.'
      Other, 0x115b60500, {{16.0, 618.5}, {343.0, 186.0}}
      StaticText, 0x115b43ac0, {{16.0, 1028.5}, {189.5, 33.5}}, label: 'Quick practice'
      StaticText, 0x115b43e80, {{16.0, 1068.0}, {303.0, 18.0}}, label: 'Choose a short activity outside today’s plan.'
      Button, 0x115b43840, {{16.0, 1100.0}, {343.0, 68.0}}, identifier: 'quick-practice-mental-math', label: 'Mental math, 5 minutes'
      Button, 0x115b42f80, {{16.0, 1180.0}, {343.0, 68.0}}, identifier: 'quick-practice-source-reviews', label: 'Source reviews, No sources yet'
      Other, 0x115b61b80, {{0.0, 519.2}, {375.0, 147.8}}
      Other, 0x115b61a40, {{0.0, 519.2}, {375.0, 147.8}}
      Other, 0x115b61900, {{0.0, 519.2}, {375.0, 147.8}}
      Image, 0x115b60b40, {{27.5, 465.5}, {19.0, 17.0}}, identifier: 'clock.arrow.circlepath', label: 'clock.arrow.circlepath'
      StaticText, 0x115b60a00, {{27.5, 463.8}, {163.0, 20.5}}, label: 'You're up to date.'
      Image, 0x115b608c0, {{337.5, 467.0}, {8.5, 14.5}}, identifier: 'chevron.right', label: 'Forward'
      Button, 0x115b60140, {{16.0, 618.5}, {343.0, 186.0}}, label: 'CHAPTER 1, Logic, Not completed, Logic, Practice Logic with a focused set., 3 min, +25 completion XP'
      Image, 0x115b43700, {{30.0, 1114.0}, {40.0, 40.0}}, identifier: 'function', label: 'Function'
      StaticText, 0x115b43480, {{82.0, 1116.8}, {89.5, 18.0}}, label: 'Mental math'
      StaticText, 0x115b435c0, {{82.0, 1136.8}, {56.0, 14.5}}, label: '5 minutes'
      Image, 0x115b430c0, {{334.0, 1129.5}, {9.5, 9.5}}, identifier: 'arrow.up.right', label: 'arrow.up.right'
      Image, 0x115b42bc0, {{30.0, 1194.0}, {40.0, 40.0}}, identifier: 'clock.arrow.circlepath', label: 'clock.arrow.circlepath'
      StaticText, 0x115b42e40, {{82.0, 1196.8}, {109.0, 18.0}}, label: 'Source reviews'
      StaticText, 0x115b42d00, {{82.0, 1216.8}, {85.0, 14.5}}, label: 'No sources yet'
      Image, 0x115b426c0, {{334.0, 1209.5}, {9.5, 9.5}}, identifier: 'arrow.up.right', label: 'arrow.up.right'
      Image, 0x115b603c0, {{32.0, 634.5}, {44.0, 44.0}}, identifier: 'point.3.connected.trianglepath.dotted', label: 'point.3.connected.trianglepath.dotted'
      StaticText, 0x115b60280, {{84.0, 634.5}, {75.5, 13.5}}, label: 'CHAPTER 1'
      StaticText, 0x115b60000, {{84.0, 651.0}, {32.0, 14.5}}, label: 'Logic'
      Image, 0x115b42940, {{321.5, 636.0}, {20.0, 20.0}}, identifier: 'circle', label: 'Not completed'
      StaticText, 0x115b42a80, {{32.0, 692.5}, {43.0, 20.5}}, label: 'Logic'
      StaticText, 0x115b43200, {{32.0, 717.0}, {230.5, 18.0}}, label: 'Practice Logic with a focused set.'
      Image, 0x115b43340, {{33.0, 775.0}, {12.0, 12.0}}, identifier: 'clock', label: 'Clock'
      StaticText, 0x115b43d40, {{33.0, 774.0}, {52.5, 14.5}}, label: '3 min'
      StaticText, 0x115b43c00, {{93.5, 774.0}, {115.0, 14.5}}, label: '+25 completion XP'
      Image, 0x115b43980, {{336.0, 776.0}, {6.5, 11.0}}, identifier: 'chevron.right', label: 'Forward'
    }
    ↪︎Find: Elements matching predicate '"session-numeric-answer" IN identifiers'
      Output: {
        TextField, 0x115b25040, {{24.0, 602.5}, {165.0, 44.0}}, identifier: 'session-numeric-answer', placeholderValue: 'Value in %', value: Value in %
      }

    t =    30.41s Tear Down
Test Case '-[NeuroForgeUITests.NavigationSmokeUITests testQuantitativeNumberAndUnitShowFeedbackAndAdvance]' failed (30.669 seconds).
Test Suite 'NavigationSmokeUITests' failed at 2026-09-05 12:47:42.493.
	 Executed 3 tests, with 3 failures (0 unexpected) in 145.267 (145.271) seconds
Test Suite 'NeuroForgeUITests.xctest' failed at 2026-09-05 12:47:42.494.
	 Executed 3 tests, with 3 failures (0 unexpected) in 145.267 (145.272) seconds
Test Suite 'Selected tests' failed at 2026-09-05 12:47:42.495.
	 Executed 3 tests, with 3 failures (0 unexpected) in 145.267 (145.287) seconds
Testing started
In flight operation:   <DVTOperationGroup: 0x7a52f14600; state = AREfc>
     <DVTOperationGroup: 0x7a52f14480; state = AREf!c, blocking { waiting for record to finish saving }>
         <DVTOperation: 0x7a5348a440; name = 'Remove Log If Needed', state = aReFc>
         <DVTOperationGroup: 0x7a52f14300; state = AREfc>
             <DVTOperationGroup: 0x7a52f14180; state = AREfc>
                 <__DVTSwiftAsyncOperation: 0x7a530b7300; state = AReFc>
                 <DVTOperation: 0x7a5348a080; state = aReFc>
                 <IDESchemeActionResultOperation: 0x7a530b6880; state = Arefc>
                 <DVTOperation: 0x7a5348a300; state = arefc>
                 <__DVTSwiftAsyncOperation: 0x7a530b7180; state = AReFc>
                 <DVTOperation: 0x7a53489f40; state = aReFc>
                 <__DVTSwiftAsyncOperation: 0x7a530b7780; state = AReFc>
                 <__DVTSwiftAsyncOperation: 0x7a52f14000; state = AReFc>
                 <DVTOperation: 0x7a5348a1c0; state = arefc>
                 <DVTOperationGroup: 0x7a53480f00; state = AReF!c, blocking { Blocking finish to clean up test session. }>
                     <DVTOperation: 0x7a53489a40; state = aReFc>
                     <XCTHOperationGroup: 0x7a53481980>
         <_IDETestingFinalizeLogsOperation: 0x7a5348a580; name = 'Finalize test log', state = aref!c, blocking { waiting for test log to finish recording }>
<DVTOperationGroup: 0x7a52f14600; state = AREfc> created at:
  0   -[DVTOperation init] (in DVTFoundation)
  1   -[DVTOperationGroup init] (in DVTFoundation)
  2   +[DVTOperationGroup operationGroupWithSuboperations:] (in DVTFoundation)
  3   -[IDEScheme _groupAndImposeDependenciesForOrderedOperations:] (in IDEFoundation)
  4   -[IDEScheme _executionOperationForSchemeOperationParameters:build:onlyBuild:buildParameters:title:buildLog:dontActuallyRunCommands:restorePersistedBuildResults:deviceAvailableChecker:error:actionCallbackBlock:] (in IDEFoundation)
  5   -[IDEScheme(TestSchemeAction) schemeTestActionOperationForSchemeOperationParameters:onlyBuild:buildLog:deviceAvailableChecker:buildParameters:shouldBuild:restorePersistedBuildResults:error:completionBlock:] (in IDEFoundation)
  6   -[IDEScheme buildAndActionTaskForSchemeOperationParameters:shouldBuild:onlyBuild:buildParameters:buildLog:deviceAvailableChecker:restorePersistedBuildResults:dontActuallyRunCommands:error:completionBlock:] (in IDEFoundation)
  7   -[IDEScheme schemeOperationForSchemeOperationParameters:buildLog:overridingProperties:overridingBuildConfiguration:dontActuallyRunCommands:restorePersistedBuildResults:deviceAvailableChecker:error:completionBlock:] (in IDEFoundation)
  8   -[IDEScheme schemeOperationForSchemeOperationParameters:buildLog:overridingProperties:overridingBuildConfiguration:dontActuallyRunCommands:restorePersistedBuildResults:error:completionBlock:] (in IDEFoundation)
  9   -[Xcode3CommandLineBuildTool(TestSchemeAction) buildForTestSchemeCommandWantsSkip:buildAction:isProjectBuild:title:buildLog:isMoreDestinationsPending:runDestinations:runDestination:schemeCommand:executionEnvironment:restorePersistedBuildResults:operationToEnqueue:error:] (in Xcode3Core)
 10   -[Xcode3CommandLineBuildTool doSchemeBuildWithRunDestinations:runDestinationIdx:wantsSkip:buildActionTimingSection:timingSection:buildAction:isMoreDesinationsPending:actionResultBlock:title:buildLog:executionEnvironment:restorePersistedBuildResults:operationToEnqueue:error:] (in Xcode3Core)
 11   -[Xcode3CommandLineBuildTool doBuildForBuildAction:timingSection:colorize:colorizeFailure:error:] (in Xcode3Core)
 12   -[Xcode3CommandLineBuildTool _buildWithTimingSection:] (in Xcode3Core)
 13   -[Xcode3CommandLineBuildTool run] (in Xcode3Core)
 14   XcodeBuildMain (in libxcodebuildLoader.dylib)
 15   -[XcodebuildPreIDEHandler loadXcode3ProjectSupportAndRunXcode3CommandLineBuildToolWithArguments:] (in xcodebuild)
 16   -[XcodebuildPreIDEHandler runWithArguments:] (in xcodebuild)
 17   main (in xcodebuild)
 18   start (in dyld)

<DVTOperationGroup: 0x7a52f14480; state = AREf!c> created at:
  0   -[DVTOperation init] (in DVTFoundation)
  1   -[DVTOperationGroup init] (in DVTFoundation)
  2   +[DVTOperationGroup operationGroupWithSuboperations:] (in DVTFoundation)
  3   -[IDETestSchemeAction testOperationWithSchemeOperationParameters:testManager:buildOperation:buildParameters:schemeCommand:actionRecord:testPlanRunSpecifications:deviceAvailableChecker:outError:actionCallbackBlock:] (in IDEFoundation)
  4   -[IDEScheme(TestSchemeAction) executionOperationForTestSchemeActionWithOperationParameters:command:buildOperationVariantSpecifiers:buildOperationGroup:schemeActionResult:buildParameters:shouldOnlyBuild:runDestination:orderedOperations:schemeActionRecord:deviceAvailableChecker:actionCallbackBlock:error:] (in IDEFoundation)
  5   -[IDEScheme _executionOperationForSchemeOperationParameters:build:onlyBuild:buildParameters:title:buildLog:dontActuallyRunCommands:restorePersistedBuildResults:deviceAvailableChecker:error:actionCallbackBlock:] (in IDEFoundation)
  6   -[IDEScheme(TestSchemeAction) schemeTestActionOperationForSchemeOperationParameters:onlyBuild:buildLog:deviceAvailableChecker:buildParameters:shouldBuild:restorePersistedBuildResults:error:completionBlock:] (in IDEFoundation)
  7   -[IDEScheme buildAndActionTaskForSchemeOperationParameters:shouldBuild:onlyBuild:buildParameters:buildLog:deviceAvailableChecker:restorePersistedBuildResults:dontActuallyRunCommands:error:completionBlock:] (in IDEFoundation)
  8   -[IDEScheme schemeOperationForSchemeOperationParameters:buildLog:overridingProperties:overridingBuildConfiguration:dontActuallyRunCommands:restorePersistedBuildResults:deviceAvailableChecker:error:completionBlock:] (in IDEFoundation)
  9   -[IDEScheme schemeOperationForSchemeOperationParameters:buildLog:overridingProperties:overridingBuildConfiguration:dontActuallyRunCommands:restorePersistedBuildResults:error:completionBlock:] (in IDEFoundation)
 10   -[Xcode3CommandLineBuildTool(TestSchemeAction) buildForTestSchemeCommandWantsSkip:buildAction:isProjectBuild:title:buildLog:isMoreDestinationsPending:runDestinations:runDestination:schemeCommand:executionEnvironment:restorePersistedBuildResults:operationToEnqueue:error:] (in Xcode3Core)
 11   -[Xcode3CommandLineBuildTool doSchemeBuildWithRunDestinations:runDestinationIdx:wantsSkip:buildActionTimingSection:timingSection:buildAction:isMoreDesinationsPending:actionResultBlock:title:buildLog:executionEnvironment:restorePersistedBuildResults:operationToEnqueue:error:] (in Xcode3Core)
 12   -[Xcode3CommandLineBuildTool doBuildForBuildAction:timingSection:colorize:colorizeFailure:error:] (in Xcode3Core)
 13   -[Xcode3CommandLineBuildTool _buildWithTimingSection:] (in Xcode3Core)
 14   -[Xcode3CommandLineBuildTool run] (in Xcode3Core)
 15   XcodeBuildMain (in libxcodebuildLoader.dylib)
 16   -[XcodebuildPreIDEHandler loadXcode3ProjectSupportAndRunXcode3CommandLineBuildToolWithArguments:] (in xcodebuild)
 17   -[XcodebuildPreIDEHandler runWithArguments:] (in xcodebuild)
 18   main (in xcodebuild)
 19   start (in dyld)

<DVTOperation: 0x7a5348a440; name = 'Remove Log If Needed', state = aReFc> created at:
  0   -[DVTOperation init] (in DVTFoundation)
  1   +[DVTOperation(DVTConveniences) operationWithBlock:] (in DVTFoundation)
  2   -[IDETestSchemeAction _removeLogIfNeededOperationWithLogStore:logRecord:buildOperation:] (in IDEFoundation)
  3   -[IDETestSchemeAction testOperationWithSchemeOperationParameters:testManager:buildOperation:buildParameters:schemeCommand:actionRecord:testPlanRunSpecifications:deviceAvailableChecker:outError:actionCallbackBlock:] (in IDEFoundation)
  4   -[IDEScheme(TestSchemeAction) executionOperationForTestSchemeActionWithOperationParameters:command:buildOperationVariantSpecifiers:buildOperationGroup:schemeActionResult:buildParameters:shouldOnlyBuild:runDestination:orderedOperations:schemeActionRecord:deviceAvailableChecker:actionCallbackBlock:error:] (in IDEFoundation)
  5   -[IDEScheme _executionOperationForSchemeOperationParameters:build:onlyBuild:buildParameters:title:buildLog:dontActuallyRunCommands:restorePersistedBuildResults:deviceAvailableChecker:error:actionCallbackBlock:] (in IDEFoundation)
  6   -[IDEScheme(TestSchemeAction) schemeTestActionOperationForSchemeOperationParameters:onlyBuild:buildLog:deviceAvailableChecker:buildParameters:shouldBuild:restorePersistedBuildResults:error:completionBlock:] (in IDEFoundation)
  7   -[IDEScheme buildAndActionTaskForSchemeOperationParameters:shouldBuild:onlyBuild:buildParameters:buildLog:deviceAvailableChecker:restorePersistedBuildResults:dontActuallyRunCommands:error:completionBlock:] (in IDEFoundation)
  8   -[IDEScheme schemeOperationForSchemeOperationParameters:buildLog:overridingProperties:overridingBuildConfiguration:dontActuallyRunCommands:restorePersistedBuildResults:deviceAvailableChecker:error:completionBlock:] (in IDEFoundation)
  9   -[IDEScheme schemeOperationForSchemeOperationParameters:buildLog:overridingProperties:overridingBuildConfiguration:dontActuallyRunCommands:restorePersistedBuildResults:error:completionBlock:] (in IDEFoundation)
 10   -[Xcode3CommandLineBuildTool(TestSchemeAction) buildForTestSchemeCommandWantsSkip:buildAction:isProjectBuild:title:buildLog:isMoreDestinationsPending:runDestinations:runDestination:schemeCommand:executionEnvironment:restorePersistedBuildResults:operationToEnqueue:error:] (in Xcode3Core)
 11   -[Xcode3CommandLineBuildTool doSchemeBuildWithRunDestinations:runDestinationIdx:wantsSkip:buildActionTimingSection:timingSection:buildAction:isMoreDesinationsPending:actionResultBlock:title:buildLog:executionEnvironment:restorePersistedBuildResults:operationToEnqueue:error:] (in Xcode3Core)
 12   -[Xcode3CommandLineBuildTool doBuildForBuildAction:timingSection:colorize:colorizeFailure:error:] (in Xcode3Core)
 13   -[Xcode3CommandLineBuildTool _buildWithTimingSection:] (in Xcode3Core)
 14   -[Xcode3CommandLineBuildTool run] (in Xcode3Core)
 15   XcodeBuildMain (in libxcodebuildLoader.dylib)
 16   -[XcodebuildPreIDEHandler loadXcode3ProjectSupportAndRunXcode3CommandLineBuildToolWithArguments:] (in xcodebuild)
 17   -[XcodebuildPreIDEHandler runWithArguments:] (in xcodebuild)
 18   main (in xcodebuild)
 19   start (in dyld)

<DVTOperationGroup: 0x7a52f14300; state = AREfc> created at:
  0   -[DVTOperation init] (in DVTFoundation)
  1   -[DVTOperationGroup init] (in DVTFoundation)
  2   +[DVTOperationGroup operationGroupWithSuboperations:] (in DVTFoundation)
  3   -[IDETestSchemeAction testOperationWithSchemeOperationParameters:testManager:buildOperation:buildParameters:schemeCommand:actionRecord:testPlanRunSpecifications:deviceAvailableChecker:outError:actionCallbackBlock:] (in IDEFoundation)
  4   -[IDEScheme(TestSchemeAction) executionOperationForTestSchemeActionWithOperationParameters:command:buildOperationVariantSpecifiers:buildOperationGroup:schemeActionResult:buildParameters:shouldOnlyBuild:runDestination:orderedOperations:schemeActionRecord:deviceAvailableChecker:actionCallbackBlock:error:] (in IDEFoundation)
  5   -[IDEScheme _executionOperationForSchemeOperationParameters:build:onlyBuild:buildParameters:title:buildLog:dontActuallyRunCommands:restorePersistedBuildResults:deviceAvailableChecker:error:actionCallbackBlock:] (in IDEFoundation)
  6   -[IDEScheme(TestSchemeAction) schemeTestActionOperationForSchemeOperationParameters:onlyBuild:buildLog:deviceAvailableChecker:buildParameters:shouldBuild:restorePersistedBuildResults:error:completionBlock:] (in IDEFoundation)
  7   -[IDEScheme buildAndActionTaskForSchemeOperationParameters:shouldBuild:onlyBuild:buildParameters:buildLog:deviceAvailableChecker:restorePersistedBuildResults:dontActuallyRunCommands:error:completionBlock:] (in IDEFoundation)
  8   -[IDEScheme schemeOperationForSchemeOperationParameters:buildLog:overridingProperties:overridingBuildConfiguration:dontActuallyRunCommands:restorePersistedBuildResults:deviceAvailableChecker:error:completionBlock:] (in IDEFoundation)
  9   -[IDEScheme schemeOperationForSchemeOperationParameters:buildLog:overridingProperties:overridingBuildConfiguration:dontActuallyRunCommands:restorePersistedBuildResults:error:completionBlock:] (in IDEFoundation)
 10   -[Xcode3CommandLineBuildTool(TestSchemeAction) buildForTestSchemeCommandWantsSkip:buildAction:isProjectBuild:title:buildLog:isMoreDestinationsPending:runDestinations:runDestination:schemeCommand:executionEnvironment:restorePersistedBuildResults:operationToEnqueue:error:] (in Xcode3Core)
 11   -[Xcode3CommandLineBuildTool doSchemeBuildWithRunDestinations:runDestinationIdx:wantsSkip:buildActionTimingSection:timingSection:buildAction:isMoreDesinationsPending:actionResultBlock:title:buildLog:executionEnvironment:restorePersistedBuildResults:operationToEnqueue:error:] (in Xcode3Core)
 12   -[Xcode3CommandLineBuildTool doBuildForBuildAction:timingSection:colorize:colorizeFailure:error:] (in Xcode3Core)
 13   -[Xcode3CommandLineBuildTool _buildWithTimingSection:] (in Xcode3Core)
 14   -[Xcode3CommandLineBuildTool run] (in Xcode3Core)
 15   XcodeBuildMain (in libxcodebuildLoader.dylib)
 16   -[XcodebuildPreIDEHandler loadXcode3ProjectSupportAndRunXcode3CommandLineBuildToolWithArguments:] (in xcodebuild)
 17   -[XcodebuildPreIDEHandler runWithArguments:] (in xcodebuild)
 18   main (in xcodebuild)
 19   start (in dyld)

<DVTOperationGroup: 0x7a52f14180; state = AREfc> created at:
  0   -[DVTOperation init] (in DVTFoundation)
  1   -[DVTOperationGroup init] (in DVTFoundation)
  2   +[DVTOperationGroup operationGroupWithSuboperations:] (in DVTFoundation)
  3   -[IDETestSchemeAction testOperationWithSchemeOperationParameters:testManager:buildOperation:buildParameters:schemeCommand:actionRecord:testPlanRunSpecifications:deviceAvailableChecker:outError:actionCallbackBlock:] (in IDEFoundation)
  4   -[IDEScheme(TestSchemeAction) executionOperationForTestSchemeActionWithOperationParameters:command:buildOperationVariantSpecifiers:buildOperationGroup:schemeActionResult:buildParameters:shouldOnlyBuild:runDestination:orderedOperations:schemeActionRecord:deviceAvailableChecker:actionCallbackBlock:error:] (in IDEFoundation)
  5   -[IDEScheme _executionOperationForSchemeOperationParameters:build:onlyBuild:buildParameters:title:buildLog:dontActuallyRunCommands:restorePersistedBuildResults:deviceAvailableChecker:error:actionCallbackBlock:] (in IDEFoundation)
  6   -[IDEScheme(TestSchemeAction) schemeTestActionOperationForSchemeOperationParameters:onlyBuild:buildLog:deviceAvailableChecker:buildParameters:shouldBuild:restorePersistedBuildResults:error:completionBlock:] (in IDEFoundation)
  7   -[IDEScheme buildAndActionTaskForSchemeOperationParameters:shouldBuild:onlyBuild:buildParameters:buildLog:deviceAvailableChecker:restorePersistedBuildResults:dontActuallyRunCommands:error:completionBlock:] (in IDEFoundation)
  8   -[IDEScheme schemeOperationForSchemeOperationParameters:buildLog:overridingProperties:overridingBuildConfiguration:dontActuallyRunCommands:restorePersistedBuildResults:deviceAvailableChecker:error:completionBlock:] (in IDEFoundation)
  9   -[IDEScheme schemeOperationForSchemeOperationParameters:buildLog:overridingProperties:overridingBuildConfiguration:dontActuallyRunCommands:restorePersistedBuildResults:error:completionBlock:] (in IDEFoundation)
 10   -[Xcode3CommandLineBuildTool(TestSchemeAction) buildForTestSchemeCommandWantsSkip:buildAction:isProjectBuild:title:buildLog:isMoreDestinationsPending:runDestinations:runDestination:schemeCommand:executionEnvironment:restorePersistedBuildResults:operationToEnqueue:error:] (in Xcode3Core)
 11   -[Xcode3CommandLineBuildTool doSchemeBuildWithRunDestinations:runDestinationIdx:wantsSkip:buildActionTimingSection:timingSection:buildAction:isMoreDesinationsPending:actionResultBlock:title:buildLog:executionEnvironment:restorePersistedBuildResults:operationToEnqueue:error:] (in Xcode3Core)
 12   -[Xcode3CommandLineBuildTool doBuildForBuildAction:timingSection:colorize:colorizeFailure:error:] (in Xcode3Core)
 13   -[Xcode3CommandLineBuildTool _buildWithTimingSection:] (in Xcode3Core)
 14   -[Xcode3CommandLineBuildTool run] (in Xcode3Core)
 15   XcodeBuildMain (in libxcodebuildLoader.dylib)
 16   -[XcodebuildPreIDEHandler loadXcode3ProjectSupportAndRunXcode3CommandLineBuildToolWithArguments:] (in xcodebuild)
 17   -[XcodebuildPreIDEHandler runWithArguments:] (in xcodebuild)
 18   main (in xcodebuild)
 19   start (in dyld)

<__DVTSwiftAsyncOperation: 0x7a530b7300; state = AReFc> created at:
  0   -[DVTOperation init] (in DVTFoundation)
  1   @objc DVTAsyncOperation.init() (in DVTFoundation)
  2   static DVTOperation.awaiting(_:) (in DVTFoundation)
  3   @objc static IDESchemeAction.operationToWaitForFinishedLoadingOperation(of:) (in IDEFoundation)
  4   -[IDESchemeAction setUpActionDependenciesForCorePhaseOperation:shouldRunPostActionsBlock:prePhaseEnvironmentPopulationBlock:postPhaseEnvironmentPopulationBlock:handlePreActionsActivityLogSection:handlePostActionsActivityLogSection:buildParameters:schemeActionResultOperation:error:] (in IDEFoundation)
  5   -[IDETestSchemeAction testOperationWithSchemeOperationParameters:testManager:buildOperation:buildParameters:schemeCommand:actionRecord:testPlanRunSpecifications:deviceAvailableChecker:outError:actionCallbackBlock:] (in IDEFoundation)
  6   -[IDEScheme(TestSchemeAction) executionOperationForTestSchemeActionWithOperationParameters:command:buildOperationVariantSpecifiers:buildOperationGroup:schemeActionResult:buildParameters:shouldOnlyBuild:runDestination:orderedOperations:schemeActionRecord:deviceAvailableChecker:actionCallbackBlock:error:] (in IDEFoundation)
  7   -[IDEScheme _executionOperationForSchemeOperationParameters:build:onlyBuild:buildParameters:title:buildLog:dontActuallyRunCommands:restorePersistedBuildResults:deviceAvailableChecker:error:actionCallbackBlock:] (in IDEFoundation)
  8   -[IDEScheme(TestSchemeAction) schemeTestActionOperationForSchemeOperationParameters:onlyBuild:buildLog:deviceAvailableChecker:buildParameters:shouldBuild:restorePersistedBuildResults:error:completionBlock:] (in IDEFoundation)
  9   -[IDEScheme buildAndActionTaskForSchemeOperationParameters:shouldBuild:onlyBuild:buildParameters:buildLog:deviceAvailableChecker:restorePersistedBuildResults:dontActuallyRunCommands:error:completionBlock:] (in IDEFoundation)
 10   -[IDEScheme schemeOperationForSchemeOperationParameters:buildLog:overridingProperties:overridingBuildConfiguration:dontActuallyRunCommands:restorePersistedBuildResults:deviceAvailableChecker:error:completionBlock:] (in IDEFoundation)
 11   -[IDEScheme schemeOperationForSchemeOperationParameters:buildLog:overridingProperties:overridingBuildConfiguration:dontActuallyRunCommands:restorePersistedBuildResults:error:completionBlock:] (in IDEFoundation)
 12   -[Xcode3CommandLineBuildTool(TestSchemeAction) buildForTestSchemeCommandWantsSkip:buildAction:isProjectBuild:title:buildLog:isMoreDestinationsPending:runDestinations:runDestination:schemeCommand:executionEnvironment:restorePersistedBuildResults:operationToEnqueue:error:] (in Xcode3Core)
 13   -[Xcode3CommandLineBuildTool doSchemeBuildWithRunDestinations:runDestinationIdx:wantsSkip:buildActionTimingSection:timingSection:buildAction:isMoreDesinationsPending:actionResultBlock:title:buildLog:executionEnvironment:restorePersistedBuildResults:operationToEnqueue:error:] (in Xcode3Core)
 14   -[Xcode3CommandLineBuildTool doBuildForBuildAction:timingSection:colorize:colorizeFailure:error:] (in Xcode3Core)
 15   -[Xcode3CommandLineBuildTool _buildWithTimingSection:] (in Xcode3Core)
 16   -[Xcode3CommandLineBuildTool run] (in Xcode3Core)
 17   XcodeBuildMain (in libxcodebuildLoader.dylib)
 18   -[XcodebuildPreIDEHandler loadXcode3ProjectSupportAndRunXcode3CommandLineBuildToolWithArguments:] (in xcodebuild)
 19   -[XcodebuildPreIDEHandler runWithArguments:] (in xcodebuild)
 20   main (in xcodebuild)
 21   start (in dyld)

<DVTOperation: 0x7a5348a080; state = aReFc> created at:
  0   -[DVTOperation init] (in DVTFoundation)
  1   +[DVTOperation(DVTConveniences) operationWithBlock:] (in DVTFoundation)
  2   -[IDESchemeAction setUpActionDependenciesForCorePhaseOperation:shouldRunPostActionsBlock:prePhaseEnvironmentPopulationBlock:postPhaseEnvironmentPopulationBlock:handlePreActionsActivityLogSection:handlePostActionsActivityLogSection:buildParameters:schemeActionResultOperation:error:] (in IDEFoundation)
  3   -[IDETestSchemeAction testOperationWithSchemeOperationParameters:testManager:buildOperation:buildParameters:schemeCommand:actionRecord:testPlanRunSpecifications:deviceAvailableChecker:outError:actionCallbackBlock:] (in IDEFoundation)
  4   -[IDEScheme(TestSchemeAction) executionOperationForTestSchemeActionWithOperationParameters:command:buildOperationVariantSpecifiers:buildOperationGroup:schemeActionResult:buildParameters:shouldOnlyBuild:runDestination:orderedOperations:schemeActionRecord:deviceAvailableChecker:actionCallbackBlock:error:] (in IDEFoundation)
  5   -[IDEScheme _executionOperationForSchemeOperationParameters:build:onlyBuild:buildParameters:title:buildLog:dontActuallyRunCommands:restorePersistedBuildResults:deviceAvailableChecker:error:actionCallbackBlock:] (in IDEFoundation)
  6   -[IDEScheme(TestSchemeAction) schemeTestActionOperationForSchemeOperationParameters:onlyBuild:buildLog:deviceAvailableChecker:buildParameters:shouldBuild:restorePersistedBuildResults:error:completionBlock:] (in IDEFoundation)
  7   -[IDEScheme buildAndActionTaskForSchemeOperationParameters:shouldBuild:onlyBuild:buildParameters:buildLog:deviceAvailableChecker:restorePersistedBuildResults:dontActuallyRunCommands:error:completionBlock:] (in IDEFoundation)
  8   -[IDEScheme schemeOperationForSchemeOperationParameters:buildLog:overridingProperties:overridingBuildConfiguration:dontActuallyRunCommands:restorePersistedBuildResults:deviceAvailableChecker:error:completionBlock:] (in IDEFoundation)
  9   -[IDEScheme schemeOperationForSchemeOperationParameters:buildLog:overridingProperties:overridingBuildConfiguration:dontActuallyRunCommands:restorePersistedBuildResults:error:completionBlock:] (in IDEFoundation)
 10   -[Xcode3CommandLineBuildTool(TestSchemeAction) buildForTestSchemeCommandWantsSkip:buildAction:isProjectBuild:title:buildLog:isMoreDestinationsPending:runDestinations:runDestination:schemeCommand:executionEnvironment:restorePersistedBuildResults:operationToEnqueue:error:] (in Xcode3Core)
 11   -[Xcode3CommandLineBuildTool doSchemeBuildWithRunDestinations:runDestinationIdx:wantsSkip:buildActionTimingSection:timingSection:buildAction:isMoreDesinationsPending:actionResultBlock:title:buildLog:executionEnvironment:restorePersistedBuildResults:operationToEnqueue:error:] (in Xcode3Core)
 12   -[Xcode3CommandLineBuildTool doBuildForBuildAction:timingSection:colorize:colorizeFailure:error:] (in Xcode3Core)
 13   -[Xcode3CommandLineBuildTool _buildWithTimingSection:] (in Xcode3Core)
 14   -[Xcode3CommandLineBuildTool run] (in Xcode3Core)
 15   XcodeBuildMain (in libxcodebuildLoader.dylib)
 16   -[XcodebuildPreIDEHandler loadXcode3ProjectSupportAndRunXcode3CommandLineBuildToolWithArguments:] (in xcodebuild)
 17   -[XcodebuildPreIDEHandler runWithArguments:] (in xcodebuild)
 18   main (in xcodebuild)
 19   start (in dyld)

<IDESchemeActionResultOperation: 0x7a530b6880; state = Arefc> created at:
  0   -[DVTOperation init] (in DVTFoundation)
  1   +[IDESchemeActionResultOperation schemeActionResultOperationWithSchemeActionRecord:trackingExecutionOfOperation:actionCallbackBlock:schemeActionResultComputationBlock:] (in IDEFoundation)
  2   -[IDETestRunSession testOperationForTestRunSpecificationGroups:executionEnvironment:invocationRecord:actionRecord:schemeIdentifier:outSchemeActionResultOperation:launchParametersBlock:actionCallbackBlock:error:] (in IDEFoundation)
  3   -[IDETestManager testOperationForTestRunSpecificationGroups:executionEnvironment:runDestinationPool:invocationRecord:actionRecord:schemeIdentifier:outSchemeActionResultOperation:launchParametersBlock:actionCallbackBlock:error:] (in IDEFoundation)
  4   -[IDETestSchemeAction testOperationWithSchemeOperationParameters:testManager:buildOperation:buildParameters:schemeCommand:actionRecord:testPlanRunSpecifications:deviceAvailableChecker:outError:actionCallbackBlock:] (in IDEFoundation)
  5   -[IDEScheme(TestSchemeAction) executionOperationForTestSchemeActionWithOperationParameters:command:buildOperationVariantSpecifiers:buildOperationGroup:schemeActionResult:buildParameters:shouldOnlyBuild:runDestination:orderedOperations:schemeActionRecord:deviceAvailableChecker:actionCallbackBlock:error:] (in IDEFoundation)
  6   -[IDEScheme _executionOperationForSchemeOperationParameters:build:onlyBuild:buildParameters:title:buildLog:dontActuallyRunCommands:restorePersistedBuildResults:deviceAvailableChecker:error:actionCallbackBlock:] (in IDEFoundation)
  7   -[IDEScheme(TestSchemeAction) schemeTestActionOperationForSchemeOperationParameters:onlyBuild:buildLog:deviceAvailableChecker:buildParameters:shouldBuild:restorePersistedBuildResults:error:completionBlock:] (in IDEFoundation)
  8   -[IDEScheme buildAndActionTaskForSchemeOperationParameters:shouldBuild:onlyBuild:buildParameters:buildLog:deviceAvailableChecker:restorePersistedBuildResults:dontActuallyRunCommands:error:completionBlock:] (in IDEFoundation)
  9   -[IDEScheme schemeOperationForSchemeOperationParameters:buildLog:overridingProperties:overridingBuildConfiguration:dontActuallyRunCommands:restorePersistedBuildResults:deviceAvailableChecker:error:completionBlock:] (in IDEFoundation)
 10   -[IDEScheme schemeOperationForSchemeOperationParameters:buildLog:overridingProperties:overridingBuildConfiguration:dontActuallyRunCommands:restorePersistedBuildResults:error:completionBlock:] (in IDEFoundation)
 11   -[Xcode3CommandLineBuildTool(TestSchemeAction) buildForTestSchemeCommandWantsSkip:buildAction:isProjectBuild:title:buildLog:isMoreDestinationsPending:runDestinations:runDestination:schemeCommand:executionEnvironment:restorePersistedBuildResults:operationToEnqueue:error:] (in Xcode3Core)
 12   -[Xcode3CommandLineBuildTool doSchemeBuildWithRunDestinations:runDestinationIdx:wantsSkip:buildActionTimingSection:timingSection:buildAction:isMoreDesinationsPending:actionResultBlock:title:buildLog:executionEnvironment:restorePersistedBuildResults:operationToEnqueue:error:] (in Xcode3Core)
 13   -[Xcode3CommandLineBuildTool doBuildForBuildAction:timingSection:colorize:colorizeFailure:error:] (in Xcode3Core)
 14   -[Xcode3CommandLineBuildTool _buildWithTimingSection:] (in Xcode3Core)
 15   -[Xcode3CommandLineBuildTool run] (in Xcode3Core)
 16   XcodeBuildMain (in libxcodebuildLoader.dylib)
 17   -[XcodebuildPreIDEHandler loadXcode3ProjectSupportAndRunXcode3CommandLineBuildToolWithArguments:] (in xcodebuild)
 18   -[XcodebuildPreIDEHandler runWithArguments:] (in xcodebuild)
 19   main (in xcodebuild)
 20   start (in dyld)

<DVTOperation: 0x7a5348a300; state = arefc> created at:
  0   -[DVTOperation init] (in DVTFoundation)
  1   +[DVTOperation(DVTConveniences) operationWithBlock:] (in DVTFoundation)
  2   -[IDESchemeAction setUpActionDependenciesForCorePhaseOperation:shouldRunPostActionsBlock:prePhaseEnvironmentPopulationBlock:postPhaseEnvironmentPopulationBlock:handlePreActionsActivityLogSection:handlePostActionsActivityLogSection:buildParameters:schemeActionResultOperation:error:] (in IDEFoundation)
  3   -[IDETestSchemeAction testOperationWithSchemeOperationParameters:testManager:buildOperation:buildParameters:schemeCommand:actionRecord:testPlanRunSpecifications:deviceAvailableChecker:outError:actionCallbackBlock:] (in IDEFoundation)
  4   -[IDEScheme(TestSchemeAction) executionOperationForTestSchemeActionWithOperationParameters:command:buildOperationVariantSpecifiers:buildOperationGroup:schemeActionResult:buildParameters:shouldOnlyBuild:runDestination:orderedOperations:schemeActionRecord:deviceAvailableChecker:actionCallbackBlock:error:] (in IDEFoundation)
  5   -[IDEScheme _executionOperationForSchemeOperationParameters:build:onlyBuild:buildParameters:title:buildLog:dontActuallyRunCommands:restorePersistedBuildResults:deviceAvailableChecker:error:actionCallbackBlock:] (in IDEFoundation)
  6   -[IDEScheme(TestSchemeAction) schemeTestActionOperationForSchemeOperationParameters:onlyBuild:buildLog:deviceAvailableChecker:buildParameters:shouldBuild:restorePersistedBuildResults:error:completionBlock:] (in IDEFoundation)
  7   -[IDEScheme buildAndActionTaskForSchemeOperationParameters:shouldBuild:onlyBuild:buildParameters:buildLog:deviceAvailableChecker:restorePersistedBuildResults:dontActuallyRunCommands:error:completionBlock:] (in IDEFoundation)
  8   -[IDEScheme schemeOperationForSchemeOperationParameters:buildLog:overridingProperties:overridingBuildConfiguration:dontActuallyRunCommands:restorePersistedBuildResults:deviceAvailableChecker:error:completionBlock:] (in IDEFoundation)
  9   -[IDEScheme schemeOperationForSchemeOperationParameters:buildLog:overridingProperties:overridingBuildConfiguration:dontActuallyRunCommands:restorePersistedBuildResults:error:completionBlock:] (in IDEFoundation)
 10   -[Xcode3CommandLineBuildTool(TestSchemeAction) buildForTestSchemeCommandWantsSkip:buildAction:isProjectBuild:title:buildLog:isMoreDestinationsPending:runDestinations:runDestination:schemeCommand:executionEnvironment:restorePersistedBuildResults:operationToEnqueue:error:] (in Xcode3Core)
 11   -[Xcode3CommandLineBuildTool doSchemeBuildWithRunDestinations:runDestinationIdx:wantsSkip:buildActionTimingSection:timingSection:buildAction:isMoreDesinationsPending:actionResultBlock:title:buildLog:executionEnvironment:restorePersistedBuildResults:operationToEnqueue:error:] (in Xcode3Core)
 12   -[Xcode3CommandLineBuildTool doBuildForBuildAction:timingSection:colorize:colorizeFailure:error:] (in Xcode3Core)
 13   -[Xcode3CommandLineBuildTool _buildWithTimingSection:] (in Xcode3Core)
 14   -[Xcode3CommandLineBuildTool run] (in Xcode3Core)
 15   XcodeBuildMain (in libxcodebuildLoader.dylib)
 16   -[XcodebuildPreIDEHandler loadXcode3ProjectSupportAndRunXcode3CommandLineBuildToolWithArguments:] (in xcodebuild)
 17   -[XcodebuildPreIDEHandler runWithArguments:] (in xcodebuild)
 18   main (in xcodebuild)
 19   start (in dyld)

<__DVTSwiftAsyncOperation: 0x7a530b7180; state = AReFc> created at:
  0   -[DVTOperation init] (in DVTFoundation)
  1   @objc DVTAsyncOperation.init() (in DVTFoundation)
  2   @objc static DVTOperation.operationWithMainThreadBlock(_:) (in DVTFoundation)
  3   -[IDESchemeAction _setUpOperationsForPackageLoadingInWorkspace:handlePreActionsActivityLogSection:isCleanOperation:] (in IDEFoundation)
  4   -[IDESchemeAction setUpActionDependenciesForCorePhaseOperation:shouldRunPostActionsBlock:prePhaseEnvironmentPopulationBlock:postPhaseEnvironmentPopulationBlock:handlePreActionsActivityLogSection:handlePostActionsActivityLogSection:buildParameters:schemeActionResultOperation:error:] (in IDEFoundation)
  5   -[IDETestSchemeAction testOperationWithSchemeOperationParameters:testManager:buildOperation:buildParameters:schemeCommand:actionRecord:testPlanRunSpecifications:deviceAvailableChecker:outError:actionCallbackBlock:] (in IDEFoundation)
  6   -[IDEScheme(TestSchemeAction) executionOperationForTestSchemeActionWithOperationParameters:command:buildOperationVariantSpecifiers:buildOperationGroup:schemeActionResult:buildParameters:shouldOnlyBuild:runDestination:orderedOperations:schemeActionRecord:deviceAvailableChecker:actionCallbackBlock:error:] (in IDEFoundation)
  7   -[IDEScheme _executionOperationForSchemeOperationParameters:build:onlyBuild:buildParameters:title:buildLog:dontActuallyRunCommands:restorePersistedBuildResults:deviceAvailableChecker:error:actionCallbackBlock:] (in IDEFoundation)
  8   -[IDEScheme(TestSchemeAction) schemeTestActionOperationForSchemeOperationParameters:onlyBuild:buildLog:deviceAvailableChecker:buildParameters:shouldBuild:restorePersistedBuildResults:error:completionBlock:] (in IDEFoundation)
  9   -[IDEScheme buildAndActionTaskForSchemeOperationParameters:shouldBuild:onlyBuild:buildParameters:buildLog:deviceAvailableChecker:restorePersistedBuildResults:dontActuallyRunCommands:error:completionBlock:] (in IDEFoundation)
 10   -[IDEScheme schemeOperationForSchemeOperationParameters:buildLog:overridingProperties:overridingBuildConfiguration:dontActuallyRunCommands:restorePersistedBuildResults:deviceAvailableChecker:error:completionBlock:] (in IDEFoundation)
 11   -[IDEScheme schemeOperationForSchemeOperationParameters:buildLog:overridingProperties:overridingBuildConfiguration:dontActuallyRunCommands:restorePersistedBuildResults:error:completionBlock:] (in IDEFoundation)
 12   -[Xcode3CommandLineBuildTool(TestSchemeAction) buildForTestSchemeCommandWantsSkip:buildAction:isProjectBuild:title:buildLog:isMoreDestinationsPending:runDestinations:runDestination:schemeCommand:executionEnvironment:restorePersistedBuildResults:operationToEnqueue:error:] (in Xcode3Core)
 13   -[Xcode3CommandLineBuildTool doSchemeBuildWithRunDestinations:runDestinationIdx:wantsSkip:buildActionTimingSection:timingSection:buildAction:isMoreDesinationsPending:actionResultBlock:title:buildLog:executionEnvironment:restorePersistedBuildResults:operationToEnqueue:error:] (in Xcode3Core)
 14   -[Xcode3CommandLineBuildTool doBuildForBuildAction:timingSection:colorize:colorizeFailure:error:] (in Xcode3Core)
 15   -[Xcode3CommandLineBuildTool _buildWithTimingSection:] (in Xcode3Core)
 16   -[Xcode3CommandLineBuildTool run] (in Xcode3Core)
 17   XcodeBuildMain (in libxcodebuildLoader.dylib)
 18   -[XcodebuildPreIDEHandler loadXcode3ProjectSupportAndRunXcode3CommandLineBuildToolWithArguments:] (in xcodebuild)
 19   -[XcodebuildPreIDEHandler runWithArguments:] (in xcodebuild)
 20   main (in xcodebuild)
 21   start (in dyld)

<DVTOperation: 0x7a53489f40; state = aReFc> created at:
  0   -[DVTOperation init] (in DVTFoundation)
  1   +[DVTOperation(DVTConveniences) operationWithBlock:] (in DVTFoundation)
  2   -[IDESchemeAction setUpActionDependenciesForCorePhaseOperation:shouldRunPostActionsBlock:prePhaseEnvironmentPopulationBlock:postPhaseEnvironmentPopulationBlock:handlePreActionsActivityLogSection:handlePostActionsActivityLogSection:buildParameters:schemeActionResultOperation:error:] (in IDEFoundation)
  3   -[IDETestSchemeAction testOperationWithSchemeOperationParameters:testManager:buildOperation:buildParameters:schemeCommand:actionRecord:testPlanRunSpecifications:deviceAvailableChecker:outError:actionCallbackBlock:] (in IDEFoundation)
  4   -[IDEScheme(TestSchemeAction) executionOperationForTestSchemeActionWithOperationParameters:command:buildOperationVariantSpecifiers:buildOperationGroup:schemeActionResult:buildParameters:shouldOnlyBuild:runDestination:orderedOperations:schemeActionRecord:deviceAvailableChecker:actionCallbackBlock:error:] (in IDEFoundation)
  5   -[IDEScheme _executionOperationForSchemeOperationParameters:build:onlyBuild:buildParameters:title:buildLog:dontActuallyRunCommands:restorePersistedBuildResults:deviceAvailableChecker:error:actionCallbackBlock:] (in IDEFoundation)
  6   -[IDEScheme(TestSchemeAction) schemeTestActionOperationForSchemeOperationParameters:onlyBuild:buildLog:deviceAvailableChecker:buildParameters:shouldBuild:restorePersistedBuildResults:error:completionBlock:] (in IDEFoundation)
  7   -[IDEScheme buildAndActionTaskForSchemeOperationParameters:shouldBuild:onlyBuild:buildParameters:buildLog:deviceAvailableChecker:restorePersistedBuildResults:dontActuallyRunCommands:error:completionBlock:] (in IDEFoundation)
  8   -[IDEScheme schemeOperationForSchemeOperationParameters:buildLog:overridingProperties:overridingBuildConfiguration:dontActuallyRunCommands:restorePersistedBuildResults:deviceAvailableChecker:error:completionBlock:] (in IDEFoundation)
  9   -[IDEScheme schemeOperationForSchemeOperationParameters:buildLog:overridingProperties:overridingBuildConfiguration:dontActuallyRunCommands:restorePersistedBuildResults:error:completionBlock:] (in IDEFoundation)
 10   -[Xcode3CommandLineBuildTool(TestSchemeAction) buildForTestSchemeCommandWantsSkip:buildAction:isProjectBuild:title:buildLog:isMoreDestinationsPending:runDestinations:runDestination:schemeCommand:executionEnvironment:restorePersistedBuildResults:operationToEnqueue:error:] (in Xcode3Core)
 11   -[Xcode3CommandLineBuildTool doSchemeBuildWithRunDestinations:runDestinationIdx:wantsSkip:buildActionTimingSection:timingSection:buildAction:isMoreDesinationsPending:actionResultBlock:title:buildLog:executionEnvironment:restorePersistedBuildResults:operationToEnqueue:error:] (in Xcode3Core)
 12   -[Xcode3CommandLineBuildTool doBuildForBuildAction:timingSection:colorize:colorizeFailure:error:] (in Xcode3Core)
 13   -[Xcode3CommandLineBuildTool _buildWithTimingSection:] (in Xcode3Core)
 14   -[Xcode3CommandLineBuildTool run] (in Xcode3Core)
 15   XcodeBuildMain (in libxcodebuildLoader.dylib)
 16   -[XcodebuildPreIDEHandler loadXcode3ProjectSupportAndRunXcode3CommandLineBuildToolWithArguments:] (in xcodebuild)
 17   -[XcodebuildPreIDEHandler runWithArguments:] (in xcodebuild)
 18   main (in xcodebuild)
 19   start (in dyld)

<__DVTSwiftAsyncOperation: 0x7a530b7780; state = AReFc> created at:
  0   -[DVTOperation init] (in DVTFoundation)
  1   @objc DVTAsyncOperation.init() (in DVTFoundation)
  2   static DVTOperation.awaiting(_:) (in DVTFoundation)
  3   @objc static IDESchemeAction.operationToWaitForFinishedLoadingOperation(of:) (in IDEFoundation)
  4   -[IDESchemeAction _setUpOperationsForPackageLoadingInWorkspace:handlePreActionsActivityLogSection:isCleanOperation:] (in IDEFoundation)
  5   -[IDESchemeAction setUpActionDependenciesForCorePhaseOperation:shouldRunPostActionsBlock:prePhaseEnvironmentPopulationBlock:postPhaseEnvironmentPopulationBlock:handlePreActionsActivityLogSection:handlePostActionsActivityLogSection:buildParameters:schemeActionResultOperation:error:] (in IDEFoundation)
  6   -[IDETestSchemeAction testOperationWithSchemeOperationParameters:testManager:buildOperation:buildParameters:schemeCommand:actionRecord:testPlanRunSpecifications:deviceAvailableChecker:outError:actionCallbackBlock:] (in IDEFoundation)
  7   -[IDEScheme(TestSchemeAction) executionOperationForTestSchemeActionWithOperationParameters:command:buildOperationVariantSpecifiers:buildOperationGroup:schemeActionResult:buildParameters:shouldOnlyBuild:runDestination:orderedOperations:schemeActionRecord:deviceAvailableChecker:actionCallbackBlock:error:] (in IDEFoundation)
  8   -[IDEScheme _executionOperationForSchemeOperationParameters:build:onlyBuild:buildParameters:title:buildLog:dontActuallyRunCommands:restorePersistedBuildResults:deviceAvailableChecker:error:actionCallbackBlock:] (in IDEFoundation)
  9   -[IDEScheme(TestSchemeAction) schemeTestActionOperationForSchemeOperationParameters:onlyBuild:buildLog:deviceAvailableChecker:buildParameters:shouldBuild:restorePersistedBuildResults:error:completionBlock:] (in IDEFoundation)
 10   -[IDEScheme buildAndActionTaskForSchemeOperationParameters:shouldBuild:onlyBuild:buildParameters:buildLog:deviceAvailableChecker:restorePersistedBuildResults:dontActuallyRunCommands:error:completionBlock:] (in IDEFoundation)
 11   -[IDEScheme schemeOperationForSchemeOperationParameters:buildLog:overridingProperties:overridingBuildConfiguration:dontActuallyRunCommands:restorePersistedBuildResults:deviceAvailableChecker:error:completionBlock:] (in IDEFoundation)
 12   -[IDEScheme schemeOperationForSchemeOperationParameters:buildLog:overridingProperties:overridingBuildConfiguration:dontActuallyRunCommands:restorePersistedBuildResults:error:completionBlock:] (in IDEFoundation)
 13   -[Xcode3CommandLineBuildTool(TestSchemeAction) buildForTestSchemeCommandWantsSkip:buildAction:isProjectBuild:title:buildLog:isMoreDestinationsPending:runDestinations:runDestination:schemeCommand:executionEnvironment:restorePersistedBuildResults:operationToEnqueue:error:] (in Xcode3Core)
 14   -[Xcode3CommandLineBuildTool doSchemeBuildWithRunDestinations:runDestinationIdx:wantsSkip:buildActionTimingSection:timingSection:buildAction:isMoreDesinationsPending:actionResultBlock:title:buildLog:executionEnvironment:restorePersistedBuildResults:operationToEnqueue:error:] (in Xcode3Core)
 15   -[Xcode3CommandLineBuildTool doBuildForBuildAction:timingSection:colorize:colorizeFailure:error:] (in Xcode3Core)
 16   -[Xcode3CommandLineBuildTool _buildWithTimingSection:] (in Xcode3Core)
 17   -[Xcode3CommandLineBuildTool run] (in Xcode3Core)
 18   XcodeBuildMain (in libxcodebuildLoader.dylib)
 19   -[XcodebuildPreIDEHandler loadXcode3ProjectSupportAndRunXcode3CommandLineBuildToolWithArguments:] (in xcodebuild)
 20   -[XcodebuildPreIDEHandler runWithArguments:] (in xcodebuild)
 21   main (in xcodebuild)
 22   start (in dyld)

<__DVTSwiftAsyncOperation: 0x7a52f14000; state = AReFc> created at:
  0   -[DVTOperation init] (in DVTFoundation)
  1   @objc DVTAsyncOperation.init() (in DVTFoundation)
  2   @objc static DVTOperation.operationWithMainThreadBlock(_:) (in DVTFoundation)
  3   -[IDESchemeAction _setUpOperationsForPackageLoadingInWorkspace:handlePreActionsActivityLogSection:isCleanOperation:] (in IDEFoundation)
  4   -[IDESchemeAction setUpActionDependenciesForCorePhaseOperation:shouldRunPostActionsBlock:prePhaseEnvironmentPopulationBlock:postPhaseEnvironmentPopulationBlock:handlePreActionsActivityLogSection:handlePostActionsActivityLogSection:buildParameters:schemeActionResultOperation:error:] (in IDEFoundation)
  5   -[IDETestSchemeAction testOperationWithSchemeOperationParameters:testManager:buildOperation:buildParameters:schemeCommand:actionRecord:testPlanRunSpecifications:deviceAvailableChecker:outError:actionCallbackBlock:] (in IDEFoundation)
  6   -[IDEScheme(TestSchemeAction) executionOperationForTestSchemeActionWithOperationParameters:command:buildOperationVariantSpecifiers:buildOperationGroup:schemeActionResult:buildParameters:shouldOnlyBuild:runDestination:orderedOperations:schemeActionRecord:deviceAvailableChecker:actionCallbackBlock:error:] (in IDEFoundation)
  7   -[IDEScheme _executionOperationForSchemeOperationParameters:build:onlyBuild:buildParameters:title:buildLog:dontActuallyRunCommands:restorePersistedBuildResults:deviceAvailableChecker:error:actionCallbackBlock:] (in IDEFoundation)
  8   -[IDEScheme(TestSchemeAction) schemeTestActionOperationForSchemeOperationParameters:onlyBuild:buildLog:deviceAvailableChecker:buildParameters:shouldBuild:restorePersistedBuildResults:error:completionBlock:] (in IDEFoundation)
  9   -[IDEScheme buildAndActionTaskForSchemeOperationParameters:shouldBuild:onlyBuild:buildParameters:buildLog:deviceAvailableChecker:restorePersistedBuildResults:dontActuallyRunCommands:error:completionBlock:] (in IDEFoundation)
 10   -[IDEScheme schemeOperationForSchemeOperationParameters:buildLog:overridingProperties:overridingBuildConfiguration:dontActuallyRunCommands:restorePersistedBuildResults:deviceAvailableChecker:error:completionBlock:] (in IDEFoundation)
 11   -[IDEScheme schemeOperationForSchemeOperationParameters:buildLog:overridingProperties:overridingBuildConfiguration:dontActuallyRunCommands:restorePersistedBuildResults:error:completionBlock:] (in IDEFoundation)
 12   -[Xcode3CommandLineBuildTool(TestSchemeAction) buildForTestSchemeCommandWantsSkip:buildAction:isProjectBuild:title:buildLog:isMoreDestinationsPending:runDestinations:runDestination:schemeCommand:executionEnvironment:restorePersistedBuildResults:operationToEnqueue:error:] (in Xcode3Core)
 13   -[Xcode3CommandLineBuildTool doSchemeBuildWithRunDestinations:runDestinationIdx:wantsSkip:buildActionTimingSection:timingSection:buildAction:isMoreDesinationsPending:actionResultBlock:title:buildLog:executionEnvironment:restorePersistedBuildResults:operationToEnqueue:error:] (in Xcode3Core)
 14   -[Xcode3CommandLineBuildTool doBuildForBuildAction:timingSection:colorize:colorizeFailure:error:] (in Xcode3Core)
 15   -[Xcode3CommandLineBuildTool _buildWithTimingSection:] (in Xcode3Core)
 16   -[Xcode3CommandLineBuildTool run] (in Xcode3Core)
 17   XcodeBuildMain (in libxcodebuildLoader.dylib)
 18   -[XcodebuildPreIDEHandler loadXcode3ProjectSupportAndRunXcode3CommandLineBuildToolWithArguments:] (in xcodebuild)
 19   -[XcodebuildPreIDEHandler runWithArguments:] (in xcodebuild)
 20   main (in xcodebuild)
 21   start (in dyld)

<DVTOperation: 0x7a5348a1c0; state = arefc> created at:
  0   -[DVTOperation init] (in DVTFoundation)
  1   +[DVTOperation(DVTConveniences) operationWithBlock:] (in DVTFoundation)
  2   -[IDESchemeAction setUpActionDependenciesForCorePhaseOperation:shouldRunPostActionsBlock:prePhaseEnvironmentPopulationBlock:postPhaseEnvironmentPopulationBlock:handlePreActionsActivityLogSection:handlePostActionsActivityLogSection:buildParameters:schemeActionResultOperation:error:] (in IDEFoundation)
  3   -[IDETestSchemeAction testOperationWithSchemeOperationParameters:testManager:buildOperation:buildParameters:schemeCommand:actionRecord:testPlanRunSpecifications:deviceAvailableChecker:outError:actionCallbackBlock:] (in IDEFoundation)
  4   -[IDEScheme(TestSchemeAction) executionOperationForTestSchemeActionWithOperationParameters:command:buildOperationVariantSpecifiers:buildOperationGroup:schemeActionResult:buildParameters:shouldOnlyBuild:runDestination:orderedOperations:schemeActionRecord:deviceAvailableChecker:actionCallbackBlock:error:] (in IDEFoundation)
  5   -[IDEScheme _executionOperationForSchemeOperationParameters:build:onlyBuild:buildParameters:title:buildLog:dontActuallyRunCommands:restorePersistedBuildResults:deviceAvailableChecker:error:actionCallbackBlock:] (in IDEFoundation)
  6   -[IDEScheme(TestSchemeAction) schemeTestActionOperationForSchemeOperationParameters:onlyBuild:buildLog:deviceAvailableChecker:buildParameters:shouldBuild:restorePersistedBuildResults:error:completionBlock:] (in IDEFoundation)
  7   -[IDEScheme buildAndActionTaskForSchemeOperationParameters:shouldBuild:onlyBuild:buildParameters:buildLog:deviceAvailableChecker:restorePersistedBuildResults:dontActuallyRunCommands:error:completionBlock:] (in IDEFoundation)
  8   -[IDEScheme schemeOperationForSchemeOperationParameters:buildLog:overridingProperties:overridingBuildConfiguration:dontActuallyRunCommands:restorePersistedBuildResults:deviceAvailableChecker:error:completionBlock:] (in IDEFoundation)
  9   -[IDEScheme schemeOperationForSchemeOperationParameters:buildLog:overridingProperties:overridingBuildConfiguration:dontActuallyRunCommands:restorePersistedBuildResults:error:completionBlock:] (in IDEFoundation)
 10   -[Xcode3CommandLineBuildTool(TestSchemeAction) buildForTestSchemeCommandWantsSkip:buildAction:isProjectBuild:title:buildLog:isMoreDestinationsPending:runDestinations:runDestination:schemeCommand:executionEnvironment:restorePersistedBuildResults:operationToEnqueue:error:] (in Xcode3Core)
 11   -[Xcode3CommandLineBuildTool doSchemeBuildWithRunDestinations:runDestinationIdx:wantsSkip:buildActionTimingSection:timingSection:buildAction:isMoreDesinationsPending:actionResultBlock:title:buildLog:executionEnvironment:restorePersistedBuildResults:operationToEnqueue:error:] (in Xcode3Core)
 12   -[Xcode3CommandLineBuildTool doBuildForBuildAction:timingSection:colorize:colorizeFailure:error:] (in Xcode3Core)
 13   -[Xcode3CommandLineBuildTool _buildWithTimingSection:] (in Xcode3Core)
 14   -[Xcode3CommandLineBuildTool run] (in Xcode3Core)
 15   XcodeBuildMain (in libxcodebuildLoader.dylib)
 16   -[XcodebuildPreIDEHandler loadXcode3ProjectSupportAndRunXcode3CommandLineBuildToolWithArguments:] (in xcodebuild)
 17   -[XcodebuildPreIDEHandler runWithArguments:] (in xcodebuild)
 18   main (in xcodebuild)
 19   start (in dyld)

<DVTOperationGroup: 0x7a53480f00; state = AReF!c> created at:
  0   -[DVTOperation init] (in DVTFoundation)
  1   -[DVTOperationGroup init] (in DVTFoundation)
  2   -[IDETestRunSession testOperationForTestRunSpecificationGroups:executionEnvironment:invocationRecord:actionRecord:schemeIdentifier:outSchemeActionResultOperation:launchParametersBlock:actionCallbackBlock:error:] (in IDEFoundation)
  3   -[IDETestManager testOperationForTestRunSpecificationGroups:executionEnvironment:runDestinationPool:invocationRecord:actionRecord:schemeIdentifier:outSchemeActionResultOperation:launchParametersBlock:actionCallbackBlock:error:] (in IDEFoundation)
  4   -[IDETestSchemeAction testOperationWithSchemeOperationParameters:testManager:buildOperation:buildParameters:schemeCommand:actionRecord:testPlanRunSpecifications:deviceAvailableChecker:outError:actionCallbackBlock:] (in IDEFoundation)
  5   -[IDEScheme(TestSchemeAction) executionOperationForTestSchemeActionWithOperationParameters:command:buildOperationVariantSpecifiers:buildOperationGroup:schemeActionResult:buildParameters:shouldOnlyBuild:runDestination:orderedOperations:schemeActionRecord:deviceAvailableChecker:actionCallbackBlock:error:] (in IDEFoundation)
  6   -[IDEScheme _executionOperationForSchemeOperationParameters:build:onlyBuild:buildParameters:title:buildLog:dontActuallyRunCommands:restorePersistedBuildResults:deviceAvailableChecker:error:actionCallbackBlock:] (in IDEFoundation)
  7   -[IDEScheme(TestSchemeAction) schemeTestActionOperationForSchemeOperationParameters:onlyBuild:buildLog:deviceAvailableChecker:buildParameters:shouldBuild:restorePersistedBuildResults:error:completionBlock:] (in IDEFoundation)
  8   -[IDEScheme buildAndActionTaskForSchemeOperationParameters:shouldBuild:onlyBuild:buildParameters:buildLog:deviceAvailableChecker:restorePersistedBuildResults:dontActuallyRunCommands:error:completionBlock:] (in IDEFoundation)
  9   -[IDEScheme schemeOperationForSchemeOperationParameters:buildLog:overridingProperties:overridingBuildConfiguration:dontActuallyRunCommands:restorePersistedBuildResults:deviceAvailableChecker:error:completionBlock:] (in IDEFoundation)
 10   -[IDEScheme schemeOperationForSchemeOperationParameters:buildLog:overridingProperties:overridingBuildConfiguration:dontActuallyRunCommands:restorePersistedBuildResults:error:completionBlock:] (in IDEFoundation)
 11   -[Xcode3CommandLineBuildTool(TestSchemeAction) buildForTestSchemeCommandWantsSkip:buildAction:isProjectBuild:title:buildLog:isMoreDestinationsPending:runDestinations:runDestination:schemeCommand:executionEnvironment:restorePersistedBuildResults:operationToEnqueue:error:] (in Xcode3Core)
 12   -[Xcode3CommandLineBuildTool doSchemeBuildWithRunDestinations:runDestinationIdx:wantsSkip:buildActionTimingSection:timingSection:buildAction:isMoreDesinationsPending:actionResultBlock:title:buildLog:executionEnvironment:restorePersistedBuildResults:operationToEnqueue:error:] (in Xcode3Core)
 13   -[Xcode3CommandLineBuildTool doBuildForBuildAction:timingSection:colorize:colorizeFailure:error:] (in Xcode3Core)
 14   -[Xcode3CommandLineBuildTool _buildWithTimingSection:] (in Xcode3Core)
 15   -[Xcode3CommandLineBuildTool run] (in Xcode3Core)
 16   XcodeBuildMain (in libxcodebuildLoader.dylib)
 17   -[XcodebuildPreIDEHandler loadXcode3ProjectSupportAndRunXcode3CommandLineBuildToolWithArguments:] (in xcodebuild)
 18   -[XcodebuildPreIDEHandler runWithArguments:] (in xcodebuild)
 19   main (in xcodebuild)
 20   start (in dyld)

<DVTOperation: 0x7a53489a40; state = aReFc> created at:
  0   -[DVTOperation init] (in DVTFoundation)
  1   +[DVTOperation(DVTConveniences) operationWithBlock:] (in DVTFoundation)
  2   -[IDETestRunSession testOperationForTestRunSpecificationGroups:executionEnvironment:invocationRecord:actionRecord:schemeIdentifier:outSchemeActionResultOperation:launchParametersBlock:actionCallbackBlock:error:] (in IDEFoundation)
  3   -[IDETestManager testOperationForTestRunSpecificationGroups:executionEnvironment:runDestinationPool:invocationRecord:actionRecord:schemeIdentifier:outSchemeActionResultOperation:launchParametersBlock:actionCallbackBlock:error:] (in IDEFoundation)
  4   -[IDETestSchemeAction testOperationWithSchemeOperationParameters:testManager:buildOperation:buildParameters:schemeCommand:actionRecord:testPlanRunSpecifications:deviceAvailableChecker:outError:actionCallbackBlock:] (in IDEFoundation)
  5   -[IDEScheme(TestSchemeAction) executionOperationForTestSchemeActionWithOperationParameters:command:buildOperationVariantSpecifiers:buildOperationGroup:schemeActionResult:buildParameters:shouldOnlyBuild:runDestination:orderedOperations:schemeActionRecord:deviceAvailableChecker:actionCallbackBlock:error:] (in IDEFoundation)
  6   -[IDEScheme _executionOperationForSchemeOperationParameters:build:onlyBuild:buildParameters:title:buildLog:dontActuallyRunCommands:restorePersistedBuildResults:deviceAvailableChecker:error:actionCallbackBlock:] (in IDEFoundation)
  7   -[IDEScheme(TestSchemeAction) schemeTestActionOperationForSchemeOperationParameters:onlyBuild:buildLog:deviceAvailableChecker:buildParameters:shouldBuild:restorePersistedBuildResults:error:completionBlock:] (in IDEFoundation)
  8   -[IDEScheme buildAndActionTaskForSchemeOperationParameters:shouldBuild:onlyBuild:buildParameters:buildLog:deviceAvailableChecker:restorePersistedBuildResults:dontActuallyRunCommands:error:completionBlock:] (in IDEFoundation)
  9   -[IDEScheme schemeOperationForSchemeOperationParameters:buildLog:overridingProperties:overridingBuildConfiguration:dontActuallyRunCommands:restorePersistedBuildResults:deviceAvailableChecker:error:completionBlock:] (in IDEFoundation)
 10   -[IDEScheme schemeOperationForSchemeOperationParameters:buildLog:overridingProperties:overridingBuildConfiguration:dontActuallyRunCommands:restorePersistedBuildResults:error:completionBlock:] (in IDEFoundation)
 11   -[Xcode3CommandLineBuildTool(TestSchemeAction) buildForTestSchemeCommandWantsSkip:buildAction:isProjectBuild:title:buildLog:isMoreDestinationsPending:runDestinations:runDestination:schemeCommand:executionEnvironment:restorePersistedBuildResults:operationToEnqueue:error:] (in Xcode3Core)
 12   -[Xcode3CommandLineBuildTool doSchemeBuildWithRunDestinations:runDestinationIdx:wantsSkip:buildActionTimingSection:timingSection:buildAction:isMoreDesinationsPending:actionResultBlock:title:buildLog:executionEnvironment:restorePersistedBuildResults:operationToEnqueue:error:] (in Xcode3Core)
 13   -[Xcode3CommandLineBuildTool doBuildForBuildAction:timingSection:colorize:colorizeFailure:error:] (in Xcode3Core)
 14   -[Xcode3CommandLineBuildTool _buildWithTimingSection:] (in Xcode3Core)
 15   -[Xcode3CommandLineBuildTool run] (in Xcode3Core)
 16   XcodeBuildMain (in libxcodebuildLoader.dylib)
 17   -[XcodebuildPreIDEHandler loadXcode3ProjectSupportAndRunXcode3CommandLineBuildToolWithArguments:] (in xcodebuild)
 18   -[XcodebuildPreIDEHandler runWithArguments:] (in xcodebuild)
 19   main (in xcodebuild)
 20   start (in dyld)

<_IDETestingFinalizeLogsOperation: 0x7a5348a580; name = 'Finalize test log', state = aref!c> created at:
  0   -[DVTOperation init] (in DVTFoundation)
  1   +[DVTOperation(DVTConveniences) operationWithBlock:] (in DVTFoundation)
  2   -[IDETestSchemeAction _finalizeLogOperationWithRecorder:launchLogsSectionRecorder:] (in IDEFoundation)
  3   -[IDETestSchemeAction testOperationWithSchemeOperationParameters:testManager:buildOperation:buildParameters:schemeCommand:actionRecord:testPlanRunSpecifications:deviceAvailableChecker:outError:actionCallbackBlock:] (in IDEFoundation)
  4   -[IDEScheme(TestSchemeAction) executionOperationForTestSchemeActionWithOperationParameters:command:buildOperationVariantSpecifiers:buildOperationGroup:schemeActionResult:buildParameters:shouldOnlyBuild:runDestination:orderedOperations:schemeActionRecord:deviceAvailableChecker:actionCallbackBlock:error:] (in IDEFoundation)
  5   -[IDEScheme _executionOperationForSchemeOperationParameters:build:onlyBuild:buildParameters:title:buildLog:dontActuallyRunCommands:restorePersistedBuildResults:deviceAvailableChecker:error:actionCallbackBlock:] (in IDEFoundation)
  6   -[IDEScheme(TestSchemeAction) schemeTestActionOperationForSchemeOperationParameters:onlyBuild:buildLog:deviceAvailableChecker:buildParameters:shouldBuild:restorePersistedBuildResults:error:completionBlock:] (in IDEFoundation)
  7   -[IDEScheme buildAndActionTaskForSchemeOperationParameters:shouldBuild:onlyBuild:buildParameters:buildLog:deviceAvailableChecker:restorePersistedBuildResults:dontActuallyRunCommands:error:completionBlock:] (in IDEFoundation)
  8   -[IDEScheme schemeOperationForSchemeOperationParameters:buildLog:overridingProperties:overridingBuildConfiguration:dontActuallyRunCommands:restorePersistedBuildResults:deviceAvailableChecker:error:completionBlock:] (in IDEFoundation)
  9   -[IDEScheme schemeOperationForSchemeOperationParameters:buildLog:overridingProperties:overridingBuildConfiguration:dontActuallyRunCommands:restorePersistedBuildResults:error:completionBlock:] (in IDEFoundation)
 10   -[Xcode3CommandLineBuildTool(TestSchemeAction) buildForTestSchemeCommandWantsSkip:buildAction:isProjectBuild:title:buildLog:isMoreDestinationsPending:runDestinations:runDestination:schemeCommand:executionEnvironment:restorePersistedBuildResults:operationToEnqueue:error:] (in Xcode3Core)
 11   -[Xcode3CommandLineBuildTool doSchemeBuildWithRunDestinations:runDestinationIdx:wantsSkip:buildActionTimingSection:** BUILD INTERRUPTED **
