Command line invocation:
    /Applications/Xcode.app/Contents/Developer/usr/bin/xcodebuild -project NeuroForge.xcodeproj -scheme NeuroForge -destination platform=macOS -derivedDataPath /tmp/NeuroForge-improvement-build CODE_SIGNING_ALLOWED=NO "-only-testing:NeuroForgeTests/ExactSessionContinuityTests" "-only-testing:NeuroForgeTests/GeneratedLifecycleParityTests" "-only-testing:NeuroForgeTests/EditorialLiveControllerPersistenceTests" "-only-testing:NeuroForgeTests/FocusedQuizRotationIntegrationTests" "-only-testing:NeuroForgeTests/LocalReservationBridgeTests" "-only-testing:NeuroForgeTests/LocalizationCatalogTests" "-only-testing:NeuroForgeTests/LocalizationResidualTests" test

Build settings from command line:
    CODE_SIGNING_ALLOWED = NO

Resolve Package Graph


Resolved source packages:
  SwiftMath: https://github.com/mgriebling/SwiftMath.git @ 1d2c908

--- xcodebuild: WARNING: Using the first of multiple matching destinations:
{ platform:macOS, arch:arm64, id:00006020-000228AE0287401E, name:My Mac }
{ platform:macOS, arch:x86_64, id:00006020-000228AE0287401E, name:My Mac }
ComputePackagePrebuildTargetDependencyGraph

Prepare packages

CreateBuildRequest

SendProjectDescription

CreateBuildOperation

ComputeTargetDependencyGraph
note: Building targets in dependency order
note: Target dependency graph (5 targets)
    Target 'NeuroForgeTests' in project 'NeuroForge'
        ➜ Explicit dependency on target 'NeuroForge' in project 'NeuroForge'
    Target 'NeuroForge' in project 'NeuroForge'
        ➜ Explicit dependency on target 'SwiftMath' in project 'SwiftMath'
    Target 'SwiftMath' in project 'SwiftMath'
        ➜ Explicit dependency on target 'SwiftMath' in project 'SwiftMath'
        ➜ Explicit dependency on target 'SwiftMath_SwiftMath' in project 'SwiftMath'
    Target 'SwiftMath' in project 'SwiftMath'
        ➜ Explicit dependency on target 'SwiftMath_SwiftMath' in project 'SwiftMath'
    Target 'SwiftMath_SwiftMath' in project 'SwiftMath' (no dependencies)

GatherProvisioningInputs

CreateBuildDescription

ClangStatCache /Applications/Xcode.app/Contents/Developer/Toolchains/XcodeDefault.xctoolchain/usr/bin/clang-stat-cache /Applications/Xcode.app/Contents/Developer/Platforms/MacOSX.platform/Developer/SDKs/MacOSX26.5.sdk /tmp/NeuroForge-improvement-build/SDKStatCaches.noindex/macosx26.5-25F70-e082c4a02f00227109f4ed75e425c832.sdkstatcache
    cd /Users/takamimarsh/Developer/Projects/Zacro\ Tech/NeuroForge/NeuroForge.xcodeproj
    /Applications/Xcode.app/Contents/Developer/Toolchains/XcodeDefault.xctoolchain/usr/bin/clang-stat-cache /Applications/Xcode.app/Contents/Developer/Platforms/MacOSX.platform/Developer/SDKs/MacOSX26.5.sdk -o /tmp/NeuroForge-improvement-build/SDKStatCaches.noindex/macosx26.5-25F70-e082c4a02f00227109f4ed75e425c832.sdkstatcache

SwiftDriver NeuroForge normal arm64 com.apple.xcode.tools.swift.compiler (in target 'NeuroForge' from project 'NeuroForge')
    cd /Users/takamimarsh/Developer/Projects/Zacro\ Tech/NeuroForge
    builtin-SwiftDriver -- /Applications/Xcode.app/Contents/Developer/Toolchains/XcodeDefault.xctoolchain/usr/bin/swiftc -module-name NeuroForge -Onone @/tmp/NeuroForge-improvement-build/Build/Intermediates.noindex/NeuroForge.build/Debug/NeuroForge.build/Objects-normal/arm64/NeuroForge.SwiftFileList -DDEBUG -enable-experimental-feature DebugDescriptionMacro -sdk /Applications/Xcode.app/Contents/Developer/Platforms/MacOSX.platform/Developer/SDKs/MacOSX26.5.sdk -target arm64-apple-macos26.4 -g -module-cache-path /tmp/NeuroForge-improvement-build/ModuleCache.noindex -Xfrontend -serialize-debugging-options -enable-testing -warnings-as-errors -index-store-path /tmp/NeuroForge-improvement-build/Index.noindex/DataStore -Xcc -D_LIBCPP_HARDENING_MODE\=_LIBCPP_HARDENING_MODE_DEBUG -swift-version 6 -I /tmp/NeuroForge-improvement-build/Build/Products/Debug -F /tmp/NeuroForge-improvement-build/Build/Products/Debug/PackageFrameworks -F /tmp/NeuroForge-improvement-build/Build/Products/Debug -emit-localized-strings -emit-localized-strings-path /tmp/NeuroForge-improvement-build/Build/Intermediates.noindex/NeuroForge.build/Debug/NeuroForge.build/Objects-normal/arm64 -c -j12 -disable-batch-mode -incremental -Xcc -ivfsstatcache -Xcc /tmp/NeuroForge-improvement-build/SDKStatCaches.noindex/macosx26.5-25F70-e082c4a02f00227109f4ed75e425c832.sdkstatcache -output-file-map /tmp/NeuroForge-improvement-build/Build/Intermediates.noindex/NeuroForge.build/Debug/NeuroForge.build/Objects-normal/arm64/NeuroForge-OutputFileMap.json -use-frontend-parseable-output -save-temps -no-color-diagnostics -explicit-module-build -module-cache-path /tmp/NeuroForge-improvement-build/Build/Intermediates.noindex/SwiftExplicitPrecompiledModules -clang-scanner-module-cache-path /tmp/NeuroForge-improvement-build/ModuleCache.noindex -sdk-module-cache-path /tmp/NeuroForge-improvement-build/ModuleCache.noindex -serialize-diagnostics -emit-dependencies -emit-module -emit-module-path /tmp/NeuroForge-improvement-build/Build/Intermediates.noindex/NeuroForge.build/Debug/NeuroForge.build/Objects-normal/arm64/NeuroForge.swiftmodule -validate-clang-modules-once -clang-build-session-file /tmp/NeuroForge-improvement-build/ModuleCache.noindex/Session.modulevalidation -Xcc -I/tmp/NeuroForge-improvement-build/Build/Intermediates.noindex/NeuroForge.build/Debug/NeuroForge.build/swift-overrides.hmap -emit-const-values -Xfrontend -const-gather-protocols-file -Xfrontend /tmp/NeuroForge-improvement-build/Build/Intermediates.noindex/NeuroForge.build/Debug/NeuroForge.build/Objects-normal/arm64/NeuroForge_const_extract_protocols.json -Xcc -iquote -Xcc /tmp/NeuroForge-improvement-build/Build/Intermediates.noindex/NeuroForge.build/Debug/NeuroForge.build/NeuroForge-generated-files.hmap -Xcc -I/tmp/NeuroForge-improvement-build/Build/Intermediates.noindex/NeuroForge.build/Debug/NeuroForge.build/NeuroForge-own-target-headers.hmap -Xcc -I/tmp/NeuroForge-improvement-build/Build/Intermediates.noindex/NeuroForge.build/Debug/NeuroForge.build/NeuroForge-all-non-framework-target-headers.hmap -Xcc -ivfsoverlay -Xcc /tmp/NeuroForge-improvement-build/Build/Intermediates.noindex/NeuroForge.build/Debug/NeuroForge-1f477e43189f7d9a813ad7fc7bf5f2ec-VFS/all-product-headers.yaml -Xcc -iquote -Xcc /tmp/NeuroForge-improvement-build/Build/Intermediates.noindex/NeuroForge.build/Debug/NeuroForge.build/NeuroForge-project-headers.hmap -Xcc -I/tmp/NeuroForge-improvement-build/Build/Products/Debug/include -Xcc -I/tmp/NeuroForge-improvement-build/Build/Intermediates.noindex/NeuroForge.build/Debug/NeuroForge.build/DerivedSources-normal/arm64 -Xcc -I/tmp/NeuroForge-improvement-build/Build/Intermediates.noindex/NeuroForge.build/Debug/NeuroForge.build/DerivedSources/arm64 -Xcc -I/tmp/NeuroForge-improvement-build/Build/Intermediates.noindex/NeuroForge.build/Debug/NeuroForge.build/DerivedSources -Xcc -DDEBUG\=1 -emit-objc-header -emit-objc-header-path /tmp/NeuroForge-improvement-build/Build/Intermediates.noindex/NeuroForge.build/Debug/NeuroForge.build/Objects-normal/arm64/NeuroForge-Swift.h -working-directory /Users/takamimarsh/Developer/Projects/Zacro\ Tech/NeuroForge -experimental-emit-module-separately -disable-cmo

SwiftEmitModule normal arm64 Emitting\ module\ for\ NeuroForge (in target 'NeuroForge' from project 'NeuroForge')

EmitSwiftModule normal arm64 (in target 'NeuroForge' from project 'NeuroForge')
    cd /Users/takamimarsh/Developer/Projects/Zacro\ Tech/NeuroForge
    

SwiftCompile normal arm64 Compiling\ NFLocalSessionRepository.swift /Users/takamimarsh/Developer/Projects/Zacro\ Tech/NeuroForge/Sources/Persistence/NFLocalSessionRepository.swift (in target 'NeuroForge' from project 'NeuroForge')
SwiftCompile normal arm64 /Users/takamimarsh/Developer/Projects/Zacro\ Tech/NeuroForge/Sources/Persistence/NFLocalSessionRepository.swift (in target 'NeuroForge' from project 'NeuroForge')
    cd /Users/takamimarsh/Developer/Projects/Zacro\ Tech/NeuroForge
    

SwiftCompile normal arm64 Compiling\ AIStudioView.swift /Users/takamimarsh/Developer/Projects/Zacro\ Tech/NeuroForge/Sources/Features/AI/AIStudioView.swift (in target 'NeuroForge' from project 'NeuroForge')
SwiftCompile normal arm64 /Users/takamimarsh/Developer/Projects/Zacro\ Tech/NeuroForge/Sources/Features/AI/AIStudioView.swift (in target 'NeuroForge' from project 'NeuroForge')
    cd /Users/takamimarsh/Developer/Projects/Zacro\ Tech/NeuroForge
    

SwiftCompile normal arm64 Compiling\ UniversalSessionView.swift /Users/takamimarsh/Developer/Projects/Zacro\ Tech/NeuroForge/Sources/Features/Training/UniversalSessionView.swift (in target 'NeuroForge' from project 'NeuroForge')

SwiftCompile normal arm64 /Users/takamimarsh/Developer/Projects/Zacro\ Tech/NeuroForge/Sources/Features/Training/UniversalSessionView.swift (in target 'NeuroForge' from project 'NeuroForge')
    cd /Users/takamimarsh/Developer/Projects/Zacro\ Tech/NeuroForge
    

SwiftCompile normal arm64 Compiling\ PersistenceModels.swift /Users/takamimarsh/Developer/Projects/Zacro\ Tech/NeuroForge/Sources/Persistence/PersistenceModels.swift (in target 'NeuroForge' from project 'NeuroForge')

SwiftCompile normal arm64 /Users/takamimarsh/Developer/Projects/Zacro\ Tech/NeuroForge/Sources/Persistence/PersistenceModels.swift (in target 'NeuroForge' from project 'NeuroForge')
    cd /Users/takamimarsh/Developer/Projects/Zacro\ Tech/NeuroForge
    

SwiftCompile normal arm64 Compiling\ NFExerciseContractMetadata.swift /Users/takamimarsh/Developer/Projects/Zacro\ Tech/NeuroForge/Sources/TrainingEngine/NFExerciseContractMetadata.swift (in target 'NeuroForge' from project 'NeuroForge')

SwiftCompile normal arm64 /Users/takamimarsh/Developer/Projects/Zacro\ Tech/NeuroForge/Sources/TrainingEngine/NFExerciseContractMetadata.swift (in target 'NeuroForge' from project 'NeuroForge')
    cd /Users/takamimarsh/Developer/Projects/Zacro\ Tech/NeuroForge
    

SwiftDriverJobDiscovery normal arm64 Compiling NFExerciseContractMetadata.swift (in target 'NeuroForge' from project 'NeuroForge')

SwiftDriverJobDiscovery normal arm64 Emitting module for NeuroForge (in target 'NeuroForge' from project 'NeuroForge')

SwiftDriver\ Compilation\ Requirements NeuroForge normal arm64 com.apple.xcode.tools.swift.compiler (in target 'NeuroForge' from project 'NeuroForge')
    cd /Users/takamimarsh/Developer/Projects/Zacro\ Tech/NeuroForge
    builtin-Swift-Compilation-Requirements -- /Applications/Xcode.app/Contents/Developer/Toolchains/XcodeDefault.xctoolchain/usr/bin/swiftc -module-name NeuroForge -Onone @/tmp/NeuroForge-improvement-build/Build/Intermediates.noindex/NeuroForge.build/Debug/NeuroForge.build/Objects-normal/arm64/NeuroForge.SwiftFileList -DDEBUG -enable-experimental-feature DebugDescriptionMacro -sdk /Applications/Xcode.app/Contents/Developer/Platforms/MacOSX.platform/Developer/SDKs/MacOSX26.5.sdk -target arm64-apple-macos26.4 -g -module-cache-path /tmp/NeuroForge-improvement-build/ModuleCache.noindex -Xfrontend -serialize-debugging-options -enable-testing -warnings-as-errors -index-store-path /tmp/NeuroForge-improvement-build/Index.noindex/DataStore -Xcc -D_LIBCPP_HARDENING_MODE\=_LIBCPP_HARDENING_MODE_DEBUG -swift-version 6 -I /tmp/NeuroForge-improvement-build/Build/Products/Debug -F /tmp/NeuroForge-improvement-build/Build/Products/Debug/PackageFrameworks -F /tmp/NeuroForge-improvement-build/Build/Products/Debug -emit-localized-strings -emit-localized-strings-path /tmp/NeuroForge-improvement-build/Build/Intermediates.noindex/NeuroForge.build/Debug/NeuroForge.build/Objects-normal/arm64 -c -j12 -disable-batch-mode -incremental -Xcc -ivfsstatcache -Xcc /tmp/NeuroForge-improvement-build/SDKStatCaches.noindex/macosx26.5-25F70-e082c4a02f00227109f4ed75e425c832.sdkstatcache -output-file-map /tmp/NeuroForge-improvement-build/Build/Intermediates.noindex/NeuroForge.build/Debug/NeuroForge.build/Objects-normal/arm64/NeuroForge-OutputFileMap.json -use-frontend-parseable-output -save-temps -no-color-diagnostics -explicit-module-build -module-cache-path /tmp/NeuroForge-improvement-build/Build/Intermediates.noindex/SwiftExplicitPrecompiledModules -clang-scanner-module-cache-path /tmp/NeuroForge-improvement-build/ModuleCache.noindex -sdk-module-cache-path /tmp/NeuroForge-improvement-build/ModuleCache.noindex -serialize-diagnostics -emit-dependencies -emit-module -emit-module-path /tmp/NeuroForge-improvement-build/Build/Intermediates.noindex/NeuroForge.build/Debug/NeuroForge.build/Objects-normal/arm64/NeuroForge.swiftmodule -validate-clang-modules-once -clang-build-session-file /tmp/NeuroForge-improvement-build/ModuleCache.noindex/Session.modulevalidation -Xcc -I/tmp/NeuroForge-improvement-build/Build/Intermediates.noindex/NeuroForge.build/Debug/NeuroForge.build/swift-overrides.hmap -emit-const-values -Xfrontend -const-gather-protocols-file -Xfrontend /tmp/NeuroForge-improvement-build/Build/Intermediates.noindex/NeuroForge.build/Debug/NeuroForge.build/Objects-normal/arm64/NeuroForge_const_extract_protocols.json -Xcc -iquote -Xcc /tmp/NeuroForge-improvement-build/Build/Intermediates.noindex/NeuroForge.build/Debug/NeuroForge.build/NeuroForge-generated-files.hmap -Xcc -I/tmp/NeuroForge-improvement-build/Build/Intermediates.noindex/NeuroForge.build/Debug/NeuroForge.build/NeuroForge-own-target-headers.hmap -Xcc -I/tmp/NeuroForge-improvement-build/Build/Intermediates.noindex/NeuroForge.build/Debug/NeuroForge.build/NeuroForge-all-non-framework-target-headers.hmap -Xcc -ivfsoverlay -Xcc /tmp/NeuroForge-improvement-build/Build/Intermediates.noindex/NeuroForge.build/Debug/NeuroForge-1f477e43189f7d9a813ad7fc7bf5f2ec-VFS/all-product-headers.yaml -Xcc -iquote -Xcc /tmp/NeuroForge-improvement-build/Build/Intermediates.noindex/NeuroForge.build/Debug/NeuroForge.build/NeuroForge-project-headers.hmap -Xcc -I/tmp/NeuroForge-improvement-build/Build/Products/Debug/include -Xcc -I/tmp/NeuroForge-improvement-build/Build/Intermediates.noindex/NeuroForge.build/Debug/NeuroForge.build/DerivedSources-normal/arm64 -Xcc -I/tmp/NeuroForge-improvement-build/Build/Intermediates.noindex/NeuroForge.build/Debug/NeuroForge.build/DerivedSources/arm64 -Xcc -I/tmp/NeuroForge-improvement-build/Build/Intermediates.noindex/NeuroForge.build/Debug/NeuroForge.build/DerivedSources -Xcc -DDEBUG\=1 -emit-objc-header -emit-objc-header-path /tmp/NeuroForge-improvement-build/Build/Intermediates.noindex/NeuroForge.build/Debug/NeuroForge.build/Objects-normal/arm64/NeuroForge-Swift.h -working-directory /Users/takamimarsh/Developer/Projects/Zacro\ Tech/NeuroForge -experimental-emit-module-separately -disable-cmo

Copy /tmp/NeuroForge-improvement-build/Build/Products/Debug/NeuroForge.swiftmodule/arm64-apple-macos.swiftmodule /tmp/NeuroForge-improvement-build/Build/Intermediates.noindex/NeuroForge.build/Debug/NeuroForge.build/Objects-normal/arm64/NeuroForge.swiftmodule (in target 'NeuroForge' from project 'NeuroForge')
    cd /Users/takamimarsh/Developer/Projects/Zacro\ Tech/NeuroForge
    builtin-copy -exclude .DS_Store -exclude CVS -exclude .svn -exclude .git -exclude .hg -resolve-src-symlinks -rename /tmp/NeuroForge-improvement-build/Build/Intermediates.noindex/NeuroForge.build/Debug/NeuroForge.build/Objects-normal/arm64/NeuroForge.swiftmodule /tmp/NeuroForge-improvement-build/Build/Products/Debug/NeuroForge.swiftmodule/arm64-apple-macos.swiftmodule

Copy /tmp/NeuroForge-improvement-build/Build/Products/Debug/NeuroForge.swiftmodule/arm64-apple-macos.swiftdoc /tmp/NeuroForge-improvement-build/Build/Intermediates.noindex/NeuroForge.build/Debug/NeuroForge.build/Objects-normal/arm64/NeuroForge.swiftdoc (in target 'NeuroForge' from project 'NeuroForge')
    cd /Users/takamimarsh/Developer/Projects/Zacro\ Tech/NeuroForge
    builtin-copy -exclude .DS_Store -exclude CVS -exclude .svn -exclude .git -exclude .hg -resolve-src-symlinks -rename /tmp/NeuroForge-improvement-build/Build/Intermediates.noindex/NeuroForge.build/Debug/NeuroForge.build/Objects-normal/arm64/NeuroForge.swiftdoc /tmp/NeuroForge-improvement-build/Build/Products/Debug/NeuroForge.swiftmodule/arm64-apple-macos.swiftdoc

Copy /tmp/NeuroForge-improvement-build/Build/Products/Debug/NeuroForge.swiftmodule/arm64-apple-macos.abi.json /tmp/NeuroForge-improvement-build/Build/Intermediates.noindex/NeuroForge.build/Debug/NeuroForge.build/Objects-normal/arm64/NeuroForge.abi.json (in target 'NeuroForge' from project 'NeuroForge')
    cd /Users/takamimarsh/Developer/Projects/Zacro\ Tech/NeuroForge
    builtin-copy -exclude .DS_Store -exclude CVS -exclude .svn -exclude .git -exclude .hg -resolve-src-symlinks -rename /tmp/NeuroForge-improvement-build/Build/Intermediates.noindex/NeuroForge.build/Debug/NeuroForge.build/Objects-normal/arm64/NeuroForge.abi.json /tmp/NeuroForge-improvement-build/Build/Products/Debug/NeuroForge.swiftmodule/arm64-apple-macos.abi.json

Copy /tmp/NeuroForge-improvement-build/Build/Products/Debug/NeuroForge.swiftmodule/Project/arm64-apple-macos.swiftsourceinfo /tmp/NeuroForge-improvement-build/Build/Intermediates.noindex/NeuroForge.build/Debug/NeuroForge.build/Objects-normal/arm64/NeuroForge.swiftsourceinfo (in target 'NeuroForge' from project 'NeuroForge')
    cd /Users/takamimarsh/Developer/Projects/Zacro\ Tech/NeuroForge
    builtin-copy -exclude .DS_Store -exclude CVS -exclude .svn -exclude .git -exclude .hg -resolve-src-symlinks -rename /tmp/NeuroForge-improvement-build/Build/Intermediates.noindex/NeuroForge.build/Debug/NeuroForge.build/Objects-normal/arm64/NeuroForge.swiftsourceinfo /tmp/NeuroForge-improvement-build/Build/Products/Debug/NeuroForge.swiftmodule/Project/arm64-apple-macos.swiftsourceinfo

SwiftDriver NeuroForgeTests normal arm64 com.apple.xcode.tools.swift.compiler (in target 'NeuroForgeTests' from project 'NeuroForge')
    cd /Users/takamimarsh/Developer/Projects/Zacro\ Tech/NeuroForge
    builtin-SwiftDriver -- /Applications/Xcode.app/Contents/Developer/Toolchains/XcodeDefault.xctoolchain/usr/bin/swiftc -module-name NeuroForgeTests -Onone @/tmp/NeuroForge-improvement-build/Build/Intermediates.noindex/NeuroForge.build/Debug/NeuroForgeTests.build/Objects-normal/arm64/NeuroForgeTests.SwiftFileList -DDEBUG -plugin-path /Applications/Xcode.app/Contents/Developer/Toolchains/XcodeDefault.xctoolchain/usr/lib/swift/host/plugins/testing -enable-experimental-feature DebugDescriptionMacro -sdk /Applications/Xcode.app/Contents/Developer/Platforms/MacOSX.platform/Developer/SDKs/MacOSX26.5.sdk -target arm64-apple-macos26.4 -g -module-cache-path /tmp/NeuroForge-improvement-build/ModuleCache.noindex -Xfrontend -serialize-debugging-options -enable-testing -warnings-as-errors -index-store-path /tmp/NeuroForge-improvement-build/Index.noindex/DataStore -Xcc -D_LIBCPP_HARDENING_MODE\=_LIBCPP_HARDENING_MODE_DEBUG -swift-version 6 -I /tmp/NeuroForge-improvement-build/Build/Products/Debug -Isystem /Applications/Xcode.app/Contents/Developer/Platforms/MacOSX.platform/Developer/usr/lib -F /tmp/NeuroForge-improvement-build/Build/Products/Debug/PackageFrameworks -F /tmp/NeuroForge-improvement-build/Build/Products/Debug -F /Applications/Xcode.app/Contents/Developer/Platforms/MacOSX.platform/Developer/Library/Frameworks -emit-localized-strings -emit-localized-strings-path /tmp/NeuroForge-improvement-build/Build/Intermediates.noindex/NeuroForge.build/Debug/NeuroForgeTests.build/Objects-normal/arm64 -c -j12 -disable-batch-mode -incremental -Xcc -ivfsstatcache -Xcc /tmp/NeuroForge-improvement-build/SDKStatCaches.noindex/macosx26.5-25F70-e082c4a02f00227109f4ed75e425c832.sdkstatcache -output-file-map /tmp/NeuroForge-improvement-build/Build/Intermediates.noindex/NeuroForge.build/Debug/NeuroForgeTests.build/Objects-normal/arm64/NeuroForgeTests-OutputFileMap.json -use-frontend-parseable-output -save-temps -no-color-diagnostics -explicit-module-build -module-cache-path /tmp/NeuroForge-improvement-build/Build/Intermediates.noindex/SwiftExplicitPrecompiledModules -clang-scanner-module-cache-path /tmp/NeuroForge-improvement-build/ModuleCache.noindex -sdk-module-cache-path /tmp/NeuroForge-improvement-build/ModuleCache.noindex -serialize-diagnostics -emit-dependencies -emit-module -emit-module-path /tmp/NeuroForge-improvement-build/Build/Intermediates.noindex/NeuroForge.build/Debug/NeuroForgeTests.build/Objects-normal/arm64/NeuroForgeTests.swiftmodule -validate-clang-modules-once -clang-build-session-file /tmp/NeuroForge-improvement-build/ModuleCache.noindex/Session.modulevalidation -Xcc -I/tmp/NeuroForge-improvement-build/Build/Intermediates.noindex/NeuroForge.build/Debug/NeuroForgeTests.build/swift-overrides.hmap -emit-const-values -Xfrontend -const-gather-protocols-file -Xfrontend /tmp/NeuroForge-improvement-build/Build/Intermediates.noindex/NeuroForge.build/Debug/NeuroForgeTests.build/Objects-normal/arm64/NeuroForgeTests_const_extract_protocols.json -Xcc -iquote -Xcc /tmp/NeuroForge-improvement-build/Build/Intermediates.noindex/NeuroForge.build/Debug/NeuroForgeTests.build/NeuroForgeTests-generated-files.hmap -Xcc -I/tmp/NeuroForge-improvement-build/Build/Intermediates.noindex/NeuroForge.build/Debug/NeuroForgeTests.build/NeuroForgeTests-own-target-headers.hmap -Xcc -I/tmp/NeuroForge-improvement-build/Build/Intermediates.noindex/NeuroForge.build/Debug/NeuroForgeTests.build/NeuroForgeTests-all-non-framework-target-headers.hmap -Xcc -ivfsoverlay -Xcc /tmp/NeuroForge-improvement-build/Build/Intermediates.noindex/NeuroForge.build/Debug/NeuroForge-1f477e43189f7d9a813ad7fc7bf5f2ec-VFS/all-product-headers.yaml -Xcc -iquote -Xcc /tmp/NeuroForge-improvement-build/Build/Intermediates.noindex/NeuroForge.build/Debug/NeuroForgeTests.build/NeuroForgeTests-project-headers.hmap -Xcc -I/tmp/NeuroForge-improvement-build/Build/Products/Debug/include -Xcc -I/tmp/NeuroForge-improvement-build/Build/Intermediates.noindex/NeuroForge.build/Debug/NeuroForgeTests.build/DerivedSources-normal/arm64 -Xcc -I/tmp/NeuroForge-improvement-build/Build/Intermediates.noindex/NeuroForge.build/Debug/NeuroForgeTests.build/DerivedSources/arm64 -Xcc -I/tmp/NeuroForge-improvement-build/Build/Intermediates.noindex/NeuroForge.build/Debug/NeuroForgeTests.build/DerivedSources -Xcc -DDEBUG\=1 -emit-objc-header -emit-objc-header-path /tmp/NeuroForge-improvement-build/Build/Intermediates.noindex/NeuroForge.build/Debug/NeuroForgeTests.build/Objects-normal/arm64/NeuroForgeTests-Swift.h -working-directory /Users/takamimarsh/Developer/Projects/Zacro\ Tech/NeuroForge -experimental-emit-module-separately -disable-cmo

SwiftCompile normal arm64 Compiling\ AttemptReflectionContractTests.swift /Users/takamimarsh/Developer/Projects/Zacro\ Tech/NeuroForge/Tests/AttemptReflectionContractTests.swift (in target 'NeuroForgeTests' from project 'NeuroForge')

SwiftCompile normal arm64 /Users/takamimarsh/Developer/Projects/Zacro\ Tech/NeuroForge/Tests/AttemptReflectionContractTests.swift (in target 'NeuroForgeTests' from project 'NeuroForge')
    cd /Users/takamimarsh/Developer/Projects/Zacro\ Tech/NeuroForge
    

SwiftCompile normal arm64 Compiling\ AdaptiveQuestionPopulationPolicyTests.swift /Users/takamimarsh/Developer/Projects/Zacro\ Tech/NeuroForge/Tests/AdaptiveQuestionPopulationPolicyTests.swift (in target 'NeuroForgeTests' from project 'NeuroForge')

SwiftCompile normal arm64 /Users/takamimarsh/Developer/Projects/Zacro\ Tech/NeuroForge/Tests/AdaptiveQuestionPopulationPolicyTests.swift (in target 'NeuroForgeTests' from project 'NeuroForge')
    cd /Users/takamimarsh/Developer/Projects/Zacro\ Tech/NeuroForge
    

SwiftCompile normal arm64 Compiling\ AdaptiveEngineTests.swift /Users/takamimarsh/Developer/Projects/Zacro\ Tech/NeuroForge/Tests/AdaptiveEngineTests.swift (in target 'NeuroForgeTests' from project 'NeuroForge')

SwiftCompile normal arm64 /Users/takamimarsh/Developer/Projects/Zacro\ Tech/NeuroForge/Tests/AdaptiveEngineTests.swift (in target 'NeuroForgeTests' from project 'NeuroForge')
    cd /Users/takamimarsh/Developer/Projects/Zacro\ Tech/NeuroForge
    

SwiftCompile normal arm64 Compiling\ AssessmentSchedulerTests.swift /Users/takamimarsh/Developer/Projects/Zacro\ Tech/NeuroForge/Tests/AssessmentSchedulerTests.swift (in target 'NeuroForgeTests' from project 'NeuroForge')

SwiftCompile normal arm64 /Users/takamimarsh/Developer/Projects/Zacro\ Tech/NeuroForge/Tests/AssessmentSchedulerTests.swift (in target 'NeuroForgeTests' from project 'NeuroForge')
    cd /Users/takamimarsh/Developer/Projects/Zacro\ Tech/NeuroForge
    

SwiftCompile normal arm64 Compiling\ AIAndSourceTests.swift /Users/takamimarsh/Developer/Projects/Zacro\ Tech/NeuroForge/Tests/AIAndSourceTests.swift (in target 'NeuroForgeTests' from project 'NeuroForge')

SwiftCompile normal arm64 /Users/takamimarsh/Developer/Projects/Zacro\ Tech/NeuroForge/Tests/AIAndSourceTests.swift (in target 'NeuroForgeTests' from project 'NeuroForge')
    cd /Users/takamimarsh/Developer/Projects/Zacro\ Tech/NeuroForge
    

SwiftCompile normal arm64 Compiling\ BundledRetrievalCatalogTests.swift /Users/takamimarsh/Developer/Projects/Zacro\ Tech/NeuroForge/Tests/BundledRetrievalCatalogTests.swift (in target 'NeuroForgeTests' from project 'NeuroForge')

SwiftCompile normal arm64 /Users/takamimarsh/Developer/Projects/Zacro\ Tech/NeuroForge/Tests/BundledRetrievalCatalogTests.swift (in target 'NeuroForgeTests' from project 'NeuroForge')
    cd /Users/takamimarsh/Developer/Projects/Zacro\ Tech/NeuroForge
    

SwiftCompile normal arm64 Compiling\ AdaptivePlanHistoryTests.swift /Users/takamimarsh/Developer/Projects/Zacro\ Tech/NeuroForge/Tests/AdaptivePlanHistoryTests.swift (in target 'NeuroForgeTests' from project 'NeuroForge')

SwiftCompile normal arm64 /Users/takamimarsh/Developer/Projects/Zacro\ Tech/NeuroForge/Tests/AdaptivePlanHistoryTests.swift (in target 'NeuroForgeTests' from project 'NeuroForge')
    cd /Users/takamimarsh/Developer/Projects/Zacro\ Tech/NeuroForge
    

SwiftCompile normal arm64 Compiling\ CloudAuthoringTests.swift /Users/takamimarsh/Developer/Projects/Zacro\ Tech/NeuroForge/Tests/CloudAuthoringTests.swift (in target 'NeuroForgeTests' from project 'NeuroForge')

SwiftCompile normal arm64 /Users/takamimarsh/Developer/Projects/Zacro\ Tech/NeuroForge/Tests/CloudAuthoringTests.swift (in target 'NeuroForgeTests' from project 'NeuroForge')
    cd /Users/takamimarsh/Developer/Projects/Zacro\ Tech/NeuroForge
    

SwiftEmitModule normal arm64 Emitting\ module\ for\ NeuroForgeTests (in target 'NeuroForgeTests' from project 'NeuroForge')

EmitSwiftModule normal arm64 (in target 'NeuroForgeTests' from project 'NeuroForge')
    cd /Users/takamimarsh/Developer/Projects/Zacro\ Tech/NeuroForge
    

SwiftDriverJobDiscovery normal arm64 Compiling CloudAuthoringTests.swift (in target 'NeuroForgeTests' from project 'NeuroForge')

SwiftCompile normal arm64 Compiling\ SelectionReservationLedgerTests.swift /Users/takamimarsh/Developer/Projects/Zacro\ Tech/NeuroForge/Tests/SelectionReservationLedgerTests.swift (in target 'NeuroForgeTests' from project 'NeuroForge')

SwiftCompile normal arm64 /Users/takamimarsh/Developer/Projects/Zacro\ Tech/NeuroForge/Tests/SelectionReservationLedgerTests.swift (in target 'NeuroForgeTests' from project 'NeuroForge')
    cd /Users/takamimarsh/Developer/Projects/Zacro\ Tech/NeuroForge
    

SwiftDriverJobDiscovery normal arm64 Compiling BundledRetrievalCatalogTests.swift (in target 'NeuroForgeTests' from project 'NeuroForge')

SwiftCompile normal arm64 Compiling\ ProfileProgressContractsTests.swift /Users/takamimarsh/Developer/Projects/Zacro\ Tech/NeuroForge/Tests/ProfileProgressContractsTests.swift (in target 'NeuroForgeTests' from project 'NeuroForge')

SwiftCompile normal arm64 /Users/takamimarsh/Developer/Projects/Zacro\ Tech/NeuroForge/Tests/ProfileProgressContractsTests.swift (in target 'NeuroForgeTests' from project 'NeuroForge')
    cd /Users/takamimarsh/Developer/Projects/Zacro\ Tech/NeuroForge
    

SwiftDriverJobDiscovery normal arm64 Compiling AdaptiveQuestionPopulationPolicyTests.swift (in target 'NeuroForgeTests' from project 'NeuroForge')

SwiftCompile normal arm64 Compiling\ DataExportRoundTripTests.swift /Users/takamimarsh/Developer/Projects/Zacro\ Tech/NeuroForge/Tests/DataExportRoundTripTests.swift (in target 'NeuroForgeTests' from project 'NeuroForge')

SwiftCompile normal arm64 /Users/takamimarsh/Developer/Projects/Zacro\ Tech/NeuroForge/Tests/DataExportRoundTripTests.swift (in target 'NeuroForgeTests' from project 'NeuroForge')
    cd /Users/takamimarsh/Developer/Projects/Zacro\ Tech/NeuroForge
    

SwiftDriverJobDiscovery normal arm64 Compiling AttemptReflectionContractTests.swift (in target 'NeuroForgeTests' from project 'NeuroForge')

SwiftCompile normal arm64 Compiling\ ContentImprovementRegressionTests.swift /Users/takamimarsh/Developer/Projects/Zacro\ Tech/NeuroForge/Tests/ContentImprovementRegressionTests.swift (in target 'NeuroForgeTests' from project 'NeuroForge')

SwiftCompile normal arm64 /Users/takamimarsh/Developer/Projects/Zacro\ Tech/NeuroForge/Tests/ContentImprovementRegressionTests.swift (in target 'NeuroForgeTests' from project 'NeuroForge')
    cd /Users/takamimarsh/Developer/Projects/Zacro\ Tech/NeuroForge
    

SwiftDriverJobDiscovery normal arm64 Compiling AdaptivePlanHistoryTests.swift (in target 'NeuroForgeTests' from project 'NeuroForge')

SwiftCompile normal arm64 Compiling\ ReleaseContentIntegrityTests.swift /Users/takamimarsh/Developer/Projects/Zacro\ Tech/NeuroForge/Tests/ReleaseContentIntegrityTests.swift (in target 'NeuroForgeTests' from project 'NeuroForge')

SwiftCompile normal arm64 /Users/takamimarsh/Developer/Projects/Zacro\ Tech/NeuroForge/Tests/ReleaseContentIntegrityTests.swift (in target 'NeuroForgeTests' from project 'NeuroForge')
    cd /Users/takamimarsh/Developer/Projects/Zacro\ Tech/NeuroForge
    

SwiftDriverJobDiscovery normal arm64 Compiling AdaptiveEngineTests.swift (in target 'NeuroForgeTests' from project 'NeuroForge')

SwiftCompile normal arm64 Compiling\ PrivateCloudTransportTests.swift /Users/takamimarsh/Developer/Projects/Zacro\ Tech/NeuroForge/Tests/PrivateCloudTransportTests.swift (in target 'NeuroForgeTests' from project 'NeuroForge')

SwiftCompile normal arm64 /Users/takamimarsh/Developer/Projects/Zacro\ Tech/NeuroForge/Tests/PrivateCloudTransportTests.swift (in target 'NeuroForgeTests' from project 'NeuroForge')
    cd /Users/takamimarsh/Developer/Projects/Zacro\ Tech/NeuroForge
    

SwiftDriverJobDiscovery normal arm64 Compiling SelectionReservationLedgerTests.swift (in target 'NeuroForgeTests' from project 'NeuroForge')

SwiftCompile normal arm64 Compiling\ LocalLearningLifecycleTests.swift /Users/takamimarsh/Developer/Projects/Zacro\ Tech/NeuroForge/Tests/LocalLearningLifecycleTests.swift (in target 'NeuroForgeTests' from project 'NeuroForge')

SwiftCompile normal arm64 /Users/takamimarsh/Developer/Projects/Zacro\ Tech/NeuroForge/Tests/LocalLearningLifecycleTests.swift (in target 'NeuroForgeTests' from project 'NeuroForge')
    cd /Users/takamimarsh/Developer/Projects/Zacro\ Tech/NeuroForge
    

SwiftDriverJobDiscovery normal arm64 Compiling ReleaseContentIntegrityTests.swift (in target 'NeuroForgeTests' from project 'NeuroForge')

SwiftCompile normal arm64 Compiling\ ResidualIntegrationContractTests.swift /Users/takamimarsh/Developer/Projects/Zacro\ Tech/NeuroForge/Tests/ResidualIntegrationContractTests.swift (in target 'NeuroForgeTests' from project 'NeuroForge')

SwiftCompile normal arm64 /Users/takamimarsh/Developer/Projects/Zacro\ Tech/NeuroForge/Tests/ResidualIntegrationContractTests.swift (in target 'NeuroForgeTests' from project 'NeuroForge')
    cd /Users/takamimarsh/Developer/Projects/Zacro\ Tech/NeuroForge
    

SwiftDriverJobDiscovery normal arm64 Compiling PersistenceModels.swift (in target 'NeuroForge' from project 'NeuroForge')

SwiftCompile normal arm64 Compiling\ OfflineQuestionBankTests.swift /Users/takamimarsh/Developer/Projects/Zacro\ Tech/NeuroForge/Tests/OfflineQuestionBankTests.swift (in target 'NeuroForgeTests' from project 'NeuroForge')

SwiftCompile normal arm64 /Users/takamimarsh/Developer/Projects/Zacro\ Tech/NeuroForge/Tests/OfflineQuestionBankTests.swift (in target 'NeuroForgeTests' from project 'NeuroForge')
    cd /Users/takamimarsh/Developer/Projects/Zacro\ Tech/NeuroForge
    

SwiftDriverJobDiscovery normal arm64 Compiling AssessmentSchedulerTests.swift (in target 'NeuroForgeTests' from project 'NeuroForge')

SwiftCompile normal arm64 Compiling\ LocalizationCatalogTests.swift /Users/takamimarsh/Developer/Projects/Zacro\ Tech/NeuroForge/Tests/LocalizationCatalogTests.swift (in target 'NeuroForgeTests' from project 'NeuroForge')

SwiftCompile normal arm64 /Users/takamimarsh/Developer/Projects/Zacro\ Tech/NeuroForge/Tests/LocalizationCatalogTests.swift (in target 'NeuroForgeTests' from project 'NeuroForge')
    cd /Users/takamimarsh/Developer/Projects/Zacro\ Tech/NeuroForge
    

SwiftDriverJobDiscovery normal arm64 Compiling ResidualIntegrationContractTests.swift (in target 'NeuroForgeTests' from project 'NeuroForge')

SwiftCompile normal arm64 Compiling\ DataExportTests.swift /Users/takamimarsh/Developer/Projects/Zacro\ Tech/NeuroForge/Tests/DataExportTests.swift (in target 'NeuroForgeTests' from project 'NeuroForge')

SwiftCompile normal arm64 /Users/takamimarsh/Developer/Projects/Zacro\ Tech/NeuroForge/Tests/DataExportTests.swift (in target 'NeuroForgeTests' from project 'NeuroForge')
    cd /Users/takamimarsh/Developer/Projects/Zacro\ Tech/NeuroForge
    

SwiftDriverJobDiscovery normal arm64 Compiling ProfileProgressContractsTests.swift (in target 'NeuroForgeTests' from project 'NeuroForge')

SwiftCompile normal arm64 Compiling\ UserFacingContentLintTests.swift /Users/takamimarsh/Developer/Projects/Zacro\ Tech/NeuroForge/Tests/UserFacingContentLintTests.swift (in target 'NeuroForgeTests' from project 'NeuroForge')

SwiftCompile normal arm64 /Users/takamimarsh/Developer/Projects/Zacro\ Tech/NeuroForge/Tests/UserFacingContentLintTests.swift (in target 'NeuroForgeTests' from project 'NeuroForge')
    cd /Users/takamimarsh/Developer/Projects/Zacro\ Tech/NeuroForge
    

SwiftDriverJobDiscovery normal arm64 Compiling OfflineQuestionBankTests.swift (in target 'NeuroForgeTests' from project 'NeuroForge')

SwiftCompile normal arm64 Compiling\ GeneralExerciseEngineTests.swift /Users/takamimarsh/Developer/Projects/Zacro\ Tech/NeuroForge/Tests/GeneralExerciseEngineTests.swift (in target 'NeuroForgeTests' from project 'NeuroForge')

SwiftCompile normal arm64 /Users/takamimarsh/Developer/Projects/Zacro\ Tech/NeuroForge/Tests/GeneralExerciseEngineTests.swift (in target 'NeuroForgeTests' from project 'NeuroForge')
    cd /Users/takamimarsh/Developer/Projects/Zacro\ Tech/NeuroForge
    

SwiftDriverJobDiscovery normal arm64 Emitting module for NeuroForgeTests (in target 'NeuroForgeTests' from project 'NeuroForge')

SwiftDriver\ Compilation\ Requirements NeuroForgeTests normal arm64 com.apple.xcode.tools.swift.compiler (in target 'NeuroForgeTests' from project 'NeuroForge')
    cd /Users/takamimarsh/Developer/Projects/Zacro\ Tech/NeuroForge
    builtin-Swift-Compilation-Requirements -- /Applications/Xcode.app/Contents/Developer/Toolchains/XcodeDefault.xctoolchain/usr/bin/swiftc -module-name NeuroForgeTests -Onone @/tmp/NeuroForge-improvement-build/Build/Intermediates.noindex/NeuroForge.build/Debug/NeuroForgeTests.build/Objects-normal/arm64/NeuroForgeTests.SwiftFileList -DDEBUG -plugin-path /Applications/Xcode.app/Contents/Developer/Toolchains/XcodeDefault.xctoolchain/usr/lib/swift/host/plugins/testing -enable-experimental-feature DebugDescriptionMacro -sdk /Applications/Xcode.app/Contents/Developer/Platforms/MacOSX.platform/Developer/SDKs/MacOSX26.5.sdk -target arm64-apple-macos26.4 -g -module-cache-path /tmp/NeuroForge-improvement-build/ModuleCache.noindex -Xfrontend -serialize-debugging-options -enable-testing -warnings-as-errors -index-store-path /tmp/NeuroForge-improvement-build/Index.noindex/DataStore -Xcc -D_LIBCPP_HARDENING_MODE\=_LIBCPP_HARDENING_MODE_DEBUG -swift-version 6 -I /tmp/NeuroForge-improvement-build/Build/Products/Debug -Isystem /Applications/Xcode.app/Contents/Developer/Platforms/MacOSX.platform/Developer/usr/lib -F /tmp/NeuroForge-improvement-build/Build/Products/Debug/PackageFrameworks -F /tmp/NeuroForge-improvement-build/Build/Products/Debug -F /Applications/Xcode.app/Contents/Developer/Platforms/MacOSX.platform/Developer/Library/Frameworks -emit-localized-strings -emit-localized-strings-path /tmp/NeuroForge-improvement-build/Build/Intermediates.noindex/NeuroForge.build/Debug/NeuroForgeTests.build/Objects-normal/arm64 -c -j12 -disable-batch-mode -incremental -Xcc -ivfsstatcache -Xcc /tmp/NeuroForge-improvement-build/SDKStatCaches.noindex/macosx26.5-25F70-e082c4a02f00227109f4ed75e425c832.sdkstatcache -output-file-map /tmp/NeuroForge-improvement-build/Build/Intermediates.noindex/NeuroForge.build/Debug/NeuroForgeTests.build/Objects-normal/arm64/NeuroForgeTests-OutputFileMap.json -use-frontend-parseable-output -save-temps -no-color-diagnostics -explicit-module-build -module-cache-path /tmp/NeuroForge-improvement-build/Build/Intermediates.noindex/SwiftExplicitPrecompiledModules -clang-scanner-module-cache-path /tmp/NeuroForge-improvement-build/ModuleCache.noindex -sdk-module-cache-path /tmp/NeuroForge-improvement-build/ModuleCache.noindex -serialize-diagnostics -emit-dependencies -emit-module -emit-module-path /tmp/NeuroForge-improvement-build/Build/Intermediates.noindex/NeuroForge.build/Debug/NeuroForgeTests.build/Objects-normal/arm64/NeuroForgeTests.swiftmodule -validate-clang-modules-once -clang-build-session-file /tmp/NeuroForge-improvement-build/ModuleCache.noindex/Session.modulevalidation -Xcc -I/tmp/NeuroForge-improvement-build/Build/Intermediates.noindex/NeuroForge.build/Debug/NeuroForgeTests.build/swift-overrides.hmap -emit-const-values -Xfrontend -const-gather-protocols-file -Xfrontend /tmp/NeuroForge-improvement-build/Build/Intermediates.noindex/NeuroForge.build/Debug/NeuroForgeTests.build/Objects-normal/arm64/NeuroForgeTests_const_extract_protocols.json -Xcc -iquote -Xcc /tmp/NeuroForge-improvement-build/Build/Intermediates.noindex/NeuroForge.build/Debug/NeuroForgeTests.build/NeuroForgeTests-generated-files.hmap -Xcc -I/tmp/NeuroForge-improvement-build/Build/Intermediates.noindex/NeuroForge.build/Debug/NeuroForgeTests.build/NeuroForgeTests-own-target-headers.hmap -Xcc -I/tmp/NeuroForge-improvement-build/Build/Intermediates.noindex/NeuroForge.build/Debug/NeuroForgeTests.build/NeuroForgeTests-all-non-framework-target-headers.hmap -Xcc -ivfsoverlay -Xcc /tmp/NeuroForge-improvement-build/Build/Intermediates.noindex/NeuroForge.build/Debug/NeuroForge-1f477e43189f7d9a813ad7fc7bf5f2ec-VFS/all-product-headers.yaml -Xcc -iquote -Xcc /tmp/NeuroForge-improvement-build/Build/Intermediates.noindex/NeuroForge.build/Debug/NeuroForgeTests.build/NeuroForgeTests-project-headers.hmap -Xcc -I/tmp/NeuroForge-improvement-build/Build/Products/Debug/include -Xcc -I/tmp/NeuroForge-improvement-build/Build/Intermediates.noindex/NeuroForge.build/Debug/NeuroForgeTests.build/DerivedSources-normal/arm64 -Xcc -I/tmp/NeuroForge-improvement-build/Build/Intermediates.noindex/NeuroForge.build/Debug/NeuroForgeTests.build/DerivedSources/arm64 -Xcc -I/tmp/NeuroForge-improvement-build/Build/Intermediates.noindex/NeuroForge.build/Debug/NeuroForgeTests.build/DerivedSources -Xcc -DDEBUG\=1 -emit-objc-header -emit-objc-header-path /tmp/NeuroForge-improvement-build/Build/Intermediates.noindex/NeuroForge.build/Debug/NeuroForgeTests.build/Objects-normal/arm64/NeuroForgeTests-Swift.h -working-directory /Users/takamimarsh/Developer/Projects/Zacro\ Tech/NeuroForge -experimental-emit-module-separately -disable-cmo

SwiftDriverJobDiscovery normal arm64 Compiling UserFacingContentLintTests.swift (in target 'NeuroForgeTests' from project 'NeuroForge')

SwiftCompile normal arm64 Compiling\ RestoreRequestStoreTests.swift /Users/takamimarsh/Developer/Projects/Zacro\ Tech/NeuroForge/Tests/RestoreRequestStoreTests.swift (in target 'NeuroForgeTests' from project 'NeuroForge')

SwiftCompile normal arm64 /Users/takamimarsh/Developer/Projects/Zacro\ Tech/NeuroForge/Tests/RestoreRequestStoreTests.swift (in target 'NeuroForgeTests' from project 'NeuroForge')
    cd /Users/takamimarsh/Developer/Projects/Zacro\ Tech/NeuroForge
    

Copy /tmp/NeuroForge-improvement-build/Build/Products/Debug/NeuroForgeTests.swiftmodule/arm64-apple-macos.swiftmodule /tmp/NeuroForge-improvement-build/Build/Intermediates.noindex/NeuroForge.build/Debug/NeuroForgeTests.build/Objects-normal/arm64/NeuroForgeTests.swiftmodule (in target 'NeuroForgeTests' from project 'NeuroForge')
    cd /Users/takamimarsh/Developer/Projects/Zacro\ Tech/NeuroForge
    builtin-copy -exclude .DS_Store -exclude CVS -exclude .svn -exclude .git -exclude .hg -resolve-src-symlinks -rename /tmp/NeuroForge-improvement-build/Build/Intermediates.noindex/NeuroForge.build/Debug/NeuroForgeTests.build/Objects-normal/arm64/NeuroForgeTests.swiftmodule /tmp/NeuroForge-improvement-build/Build/Products/Debug/NeuroForgeTests.swiftmodule/arm64-apple-macos.swiftmodule

SwiftDriverJobDiscovery normal arm64 Compiling DataExportTests.swift (in target 'NeuroForgeTests' from project 'NeuroForge')

Copy /tmp/NeuroForge-improvement-build/Build/Products/Debug/NeuroForgeTests.swiftmodule/arm64-apple-macos.abi.json /tmp/NeuroForge-improvement-build/Build/Intermediates.noindex/NeuroForge.build/Debug/NeuroForgeTests.build/Objects-normal/arm64/NeuroForgeTests.abi.json (in target 'NeuroForgeTests' from project 'NeuroForge')
    cd /Users/takamimarsh/Developer/Projects/Zacro\ Tech/NeuroForge
    builtin-copy -exclude .DS_Store -exclude CVS -exclude .svn -exclude .git -exclude .hg -resolve-src-symlinks -rename /tmp/NeuroForge-improvement-build/Build/Intermediates.noindex/NeuroForge.build/Debug/NeuroForgeTests.build/Objects-normal/arm64/NeuroForgeTests.abi.json /tmp/NeuroForge-improvement-build/Build/Products/Debug/NeuroForgeTests.swiftmodule/arm64-apple-macos.abi.json

Copy /tmp/NeuroForge-improvement-build/Build/Products/Debug/NeuroForgeTests.swiftmodule/Project/arm64-apple-macos.swiftsourceinfo /tmp/NeuroForge-improvement-build/Build/Intermediates.noindex/NeuroForge.build/Debug/NeuroForgeTests.build/Objects-normal/arm64/NeuroForgeTests.swiftsourceinfo (in target 'NeuroForgeTests' from project 'NeuroForge')
    cd /Users/takamimarsh/Developer/Projects/Zacro\ Tech/NeuroForge
    builtin-copy -exclude .DS_Store -exclude CVS -exclude .svn -exclude .git -exclude .hg -resolve-src-symlinks -rename /tmp/NeuroForge-improvement-build/Build/Intermediates.noindex/NeuroForge.build/Debug/NeuroForgeTests.build/Objects-normal/arm64/NeuroForgeTests.swiftsourceinfo /tmp/NeuroForge-improvement-build/Build/Products/Debug/NeuroForgeTests.swiftmodule/Project/arm64-apple-macos.swiftsourceinfo

SwiftCompile normal arm64 Compiling\ SystemIntegrationTests.swift /Users/takamimarsh/Developer/Projects/Zacro\ Tech/NeuroForge/Tests/SystemIntegrationTests.swift (in target 'NeuroForgeTests' from project 'NeuroForge')

SwiftCompile normal arm64 /Users/takamimarsh/Developer/Projects/Zacro\ Tech/NeuroForge/Tests/SystemIntegrationTests.swift (in target 'NeuroForgeTests' from project 'NeuroForge')
    cd /Users/takamimarsh/Developer/Projects/Zacro\ Tech/NeuroForge
    

SwiftCompile normal arm64 Compiling\ LocalizationResidualTests.swift /Users/takamimarsh/Developer/Projects/Zacro\ Tech/NeuroForge/Tests/LocalizationResidualTests.swift (in target 'NeuroForgeTests' from project 'NeuroForge')

SwiftCompile normal arm64 /Users/takamimarsh/Developer/Projects/Zacro\ Tech/NeuroForge/Tests/LocalizationResidualTests.swift (in target 'NeuroForgeTests' from project 'NeuroForge')
    cd /Users/takamimarsh/Developer/Projects/Zacro\ Tech/NeuroForge
    

SwiftDriverJobDiscovery normal arm64 Compiling PrivateCloudTransportTests.swift (in target 'NeuroForgeTests' from project 'NeuroForge')

SwiftCompile normal arm64 Compiling\ DocumentImportLifecycleTests.swift /Users/takamimarsh/Developer/Projects/Zacro\ Tech/NeuroForge/Tests/DocumentImportLifecycleTests.swift (in target 'NeuroForgeTests' from project 'NeuroForge')

SwiftCompile normal arm64 /Users/takamimarsh/Developer/Projects/Zacro\ Tech/NeuroForge/Tests/DocumentImportLifecycleTests.swift (in target 'NeuroForgeTests' from project 'NeuroForge')
    cd /Users/takamimarsh/Developer/Projects/Zacro\ Tech/NeuroForge
    

SwiftDriverJobDiscovery normal arm64 Compiling LocalizationCatalogTests.swift (in target 'NeuroForgeTests' from project 'NeuroForge')

SwiftCompile normal arm64 Compiling\ SemanticSourceImportTests.swift /Users/takamimarsh/Developer/Projects/Zacro\ Tech/NeuroForge/Tests/SemanticSourceImportTests.swift (in target 'NeuroForgeTests' from project 'NeuroForge')

SwiftCompile normal arm64 /Users/takamimarsh/Developer/Projects/Zacro\ Tech/NeuroForge/Tests/SemanticSourceImportTests.swift (in target 'NeuroForgeTests' from project 'NeuroForge')
    cd /Users/takamimarsh/Developer/Projects/Zacro\ Tech/NeuroForge
    

SwiftDriverJobDiscovery normal arm64 Compiling RestoreRequestStoreTests.swift (in target 'NeuroForgeTests' from project 'NeuroForge')

SwiftCompile normal arm64 Compiling\ SessionFlowContractTests.swift /Users/takamimarsh/Developer/Projects/Zacro\ Tech/NeuroForge/Tests/SessionFlowContractTests.swift (in target 'NeuroForgeTests' from project 'NeuroForge')

SwiftCompile normal arm64 /Users/takamimarsh/Developer/Projects/Zacro\ Tech/NeuroForge/Tests/SessionFlowContractTests.swift (in target 'NeuroForgeTests' from project 'NeuroForge')
    cd /Users/takamimarsh/Developer/Projects/Zacro\ Tech/NeuroForge
    

SwiftDriverJobDiscovery normal arm64 Compiling LocalizationResidualTests.swift (in target 'NeuroForgeTests' from project 'NeuroForge')

SwiftCompile normal arm64 Compiling\ LocalReservationBridgeTests.swift /Users/takamimarsh/Developer/Projects/Zacro\ Tech/NeuroForge/Tests/LocalReservationBridgeTests.swift (in target 'NeuroForgeTests' from project 'NeuroForge')

SwiftCompile normal arm64 /Users/takamimarsh/Developer/Projects/Zacro\ Tech/NeuroForge/Tests/LocalReservationBridgeTests.swift (in target 'NeuroForgeTests' from project 'NeuroForge')
    cd /Users/takamimarsh/Developer/Projects/Zacro\ Tech/NeuroForge
    

SwiftDriverJobDiscovery normal arm64 Compiling DocumentImportLifecycleTests.swift (in target 'NeuroForgeTests' from project 'NeuroForge')

SwiftCompile normal arm64 Compiling\ ExactSessionContinuityTests.swift /Users/takamimarsh/Developer/Projects/Zacro\ Tech/NeuroForge/Tests/ExactSessionContinuityTests.swift (in target 'NeuroForgeTests' from project 'NeuroForge')

SwiftCompile normal arm64 /Users/takamimarsh/Developer/Projects/Zacro\ Tech/NeuroForge/Tests/ExactSessionContinuityTests.swift (in target 'NeuroForgeTests' from project 'NeuroForge')
    cd /Users/takamimarsh/Developer/Projects/Zacro\ Tech/NeuroForge
    

SwiftDriverJobDiscovery normal arm64 Compiling GeneralExerciseEngineTests.swift (in target 'NeuroForgeTests' from project 'NeuroForge')

SwiftCompile normal arm64 Compiling\ RetrievalMechanicsContractTests.swift /Users/takamimarsh/Developer/Projects/Zacro\ Tech/NeuroForge/Tests/RetrievalMechanicsContractTests.swift (in target 'NeuroForgeTests' from project 'NeuroForge')

SwiftCompile normal arm64 /Users/takamimarsh/Developer/Projects/Zacro\ Tech/NeuroForge/Tests/RetrievalMechanicsContractTests.swift (in target 'NeuroForgeTests' from project 'NeuroForge')
    cd /Users/takamimarsh/Developer/Projects/Zacro\ Tech/NeuroForge
    

SwiftDriverJobDiscovery normal arm64 Compiling SemanticSourceImportTests.swift (in target 'NeuroForgeTests' from project 'NeuroForge')

SwiftCompile normal arm64 Compiling\ PrivacyLifecycleTests.swift /Users/takamimarsh/Developer/Projects/Zacro\ Tech/NeuroForge/Tests/PrivacyLifecycleTests.swift (in target 'NeuroForgeTests' from project 'NeuroForge')

SwiftCompile normal arm64 /Users/takamimarsh/Developer/Projects/Zacro\ Tech/NeuroForge/Tests/PrivacyLifecycleTests.swift (in target 'NeuroForgeTests' from project 'NeuroForge')
    cd /Users/takamimarsh/Developer/Projects/Zacro\ Tech/NeuroForge
    

SwiftDriverJobDiscovery normal arm64 Compiling SessionFlowContractTests.swift (in target 'NeuroForgeTests' from project 'NeuroForge')

SwiftCompile normal arm64 Compiling\ SessionIntegrityReviewTests.swift /Users/takamimarsh/Developer/Projects/Zacro\ Tech/NeuroForge/Tests/SessionIntegrityReviewTests.swift (in target 'NeuroForgeTests' from project 'NeuroForge')

SwiftCompile normal arm64 /Users/takamimarsh/Developer/Projects/Zacro\ Tech/NeuroForge/Tests/SessionIntegrityReviewTests.swift (in target 'NeuroForgeTests' from project 'NeuroForge')
    cd /Users/takamimarsh/Developer/Projects/Zacro\ Tech/NeuroForge
    

SwiftDriverJobDiscovery normal arm64 Compiling SystemIntegrationTests.swift (in target 'NeuroForgeTests' from project 'NeuroForge')

SwiftCompile normal arm64 Compiling\ FocusedQuizRotationIntegrationTests.swift /Users/takamimarsh/Developer/Projects/Zacro\ Tech/NeuroForge/Tests/FocusedQuizRotationIntegrationTests.swift (in target 'NeuroForgeTests' from project 'NeuroForge')

SwiftCompile normal arm64 /Users/takamimarsh/Developer/Projects/Zacro\ Tech/NeuroForge/Tests/FocusedQuizRotationIntegrationTests.swift (in target 'NeuroForgeTests' from project 'NeuroForge')
    cd /Users/takamimarsh/Developer/Projects/Zacro\ Tech/NeuroForge
    

SwiftDriverJobDiscovery normal arm64 Compiling PrivacyLifecycleTests.swift (in target 'NeuroForgeTests' from project 'NeuroForge')

SwiftCompile normal arm64 Compiling\ TransferTaxonomyTests.swift /Users/takamimarsh/Developer/Projects/Zacro\ Tech/NeuroForge/Tests/TransferTaxonomyTests.swift (in target 'NeuroForgeTests' from project 'NeuroForge')

SwiftCompile normal arm64 /Users/takamimarsh/Developer/Projects/Zacro\ Tech/NeuroForge/Tests/TransferTaxonomyTests.swift (in target 'NeuroForgeTests' from project 'NeuroForge')
    cd /Users/takamimarsh/Developer/Projects/Zacro\ Tech/NeuroForge
    

SwiftDriverJobDiscovery normal arm64 Compiling RetrievalMechanicsContractTests.swift (in target 'NeuroForgeTests' from project 'NeuroForge')

SwiftCompile normal arm64 Compiling\ SessionWorkloadBudgetTests.swift /Users/takamimarsh/Developer/Projects/Zacro\ Tech/NeuroForge/Tests/SessionWorkloadBudgetTests.swift (in target 'NeuroForgeTests' from project 'NeuroForge')

SwiftCompile normal arm64 /Users/takamimarsh/Developer/Projects/Zacro\ Tech/NeuroForge/Tests/SessionWorkloadBudgetTests.swift (in target 'NeuroForgeTests' from project 'NeuroForge')
    cd /Users/takamimarsh/Developer/Projects/Zacro\ Tech/NeuroForge
    

SwiftDriverJobDiscovery normal arm64 Compiling LocalReservationBridgeTests.swift (in target 'NeuroForgeTests' from project 'NeuroForge')

SwiftCompile normal arm64 Compiling\ CodeTraceInteractionTests.swift /Users/takamimarsh/Developer/Projects/Zacro\ Tech/NeuroForge/Tests/CodeTraceInteractionTests.swift (in target 'NeuroForgeTests' from project 'NeuroForge')

SwiftCompile normal arm64 /Users/takamimarsh/Developer/Projects/Zacro\ Tech/NeuroForge/Tests/CodeTraceInteractionTests.swift (in target 'NeuroForgeTests' from project 'NeuroForge')
    cd /Users/takamimarsh/Developer/Projects/Zacro\ Tech/NeuroForge
    

SwiftDriverJobDiscovery normal arm64 Compiling TransferTaxonomyTests.swift (in target 'NeuroForgeTests' from project 'NeuroForge')

SwiftCompile normal arm64 Compiling\ ExperienceImprovementTests.swift /Users/takamimarsh/Developer/Projects/Zacro\ Tech/NeuroForge/Tests/ExperienceImprovementTests.swift (in target 'NeuroForgeTests' from project 'NeuroForge')

SwiftCompile normal arm64 /Users/takamimarsh/Developer/Projects/Zacro\ Tech/NeuroForge/Tests/ExperienceImprovementTests.swift (in target 'NeuroForgeTests' from project 'NeuroForge')
    cd /Users/takamimarsh/Developer/Projects/Zacro\ Tech/NeuroForge
    

SwiftDriverJobDiscovery normal arm64 Compiling DataExportRoundTripTests.swift (in target 'NeuroForgeTests' from project 'NeuroForge')

SwiftCompile normal arm64 Compiling\ RecoveryMigrationTests.swift /Users/takamimarsh/Developer/Projects/Zacro\ Tech/NeuroForge/Tests/RecoveryMigrationTests.swift (in target 'NeuroForgeTests' from project 'NeuroForge')

SwiftCompile normal arm64 /Users/takamimarsh/Developer/Projects/Zacro\ Tech/NeuroForge/Tests/RecoveryMigrationTests.swift (in target 'NeuroForgeTests' from project 'NeuroForge')
    cd /Users/takamimarsh/Developer/Projects/Zacro\ Tech/NeuroForge
    

SwiftDriverJobDiscovery normal arm64 Compiling SessionWorkloadBudgetTests.swift (in target 'NeuroForgeTests' from project 'NeuroForge')

SwiftCompile normal arm64 Compiling\ PersistenceRuntimeTests.swift /Users/takamimarsh/Developer/Projects/Zacro\ Tech/NeuroForge/Tests/PersistenceRuntimeTests.swift (in target 'NeuroForgeTests' from project 'NeuroForge')

SwiftCompile normal arm64 /Users/takamimarsh/Developer/Projects/Zacro\ Tech/NeuroForge/Tests/PersistenceRuntimeTests.swift (in target 'NeuroForgeTests' from project 'NeuroForge')
    cd /Users/takamimarsh/Developer/Projects/Zacro\ Tech/NeuroForge
    

SwiftDriverJobDiscovery normal arm64 Compiling SessionIntegrityReviewTests.swift (in target 'NeuroForgeTests' from project 'NeuroForge')

SwiftCompile normal arm64 Compiling\ OfflineQuestionRotationTests.swift /Users/takamimarsh/Developer/Projects/Zacro\ Tech/NeuroForge/Tests/OfflineQuestionRotationTests.swift (in target 'NeuroForgeTests' from project 'NeuroForge')

SwiftCompile normal arm64 /Users/takamimarsh/Developer/Projects/Zacro\ Tech/NeuroForge/Tests/OfflineQuestionRotationTests.swift (in target 'NeuroForgeTests' from project 'NeuroForge')
    cd /Users/takamimarsh/Developer/Projects/Zacro\ Tech/NeuroForge
    

SwiftDriverJobDiscovery normal arm64 Compiling CodeTraceInteractionTests.swift (in target 'NeuroForgeTests' from project 'NeuroForge')

SwiftCompile normal arm64 Compiling\ RetrievalRuntimeScoringTests.swift /Users/takamimarsh/Developer/Projects/Zacro\ Tech/NeuroForge/Tests/RetrievalRuntimeScoringTests.swift (in target 'NeuroForgeTests' from project 'NeuroForge')

SwiftCompile normal arm64 /Users/takamimarsh/Developer/Projects/Zacro\ Tech/NeuroForge/Tests/RetrievalRuntimeScoringTests.swift (in target 'NeuroForgeTests' from project 'NeuroForge')
    cd /Users/takamimarsh/Developer/Projects/Zacro\ Tech/NeuroForge
    

SwiftDriverJobDiscovery normal arm64 Compiling RecoveryMigrationTests.swift (in target 'NeuroForgeTests' from project 'NeuroForge')

SwiftCompile normal arm64 Compiling\ DefaultContentCatalogTests.swift /Users/takamimarsh/Developer/Projects/Zacro\ Tech/NeuroForge/Tests/DefaultContentCatalogTests.swift (in target 'NeuroForgeTests' from project 'NeuroForge')

SwiftCompile normal arm64 /Users/takamimarsh/Developer/Projects/Zacro\ Tech/NeuroForge/Tests/DefaultContentCatalogTests.swift (in target 'NeuroForgeTests' from project 'NeuroForge')
    cd /Users/takamimarsh/Developer/Projects/Zacro\ Tech/NeuroForge
    

SwiftDriverJobDiscovery normal arm64 Compiling AIAndSourceTests.swift (in target 'NeuroForgeTests' from project 'NeuroForge')

SwiftCompile normal arm64 Compiling\ EditorialBandEvidenceTests.swift /Users/takamimarsh/Developer/Projects/Zacro\ Tech/NeuroForge/Tests/EditorialBandEvidenceTests.swift (in target 'NeuroForgeTests' from project 'NeuroForge')

SwiftCompile normal arm64 /Users/takamimarsh/Developer/Projects/Zacro\ Tech/NeuroForge/Tests/EditorialBandEvidenceTests.swift (in target 'NeuroForgeTests' from project 'NeuroForge')
    cd /Users/takamimarsh/Developer/Projects/Zacro\ Tech/NeuroForge
    

SwiftDriverJobDiscovery normal arm64 Compiling OfflineQuestionRotationTests.swift (in target 'NeuroForgeTests' from project 'NeuroForge')

SwiftCompile normal arm64 Compiling\ OrderedResponseInteractionTests.swift /Users/takamimarsh/Developer/Projects/Zacro\ Tech/NeuroForge/Tests/OrderedResponseInteractionTests.swift (in target 'NeuroForgeTests' from project 'NeuroForge')

SwiftCompile normal arm64 /Users/takamimarsh/Developer/Projects/Zacro\ Tech/NeuroForge/Tests/OrderedResponseInteractionTests.swift (in target 'NeuroForgeTests' from project 'NeuroForge')
    cd /Users/takamimarsh/Developer/Projects/Zacro\ Tech/NeuroForge
    

SwiftDriverJobDiscovery normal arm64 Compiling ExperienceImprovementTests.swift (in target 'NeuroForgeTests' from project 'NeuroForge')

SwiftCompile normal arm64 Compiling\ NextDayEnhancementCacheTests.swift /Users/takamimarsh/Developer/Projects/Zacro\ Tech/NeuroForge/Tests/NextDayEnhancementCacheTests.swift (in target 'NeuroForgeTests' from project 'NeuroForge')

SwiftCompile normal arm64 /Users/takamimarsh/Developer/Projects/Zacro\ Tech/NeuroForge/Tests/NextDayEnhancementCacheTests.swift (in target 'NeuroForgeTests' from project 'NeuroForge')
    cd /Users/takamimarsh/Developer/Projects/Zacro\ Tech/NeuroForge
    

SwiftDriverJobDiscovery normal arm64 Compiling RetrievalRuntimeScoringTests.swift (in target 'NeuroForgeTests' from project 'NeuroForge')

SwiftCompile normal arm64 Compiling\ ProtectedPortableArchiveTests.swift /Users/takamimarsh/Developer/Projects/Zacro\ Tech/NeuroForge/Tests/ProtectedPortableArchiveTests.swift (in target 'NeuroForgeTests' from project 'NeuroForge')

SwiftCompile normal arm64 /Users/takamimarsh/Developer/Projects/Zacro\ Tech/NeuroForge/Tests/ProtectedPortableArchiveTests.swift (in target 'NeuroForgeTests' from project 'NeuroForge')
    cd /Users/takamimarsh/Developer/Projects/Zacro\ Tech/NeuroForge
    

SwiftDriverJobDiscovery normal arm64 Compiling ExactSessionContinuityTests.swift (in target 'NeuroForgeTests' from project 'NeuroForge')

SwiftCompile normal arm64 Compiling\ HistoricalContentCorrectionPolicyTests.swift /Users/takamimarsh/Developer/Projects/Zacro\ Tech/NeuroForge/Tests/HistoricalContentCorrectionPolicyTests.swift (in target 'NeuroForgeTests' from project 'NeuroForge')

SwiftCompile normal arm64 /Users/takamimarsh/Developer/Projects/Zacro\ Tech/NeuroForge/Tests/HistoricalContentCorrectionPolicyTests.swift (in target 'NeuroForgeTests' from project 'NeuroForge')
    cd /Users/takamimarsh/Developer/Projects/Zacro\ Tech/NeuroForge
    

SwiftDriverJobDiscovery normal arm64 Compiling ContentImprovementRegressionTests.swift (in target 'NeuroForgeTests' from project 'NeuroForge')

SwiftCompile normal arm64 Compiling\ StarterQuestionSetCatalogTests.swift /Users/takamimarsh/Developer/Projects/Zacro\ Tech/NeuroForge/Tests/StarterQuestionSetCatalogTests.swift (in target 'NeuroForgeTests' from project 'NeuroForge')

SwiftCompile normal arm64 /Users/takamimarsh/Developer/Projects/Zacro\ Tech/NeuroForge/Tests/StarterQuestionSetCatalogTests.swift (in target 'NeuroForgeTests' from project 'NeuroForge')
    cd /Users/takamimarsh/Developer/Projects/Zacro\ Tech/NeuroForge
    

SwiftDriverJobDiscovery normal arm64 Compiling OrderedResponseInteractionTests.swift (in target 'NeuroForgeTests' from project 'NeuroForge')

SwiftCompile normal arm64 Compiling\ MathContentContractTests.swift /Users/takamimarsh/Developer/Projects/Zacro\ Tech/NeuroForge/Tests/MathContentContractTests.swift (in target 'NeuroForgeTests' from project 'NeuroForge')

SwiftCompile normal arm64 /Users/takamimarsh/Developer/Projects/Zacro\ Tech/NeuroForge/Tests/MathContentContractTests.swift (in target 'NeuroForgeTests' from project 'NeuroForge')
    cd /Users/takamimarsh/Developer/Projects/Zacro\ Tech/NeuroForge
    

SwiftDriverJobDiscovery normal arm64 Compiling NextDayEnhancementCacheTests.swift (in target 'NeuroForgeTests' from project 'NeuroForge')

SwiftCompile normal arm64 Compiling\ ProgressEvidenceTests.swift /Users/takamimarsh/Developer/Projects/Zacro\ Tech/NeuroForge/Tests/ProgressEvidenceTests.swift (in target 'NeuroForgeTests' from project 'NeuroForge')

SwiftCompile normal arm64 /Users/takamimarsh/Developer/Projects/Zacro\ Tech/NeuroForge/Tests/ProgressEvidenceTests.swift (in target 'NeuroForgeTests' from project 'NeuroForge')
    cd /Users/takamimarsh/Developer/Projects/Zacro\ Tech/NeuroForge
    

SwiftDriverJobDiscovery normal arm64 Compiling EditorialBandEvidenceTests.swift (in target 'NeuroForgeTests' from project 'NeuroForge')

SwiftCompile normal arm64 Compiling\ TodayView.swift /Users/takamimarsh/Developer/Projects/Zacro\ Tech/NeuroForge/Sources/Features/Today/TodayView.swift (in target 'NeuroForge' from project 'NeuroForge')
SwiftCompile normal arm64 /Users/takamimarsh/Developer/Projects/Zacro\ Tech/NeuroForge/Sources/Features/Today/TodayView.swift (in target 'NeuroForge' from project 'NeuroForge')
    cd /Users/takamimarsh/Developer/Projects/Zacro\ Tech/NeuroForge
    

SwiftDriverJobDiscovery normal arm64 Compiling ProtectedPortableArchiveTests.swift (in target 'NeuroForgeTests' from project 'NeuroForge')

SwiftCompile normal arm64 Compiling\ NFPrivateStudyMetadata.swift /Users/takamimarsh/Developer/Projects/Zacro\ Tech/NeuroForge/Sources/Features/Library/NFPrivateStudyMetadata.swift (in target 'NeuroForge' from project 'NeuroForge')

SwiftCompile normal arm64 /Users/takamimarsh/Developer/Projects/Zacro\ Tech/NeuroForge/Sources/Features/Library/NFPrivateStudyMetadata.swift (in target 'NeuroForge' from project 'NeuroForge')
    cd /Users/takamimarsh/Developer/Projects/Zacro\ Tech/NeuroForge
    

SwiftDriverJobDiscovery normal arm64 Compiling HistoricalContentCorrectionPolicyTests.swift (in target 'NeuroForgeTests' from project 'NeuroForge')

SwiftCompile normal arm64 Compiling\ NFSystemIntegrationCoordinator.swift /Users/takamimarsh/Developer/Projects/Zacro\ Tech/NeuroForge/Sources/Integrations/System/NFSystemIntegrationCoordinator.swift (in target 'NeuroForge' from project 'NeuroForge')

SwiftCompile normal arm64 /Users/takamimarsh/Developer/Projects/Zacro\ Tech/NeuroForge/Sources/Integrations/System/NFSystemIntegrationCoordinator.swift (in target 'NeuroForge' from project 'NeuroForge')
    cd /Users/takamimarsh/Developer/Projects/Zacro\ Tech/NeuroForge
    

SwiftDriverJobDiscovery normal arm64 Compiling ProgressEvidenceTests.swift (in target 'NeuroForgeTests' from project 'NeuroForge')

SwiftCompile normal arm64 Compiling\ InputCalibrationSettingsView.swift /Users/takamimarsh/Developer/Projects/Zacro\ Tech/NeuroForge/Sources/Features/Settings/InputCalibrationSettingsView.swift (in target 'NeuroForge' from project 'NeuroForge')

SwiftCompile normal arm64 /Users/takamimarsh/Developer/Projects/Zacro\ Tech/NeuroForge/Sources/Features/Settings/InputCalibrationSettingsView.swift (in target 'NeuroForge' from project 'NeuroForge')
    cd /Users/takamimarsh/Developer/Projects/Zacro\ Tech/NeuroForge
    

SwiftDriverJobDiscovery normal arm64 Compiling FocusedQuizRotationIntegrationTests.swift (in target 'NeuroForgeTests' from project 'NeuroForge')

SwiftCompile normal arm64 Compiling\ ProgressDashboardView.swift /Users/takamimarsh/Developer/Projects/Zacro\ Tech/NeuroForge/Sources/Features/Progress/ProgressDashboardView.swift (in target 'NeuroForge' from project 'NeuroForge')
SwiftCompile normal arm64 /Users/takamimarsh/Developer/Projects/Zacro\ Tech/NeuroForge/Sources/Features/Progress/ProgressDashboardView.swift (in target 'NeuroForge' from project 'NeuroForge')
    cd /Users/takamimarsh/Developer/Projects/Zacro\ Tech/NeuroForge
    

SwiftDriverJobDiscovery normal arm64 Compiling PersistenceRuntimeTests.swift (in target 'NeuroForgeTests' from project 'NeuroForge')

SwiftCompile normal arm64 Compiling\ NFMentalMathProgressAdapter.swift /Users/takamimarsh/Developer/Projects/Zacro\ Tech/NeuroForge/Sources/Adaptive/NFMentalMathProgressAdapter.swift (in target 'NeuroForge' from project 'NeuroForge')

SwiftCompile normal arm64 /Users/takamimarsh/Developer/Projects/Zacro\ Tech/NeuroForge/Sources/Adaptive/NFMentalMathProgressAdapter.swift (in target 'NeuroForge' from project 'NeuroForge')
    cd /Users/takamimarsh/Developer/Projects/Zacro\ Tech/NeuroForge
    

SwiftDriverJobDiscovery normal arm64 Compiling MathContentContractTests.swift (in target 'NeuroForgeTests' from project 'NeuroForge')

SwiftCompile normal arm64 Compiling\ NFDataArchiveRestoreService.swift /Users/takamimarsh/Developer/Projects/Zacro\ Tech/NeuroForge/Sources/Privacy/NFDataArchiveRestoreService.swift (in target 'NeuroForge' from project 'NeuroForge')

SwiftCompile normal arm64 /Users/takamimarsh/Developer/Projects/Zacro\ Tech/NeuroForge/Sources/Privacy/NFDataArchiveRestoreService.swift (in target 'NeuroForge' from project 'NeuroForge')
    cd /Users/takamimarsh/Developer/Projects/Zacro\ Tech/NeuroForge
    

SwiftDriverJobDiscovery normal arm64 Compiling StarterQuestionSetCatalogTests.swift (in target 'NeuroForgeTests' from project 'NeuroForge')

SwiftCompile normal arm64 Compiling\ NeuroForgeIntents.swift /Users/takamimarsh/Developer/Projects/Zacro\ Tech/NeuroForge/Sources/Integrations/NeuroForgeIntents.swift (in target 'NeuroForge' from project 'NeuroForge')

SwiftCompile normal arm64 /Users/takamimarsh/Developer/Projects/Zacro\ Tech/NeuroForge/Sources/Integrations/NeuroForgeIntents.swift (in target 'NeuroForge' from project 'NeuroForge')
    cd /Users/takamimarsh/Developer/Projects/Zacro\ Tech/NeuroForge
    

SwiftDriverJobDiscovery normal arm64 Compiling LocalLearningLifecycleTests.swift (in target 'NeuroForgeTests' from project 'NeuroForge')

SwiftCompile normal arm64 Compiling\ SettingsView.swift /Users/takamimarsh/Developer/Projects/Zacro\ Tech/NeuroForge/Sources/Features/Settings/SettingsView.swift (in target 'NeuroForge' from project 'NeuroForge')

SwiftCompile normal arm64 /Users/takamimarsh/Developer/Projects/Zacro\ Tech/NeuroForge/Sources/Features/Settings/SettingsView.swift (in target 'NeuroForge' from project 'NeuroForge')
    cd /Users/takamimarsh/Developer/Projects/Zacro\ Tech/NeuroForge
    

SwiftDriverJobDiscovery normal arm64 Compiling DefaultContentCatalogTests.swift (in target 'NeuroForgeTests' from project 'NeuroForge')

SwiftDriverJobDiscovery normal arm64 Compiling NFLocalSessionRepository.swift (in target 'NeuroForge' from project 'NeuroForge')

SwiftDriver\ Compilation NeuroForgeTests normal arm64 com.apple.xcode.tools.swift.compiler (in target 'NeuroForgeTests' from project 'NeuroForge')
    cd /Users/takamimarsh/Developer/Projects/Zacro\ Tech/NeuroForge
    builtin-Swift-Compilation -- /Applications/Xcode.app/Contents/Developer/Toolchains/XcodeDefault.xctoolchain/usr/bin/swiftc -module-name NeuroForgeTests -Onone @/tmp/NeuroForge-improvement-build/Build/Intermediates.noindex/NeuroForge.build/Debug/NeuroForgeTests.build/Objects-normal/arm64/NeuroForgeTests.SwiftFileList -DDEBUG -plugin-path /Applications/Xcode.app/Contents/Developer/Toolchains/XcodeDefault.xctoolchain/usr/lib/swift/host/plugins/testing -enable-experimental-feature DebugDescriptionMacro -sdk /Applications/Xcode.app/Contents/Developer/Platforms/MacOSX.platform/Developer/SDKs/MacOSX26.5.sdk -target arm64-apple-macos26.4 -g -module-cache-path /tmp/NeuroForge-improvement-build/ModuleCache.noindex -Xfrontend -serialize-debugging-options -enable-testing -warnings-as-errors -index-store-path /tmp/NeuroForge-improvement-build/Index.noindex/DataStore -Xcc -D_LIBCPP_HARDENING_MODE\=_LIBCPP_HARDENING_MODE_DEBUG -swift-version 6 -I /tmp/NeuroForge-improvement-build/Build/Products/Debug -Isystem /Applications/Xcode.app/Contents/Developer/Platforms/MacOSX.platform/Developer/usr/lib -F /tmp/NeuroForge-improvement-build/Build/Products/Debug/PackageFrameworks -F /tmp/NeuroForge-improvement-build/Build/Products/Debug -F /Applications/Xcode.app/Contents/Developer/Platforms/MacOSX.platform/Developer/Library/Frameworks -emit-localized-strings -emit-localized-strings-path /tmp/NeuroForge-improvement-build/Build/Intermediates.noindex/NeuroForge.build/Debug/NeuroForgeTests.build/Objects-normal/arm64 -c -j12 -disable-batch-mode -incremental -Xcc -ivfsstatcache -Xcc /tmp/NeuroForge-improvement-build/SDKStatCaches.noindex/macosx26.5-25F70-e082c4a02f00227109f4ed75e425c832.sdkstatcache -output-file-map /tmp/NeuroForge-improvement-build/Build/Intermediates.noindex/NeuroForge.build/Debug/NeuroForgeTests.build/Objects-normal/arm64/NeuroForgeTests-OutputFileMap.json -use-frontend-parseable-output -save-temps -no-color-diagnostics -explicit-module-build -module-cache-path /tmp/NeuroForge-improvement-build/Build/Intermediates.noindex/SwiftExplicitPrecompiledModules -clang-scanner-module-cache-path /tmp/NeuroForge-improvement-build/ModuleCache.noindex -sdk-module-cache-path /tmp/NeuroForge-improvement-build/ModuleCache.noindex -serialize-diagnostics -emit-dependencies -emit-module -emit-module-path /tmp/NeuroForge-improvement-build/Build/Intermediates.noindex/NeuroForge.build/Debug/NeuroForgeTests.build/Objects-normal/arm64/NeuroForgeTests.swiftmodule -validate-clang-modules-once -clang-build-session-file /tmp/NeuroForge-improvement-build/ModuleCache.noindex/Session.modulevalidation -Xcc -I/tmp/NeuroForge-improvement-build/Build/Intermediates.noindex/NeuroForge.build/Debug/NeuroForgeTests.build/swift-overrides.hmap -emit-const-values -Xfrontend -const-gather-protocols-file -Xfrontend /tmp/NeuroForge-improvement-build/Build/Intermediates.noindex/NeuroForge.build/Debug/NeuroForgeTests.build/Objects-normal/arm64/NeuroForgeTests_const_extract_protocols.json -Xcc -iquote -Xcc /tmp/NeuroForge-improvement-build/Build/Intermediates.noindex/NeuroForge.build/Debug/NeuroForgeTests.build/NeuroForgeTests-generated-files.hmap -Xcc -I/tmp/NeuroForge-improvement-build/Build/Intermediates.noindex/NeuroForge.build/Debug/NeuroForgeTests.build/NeuroForgeTests-own-target-headers.hmap -Xcc -I/tmp/NeuroForge-improvement-build/Build/Intermediates.noindex/NeuroForge.build/Debug/NeuroForgeTests.build/NeuroForgeTests-all-non-framework-target-headers.hmap -Xcc -ivfsoverlay -Xcc /tmp/NeuroForge-improvement-build/Build/Intermediates.noindex/NeuroForge.build/Debug/NeuroForge-1f477e43189f7d9a813ad7fc7bf5f2ec-VFS/all-product-headers.yaml -Xcc -iquote -Xcc /tmp/NeuroForge-improvement-build/Build/Intermediates.noindex/NeuroForge.build/Debug/NeuroForgeTests.build/NeuroForgeTests-project-headers.hmap -Xcc -I/tmp/NeuroForge-improvement-build/Build/Products/Debug/include -Xcc -I/tmp/NeuroForge-improvement-build/Build/Intermediates.noindex/NeuroForge.build/Debug/NeuroForgeTests.build/DerivedSources-normal/arm64 -Xcc -I/tmp/NeuroForge-improvement-build/Build/Intermediates.noindex/NeuroForge.build/Debug/NeuroForgeTests.build/DerivedSources/arm64 -Xcc -I/tmp/NeuroForge-improvement-build/Build/Intermediates.noindex/NeuroForge.build/Debug/NeuroForgeTests.build/DerivedSources -Xcc -DDEBUG\=1 -emit-objc-header -emit-objc-header-path /tmp/NeuroForge-improvement-build/Build/Intermediates.noindex/NeuroForge.build/Debug/NeuroForgeTests.build/Objects-normal/arm64/NeuroForgeTests-Swift.h -working-directory /Users/takamimarsh/Developer/Projects/Zacro\ Tech/NeuroForge -experimental-emit-module-separately -disable-cmo

SwiftCompile normal arm64 Compiling\ NFProgressInsightEngine.swift /Users/takamimarsh/Developer/Projects/Zacro\ Tech/NeuroForge/Sources/Adaptive/NFProgressInsightEngine.swift (in target 'NeuroForge' from project 'NeuroForge')

SwiftCompile normal arm64 /Users/takamimarsh/Developer/Projects/Zacro\ Tech/NeuroForge/Sources/Adaptive/NFProgressInsightEngine.swift (in target 'NeuroForge' from project 'NeuroForge')
    cd /Users/takamimarsh/Developer/Projects/Zacro\ Tech/NeuroForge
    

SwiftCompile normal arm64 Compiling\ NFLocalReservationBridge.swift /Users/takamimarsh/Developer/Projects/Zacro\ Tech/NeuroForge/Sources/Adaptive/NFLocalReservationBridge.swift (in target 'NeuroForge' from project 'NeuroForge')

SwiftCompile normal arm64 /Users/takamimarsh/Developer/Projects/Zacro\ Tech/NeuroForge/Sources/Adaptive/NFLocalReservationBridge.swift (in target 'NeuroForge' from project 'NeuroForge')
    cd /Users/takamimarsh/Developer/Projects/Zacro\ Tech/NeuroForge
    

SwiftDriverJobDiscovery normal arm64 Compiling InputCalibrationSettingsView.swift (in target 'NeuroForge' from project 'NeuroForge')

SwiftCompile normal arm64 Compiling\ NFTransferTaxonomy.swift /Users/takamimarsh/Developer/Projects/Zacro\ Tech/NeuroForge/Sources/Adaptive/NFTransferTaxonomy.swift (in target 'NeuroForge' from project 'NeuroForge')

SwiftCompile normal arm64 /Users/takamimarsh/Developer/Projects/Zacro\ Tech/NeuroForge/Sources/Adaptive/NFTransferTaxonomy.swift (in target 'NeuroForge' from project 'NeuroForge')
    cd /Users/takamimarsh/Developer/Projects/Zacro\ Tech/NeuroForge
    

SwiftDriverJobDiscovery normal arm64 Compiling NeuroForgeIntents.swift (in target 'NeuroForge' from project 'NeuroForge')

SwiftCompile normal arm64 Compiling\ NFSchemaMigration.swift /Users/takamimarsh/Developer/Projects/Zacro\ Tech/NeuroForge/Sources/Persistence/NFSchemaMigration.swift (in target 'NeuroForge' from project 'NeuroForge')

SwiftCompile normal arm64 /Users/takamimarsh/Developer/Projects/Zacro\ Tech/NeuroForge/Sources/Persistence/NFSchemaMigration.swift (in target 'NeuroForge' from project 'NeuroForge')
    cd /Users/takamimarsh/Developer/Projects/Zacro\ Tech/NeuroForge
    

SwiftDriverJobDiscovery normal arm64 Compiling NFPrivateStudyMetadata.swift (in target 'NeuroForge' from project 'NeuroForge')

SwiftCompile normal arm64 Compiling\ NFCodeTraceContract.swift /Users/takamimarsh/Developer/Projects/Zacro\ Tech/NeuroForge/Sources/TrainingEngine/NFCodeTraceContract.swift (in target 'NeuroForge' from project 'NeuroForge')

SwiftCompile normal arm64 /Users/takamimarsh/Developer/Projects/Zacro\ Tech/NeuroForge/Sources/TrainingEngine/NFCodeTraceContract.swift (in target 'NeuroForge' from project 'NeuroForge')
    cd /Users/takamimarsh/Developer/Projects/Zacro\ Tech/NeuroForge
    

SwiftDriverJobDiscovery normal arm64 Compiling NFMentalMathProgressAdapter.swift (in target 'NeuroForge' from project 'NeuroForge')

SwiftCompile normal arm64 Compiling\ NFContinueSessionsCard.swift /Users/takamimarsh/Developer/Projects/Zacro\ Tech/NeuroForge/Sources/Features/Today/NFContinueSessionsCard.swift (in target 'NeuroForge' from project 'NeuroForge')

SwiftCompile normal arm64 /Users/takamimarsh/Developer/Projects/Zacro\ Tech/NeuroForge/Sources/Features/Today/NFContinueSessionsCard.swift (in target 'NeuroForge' from project 'NeuroForge')
    cd /Users/takamimarsh/Developer/Projects/Zacro\ Tech/NeuroForge
    

SwiftDriverJobDiscovery normal arm64 Compiling NFTransferTaxonomy.swift (in target 'NeuroForge' from project 'NeuroForge')

SwiftCompile normal arm64 Compiling\ SystemControlsCard.swift /Users/takamimarsh/Developer/Projects/Zacro\ Tech/NeuroForge/Sources/Features/Settings/SystemControlsCard.swift (in target 'NeuroForge' from project 'NeuroForge')

SwiftCompile normal arm64 /Users/takamimarsh/Developer/Projects/Zacro\ Tech/NeuroForge/Sources/Features/Settings/SystemControlsCard.swift (in target 'NeuroForge' from project 'NeuroForge')
    cd /Users/takamimarsh/Developer/Projects/Zacro\ Tech/NeuroForge
    

SwiftDriverJobDiscovery normal arm64 Compiling NFProgressInsightEngine.swift (in target 'NeuroForge' from project 'NeuroForge')

SwiftCompile normal arm64 Compiling\ NFRestoreColdCoordinator.swift /Users/takamimarsh/Developer/Projects/Zacro\ Tech/NeuroForge/Sources/Privacy/NFRestoreColdCoordinator.swift (in target 'NeuroForge' from project 'NeuroForge')

SwiftCompile normal arm64 /Users/takamimarsh/Developer/Projects/Zacro\ Tech/NeuroForge/Sources/Privacy/NFRestoreColdCoordinator.swift (in target 'NeuroForge' from project 'NeuroForge')
    cd /Users/takamimarsh/Developer/Projects/Zacro\ Tech/NeuroForge
    

SwiftDriverJobDiscovery normal arm64 Compiling NFCodeTraceContract.swift (in target 'NeuroForge' from project 'NeuroForge')

SwiftCompile normal arm64 Compiling\ NFReviewQueueView.swift /Users/takamimarsh/Developer/Projects/Zacro\ Tech/NeuroForge/Sources/Features/Progress/NFReviewQueueView.swift (in target 'NeuroForge' from project 'NeuroForge')

SwiftCompile normal arm64 /Users/takamimarsh/Developer/Projects/Zacro\ Tech/NeuroForge/Sources/Features/Progress/NFReviewQueueView.swift (in target 'NeuroForge' from project 'NeuroForge')
    cd /Users/takamimarsh/Developer/Projects/Zacro\ Tech/NeuroForge
    

SwiftDriverJobDiscovery normal arm64 Compiling SystemControlsCard.swift (in target 'NeuroForge' from project 'NeuroForge')

SwiftCompile normal arm64 Compiling\ NFRestoreRuntimeController.swift /Users/takamimarsh/Developer/Projects/Zacro\ Tech/NeuroForge/Sources/Privacy/NFRestoreRuntimeController.swift (in target 'NeuroForge' from project 'NeuroForge')

SwiftCompile normal arm64 /Users/takamimarsh/Developer/Projects/Zacro\ Tech/NeuroForge/Sources/Privacy/NFRestoreRuntimeController.swift (in target 'NeuroForge' from project 'NeuroForge')
    cd /Users/takamimarsh/Developer/Projects/Zacro\ Tech/NeuroForge
    

SwiftDriverJobDiscovery normal arm64 Compiling NFLocalReservationBridge.swift (in target 'NeuroForge' from project 'NeuroForge')

SwiftCompile normal arm64 Compiling\ NeuroForgeApp.swift /Users/takamimarsh/Developer/Projects/Zacro\ Tech/NeuroForge/Sources/App/NeuroForgeApp.swift (in target 'NeuroForge' from project 'NeuroForge')

SwiftCompile normal arm64 /Users/takamimarsh/Developer/Projects/Zacro\ Tech/NeuroForge/Sources/App/NeuroForgeApp.swift (in target 'NeuroForge' from project 'NeuroForge')
    cd /Users/takamimarsh/Developer/Projects/Zacro\ Tech/NeuroForge
    

SwiftDriverJobDiscovery normal arm64 Compiling NFSystemIntegrationCoordinator.swift (in target 'NeuroForge' from project 'NeuroForge')

SwiftCompile normal arm64 Compiling\ NFExternalRoute.swift /Users/takamimarsh/Developer/Projects/Zacro\ Tech/NeuroForge/Sources/App/NFExternalRoute.swift (in target 'NeuroForge' from project 'NeuroForge')

SwiftCompile normal arm64 /Users/takamimarsh/Developer/Projects/Zacro\ Tech/NeuroForge/Sources/App/NFExternalRoute.swift (in target 'NeuroForge' from project 'NeuroForge')
    cd /Users/takamimarsh/Developer/Projects/Zacro\ Tech/NeuroForge
    

SwiftDriverJobDiscovery normal arm64 Compiling NFSchemaMigration.swift (in target 'NeuroForge' from project 'NeuroForge')

SwiftCompile normal arm64 Compiling\ NFDataInspectionView.swift /Users/takamimarsh/Developer/Projects/Zacro\ Tech/NeuroForge/Sources/Features/Training/NFDataInspectionView.swift (in target 'NeuroForge' from project 'NeuroForge')

SwiftCompile normal arm64 /Users/takamimarsh/Developer/Projects/Zacro\ Tech/NeuroForge/Sources/Features/Training/NFDataInspectionView.swift (in target 'NeuroForge' from project 'NeuroForge')
    cd /Users/takamimarsh/Developer/Projects/Zacro\ Tech/NeuroForge
    

SwiftDriverJobDiscovery normal arm64 Compiling NFRestoreColdCoordinator.swift (in target 'NeuroForge' from project 'NeuroForge')

SwiftCompile normal arm64 Compiling\ SpotlightSettingsControls.swift /Users/takamimarsh/Developer/Projects/Zacro\ Tech/NeuroForge/Sources/Features/Settings/SpotlightSettingsControls.swift (in target 'NeuroForge' from project 'NeuroForge')

SwiftCompile normal arm64 /Users/takamimarsh/Developer/Projects/Zacro\ Tech/NeuroForge/Sources/Features/Settings/SpotlightSettingsControls.swift (in target 'NeuroForge' from project 'NeuroForge')
    cd /Users/takamimarsh/Developer/Projects/Zacro\ Tech/NeuroForge
    

SwiftDriverJobDiscovery normal arm64 Compiling NFContinueSessionsCard.swift (in target 'NeuroForge' from project 'NeuroForge')

SwiftCompile normal arm64 Compiling\ NotificationSettingsControls.swift /Users/takamimarsh/Developer/Projects/Zacro\ Tech/NeuroForge/Sources/Features/Settings/NotificationSettingsControls.swift (in target 'NeuroForge' from project 'NeuroForge')

SwiftCompile normal arm64 /Users/takamimarsh/Developer/Projects/Zacro\ Tech/NeuroForge/Sources/Features/Settings/NotificationSettingsControls.swift (in target 'NeuroForge' from project 'NeuroForge')
    cd /Users/takamimarsh/Developer/Projects/Zacro\ Tech/NeuroForge
    

SwiftDriverJobDiscovery normal arm64 Compiling UniversalSessionView.swift (in target 'NeuroForge' from project 'NeuroForge')

SwiftCompile normal arm64 Compiling\ LibraryView.swift /Users/takamimarsh/Developer/Projects/Zacro\ Tech/NeuroForge/Sources/Features/Library/LibraryView.swift (in target 'NeuroForge' from project 'NeuroForge')
SwiftCompile normal arm64 /Users/takamimarsh/Developer/Projects/Zacro\ Tech/NeuroForge/Sources/Features/Library/LibraryView.swift (in target 'NeuroForge' from project 'NeuroForge')
    cd /Users/takamimarsh/Developer/Projects/Zacro\ Tech/NeuroForge
    

SwiftDriverJobDiscovery normal arm64 Compiling AIStudioView.swift (in target 'NeuroForge' from project 'NeuroForge')

SwiftCompile normal arm64 Compiling\ NFPlanReplacementPersistence.swift /Users/takamimarsh/Developer/Projects/Zacro\ Tech/NeuroForge/Sources/Persistence/NFPlanReplacementPersistence.swift (in target 'NeuroForge' from project 'NeuroForge')

SwiftCompile normal arm64 /Users/takamimarsh/Developer/Projects/Zacro\ Tech/NeuroForge/Sources/Persistence/NFPlanReplacementPersistence.swift (in target 'NeuroForge' from project 'NeuroForge')
    cd /Users/takamimarsh/Developer/Projects/Zacro\ Tech/NeuroForge
    

SwiftDriverJobDiscovery normal arm64 Compiling NFRestoreRuntimeController.swift (in target 'NeuroForge' from project 'NeuroForge')

SwiftCompile normal arm64 Compiling\ NFDirtyEditorGuard.swift /Users/takamimarsh/Developer/Projects/Zacro\ Tech/NeuroForge/Sources/DesignSystem/NFDirtyEditorGuard.swift (in target 'NeuroForge' from project 'NeuroForge')

SwiftCompile normal arm64 /Users/takamimarsh/Developer/Projects/Zacro\ Tech/NeuroForge/Sources/DesignSystem/NFDirtyEditorGuard.swift (in target 'NeuroForge' from project 'NeuroForge')
    cd /Users/takamimarsh/Developer/Projects/Zacro\ Tech/NeuroForge
    

SwiftDriverJobDiscovery normal arm64 Compiling NFExternalRoute.swift (in target 'NeuroForge' from project 'NeuroForge')

SwiftCompile normal arm64 Compiling\ NFTodaySessionSequence.swift /Users/takamimarsh/Developer/Projects/Zacro\ Tech/NeuroForge/Sources/Features/Training/NFTodaySessionSequence.swift (in target 'NeuroForge' from project 'NeuroForge')

SwiftCompile normal arm64 /Users/takamimarsh/Developer/Projects/Zacro\ Tech/NeuroForge/Sources/Features/Training/NFTodaySessionSequence.swift (in target 'NeuroForge' from project 'NeuroForge')
    cd /Users/takamimarsh/Developer/Projects/Zacro\ Tech/NeuroForge
    

SwiftDriverJobDiscovery normal arm64 Compiling NFDataInspectionView.swift (in target 'NeuroForge' from project 'NeuroForge')

SwiftCompile normal arm64 Compiling\ OnboardingView.swift /Users/takamimarsh/Developer/Projects/Zacro\ Tech/NeuroForge/Sources/Features/Onboarding/OnboardingView.swift (in target 'NeuroForge' from project 'NeuroForge')

SwiftCompile normal arm64 /Users/takamimarsh/Developer/Projects/Zacro\ Tech/NeuroForge/Sources/Features/Onboarding/OnboardingView.swift (in target 'NeuroForge' from project 'NeuroForge')
    cd /Users/takamimarsh/Developer/Projects/Zacro\ Tech/NeuroForge
    

SwiftDriverJobDiscovery normal arm64 Compiling NFReviewQueueView.swift (in target 'NeuroForge' from project 'NeuroForge')

SwiftCompile normal arm64 Compiling\ NFAttemptAnnotationView.swift /Users/takamimarsh/Developer/Projects/Zacro\ Tech/NeuroForge/Sources/Features/Progress/NFAttemptAnnotationView.swift (in target 'NeuroForge' from project 'NeuroForge')

SwiftCompile normal arm64 /Users/takamimarsh/Developer/Projects/Zacro\ Tech/NeuroForge/Sources/Features/Progress/NFAttemptAnnotationView.swift (in target 'NeuroForge' from project 'NeuroForge')
    cd /Users/takamimarsh/Developer/Projects/Zacro\ Tech/NeuroForge
    

SwiftDriverJobDiscovery normal arm64 Compiling SpotlightSettingsControls.swift (in target 'NeuroForge' from project 'NeuroForge')

SwiftCompile normal arm64 Compiling\ BaselineOverviewView.swift /Users/takamimarsh/Developer/Projects/Zacro\ Tech/NeuroForge/Sources/Features/Assessment/BaselineOverviewView.swift (in target 'NeuroForge' from project 'NeuroForge')

SwiftCompile normal arm64 /Users/takamimarsh/Developer/Projects/Zacro\ Tech/NeuroForge/Sources/Features/Assessment/BaselineOverviewView.swift (in target 'NeuroForge' from project 'NeuroForge')
    cd /Users/takamimarsh/Developer/Projects/Zacro\ Tech/NeuroForge
    

SwiftDriverJobDiscovery normal arm64 Compiling SettingsView.swift (in target 'NeuroForge' from project 'NeuroForge')

SwiftCompile normal arm64 Compiling\ NFWidgetSnapshotPublishing.swift /Users/takamimarsh/Developer/Projects/Zacro\ Tech/NeuroForge/Sources/Integrations/NFWidgetSnapshotPublishing.swift (in target 'NeuroForge' from project 'NeuroForge')

SwiftCompile normal arm64 /Users/takamimarsh/Developer/Projects/Zacro\ Tech/NeuroForge/Sources/Integrations/NFWidgetSnapshotPublishing.swift (in target 'NeuroForge' from project 'NeuroForge')
    cd /Users/takamimarsh/Developer/Projects/Zacro\ Tech/NeuroForge
    

SwiftDriverJobDiscovery normal arm64 Compiling NotificationSettingsControls.swift (in target 'NeuroForge' from project 'NeuroForge')

SwiftCompile normal arm64 Compiling\ NFAdaptiveQuestionPopulationAppBridge.swift /Users/takamimarsh/Developer/Projects/Zacro\ Tech/NeuroForge/Sources/AI/NFAdaptiveQuestionPopulationAppBridge.swift (in target 'NeuroForge' from project 'NeuroForge')

SwiftCompile normal arm64 /Users/takamimarsh/Developer/Projects/Zacro\ Tech/NeuroForge/Sources/AI/NFAdaptiveQuestionPopulationAppBridge.swift (in target 'NeuroForge' from project 'NeuroForge')
    cd /Users/takamimarsh/Developer/Projects/Zacro\ Tech/NeuroForge
    

SwiftDriverJobDiscovery normal arm64 Compiling NFDirtyEditorGuard.swift (in target 'NeuroForge' from project 'NeuroForge')

SwiftCompile normal arm64 Compiling\ NFEstimateExactContract.swift /Users/takamimarsh/Developer/Projects/Zacro\ Tech/NeuroForge/Sources/TrainingEngine/NFEstimateExactContract.swift (in target 'NeuroForge' from project 'NeuroForge')

SwiftCompile normal arm64 /Users/takamimarsh/Developer/Projects/Zacro\ Tech/NeuroForge/Sources/TrainingEngine/NFEstimateExactContract.swift (in target 'NeuroForge' from project 'NeuroForge')
    cd /Users/takamimarsh/Developer/Projects/Zacro\ Tech/NeuroForge
    

SwiftDriverJobDiscovery normal arm64 Compiling TodayView.swift (in target 'NeuroForge' from project 'NeuroForge')

SwiftCompile normal arm64 Compiling\ ProgressAnnotationsView.swift /Users/takamimarsh/Developer/Projects/Zacro\ Tech/NeuroForge/Sources/Features/Progress/ProgressAnnotationsView.swift (in target 'NeuroForge' from project 'NeuroForge')

SwiftCompile normal arm64 /Users/takamimarsh/Developer/Projects/Zacro\ Tech/NeuroForge/Sources/Features/Progress/ProgressAnnotationsView.swift (in target 'NeuroForge' from project 'NeuroForge')
    cd /Users/takamimarsh/Developer/Projects/Zacro\ Tech/NeuroForge
    

SwiftDriverJobDiscovery normal arm64 Compiling NFPlanReplacementPersistence.swift (in target 'NeuroForge' from project 'NeuroForge')

SwiftCompile normal arm64 Compiling\ EditorialBandEvidenceV1.swift /Users/takamimarsh/Developer/Projects/Zacro\ Tech/NeuroForge/Sources/Adaptive/EditorialBandEvidenceV1.swift (in target 'NeuroForge' from project 'NeuroForge')

SwiftCompile normal arm64 /Users/takamimarsh/Developer/Projects/Zacro\ Tech/NeuroForge/Sources/Adaptive/EditorialBandEvidenceV1.swift (in target 'NeuroForge' from project 'NeuroForge')
    cd /Users/takamimarsh/Developer/Projects/Zacro\ Tech/NeuroForge
    

SwiftDriverJobDiscovery normal arm64 Compiling NFDataArchiveRestoreService.swift (in target 'NeuroForge' from project 'NeuroForge')

SwiftCompile normal arm64 Compiling\ NFDataExportService.swift /Users/takamimarsh/Developer/Projects/Zacro\ Tech/NeuroForge/Sources/Privacy/NFDataExportService.swift (in target 'NeuroForge' from project 'NeuroForge')

SwiftCompile normal arm64 /Users/takamimarsh/Developer/Projects/Zacro\ Tech/NeuroForge/Sources/Privacy/NFDataExportService.swift (in target 'NeuroForge' from project 'NeuroForge')
    cd /Users/takamimarsh/Developer/Projects/Zacro\ Tech/NeuroForge
    

SwiftDriverJobDiscovery normal arm64 Compiling NeuroForgeApp.swift (in target 'NeuroForge' from project 'NeuroForge')

SwiftCompile normal arm64 Compiling\ AppRootView.swift /Users/takamimarsh/Developer/Projects/Zacro\ Tech/NeuroForge/Sources/App/AppRootView.swift (in target 'NeuroForge' from project 'NeuroForge')

SwiftCompile normal arm64 /Users/takamimarsh/Developer/Projects/Zacro\ Tech/NeuroForge/Sources/App/AppRootView.swift (in target 'NeuroForge' from project 'NeuroForge')
    cd /Users/takamimarsh/Developer/Projects/Zacro\ Tech/NeuroForge
    

SwiftDriverJobDiscovery normal arm64 Compiling NFEstimateExactContract.swift (in target 'NeuroForge' from project 'NeuroForge')

SwiftCompile normal arm64 Compiling\ NFEditorialPracticePolicy.swift /Users/takamimarsh/Developer/Projects/Zacro\ Tech/NeuroForge/Sources/Adaptive/NFEditorialPracticePolicy.swift (in target 'NeuroForge' from project 'NeuroForge')

SwiftCompile normal arm64 /Users/takamimarsh/Developer/Projects/Zacro\ Tech/NeuroForge/Sources/Adaptive/NFEditorialPracticePolicy.swift (in target 'NeuroForge' from project 'NeuroForge')
    cd /Users/takamimarsh/Developer/Projects/Zacro\ Tech/NeuroForge
    

SwiftDriverJobDiscovery normal arm64 Compiling NFTodaySessionSequence.swift (in target 'NeuroForge' from project 'NeuroForge')

SwiftCompile normal arm64 Compiling\ NFStudyResourcesView.swift /Users/takamimarsh/Developer/Projects/Zacro\ Tech/NeuroForge/Sources/Features/Library/NFStudyResourcesView.swift (in target 'NeuroForge' from project 'NeuroForge')

SwiftCompile normal arm64 /Users/takamimarsh/Developer/Projects/Zacro\ Tech/NeuroForge/Sources/Features/Library/NFStudyResourcesView.swift (in target 'NeuroForge' from project 'NeuroForge')
    cd /Users/takamimarsh/Developer/Projects/Zacro\ Tech/NeuroForge
    

SwiftDriverJobDiscovery normal arm64 Compiling NFAdaptiveQuestionPopulationAppBridge.swift (in target 'NeuroForge' from project 'NeuroForge')

SwiftCompile normal arm64 Compiling\ TrainCatalogView.swift /Users/takamimarsh/Developer/Projects/Zacro\ Tech/NeuroForge/Sources/Features/Train/TrainCatalogView.swift (in target 'NeuroForge' from project 'NeuroForge')
SwiftCompile normal arm64 /Users/takamimarsh/Developer/Projects/Zacro\ Tech/NeuroForge/Sources/Features/Train/TrainCatalogView.swift (in target 'NeuroForge' from project 'NeuroForge')
    cd /Users/takamimarsh/Developer/Projects/Zacro\ Tech/NeuroForge
    

SwiftDriverJobDiscovery normal arm64 Compiling NFWidgetSnapshotPublishing.swift (in target 'NeuroForge' from project 'NeuroForge')

SwiftCompile normal arm64 Compiling\ NFGeneratedPracticeDraft.swift /Users/takamimarsh/Developer/Projects/Zacro\ Tech/NeuroForge/Sources/Features/AI/NFGeneratedPracticeDraft.swift (in target 'NeuroForge' from project 'NeuroForge')

SwiftCompile normal arm64 /Users/takamimarsh/Developer/Projects/Zacro\ Tech/NeuroForge/Sources/Features/AI/NFGeneratedPracticeDraft.swift (in target 'NeuroForge' from project 'NeuroForge')
    cd /Users/takamimarsh/Developer/Projects/Zacro\ Tech/NeuroForge
    

SwiftDriverJobDiscovery normal arm64 Compiling NFAttemptAnnotationView.swift (in target 'NeuroForge' from project 'NeuroForge')

SwiftCompile normal arm64 Compiling\ NFNextDayPlanPreparationService.swift /Users/takamimarsh/Developer/Projects/Zacro\ Tech/NeuroForge/Sources/AI/NFNextDayPlanPreparationService.swift (in target 'NeuroForge' from project 'NeuroForge')

SwiftCompile normal arm64 /Users/takamimarsh/Developer/Projects/Zacro\ Tech/NeuroForge/Sources/AI/NFNextDayPlanPreparationService.swift (in target 'NeuroForge' from project 'NeuroForge')
    cd /Users/takamimarsh/Developer/Projects/Zacro\ Tech/NeuroForge
    

SwiftDriverJobDiscovery normal arm64 Compiling BaselineOverviewView.swift (in target 'NeuroForge' from project 'NeuroForge')

SwiftDriverJobDiscovery normal arm64 Compiling ProgressDashboardView.swift (in target 'NeuroForge' from project 'NeuroForge')

SwiftDriverJobDiscovery normal arm64 Compiling OnboardingView.swift (in target 'NeuroForge' from project 'NeuroForge')

SwiftDriverJobDiscovery normal arm64 Compiling ProgressAnnotationsView.swift (in target 'NeuroForge' from project 'NeuroForge')

SwiftDriverJobDiscovery normal arm64 Compiling EditorialBandEvidenceV1.swift (in target 'NeuroForge' from project 'NeuroForge')

SwiftDriverJobDiscovery normal arm64 Compiling NFEditorialPracticePolicy.swift (in target 'NeuroForge' from project 'NeuroForge')

SwiftDriverJobDiscovery normal arm64 Compiling NFGeneratedPracticeDraft.swift (in target 'NeuroForge' from project 'NeuroForge')

SwiftDriverJobDiscovery normal arm64 Compiling NFNextDayPlanPreparationService.swift (in target 'NeuroForge' from project 'NeuroForge')

SwiftDriverJobDiscovery normal arm64 Compiling NFStudyResourcesView.swift (in target 'NeuroForge' from project 'NeuroForge')

SwiftDriverJobDiscovery normal arm64 Compiling AppRootView.swift (in target 'NeuroForge' from project 'NeuroForge')

SwiftDriverJobDiscovery normal arm64 Compiling NFDataExportService.swift (in target 'NeuroForge' from project 'NeuroForge')

SwiftDriverJobDiscovery normal arm64 Compiling LibraryView.swift (in target 'NeuroForge' from project 'NeuroForge')

SwiftDriverJobDiscovery normal arm64 Compiling TrainCatalogView.swift (in target 'NeuroForge' from project 'NeuroForge')

SwiftDriver\ Compilation NeuroForge normal arm64 com.apple.xcode.tools.swift.compiler (in target 'NeuroForge' from project 'NeuroForge')
    cd /Users/takamimarsh/Developer/Projects/Zacro\ Tech/NeuroForge
    builtin-Swift-Compilation -- /Applications/Xcode.app/Contents/Developer/Toolchains/XcodeDefault.xctoolchain/usr/bin/swiftc -module-name NeuroForge -Onone @/tmp/NeuroForge-improvement-build/Build/Intermediates.noindex/NeuroForge.build/Debug/NeuroForge.build/Objects-normal/arm64/NeuroForge.SwiftFileList -DDEBUG -enable-experimental-feature DebugDescriptionMacro -sdk /Applications/Xcode.app/Contents/Developer/Platforms/MacOSX.platform/Developer/SDKs/MacOSX26.5.sdk -target arm64-apple-macos26.4 -g -module-cache-path /tmp/NeuroForge-improvement-build/ModuleCache.noindex -Xfrontend -serialize-debugging-options -enable-testing -warnings-as-errors -index-store-path /tmp/NeuroForge-improvement-build/Index.noindex/DataStore -Xcc -D_LIBCPP_HARDENING_MODE\=_LIBCPP_HARDENING_MODE_DEBUG -swift-version 6 -I /tmp/NeuroForge-improvement-build/Build/Products/Debug -F /tmp/NeuroForge-improvement-build/Build/Products/Debug/PackageFrameworks -F /tmp/NeuroForge-improvement-build/Build/Products/Debug -emit-localized-strings -emit-localized-strings-path /tmp/NeuroForge-improvement-build/Build/Intermediates.noindex/NeuroForge.build/Debug/NeuroForge.build/Objects-normal/arm64 -c -j12 -disable-batch-mode -incremental -Xcc -ivfsstatcache -Xcc /tmp/NeuroForge-improvement-build/SDKStatCaches.noindex/macosx26.5-25F70-e082c4a02f00227109f4ed75e425c832.sdkstatcache -output-file-map /tmp/NeuroForge-improvement-build/Build/Intermediates.noindex/NeuroForge.build/Debug/NeuroForge.build/Objects-normal/arm64/NeuroForge-OutputFileMap.json -use-frontend-parseable-output -save-temps -no-color-diagnostics -explicit-module-build -module-cache-path /tmp/NeuroForge-improvement-build/Build/Intermediates.noindex/SwiftExplicitPrecompiledModules -clang-scanner-module-cache-path /tmp/NeuroForge-improvement-build/ModuleCache.noindex -sdk-module-cache-path /tmp/NeuroForge-improvement-build/ModuleCache.noindex -serialize-diagnostics -emit-dependencies -emit-module -emit-module-path /tmp/NeuroForge-improvement-build/Build/Intermediates.noindex/NeuroForge.build/Debug/NeuroForge.build/Objects-normal/arm64/NeuroForge.swiftmodule -validate-clang-modules-once -clang-build-session-file /tmp/NeuroForge-improvement-build/ModuleCache.noindex/Session.modulevalidation -Xcc -I/tmp/NeuroForge-improvement-build/Build/Intermediates.noindex/NeuroForge.build/Debug/NeuroForge.build/swift-overrides.hmap -emit-const-values -Xfrontend -const-gather-protocols-file -Xfrontend /tmp/NeuroForge-improvement-build/Build/Intermediates.noindex/NeuroForge.build/Debug/NeuroForge.build/Objects-normal/arm64/NeuroForge_const_extract_protocols.json -Xcc -iquote -Xcc /tmp/NeuroForge-improvement-build/Build/Intermediates.noindex/NeuroForge.build/Debug/NeuroForge.build/NeuroForge-generated-files.hmap -Xcc -I/tmp/NeuroForge-improvement-build/Build/Intermediates.noindex/NeuroForge.build/Debug/NeuroForge.build/NeuroForge-own-target-headers.hmap -Xcc -I/tmp/NeuroForge-improvement-build/Build/Intermediates.noindex/NeuroForge.build/Debug/NeuroForge.build/NeuroForge-all-non-framework-target-headers.hmap -Xcc -ivfsoverlay -Xcc /tmp/NeuroForge-improvement-build/Build/Intermediates.noindex/NeuroForge.build/Debug/NeuroForge-1f477e43189f7d9a813ad7fc7bf5f2ec-VFS/all-product-headers.yaml -Xcc -iquote -Xcc /tmp/NeuroForge-improvement-build/Build/Intermediates.noindex/NeuroForge.build/Debug/NeuroForge.build/NeuroForge-project-headers.hmap -Xcc -I/tmp/NeuroForge-improvement-build/Build/Products/Debug/include -Xcc -I/tmp/NeuroForge-improvement-build/Build/Intermediates.noindex/NeuroForge.build/Debug/NeuroForge.build/DerivedSources-normal/arm64 -Xcc -I/tmp/NeuroForge-improvement-build/Build/Intermediates.noindex/NeuroForge.build/Debug/NeuroForge.build/DerivedSources/arm64 -Xcc -I/tmp/NeuroForge-improvement-build/Build/Intermediates.noindex/NeuroForge.build/Debug/NeuroForge.build/DerivedSources -Xcc -DDEBUG\=1 -emit-objc-header -emit-objc-header-path /tmp/NeuroForge-improvement-build/Build/Intermediates.noindex/NeuroForge.build/Debug/NeuroForge.build/Objects-normal/arm64/NeuroForge-Swift.h -working-directory /Users/takamimarsh/Developer/Projects/Zacro\ Tech/NeuroForge -experimental-emit-module-separately -disable-cmo

Ld /tmp/NeuroForge-improvement-build/Build/Products/Debug/NeuroForge.app/Contents/MacOS/NeuroForge.debug.dylib normal (in target 'NeuroForge' from project 'NeuroForge')
    cd /Users/takamimarsh/Developer/Projects/Zacro\ Tech/NeuroForge
    /Applications/Xcode.app/Contents/Developer/Toolchains/XcodeDefault.xctoolchain/usr/bin/clang -Xlinker -reproducible -target arm64-apple-macos26.4 -dynamiclib -isysroot /Applications/Xcode.app/Contents/Developer/Platforms/MacOSX.platform/Developer/SDKs/MacOSX26.5.sdk -O0 -L/tmp/NeuroForge-improvement-build/Build/Intermediates.noindex/EagerLinkingTBDs/Debug -L/tmp/NeuroForge-improvement-build/Build/Products/Debug -F/tmp/NeuroForge-improvement-build/Build/Intermediates.noindex/EagerLinkingTBDs/Debug -F/tmp/NeuroForge-improvement-build/Build/Products/Debug/PackageFrameworks -F/tmp/NeuroForge-improvement-build/Build/Products/Debug -filelist /tmp/NeuroForge-improvement-build/Build/Intermediates.noindex/NeuroForge.build/Debug/NeuroForge.build/Objects-normal/arm64/NeuroForge.LinkFileList -install_name @rpath/NeuroForge.debug.dylib -Xlinker -rpath -Xlinker /tmp/NeuroForge-improvement-build/Build/Products/Debug/PackageFrameworks -Xlinker -rpath -Xlinker @executable_path/Frameworks -Xlinker -object_path_lto -Xlinker /tmp/NeuroForge-improvement-build/Build/Intermediates.noindex/NeuroForge.build/Debug/NeuroForge.build/Objects-normal/arm64/NeuroForge_lto.o -rdynamic -Xlinker -no_deduplicate -Xlinker -dependency_info -Xlinker /tmp/NeuroForge-improvement-build/Build/Intermediates.noindex/NeuroForge.build/Debug/NeuroForge.build/Objects-normal/arm64/NeuroForge_dependency_info.dat -fobjc-link-runtime -L/Applications/Xcode.app/Contents/Developer/Toolchains/XcodeDefault.xctoolchain/usr/lib/swift/macosx -L/usr/lib/swift -Xlinker -add_ast_path -Xlinker /tmp/NeuroForge-improvement-build/Build/Intermediates.noindex/NeuroForge.build/Debug/NeuroForge.build/Objects-normal/arm64/NeuroForge.swiftmodule @/tmp/NeuroForge-improvement-build/Build/Intermediates.noindex/NeuroForge.build/Debug/NeuroForge.build/Objects-normal/arm64/NeuroForge-linker-args.resp -Wl,-no_warn_duplicate_libraries -Xlinker -alias -Xlinker _main -Xlinker ___debug_main_executable_dylib_entry_point -o /tmp/NeuroForge-improvement-build/Build/Products/Debug/NeuroForge.app/Contents/MacOS/NeuroForge.debug.dylib -Xlinker -add_ast_path -Xlinker /tmp/NeuroForge-improvement-build/Build/Intermediates.noindex/SwiftMath.build/Debug/SwiftMath.build/Objects-normal/arm64/SwiftMath.swiftmodule @/tmp/NeuroForge-improvement-build/Build/Intermediates.noindex/SwiftMath.build/Debug/SwiftMath.build/Objects-normal/arm64/SwiftMath-linker-args.resp

ConstructStubExecutorLinkFileList /tmp/NeuroForge-improvement-build/Build/Intermediates.noindex/NeuroForge.build/Debug/NeuroForge.build/NeuroForge-ExecutorLinkFileList-normal-arm64.txt (in target 'NeuroForge' from project 'NeuroForge')
    cd /Users/takamimarsh/Developer/Projects/Zacro\ Tech/NeuroForge
    construct-stub-executor-link-file-list /tmp/NeuroForge-improvement-build/Build/Products/Debug/NeuroForge.app/Contents/MacOS/NeuroForge.debug.dylib /Applications/Xcode.app/Contents/Developer/Platforms/MacOSX.platform/Developer/usr/lib/libPreviewsJITStubExecutor_no_swift_entry_point.a /Applications/Xcode.app/Contents/Developer/Platforms/MacOSX.platform/Developer/usr/lib/libPreviewsJITStubExecutor.a --output /tmp/NeuroForge-improvement-build/Build/Intermediates.noindex/NeuroForge.build/Debug/NeuroForge.build/NeuroForge-ExecutorLinkFileList-normal-arm64.txt
note: Using stub executor library with Swift entry point. (in target 'NeuroForge' from project 'NeuroForge')

Ld /tmp/NeuroForge-improvement-build/Build/Products/Debug/NeuroForge.app/Contents/MacOS/NeuroForge normal (in target 'NeuroForge' from project 'NeuroForge')
    cd /Users/takamimarsh/Developer/Projects/Zacro\ Tech/NeuroForge
    /Applications/Xcode.app/Contents/Developer/Toolchains/XcodeDefault.xctoolchain/usr/bin/clang -Xlinker -reproducible -target arm64-apple-macos26.4 -isysroot /Applications/Xcode.app/Contents/Developer/Platforms/MacOSX.platform/Developer/SDKs/MacOSX26.5.sdk -O0 -L/tmp/NeuroForge-improvement-build/Build/Products/Debug -F/tmp/NeuroForge-improvement-build/Build/Products/Debug/PackageFrameworks -F/tmp/NeuroForge-improvement-build/Build/Products/Debug -Xlinker -rpath -Xlinker @executable_path -Xlinker -rpath -Xlinker /tmp/NeuroForge-improvement-build/Build/Products/Debug/PackageFrameworks -Xlinker -rpath -Xlinker @executable_path/Frameworks -rdynamic -Xlinker -no_deduplicate -e ___debug_blank_executor_main -Xlinker -sectcreate -Xlinker __TEXT -Xlinker __debug_dylib -Xlinker /tmp/NeuroForge-improvement-build/Build/Intermediates.noindex/NeuroForge.build/Debug/NeuroForge.build/NeuroForge-DebugDylibPath-normal-arm64.txt -Xlinker -sectcreate -Xlinker __TEXT -Xlinker __debug_instlnm -Xlinker /tmp/NeuroForge-improvement-build/Build/Intermediates.noindex/NeuroForge.build/Debug/NeuroForge.build/NeuroForge-DebugDylibInstallName-normal-arm64.txt -Xlinker -filelist -Xlinker /tmp/NeuroForge-improvement-build/Build/Intermediates.noindex/NeuroForge.build/Debug/NeuroForge.build/NeuroForge-ExecutorLinkFileList-normal-arm64.txt /tmp/NeuroForge-improvement-build/Build/Products/Debug/NeuroForge.app/Contents/MacOS/NeuroForge.debug.dylib -o /tmp/NeuroForge-improvement-build/Build/Products/Debug/NeuroForge.app/Contents/MacOS/NeuroForge

CopySwiftLibs /tmp/NeuroForge-improvement-build/Build/Products/Debug/NeuroForge.app (in target 'NeuroForge' from project 'NeuroForge')
    cd /Users/takamimarsh/Developer/Projects/Zacro\ Tech/NeuroForge
    builtin-swiftStdLibTool --copy --verbose --scan-executable /tmp/NeuroForge-improvement-build/Build/Products/Debug/NeuroForge.app/Contents/MacOS/NeuroForge.debug.dylib --scan-folder /tmp/NeuroForge-improvement-build/Build/Products/Debug/NeuroForge.app/Contents/Frameworks --scan-folder /tmp/NeuroForge-improvement-build/Build/Products/Debug/NeuroForge.app/Contents/PlugIns --scan-folder /tmp/NeuroForge-improvement-build/Build/Products/Debug/NeuroForge.app/Contents/Library/SystemExtensions --scan-folder /tmp/NeuroForge-improvement-build/Build/Products/Debug/NeuroForge.app/Contents/Extensions --platform macosx --toolchain /Applications/Xcode.app/Contents/Developer/Toolchains/XcodeDefault.xctoolchain --destination /tmp/NeuroForge-improvement-build/Build/Products/Debug/NeuroForge.app/Contents/Frameworks --strip-bitcode --strip-bitcode-tool /Applications/Xcode.app/Contents/Developer/Toolchains/XcodeDefault.xctoolchain/usr/bin/bitcode_strip --emit-dependency-info /tmp/NeuroForge-improvement-build/Build/Intermediates.noindex/NeuroForge.build/Debug/NeuroForge.build/SwiftStdLibToolInputDependencies.dep --filter-for-swift-os
Ignoring --strip-bitcode because --sign was not passed

ExtractAppIntentsMetadata (in target 'NeuroForge' from project 'NeuroForge')
    cd /Users/takamimarsh/Developer/Projects/Zacro\ Tech/NeuroForge
    /Applications/Xcode.app/Contents/Developer/Toolchains/XcodeDefault.xctoolchain/usr/bin/appintentsmetadataprocessor --toolchain-dir /Applications/Xcode.app/Contents/Developer/Toolchains/XcodeDefault.xctoolchain --module-name NeuroForge --sdk-root /Applications/Xcode.app/Contents/Developer/Platforms/MacOSX.platform/Developer/SDKs/MacOSX26.5.sdk --xcode-version 17F113 --platform-family macOS --deployment-target 26.4 --bundle-identifier com.zacrotech.NeuroForge --output /tmp/NeuroForge-improvement-build/Build/Products/Debug/NeuroForge.app/Contents/Resources --target-triple arm64-apple-macos26.4 --binary-file /tmp/NeuroForge-improvement-build/Build/Products/Debug/NeuroForge.app/Contents/MacOS/NeuroForge --dependency-file /tmp/NeuroForge-improvement-build/Build/Intermediates.noindex/NeuroForge.build/Debug/NeuroForge.build/Objects-normal/arm64/NeuroForge_dependency_info.dat --stringsdata-file /tmp/NeuroForge-improvement-build/Build/Intermediates.noindex/NeuroForge.build/Debug/NeuroForge.build/Objects-normal/arm64/ExtractedAppShortcutsMetadata.stringsdata --source-file-list /tmp/NeuroForge-improvement-build/Build/Intermediates.noindex/NeuroForge.build/Debug/NeuroForge.build/Objects-normal/arm64/NeuroForge.SwiftFileList --metadata-file-list /tmp/NeuroForge-improvement-build/Build/Intermediates.noindex/NeuroForge.build/Debug/NeuroForge.build/NeuroForge.DependencyMetadataFileList --static-metadata-file-list /tmp/NeuroForge-improvement-build/Build/Intermediates.noindex/NeuroForge.build/Debug/NeuroForge.build/NeuroForge.DependencyStaticMetadataFileList --swift-const-vals-list /tmp/NeuroForge-improvement-build/Build/Intermediates.noindex/NeuroForge.build/Debug/NeuroForge.build/Objects-normal/arm64/NeuroForge.SwiftConstValuesFileList --compile-time-extraction --deployment-aware-processing --validate-assistant-intents
2026-09-05 15:56:55.705 appintentsmetadataprocessor[36128:5734827] Starting appintentsmetadataprocessor export
2026-09-05 15:56:55.793 appintentsmetadataprocessor[36128:5734827] Writing Metadata.appintents
2026-09-05 15:56:55.794 appintentsmetadataprocessor[36128:5734827] Metadata root: /tmp/NeuroForge-improvement-build/Build/Products/Debug/NeuroForge.app/Contents/Resources/Metadata.appintents

Ld /tmp/NeuroForge-improvement-build/Build/Products/Debug/NeuroForge.app/Contents/PlugIns/NeuroForgeTests.xctest/Contents/MacOS/NeuroForgeTests normal (in target 'NeuroForgeTests' from project 'NeuroForge')
    cd /Users/takamimarsh/Developer/Projects/Zacro\ Tech/NeuroForge
    /Applications/Xcode.app/Contents/Developer/Toolchains/XcodeDefault.xctoolchain/usr/bin/clang -Xlinker -reproducible -target arm64-apple-macos26.4 -bundle -isysroot /Applications/Xcode.app/Contents/Developer/Platforms/MacOSX.platform/Developer/SDKs/MacOSX26.5.sdk -O0 -L/tmp/NeuroForge-improvement-build/Build/Intermediates.noindex/EagerLinkingTBDs/Debug -L/tmp/NeuroForge-improvement-build/Build/Products/Debug -L/Applications/Xcode.app/Contents/Developer/Platforms/MacOSX.platform/Developer/usr/lib -F/tmp/NeuroForge-improvement-build/Build/Intermediates.noindex/EagerLinkingTBDs/Debug -F/tmp/NeuroForge-improvement-build/Build/Products/Debug/PackageFrameworks -F/tmp/NeuroForge-improvement-build/Build/Products/Debug -iframework /Applications/Xcode.app/Contents/Developer/Platforms/MacOSX.platform/Developer/Library/Frameworks -filelist /tmp/NeuroForge-improvement-build/Build/Intermediates.noindex/NeuroForge.build/Debug/NeuroForgeTests.build/Objects-normal/arm64/NeuroForgeTests.LinkFileList -Xlinker -rpath -Xlinker /tmp/NeuroForge-improvement-build/Build/Products/Debug/PackageFrameworks -Xlinker -rpath -Xlinker @loader_path/../Frameworks -Xlinker -rpath -Xlinker @executable_path/../Frameworks -bundle_loader /tmp/NeuroForge-improvement-build/Build/Products/Debug/NeuroForge.app/Contents/MacOS/NeuroForge -Xlinker -object_path_lto -Xlinker /tmp/NeuroForge-improvement-build/Build/Intermediates.noindex/NeuroForge.build/Debug/NeuroForgeTests.build/Objects-normal/arm64/NeuroForgeTests_lto.o -rdynamic -Xlinker -no_deduplicate -Xlinker -dependency_info -Xlinker /tmp/NeuroForge-improvement-build/Build/Intermediates.noindex/NeuroForge.build/Debug/NeuroForgeTests.build/Objects-normal/arm64/NeuroForgeTests_dependency_info.dat -fobjc-link-runtime -L/Applications/Xcode.app/Contents/Developer/Toolchains/XcodeDefault.xctoolchain/usr/lib/swift/macosx -L/usr/lib/swift -Xlinker -add_ast_path -Xlinker /tmp/NeuroForge-improvement-build/Build/Intermediates.noindex/NeuroForge.build/Debug/NeuroForgeTests.build/Objects-normal/arm64/NeuroForgeTests.swiftmodule @/tmp/NeuroForge-improvement-build/Build/Intermediates.noindex/NeuroForge.build/Debug/NeuroForgeTests.build/Objects-normal/arm64/NeuroForgeTests-linker-args.resp -Wl,-no_warn_duplicate_libraries -Xlinker -needed_framework -Xlinker XCTest -framework XCTest -Xlinker -needed-lXCTestSwiftSupport -lXCTestSwiftSupport /tmp/NeuroForge-improvement-build/Build/Products/Debug/NeuroForge.app/Contents/MacOS/NeuroForge.debug.dylib -o /tmp/NeuroForge-improvement-build/Build/Products/Debug/NeuroForge.app/Contents/PlugIns/NeuroForgeTests.xctest/Contents/MacOS/NeuroForgeTests

CopySwiftLibs /tmp/NeuroForge-improvement-build/Build/Products/Debug/NeuroForge.app/Contents/PlugIns/NeuroForgeTests.xctest (in target 'NeuroForgeTests' from project 'NeuroForge')
    cd /Users/takamimarsh/Developer/Projects/Zacro\ Tech/NeuroForge
    builtin-swiftStdLibTool --copy --verbose --scan-executable /tmp/NeuroForge-improvement-build/Build/Products/Debug/NeuroForge.app/Contents/PlugIns/NeuroForgeTests.xctest/Contents/MacOS/NeuroForgeTests --scan-folder /tmp/NeuroForge-improvement-build/Build/Products/Debug/NeuroForge.app/Contents/PlugIns/NeuroForgeTests.xctest/Contents/Frameworks --scan-folder /tmp/NeuroForge-improvement-build/Build/Products/Debug/NeuroForge.app/Contents/PlugIns/NeuroForgeTests.xctest/Contents/PlugIns --scan-folder /tmp/NeuroForge-improvement-build/Build/Products/Debug/NeuroForge.app/Contents/PlugIns/NeuroForgeTests.xctest/Contents/Library/SystemExtensions --scan-folder /tmp/NeuroForge-improvement-build/Build/Products/Debug/NeuroForge.app/Contents/PlugIns/NeuroForgeTests.xctest/Contents/Extensions --platform macosx --toolchain /Applications/Xcode.app/Contents/Developer/Toolchains/XcodeDefault.xctoolchain --destination /tmp/NeuroForge-improvement-build/Build/Products/Debug/NeuroForge.app/Contents/PlugIns/NeuroForgeTests.xctest/Contents/Frameworks --strip-bitcode --scan-executable /Applications/Xcode.app/Contents/Developer/Platforms/MacOSX.platform/Developer/usr/lib/libXCTestSwiftSupport.dylib --strip-bitcode-tool /Applications/Xcode.app/Contents/Developer/Toolchains/XcodeDefault.xctoolchain/usr/bin/bitcode_strip --emit-dependency-info /tmp/NeuroForge-improvement-build/Build/Intermediates.noindex/NeuroForge.build/Debug/NeuroForgeTests.build/SwiftStdLibToolInputDependencies.dep --filter-for-swift-os
Ignoring --strip-bitcode because --sign was not passed

ExtractAppIntentsMetadata (in target 'NeuroForgeTests' from project 'NeuroForge')
    cd /Users/takamimarsh/Developer/Projects/Zacro\ Tech/NeuroForge
    /Applications/Xcode.app/Contents/Developer/Toolchains/XcodeDefault.xctoolchain/usr/bin/appintentsmetadataprocessor --toolchain-dir /Applications/Xcode.app/Contents/Developer/Toolchains/XcodeDefault.xctoolchain --module-name NeuroForgeTests --sdk-root /Applications/Xcode.app/Contents/Developer/Platforms/MacOSX.platform/Developer/SDKs/MacOSX26.5.sdk --xcode-version 17F113 --platform-family macOS --deployment-target 26.4 --bundle-identifier com.zacrotech.NeuroForgeTests --output /tmp/NeuroForge-improvement-build/Build/Products/Debug/NeuroForge.app/Contents/PlugIns/NeuroForgeTests.xctest/Contents/Resources --target-triple arm64-apple-macos26.4 --binary-file /tmp/NeuroForge-improvement-build/Build/Products/Debug/NeuroForge.app/Contents/PlugIns/NeuroForgeTests.xctest/Contents/MacOS/NeuroForgeTests --dependency-file /tmp/NeuroForge-improvement-build/Build/Intermediates.noindex/NeuroForge.build/Debug/NeuroForgeTests.build/Objects-normal/arm64/NeuroForgeTests_dependency_info.dat --stringsdata-file /tmp/NeuroForge-improvement-build/Build/Intermediates.noindex/NeuroForge.build/Debug/NeuroForgeTests.build/Objects-normal/arm64/ExtractedAppShortcutsMetadata.stringsdata --source-file-list /tmp/NeuroForge-improvement-build/Build/Intermediates.noindex/NeuroForge.build/Debug/NeuroForgeTests.build/Objects-normal/arm64/NeuroForgeTests.SwiftFileList --metadata-file-list /tmp/NeuroForge-improvement-build/Build/Intermediates.noindex/NeuroForge.build/Debug/NeuroForgeTests.build/NeuroForgeTests.DependencyMetadataFileList --static-metadata-file-list /tmp/NeuroForge-improvement-build/Build/Intermediates.noindex/NeuroForge.build/Debug/NeuroForgeTests.build/NeuroForgeTests.DependencyStaticMetadataFileList --swift-const-vals-list /tmp/NeuroForge-improvement-build/Build/Intermediates.noindex/NeuroForge.build/Debug/NeuroForgeTests.build/Objects-normal/arm64/NeuroForgeTests.SwiftConstValuesFileList --compile-time-extraction --deployment-aware-processing --validate-assistant-intents --no-app-shortcuts-localization
2026-09-05 15:56:56.224 appintentsmetadataprocessor[36132:5734858] Starting appintentsmetadataprocessor export
2026-09-05 15:56:56.241 appintentsmetadataprocessor[36132:5734858] Extracted no relevant App Intents symbols, skipping writing output

Validate /tmp/NeuroForge-improvement-build/Build/Products/Debug/NeuroForge.app (in target 'NeuroForge' from project 'NeuroForge')
    cd /Users/takamimarsh/Developer/Projects/Zacro\ Tech/NeuroForge
    builtin-validationUtility /tmp/NeuroForge-improvement-build/Build/Products/Debug/NeuroForge.app -no-validate-extension -infoplist-subpath Contents/Info.plist

RegisterWithLaunchServices /tmp/NeuroForge-improvement-build/Build/Products/Debug/NeuroForge.app (in target 'NeuroForge' from project 'NeuroForge')
    cd /Users/takamimarsh/Developer/Projects/Zacro\ Tech/NeuroForge
    /System/Library/Frameworks/CoreServices.framework/Versions/Current/Frameworks/LaunchServices.framework/Versions/Current/Support/lsregister -f -R -trusted /tmp/NeuroForge-improvement-build/Build/Products/Debug/NeuroForge.app

2026-09-05 15:56:59.407116-0400 NeuroForge[36161:5735154] [Connection] Unable to get synchronousRemoteObjectProxy, error: Error Domain=NSCocoaErrorDomain Code=4097 "connection to service named com.apple.linkd.autoShortcut" UserInfo={NSDebugDescription=connection to service named com.apple.linkd.autoShortcut}
2026-09-05 15:56:59.407672-0400 NeuroForge[36161:5735154] [Application] Error registering app with intents framework: Error Domain=NSCocoaErrorDomain Code=4097 "connection to service named com.apple.linkd.autoShortcut" UserInfo={NSDebugDescription=connection to service named com.apple.linkd.autoShortcut}
2026-09-05 15:56:59.408544-0400 NeuroForge[36161:5735178] [Connection] Unable to get synchronousRemoteObjectProxy, error: Error Domain=NSCocoaErrorDomain Code=4097 "connection to service named com.apple.linkd.autoShortcut" UserInfo={NSDebugDescription=connection to service named com.apple.linkd.autoShortcut}
2026-09-05 15:56:59.408565-0400 NeuroForge[36161:5735178] [Connection] Unable to re-register with Process Instance Registry, error: Error Domain=NSCocoaErrorDomain Code=4097 "connection to service named com.apple.linkd.autoShortcut" UserInfo={NSDebugDescription=connection to service named com.apple.linkd.autoShortcut}
2026-09-05 15:56:59.409728-0400 NeuroForge[36161:5735153] [Connection] Unable to get synchronousRemoteObjectProxy, error: Error Domain=NSCocoaErrorDomain Code=4097 "connection to service named com.apple.linkd.autoShortcut" UserInfo={NSDebugDescription=connection to service named com.apple.linkd.autoShortcut}
2026-09-05 15:56:59.409773-0400 NeuroForge[36161:5735153] [Connection] Unable to re-register with Process Instance Registry, error: Error Domain=NSCocoaErrorDomain Code=4097 "connection to service named com.apple.linkd.autoShortcut" UserInfo={NSDebugDescription=connection to service named com.apple.linkd.autoShortcut}
2026-09-05 15:56:59.410874-0400 NeuroForge[36161:5735153] [Connection] Will NOT re-try to establish the connection
2026-09-05 15:56:59.410909-0400 NeuroForge[36161:5735154] [Connection] Unable to get synchronousRemoteObjectProxy, error: Error Domain=NSCocoaErrorDomain Code=4097 "connection to service named com.apple.linkd.autoShortcut" UserInfo={NSDebugDescription=connection to service named com.apple.linkd.autoShortcut}
2026-09-05 15:56:59.410927-0400 NeuroForge[36161:5735154] [Connection] Unable to re-register with Process Instance Registry, error: Error Domain=NSCocoaErrorDomain Code=4097 "connection to service named com.apple.linkd.autoShortcut" UserInfo={NSDebugDescription=connection to service named com.apple.linkd.autoShortcut}
2026-09-05 15:56:59.772684-0400 NeuroForge[36161:5735105] ApplePersistenceIgnoreState: Existing state will not be touched. New state will be written to /var/folders/9s/lwj2ss7d679bl8hv9dx2qf6h0000gn/T/com.zacrotech.NeuroForge.savedState
Test Suite 'Selected tests' started at 2026-09-05 15:57:00.868.
Test Suite 'NeuroForgeTests.xctest' started at 2026-09-05 15:57:00.868.
Test Suite 'EditorialLiveControllerPersistenceTests' started at 2026-09-05 15:57:00.869.
Test Case '-[NeuroForgeTests.EditorialLiveControllerPersistenceTests testActualManualControlsPreserveAutomaticAllowanceAndKeepMeansDeliveredBand]' started.
Test Case '-[NeuroForgeTests.EditorialLiveControllerPersistenceTests testActualManualControlsPreserveAutomaticAllowanceAndKeepMeansDeliveredBand]' passed (7.772 seconds).
Test Case '-[NeuroForgeTests.EditorialLiveControllerPersistenceTests testActualMixedTenBalancesFourFamiliesAndRetainsOneSlotPerAcceptance]' started.
Test Case '-[NeuroForgeTests.EditorialLiveControllerPersistenceTests testActualMixedTenBalancesFourFamiliesAndRetainsOneSlotPerAcceptance]' passed (2.802 seconds).
Test Case '-[NeuroForgeTests.EditorialLiveControllerPersistenceTests testActualReplacementOverrideRetainsOriginalDraftAndPublishesOneNewSlotIdempotently]' started.
Test Case '-[NeuroForgeTests.EditorialLiveControllerPersistenceTests testActualReplacementOverrideRetainsOriginalDraftAndPublishesOneNewSlotIdempotently]' passed (0.197 seconds).
Test Case '-[NeuroForgeTests.EditorialLiveControllerPersistenceTests testActualReviewedLaunchCommitsFourObservationsThenRanksAndPublishesAdjacentDemand]' started.
Test Case '-[NeuroForgeTests.EditorialLiveControllerPersistenceTests testActualReviewedLaunchCommitsFourObservationsThenRanksAndPublishesAdjacentDemand]' passed (0.495 seconds).
Test Case '-[NeuroForgeTests.EditorialLiveControllerPersistenceTests testChangedPendingCommandInvalidatesPreparedNextWithoutChangingItsPredecessor]' started.
Test Case '-[NeuroForgeTests.EditorialLiveControllerPersistenceTests testChangedPendingCommandInvalidatesPreparedNextWithoutChangingItsPredecessor]' passed (0.273 seconds).
Test Case '-[NeuroForgeTests.EditorialLiveControllerPersistenceTests testControllerAndChosenSnapshotSurviveDiskReopenWithoutResettingAllowance]' started.
Test Case '-[NeuroForgeTests.EditorialLiveControllerPersistenceTests testControllerAndChosenSnapshotSurviveDiskReopenWithoutResettingAllowance]' passed (0.640 seconds).
Test Case '-[NeuroForgeTests.EditorialLiveControllerPersistenceTests testControllerReceiptsDoNotDuplicateRawAnswersAndLinkedDeletionRetiresTheirRun]' started.
Test Case '-[NeuroForgeTests.EditorialLiveControllerPersistenceTests testControllerReceiptsDoNotDuplicateRawAnswersAndLinkedDeletionRetiresTheirRun]' passed (0.205 seconds).
Test Case '-[NeuroForgeTests.EditorialLiveControllerPersistenceTests testControllerSeesConflictingPhysicalRowsBeforeUIWinnerProjection]' started.
Test Case '-[NeuroForgeTests.EditorialLiveControllerPersistenceTests testControllerSeesConflictingPhysicalRowsBeforeUIWinnerProjection]' passed (0.495 seconds).
Test Case '-[NeuroForgeTests.EditorialLiveControllerPersistenceTests testCorrectionBetweenPrepareAndAcceptRejectsStaleChoiceThenRebuildsOnlyFutureControl]' started.
Test Case '-[NeuroForgeTests.EditorialLiveControllerPersistenceTests testCorrectionBetweenPrepareAndAcceptRejectsStaleChoiceThenRebuildsOnlyFutureControl]' passed (0.480 seconds).
Test Case '-[NeuroForgeTests.EditorialLiveControllerPersistenceTests testCurrentItemReportExcludesHistoricalCreditAndInvalidatesPreparedPromotion]' started.
Test Case '-[NeuroForgeTests.EditorialLiveControllerPersistenceTests testCurrentItemReportExcludesHistoricalCreditAndInvalidatesPreparedPromotion]' passed (0.491 seconds).
Test Case '-[NeuroForgeTests.EditorialLiveControllerPersistenceTests testEmptyAdmissionAndFutureOverrideCannotWriteOrReinterpretLegacyWork]' started.
Test Case '-[NeuroForgeTests.EditorialLiveControllerPersistenceTests testEmptyAdmissionAndFutureOverrideCannotWriteOrReinterpretLegacyWork]' passed (0.025 seconds).
Test Case '-[NeuroForgeTests.EditorialLiveControllerPersistenceTests testExplicitInitialBandAndSeparateFixedSessionNeverRewriteFrozenWork]' started.
Test Case '-[NeuroForgeTests.EditorialLiveControllerPersistenceTests testExplicitInitialBandAndSeparateFixedSessionNeverRewriteFrozenWork]' passed (0.141 seconds).
Test Case '-[NeuroForgeTests.EditorialLiveControllerPersistenceTests testFailedPreferencePublicationKeepsOriginalThenSameCommandRetriesExactlyOnce]' started.
Test Case '-[NeuroForgeTests.EditorialLiveControllerPersistenceTests testFailedPreferencePublicationKeepsOriginalThenSameCommandRetriesExactlyOnce]' passed (0.154 seconds).
Test Case '-[NeuroForgeTests.EditorialLiveControllerPersistenceTests testFailedPublicationLeavesNoControlOrConsumptionAndExactRetryReturnsAcceptedState]' started.
Test Case '-[NeuroForgeTests.EditorialLiveControllerPersistenceTests testFailedPublicationLeavesNoControlOrConsumptionAndExactRetryReturnsAcceptedState]' passed (0.133 seconds).
Test Case '-[NeuroForgeTests.EditorialLiveControllerPersistenceTests testFuturePendingOverrideAndForeignOwnerRemainReadOnlyAndRetainOriginalBytes]' started.
Test Case '-[NeuroForgeTests.EditorialLiveControllerPersistenceTests testFuturePendingOverrideAndForeignOwnerRemainReadOnlyAndRetainOriginalBytes]' passed (0.171 seconds).
Test Case '-[NeuroForgeTests.EditorialLiveControllerPersistenceTests testKnownHelpAndConfidenceDoNotBecomeIndependentSuccessOrAutomaticChange]' started.
Test Case '-[NeuroForgeTests.EditorialLiveControllerPersistenceTests testKnownHelpAndConfidenceDoNotBecomeIndependentSuccessOrAutomaticChange]' passed (0.496 seconds).
Test Case '-[NeuroForgeTests.EditorialLiveControllerPersistenceTests testMarkerProtectedCurrentRunCannotExposeOrApplyReviewedDifficultyControls]' started.
Test Case '-[NeuroForgeTests.EditorialLiveControllerPersistenceTests testMarkerProtectedCurrentRunCannotExposeOrApplyReviewedDifficultyControls]' passed (0.132 seconds).
Test Case '-[NeuroForgeTests.EditorialLiveControllerPersistenceTests testMixedColdReplayRetainsDeferredOwnFamilyResponseAndControlLineage]' started.
Test Case '-[NeuroForgeTests.EditorialLiveControllerPersistenceTests testMixedColdReplayRetainsDeferredOwnFamilyResponseAndControlLineage]' passed (1.284 seconds).
Test Case '-[NeuroForgeTests.EditorialLiveControllerPersistenceTests testMixedCorrectionBetweenPrepareAndAcceptRejectsWholeChoiceAndRetainsPriorSlot]' started.
Test Case '-[NeuroForgeTests.EditorialLiveControllerPersistenceTests testMixedCorrectionBetweenPrepareAndAcceptRejectsWholeChoiceAndRetainsPriorSlot]' passed (0.734 seconds).
Test Case '-[NeuroForgeTests.EditorialLiveControllerPersistenceTests testMixedDeferredResponseCannotBeReattachedToAnotherFamilyOnColdLoad]' started.
Test Case '-[NeuroForgeTests.EditorialLiveControllerPersistenceTests testMixedDeferredResponseCannotBeReattachedToAnotherFamilyOnColdLoad]' passed (0.548 seconds).
Test Case '-[NeuroForgeTests.EditorialLiveControllerPersistenceTests testMixedFailurePublishesNeitherFamilyStateNorCursorAndSameLaunchRetries]' started.
Test Case '-[NeuroForgeTests.EditorialLiveControllerPersistenceTests testMixedFailurePublishesNeitherFamilyStateNorCursorAndSameLaunchRetries]' passed (0.343 seconds).
Test Case '-[NeuroForgeTests.EditorialLiveControllerPersistenceTests testMixedFamilySelectionIsUnaffectedByPoolOrderOrOneLargeParameterFamily]' started.
Test Case '-[NeuroForgeTests.EditorialLiveControllerPersistenceTests testMixedFamilySelectionIsUnaffectedByPoolOrderOrOneLargeParameterFamily]' passed (4.219 seconds).
Test Case '-[NeuroForgeTests.EditorialLiveControllerPersistenceTests testMixedManualHarderAppliesNextWithinCurrentFamilyWithoutRaisingOthers]' started.
Test Case '-[NeuroForgeTests.EditorialLiveControllerPersistenceTests testMixedManualHarderAppliesNextWithinCurrentFamilyWithoutRaisingOthers]' passed (0.831 seconds).
Test Case '-[NeuroForgeTests.EditorialLiveControllerPersistenceTests testMixedPortableHistoryCannotImportFamilyControlAuthorityAndDeletionRemovesItsReferences]' started.
Test Case '-[NeuroForgeTests.EditorialLiveControllerPersistenceTests testMixedPortableHistoryCannotImportFamilyControlAuthorityAndDeletionRemovesItsReferences]' passed (1.038 seconds).
Test Case '-[NeuroForgeTests.EditorialLiveControllerPersistenceTests testMixedQuotaRankingUsesActualFamilyShareAndReportsExplicitInfeasibility]' started.
Test Case '-[NeuroForgeTests.EditorialLiveControllerPersistenceTests testMixedQuotaRankingUsesActualFamilyShareAndReportsExplicitInfeasibility]' passed (0.343 seconds).
Test Case '-[NeuroForgeTests.EditorialLiveControllerPersistenceTests testMixedReplaceKeepsFamilyAndRetiredDraftWhileNextResumesVariety]' started.
Test Case '-[NeuroForgeTests.EditorialLiveControllerPersistenceTests testMixedReplaceKeepsFamilyAndRetiredDraftWhileNextResumesVariety]' passed (0.521 seconds).
Test Case '-[NeuroForgeTests.EditorialLiveControllerPersistenceTests testMixedSkipAndRevealAdvanceGlobalSupportWithoutAcademicEvidence]' started.
Test Case '-[NeuroForgeTests.EditorialLiveControllerPersistenceTests testMixedSkipAndRevealAdvanceGlobalSupportWithoutAcademicEvidence]' passed (1.698 seconds).
Test Case '-[NeuroForgeTests.EditorialLiveControllerPersistenceTests testMixedSparseCatalogReportsReducedScopeWithoutInventingFamilies]' started.
Test Case '-[NeuroForgeTests.EditorialLiveControllerPersistenceTests testMixedSparseCatalogReportsReducedScopeWithoutInventingFamilies]' passed (0.478 seconds).
Test Case '-[NeuroForgeTests.EditorialLiveControllerPersistenceTests testOnlyTheMixedFamilyWithFourIndependentSuccessesUsesItsAutomaticAllowance]' started.
Test Case '-[NeuroForgeTests.EditorialLiveControllerPersistenceTests testOnlyTheMixedFamilyWithFourIndependentSuccessesUsesItsAutomaticAllowance]' passed (5.849 seconds).
Test Case '-[NeuroForgeTests.EditorialLiveControllerPersistenceTests testOverrideCommandsAreLocalAuthorityAndLinkedDeletionRemovesAllCommands]' started.
Test Case '-[NeuroForgeTests.EditorialLiveControllerPersistenceTests testOverrideCommandsAreLocalAuthorityAndLinkedDeletionRemovesAllCommands]' passed (0.164 seconds).
Test Case '-[NeuroForgeTests.EditorialLiveControllerPersistenceTests testPendingPreferenceAndSelectedFixedBandSurviveActualCoreAndLocalDiskReopen]' started.
Test Case '-[NeuroForgeTests.EditorialLiveControllerPersistenceTests testPendingPreferenceAndSelectedFixedBandSurviveActualCoreAndLocalDiskReopen]' passed (0.275 seconds).
Test Case '-[NeuroForgeTests.EditorialLiveControllerPersistenceTests testPortableImportKeepsCapturedHistoryButCannotAcquireLocalEditorialAuthority]' started.
Test Case '-[NeuroForgeTests.EditorialLiveControllerPersistenceTests testPortableImportKeepsCapturedHistoryButCannotAcquireLocalEditorialAuthority]' passed (0.139 seconds).
Test Case '-[NeuroForgeTests.EditorialLiveControllerPersistenceTests testPreferenceCommandRequiresActualWriterCapabilityEvenForAnExactExposedCheckpoint]' started.
Test Case '-[NeuroForgeTests.EditorialLiveControllerPersistenceTests testPreferenceCommandRequiresActualWriterCapabilityEvenForAnExactExposedCheckpoint]' passed (0.162 seconds).
Test Case '-[NeuroForgeTests.EditorialLiveControllerPersistenceTests testPreparedReplacementCannotCommitAfterTakeoverEvenWithUnchangedArchiveRevision]' started.
Test Case '-[NeuroForgeTests.EditorialLiveControllerPersistenceTests testPreparedReplacementCannotCommitAfterTakeoverEvenWithUnchangedArchiveRevision]' passed (0.230 seconds).
Test Case '-[NeuroForgeTests.EditorialLiveControllerPersistenceTests testReleasedEmptyRegistryKeepsActualBankLegacyAndCannotTrustSerializedPin]' started.
Test Case '-[NeuroForgeTests.EditorialLiveControllerPersistenceTests testReleasedEmptyRegistryKeepsActualBankLegacyAndCannotTrustSerializedPin]' passed (0.041 seconds).
Test Case '-[NeuroForgeTests.EditorialLiveControllerPersistenceTests testRepositoryReopenCannotReuseLiveAuthorityFromThePriorRepositoryInstance]' started.
Test Case '-[NeuroForgeTests.EditorialLiveControllerPersistenceTests testRepositoryReopenCannotReuseLiveAuthorityFromThePriorRepositoryInstance]' passed (0.161 seconds).
Test Case '-[NeuroForgeTests.EditorialLiveControllerPersistenceTests testReviewedChoiceCannotApplyAfterAnotherWindowTakesOwnership]' started.
Test Case '-[NeuroForgeTests.EditorialLiveControllerPersistenceTests testReviewedChoiceCannotApplyAfterAnotherWindowTakesOwnership]' passed (0.133 seconds).
Test Case '-[NeuroForgeTests.EditorialLiveControllerPersistenceTests testReviewedChoiceRetryRetainsCommandIdentityAndNeverAcceptsBeforeDraftSave]' started.
Test Case '-[NeuroForgeTests.EditorialLiveControllerPersistenceTests testReviewedChoiceRetryRetainsCommandIdentityAndNeverAcceptsBeforeDraftSave]' passed (0.167 seconds).
Test Case '-[NeuroForgeTests.EditorialLiveControllerPersistenceTests testReviewedFeedbackAllowsOnlyNextChoiceAndPauseBlocksAllChoiceCommands]' started.
Test Case '-[NeuroForgeTests.EditorialLiveControllerPersistenceTests testReviewedFeedbackAllowsOnlyNextChoiceAndPauseBlocksAllChoiceCommands]' passed (0.170 seconds).
Test Case '-[NeuroForgeTests.EditorialLiveControllerPersistenceTests testReviewedNextPreferenceRetainsCurrentDraftReceiptTimerAndConsumesOnlyAtNext]' started.
Test Case '-[NeuroForgeTests.EditorialLiveControllerPersistenceTests testReviewedNextPreferenceRetainsCurrentDraftReceiptTimerAndConsumesOnlyAtNext]' passed (0.232 seconds).
Test Case '-[NeuroForgeTests.EditorialLiveControllerPersistenceTests testReviewedReplaceRetainsOriginalAndRejectsDelayedMenuFromPriorSlot]' started.
Test Case '-[NeuroForgeTests.EditorialLiveControllerPersistenceTests testReviewedReplaceRetainsOriginalAndRejectsDelayedMenuFromPriorSlot]' passed (0.191 seconds).
Test Case '-[NeuroForgeTests.EditorialLiveControllerPersistenceTests testReviewedUIHidesControlsForReleasedUnreviewedPractice]' started.
Test Case '-[NeuroForgeTests.EditorialLiveControllerPersistenceTests testReviewedUIHidesControlsForReleasedUnreviewedPractice]' passed (0.021 seconds).
Test Case '-[NeuroForgeTests.EditorialLiveControllerPersistenceTests testSameWriterUUIDCannotReviveACommandFromItsEarlierOwnershipGeneration]' started.
Test Case '-[NeuroForgeTests.EditorialLiveControllerPersistenceTests testSameWriterUUIDCannotReviveACommandFromItsEarlierOwnershipGeneration]' passed (0.152 seconds).
Test Case '-[NeuroForgeTests.EditorialLiveControllerPersistenceTests testSeparateReviewedUIReleasesOnlyOldWriterAndKeepsItsExactFixedDraft]' started.
Test Case '-[NeuroForgeTests.EditorialLiveControllerPersistenceTests testSeparateReviewedUIReleasesOnlyOldWriterAndKeepsItsExactFixedDraft]' passed (0.154 seconds).
Test Case '-[NeuroForgeTests.EditorialLiveControllerPersistenceTests testTakeoverRejectsOldAcceptedPreferenceRetryBeforeAnyCommandMutation]' started.
Test Case '-[NeuroForgeTests.EditorialLiveControllerPersistenceTests testTakeoverRejectsOldAcceptedPreferenceRetryBeforeAnyCommandMutation]' passed (0.185 seconds).
Test Case '-[NeuroForgeTests.EditorialLiveControllerPersistenceTests testUnavailableAdjacentBandNeverSilentlyJumpsAndFailureRetainsTheCompleteArchive]' started.
Test Case '-[NeuroForgeTests.EditorialLiveControllerPersistenceTests testUnavailableAdjacentBandNeverSilentlyJumpsAndFailureRetainsTheCompleteArchive]' passed (0.112 seconds).
Test Case '-[NeuroForgeTests.EditorialLiveControllerPersistenceTests testUnknownControllerVersionAndChangedManifestCannotReinterpretSavedDecision]' started.
Test Case '-[NeuroForgeTests.EditorialLiveControllerPersistenceTests testUnknownControllerVersionAndChangedManifestCannotReinterpretSavedDecision]' passed (0.132 seconds).
Test Case '-[NeuroForgeTests.EditorialLiveControllerPersistenceTests testUnknownMixedPolicyIsRetainedReadOnlyAndCannotBecomeSingleFamilyAuthority]' started.
Test Case '-[NeuroForgeTests.EditorialLiveControllerPersistenceTests testUnknownMixedPolicyIsRetainedReadOnlyAndCannotBecomeSingleFamilyAuthority]' passed (0.316 seconds).
Test Case '-[NeuroForgeTests.EditorialLiveControllerPersistenceTests testUnpresentedNextSlotRefusesPreferenceUntilActualVisibleAcknowledgement]' started.
Test Case '-[NeuroForgeTests.EditorialLiveControllerPersistenceTests testUnpresentedNextSlotRefusesPreferenceUntilActualVisibleAcknowledgement]' passed (0.251 seconds).
Test Case '-[NeuroForgeTests.EditorialLiveControllerPersistenceTests testUnscoredPresentationsAdvanceSupportWindowWithoutCreatingAcademicObservations]' started.
Test Case '-[NeuroForgeTests.EditorialLiveControllerPersistenceTests testUnscoredPresentationsAdvanceSupportWindowWithoutCreatingAcademicObservations]' passed (0.666 seconds).
Test Case '-[NeuroForgeTests.EditorialLiveControllerPersistenceTests testVisibleReviewedChoiceWaitsForPresentationAndQueuesWithoutChangingTheQuestion]' started.
Test Case '-[NeuroForgeTests.EditorialLiveControllerPersistenceTests testVisibleReviewedChoiceWaitsForPresentationAndQueuesWithoutChangingTheQuestion]' passed (0.251 seconds).
Test Suite 'EditorialLiveControllerPersistenceTests' passed at 2026-09-05 15:57:38.176.
	 Executed 51 tests, with 0 failures (0 unexpected) in 37.295 (37.308) seconds
Test Suite 'ExactSessionContinuityTests' started at 2026-09-05 15:57:38.177.
Test Case '-[NeuroForgeTests.ExactSessionContinuityTests testAcceptedProtectedNextRemainsPublishedWhenOnlyLegacyProjectionFails]' started.
Test Case '-[NeuroForgeTests.ExactSessionContinuityTests testAcceptedProtectedNextRemainsPublishedWhenOnlyLegacyProjectionFails]' passed (0.074 seconds).
Test Case '-[NeuroForgeTests.ExactSessionContinuityTests testAssessmentPreviewDoesNotPublishProtectedQuestionWhenNextSnapshotFails]' started.
Test Case '-[NeuroForgeTests.ExactSessionContinuityTests testAssessmentPreviewDoesNotPublishProtectedQuestionWhenNextSnapshotFails]' passed (0.077 seconds).
Test Case '-[NeuroForgeTests.ExactSessionContinuityTests testBlankInputDoesNotCreateAttemptAndOptionalConfidenceRemainsAbsent]' started.
Test Case '-[NeuroForgeTests.ExactSessionContinuityTests testBlankInputDoesNotCreateAttemptAndOptionalConfidenceRemainsAbsent]' passed (0.012 seconds).
Test Case '-[NeuroForgeTests.ExactSessionContinuityTests testCheckpointCommandKeepsItsGenerationAcrossTheRealPrewriteBoundary]' started.
Test Case '-[NeuroForgeTests.ExactSessionContinuityTests testCheckpointCommandKeepsItsGenerationAcrossTheRealPrewriteBoundary]' passed (0.011 seconds).
Test Case '-[NeuroForgeTests.ExactSessionContinuityTests testClosePolicyRequiresExactAcknowledgementAndQuitRechecksEveryWindow]' started.
Test Case '-[NeuroForgeTests.ExactSessionContinuityTests testClosePolicyRequiresExactAcknowledgementAndQuitRechecksEveryWindow]' passed (0.001 seconds).
Test Case '-[NeuroForgeTests.ExactSessionContinuityTests testColdMaximumRevisionRetainsOriginalArchiveAndRefusesCheckpointWithoutWrapping]' started.
Test Case '-[NeuroForgeTests.ExactSessionContinuityTests testColdMaximumRevisionRetainsOriginalArchiveAndRefusesCheckpointWithoutWrapping]' passed (0.019 seconds).
Test Case '-[NeuroForgeTests.ExactSessionContinuityTests testCrossDeviceImportPreservesDraftWithoutWritableContinuation]' started.
Test Case '-[NeuroForgeTests.ExactSessionContinuityTests testCrossDeviceImportPreservesDraftWithoutWritableContinuation]' passed (0.018 seconds).
Test Case '-[NeuroForgeTests.ExactSessionContinuityTests testEndFromUnscoredConfidenceRetainsDraftAndDoesNotPublishFailedSummary]' started.
Test Case '-[NeuroForgeTests.ExactSessionContinuityTests testEndFromUnscoredConfidenceRetainsDraftAndDoesNotPublishFailedSummary]' passed (0.015 seconds).
Test Case '-[NeuroForgeTests.ExactSessionContinuityTests testEndingAnAcknowledgedProtectedSkipDoesNotSelectOrConsumeAnotherQuestion]' started.
Test Case '-[NeuroForgeTests.ExactSessionContinuityTests testEndingAnAcknowledgedProtectedSkipDoesNotSelectOrConsumeAnotherQuestion]' passed (0.065 seconds).
Test Case '-[NeuroForgeTests.ExactSessionContinuityTests testEndingPreparedProtectedAnswerCannotAbandonIntentAndCommitsOnceBeforeSummary]' started.
Test Case '-[NeuroForgeTests.ExactSessionContinuityTests testEndingPreparedProtectedAnswerCannotAbandonIntentAndCommitsOnceBeforeSummary]' passed (0.066 seconds).
Test Case '-[NeuroForgeTests.ExactSessionContinuityTests testExactSnapshotIsAvailableForTypedHistoryAndLocalDeletionIncludesIt]' started.
Test Case '-[NeuroForgeTests.ExactSessionContinuityTests testExactSnapshotIsAvailableForTypedHistoryAndLocalDeletionIncludesIt]' passed (0.013 seconds).
Test Case '-[NeuroForgeTests.ExactSessionContinuityTests testFailedCloseDiscardsOnlyUnsavedMemoryAndCannotAutosaveAfterDiscard]' started.
Test Case '-[NeuroForgeTests.ExactSessionContinuityTests testFailedCloseDiscardsOnlyUnsavedMemoryAndCannotAutosaveAfterDiscard]' passed (0.014 seconds).
Test Case '-[NeuroForgeTests.ExactSessionContinuityTests testGeneratedDiscardCannotBeResavedByDisappearanceAndPendingCommitResumesOnce]' started.
Test Case '-[NeuroForgeTests.ExactSessionContinuityTests testGeneratedDiscardCannotBeResavedByDisappearanceAndPendingCommitResumesOnce]' passed (0.042 seconds).
Test Case '-[NeuroForgeTests.ExactSessionContinuityTests testLocalAcknowledgementSurvivesSecondaryAdapterFailureAndChangedDraftDoesNot]' started.
Test Case '-[NeuroForgeTests.ExactSessionContinuityTests testLocalAcknowledgementSurvivesSecondaryAdapterFailureAndChangedDraftDoesNot]' passed (0.011 seconds).
Test Case '-[NeuroForgeTests.ExactSessionContinuityTests testMatchingReceiptCallbackLosingAuthorityCannotPublishScoredOrUnscoredFeedback]' started.
Test Case '-[NeuroForgeTests.ExactSessionContinuityTests testMatchingReceiptCallbackLosingAuthorityCannotPublishScoredOrUnscoredFeedback]' passed (0.002 seconds).
Test Case '-[NeuroForgeTests.ExactSessionContinuityTests testMonotonicTimePreservesSegmentsAcrossSuspensionAndWallClockJump]' started.
Test Case '-[NeuroForgeTests.ExactSessionContinuityTests testMonotonicTimePreservesSegmentsAcrossSuspensionAndWallClockJump]' passed (0.019 seconds).
Test Case '-[NeuroForgeTests.ExactSessionContinuityTests testNativeCloseCommandDismissesOwnedPresentationThenAsksOriginalWindowDelegate]' started.
Test Case '-[NeuroForgeTests.ExactSessionContinuityTests testNativeCloseCommandDismissesOwnedPresentationThenAsksOriginalWindowDelegate]' passed (0.115 seconds).
Test Case '-[NeuroForgeTests.ExactSessionContinuityTests testNativeQuitAcknowledgesWriterAndWindowTeardownWithoutSwiftUIDisappearance]' started.
Test Case '-[NeuroForgeTests.ExactSessionContinuityTests testNativeQuitAcknowledgesWriterAndWindowTeardownWithoutSwiftUIDisappearance]' passed (0.024 seconds).
Test Case '-[NeuroForgeTests.ExactSessionContinuityTests testNativeQuitCommandKeepsEveryPresentationIfAnySaveFailsThenClosesBeforeTerminating]' started.
Test Case '-[NeuroForgeTests.ExactSessionContinuityTests testNativeQuitCommandKeepsEveryPresentationIfAnySaveFailsThenClosesBeforeTerminating]' passed (0.001 seconds).
Test Case '-[NeuroForgeTests.ExactSessionContinuityTests testNewUnpreparedPresentationCancelsQuitAndGetsItsOwnFreshSaveDecision]' started.
Test Case '-[NeuroForgeTests.ExactSessionContinuityTests testNewUnpreparedPresentationCancelsQuitAndGetsItsOwnFreshSaveDecision]' passed (0.001 seconds).
Test Case '-[NeuroForgeTests.ExactSessionContinuityTests testNumericEquivalentEditsRetainConfidenceAndMeaningfulEditsClearIt]' started.
Test Case '-[NeuroForgeTests.ExactSessionContinuityTests testNumericEquivalentEditsRetainConfidenceAndMeaningfulEditsClearIt]' passed (0.013 seconds).
Test Case '-[NeuroForgeTests.ExactSessionContinuityTests testOverlappingWindowRegistrationsKeepOneProxyAndRestoreOriginalDelegateInEitherOrder]' started.
Test Case '-[NeuroForgeTests.ExactSessionContinuityTests testOverlappingWindowRegistrationsKeepOneProxyAndRestoreOriginalDelegateInEitherOrder]' passed (0.007 seconds).
Test Case '-[NeuroForgeTests.ExactSessionContinuityTests testPreparedAnswerRecoversAfterAttemptWriteWithoutDuplicateResult]' started.
Test Case '-[NeuroForgeTests.ExactSessionContinuityTests testPreparedAnswerRecoversAfterAttemptWriteWithoutDuplicateResult]' passed (0.018 seconds).
Test Case '-[NeuroForgeTests.ExactSessionContinuityTests testPreparedSkipRecoversAfterAttemptWriteWithoutReansweringSlot]' started.
Test Case '-[NeuroForgeTests.ExactSessionContinuityTests testPreparedSkipRecoversAfterAttemptWriteWithoutReansweringSlot]' passed (0.020 seconds).
Test Case '-[NeuroForgeTests.ExactSessionContinuityTests testPreparedSourceSelfCheckColdRetryCommitsWithoutRepeatingReveal]' started.
Test Case '-[NeuroForgeTests.ExactSessionContinuityTests testPreparedSourceSelfCheckColdRetryCommitsWithoutRepeatingReveal]' passed (0.029 seconds).
Test Case '-[NeuroForgeTests.ExactSessionContinuityTests testProtectedMinimalReceiptAndOldCommittedReceiptResumeWithoutRegrading]' started.
Test Case '-[NeuroForgeTests.ExactSessionContinuityTests testProtectedMinimalReceiptAndOldCommittedReceiptResumeWithoutRegrading]' passed (0.091 seconds).
Test Case '-[NeuroForgeTests.ExactSessionContinuityTests testProtectedNextRealFailedWriteRetainsPriorQuestionAndReceiptUntilExactAcceptance]' started.
Test Case '-[NeuroForgeTests.ExactSessionContinuityTests testProtectedNextRealFailedWriteRetainsPriorQuestionAndReceiptUntilExactAcceptance]' passed (0.085 seconds).
Test Case '-[NeuroForgeTests.ExactSessionContinuityTests testProtectedPreparedCommitColdReplayUsesMinimalFrozenReceiptWithoutAttempt]' started.
Test Case '-[NeuroForgeTests.ExactSessionContinuityTests testProtectedPreparedCommitColdReplayUsesMinimalFrozenReceiptWithoutAttempt]' passed (0.094 seconds).
Test Case '-[NeuroForgeTests.ExactSessionContinuityTests testProtectedReceiptBeforeOwnershipLossRemainsMinimalAndReplaysWithoutAnotherScore]' started.
Test Case '-[NeuroForgeTests.ExactSessionContinuityTests testProtectedReceiptBeforeOwnershipLossRemainsMinimalAndReplaysWithoutAnotherScore]' passed (0.059 seconds).
Test Case '-[NeuroForgeTests.ExactSessionContinuityTests testProtectedSittingStopAndRestartPersistBeforeSummaryResetOrNextQuestion]' started.
Test Case '-[NeuroForgeTests.ExactSessionContinuityTests testProtectedSittingStopAndRestartPersistBeforeSummaryResetOrNextQuestion]' passed (0.092 seconds).
Test Case '-[NeuroForgeTests.ExactSessionContinuityTests testProtectedSkipFailureColdReplayKeepsOneUnscoredReceiptAndSelectionExposure]' started.
Test Case '-[NeuroForgeTests.ExactSessionContinuityTests testProtectedSkipFailureColdReplayKeepsOneUnscoredReceiptAndSelectionExposure]' passed (0.102 seconds).
Test Case '-[NeuroForgeTests.ExactSessionContinuityTests testQuestionThreeDraftRestoresExactIdentitySnapshotHintsAndPositionAfterRepositoryReload]' started.
Test Case '-[NeuroForgeTests.ExactSessionContinuityTests testQuestionThreeDraftRestoresExactIdentitySnapshotHintsAndPositionAfterRepositoryReload]' passed (0.052 seconds).
Test Case '-[NeuroForgeTests.ExactSessionContinuityTests testReceiptWriteThenWriterABADoesNotPublishOldFeedbackAndRetryUsesOneReceipt]' started.
Test Case '-[NeuroForgeTests.ExactSessionContinuityTests testReceiptWriteThenWriterABADoesNotPublishOldFeedbackAndRetryUsesOneReceipt]' passed (0.016 seconds).
Test Case '-[NeuroForgeTests.ExactSessionContinuityTests testRepeatedSubmitCommitsOnceWithNoMandatoryReflection]' started.
Test Case '-[NeuroForgeTests.ExactSessionContinuityTests testRepeatedSubmitCommitsOnceWithNoMandatoryReflection]' passed (0.014 seconds).
Test Case '-[NeuroForgeTests.ExactSessionContinuityTests testRepositoryFailureKeepsPreviousAcknowledgementAndDraft]' started.
Test Case '-[NeuroForgeTests.ExactSessionContinuityTests testRepositoryFailureKeepsPreviousAcknowledgementAndDraft]' passed (0.010 seconds).
Test Case '-[NeuroForgeTests.ExactSessionContinuityTests testSameWriterCannotOverwriteAnUnacknowledgedNewerEnvelopeRevision]' started.
Test Case '-[NeuroForgeTests.ExactSessionContinuityTests testSameWriterCannotOverwriteAnUnacknowledgedNewerEnvelopeRevision]' passed (0.014 seconds).
Test Case '-[NeuroForgeTests.ExactSessionContinuityTests testSavedFeedbackDoesNotAdvanceOrRescoreUntilNext]' started.
Test Case '-[NeuroForgeTests.ExactSessionContinuityTests testSavedFeedbackDoesNotAdvanceOrRescoreUntilNext]' passed (0.022 seconds).
Test Case '-[NeuroForgeTests.ExactSessionContinuityTests testSelfCheckLocksRecallAtComparisonButAllowsRatingUntilCommit]' started.
Test Case '-[NeuroForgeTests.ExactSessionContinuityTests testSelfCheckLocksRecallAtComparisonButAllowsRatingUntilCommit]' passed (0.014 seconds).
Test Case '-[NeuroForgeTests.ExactSessionContinuityTests testSessionCommandCannotBeRevivedByReacquiringTheSameRuntimeWriter]' started.
Test Case '-[NeuroForgeTests.ExactSessionContinuityTests testSessionCommandCannotBeRevivedByReacquiringTheSameRuntimeWriter]' passed (0.012 seconds).
Test Case '-[NeuroForgeTests.ExactSessionContinuityTests testSourceSelfCheckReceiptKeepsOriginalReferenceAndNeutralEvidenceAfterWriterLoss]' started.
Test Case '-[NeuroForgeTests.ExactSessionContinuityTests testSourceSelfCheckReceiptKeepsOriginalReferenceAndNeutralEvidenceAfterWriterLoss]' passed (0.011 seconds).
Test Case '-[NeuroForgeTests.ExactSessionContinuityTests testSubmittedResponseLocksUntilAnAcknowledgedNextQuestion]' started.
Test Case '-[NeuroForgeTests.ExactSessionContinuityTests testSubmittedResponseLocksUntilAnAcknowledgedNextQuestion]' passed (0.021 seconds).
Test Case '-[NeuroForgeTests.ExactSessionContinuityTests testTestScopedPreferencesDoNotMutateLearnerPersistentDefaults]' started.
Test Case '-[NeuroForgeTests.ExactSessionContinuityTests testTestScopedPreferencesDoNotMutateLearnerPersistentDefaults]' passed (0.003 seconds).
Test Case '-[NeuroForgeTests.ExactSessionContinuityTests testUnknownVersionDoesNotOverwriteOriginalFile]' started.
Test Case '-[NeuroForgeTests.ExactSessionContinuityTests testUnknownVersionDoesNotOverwriteOriginalFile]' passed (0.002 seconds).
Test Case '-[NeuroForgeTests.ExactSessionContinuityTests testWindowTakeoverRequiresPriorCheckpointAndRevokesStaleWriter]' started.
Test Case '-[NeuroForgeTests.ExactSessionContinuityTests testWindowTakeoverRequiresPriorCheckpointAndRevokesStaleWriter]' passed (0.000 seconds).
Test Suite 'ExactSessionContinuityTests' passed at 2026-09-05 15:57:39.587.
	 Executed 44 tests, with 0 failures (0 unexpected) in 1.400 (1.411) seconds
Test Suite 'FocusedQuizRotationIntegrationTests' started at 2026-09-05 15:57:39.588.
Test Case '-[NeuroForgeTests.FocusedQuizRotationIntegrationTests testAbandoningMixedQuizReservesDisjointQuestionsForRelaunch]' started.
Test Case '-[NeuroForgeTests.FocusedQuizRotationIntegrationTests testAbandoningMixedQuizReservesDisjointQuestionsForRelaunch]' passed (4.163 seconds).
Test Case '-[NeuroForgeTests.FocusedQuizRotationIntegrationTests testAbandoningSelectedActivityChangesLaunchSeed]' started.
Test Case '-[NeuroForgeTests.FocusedQuizRotationIntegrationTests testAbandoningSelectedActivityChangesLaunchSeed]' passed (0.019 seconds).
Test Case '-[NeuroForgeTests.FocusedQuizRotationIntegrationTests testAcceptedCountAlternativeUsesCanonicalFiveQuestionPlanAndRetainsLaunchContract]' started.
Test Case '-[NeuroForgeTests.FocusedQuizRotationIntegrationTests testAcceptedCountAlternativeUsesCanonicalFiveQuestionPlanAndRetainsLaunchContract]' passed (0.049 seconds).
Test Case '-[NeuroForgeTests.FocusedQuizRotationIntegrationTests testAdaptiveAcceptanceAuthenticatesContractAndRejectsExtraConsumedPositions]' started.
Test Case '-[NeuroForgeTests.FocusedQuizRotationIntegrationTests testAdaptiveAcceptanceAuthenticatesContractAndRejectsExtraConsumedPositions]' passed (0.012 seconds).
Test Case '-[NeuroForgeTests.FocusedQuizRotationIntegrationTests testAdaptiveDurationChoiceDoesNotConsumeUntilExactCountAlternativeIsAccepted]' started.
Test Case '-[NeuroForgeTests.FocusedQuizRotationIntegrationTests testAdaptiveDurationChoiceDoesNotConsumeUntilExactCountAlternativeIsAccepted]' passed (0.016 seconds).
Test Case '-[NeuroForgeTests.FocusedQuizRotationIntegrationTests testAdaptiveExclusionLeavesHoleAndAbandonmentDoesNotReturnAcceptedPosition]' started.
Test Case '-[NeuroForgeTests.FocusedQuizRotationIntegrationTests testAdaptiveExclusionLeavesHoleAndAbandonmentDoesNotReturnAcceptedPosition]' passed (0.018 seconds).
Test Case '-[NeuroForgeTests.FocusedQuizRotationIntegrationTests testAdaptiveFailedPublicationAndChangedEligibilityRetainUnconsumedPredecessor]' started.
Test Case '-[NeuroForgeTests.FocusedQuizRotationIntegrationTests testAdaptiveFailedPublicationAndChangedEligibilityRetainUnconsumedPredecessor]' passed (0.010 seconds).
Test Case '-[NeuroForgeTests.FocusedQuizRotationIntegrationTests testAdaptivePortableRecoveryCannotMintAuthorityAndDeletionRetainsConsumption]' started.
Test Case '-[NeuroForgeTests.FocusedQuizRotationIntegrationTests testAdaptivePortableRecoveryCannotMintAuthorityAndDeletionRetainsConsumption]' passed (0.012 seconds).
Test Case '-[NeuroForgeTests.FocusedQuizRotationIntegrationTests testAdaptiveRepeatedReplaceThenNextKeepsQuestionCountAndColdExactPath]' started.
Test Case '-[NeuroForgeTests.FocusedQuizRotationIntegrationTests testAdaptiveRepeatedReplaceThenNextKeepsQuestionCountAndColdExactPath]' passed (0.094 seconds).
Test Case '-[NeuroForgeTests.FocusedQuizRotationIntegrationTests testAdaptiveReplaceBusyPublicationAndEligibilityChangePreserveOriginalAndSameRetry]' started.
Test Case '-[NeuroForgeTests.FocusedQuizRotationIntegrationTests testAdaptiveReplaceBusyPublicationAndEligibilityChangePreserveOriginalAndSameRetry]' passed (0.022 seconds).
Test Case '-[NeuroForgeTests.FocusedQuizRotationIntegrationTests testAdaptiveReplaceFiniteTailShortageRetainsDraftAndDoesNotRerollEpoch]' started.
Test Case '-[NeuroForgeTests.FocusedQuizRotationIntegrationTests testAdaptiveReplaceFiniteTailShortageRetainsDraftAndDoesNotRerollEpoch]' passed (0.075 seconds).
Test Case '-[NeuroForgeTests.FocusedQuizRotationIntegrationTests testAdaptiveReplaceRetainsUnsubmittedDraftAssistanceAndKnownTimeWithoutScoring]' started.
Test Case '-[NeuroForgeTests.FocusedQuizRotationIntegrationTests testAdaptiveReplaceRetainsUnsubmittedDraftAssistanceAndKnownTimeWithoutScoring]' passed (0.037 seconds).
Test Case '-[NeuroForgeTests.FocusedQuizRotationIntegrationTests testAdaptiveReplaceRetryIsIdempotentAndCannotRewriteRetiredOrCurrentDraft]' started.
Test Case '-[NeuroForgeTests.FocusedQuizRotationIntegrationTests testAdaptiveReplaceRetryIsIdempotentAndCannotRewriteRetiredOrCurrentDraft]' passed (0.019 seconds).
Test Case '-[NeuroForgeTests.FocusedQuizRotationIntegrationTests testAdaptiveRetiredDraftPortableRecoveryAndDeletionTraverseWholePath]' started.
Test Case '-[NeuroForgeTests.FocusedQuizRotationIntegrationTests testAdaptiveRetiredDraftPortableRecoveryAndDeletionTraverseWholePath]' passed (0.024 seconds).
Test Case '-[NeuroForgeTests.FocusedQuizRotationIntegrationTests testAdaptiveRuntimeNextRetainsPriorSlotAndColdResumesExactNextQuestion]' started.
Test Case '-[NeuroForgeTests.FocusedQuizRotationIntegrationTests testAdaptiveRuntimeNextRetainsPriorSlotAndColdResumesExactNextQuestion]' passed (0.056 seconds).
Test Case '-[NeuroForgeTests.FocusedQuizRotationIntegrationTests testAdaptiveSchemaOneReceiptCanReplaceWhileFutureOperationRemainsRecoveryOnly]' started.
Test Case '-[NeuroForgeTests.FocusedQuizRotationIntegrationTests testAdaptiveSchemaOneReceiptCanReplaceWhileFutureOperationRemainsRecoveryOnly]' passed (0.033 seconds).
Test Case '-[NeuroForgeTests.FocusedQuizRotationIntegrationTests testAdaptiveSkipAndSolutionRevealRecordDistinctOutcomesBeforeNextAcceptance]' started.
Test Case '-[NeuroForgeTests.FocusedQuizRotationIntegrationTests testAdaptiveSkipAndSolutionRevealRecordDistinctOutcomesBeforeNextAcceptance]' passed (0.086 seconds).
Test Case '-[NeuroForgeTests.FocusedQuizRotationIntegrationTests testAdaptiveSpeculationCASAndRepreparationPreserveExactBankPermutation]' started.
Test Case '-[NeuroForgeTests.FocusedQuizRotationIntegrationTests testAdaptiveSpeculationCASAndRepreparationPreserveExactBankPermutation]' passed (0.019 seconds).
Test Case '-[NeuroForgeTests.FocusedQuizRotationIntegrationTests testArchiveRefreshRejectsDuplicateRunsAndBoundsFilesThatGrowAfterInitialization]' started.
Test Case '-[NeuroForgeTests.FocusedQuizRotationIntegrationTests testArchiveRefreshRejectsDuplicateRunsAndBoundsFilesThatGrowAfterInitialization]' passed (0.015 seconds).
Test Case '-[NeuroForgeTests.FocusedQuizRotationIntegrationTests testCancellingMinuteOnlyChoiceDoesNotConsumeMixedOrActivityRotation]' started.
Test Case '-[NeuroForgeTests.FocusedQuizRotationIntegrationTests testCancellingMinuteOnlyChoiceDoesNotConsumeMixedOrActivityRotation]' passed (0.028 seconds).
Test Case '-[NeuroForgeTests.FocusedQuizRotationIntegrationTests testCompetingFileLockFailsBeforePublicationAndSameCommandRetriesAfterRelease]' started.
Test Case '-[NeuroForgeTests.FocusedQuizRotationIntegrationTests testCompetingFileLockFailsBeforePublicationAndSameCommandRetriesAfterRelease]' passed (0.021 seconds).
Test Case '-[NeuroForgeTests.FocusedQuizRotationIntegrationTests testCountAlternativeBootstrapFailureKeepsOriginalChoiceAndRetriesOnce]' started.
Test Case '-[NeuroForgeTests.FocusedQuizRotationIntegrationTests testCountAlternativeBootstrapFailureKeepsOriginalChoiceAndRetriesOnce]' passed (0.021 seconds).
Test Case '-[NeuroForgeTests.FocusedQuizRotationIntegrationTests testDefaultMixedLaunchAcceptsOnlyOnePositionAndReplaysWithoutNewExposure]' started.
Test Case '-[NeuroForgeTests.FocusedQuizRotationIntegrationTests testDefaultMixedLaunchAcceptsOnlyOnePositionAndReplaysWithoutNewExposure]' passed (0.015 seconds).
Test Case '-[NeuroForgeTests.FocusedQuizRotationIntegrationTests testExcludedFirstFixedDescriptorLeavesUnconsumedHoleAndReinstatementKeepsItsIdentity]' started.
Test Case '-[NeuroForgeTests.FocusedQuizRotationIntegrationTests testExcludedFirstFixedDescriptorLeavesUnconsumedHoleAndReinstatementKeepsItsIdentity]' passed (0.025 seconds).
Test Case '-[NeuroForgeTests.FocusedQuizRotationIntegrationTests testExcludedLaterFixedPlanSlotDoesNotSubstituteAnotherSeedOrReplaceFeedback]' started.
Test Case '-[NeuroForgeTests.FocusedQuizRotationIntegrationTests testExcludedLaterFixedPlanSlotDoesNotSubstituteAnotherSeedOrReplaceFeedback]' passed (0.071 seconds).
Test Case '-[NeuroForgeTests.FocusedQuizRotationIntegrationTests testFailedAtomicPublicationConsumesNothingAndSameProposalCanRetry]' started.
Test Case '-[NeuroForgeTests.FocusedQuizRotationIntegrationTests testFailedAtomicPublicationConsumesNothingAndSameProposalCanRetry]' passed (0.013 seconds).
Test Case '-[NeuroForgeTests.FocusedQuizRotationIntegrationTests testFiveQuestionAlternativeReportsFiniteFamilyExhaustionWithoutFakeCompletion]' started.
Test Case '-[NeuroForgeTests.FocusedQuizRotationIntegrationTests testFiveQuestionAlternativeReportsFiniteFamilyExhaustionWithoutFakeCompletion]' passed (0.056 seconds).
Test Case '-[NeuroForgeTests.FocusedQuizRotationIntegrationTests testFixedBlockShortageAtAnIneligibleEpochTailPublishesNoPartialLaunch]' started.
Test Case '-[NeuroForgeTests.FocusedQuizRotationIntegrationTests testFixedBlockShortageAtAnIneligibleEpochTailPublishesNoPartialLaunch]' passed (0.062 seconds).
Test Case '-[NeuroForgeTests.FocusedQuizRotationIntegrationTests testFixedLaunchAtomicallyPublishesExactRunAndLeavesLegacyStoreReadOnly]' started.
Test Case '-[NeuroForgeTests.FocusedQuizRotationIntegrationTests testFixedLaunchAtomicallyPublishesExactRunAndLeavesLegacyStoreReadOnly]' passed (0.020 seconds).
Test Case '-[NeuroForgeTests.FocusedQuizRotationIntegrationTests testFixedLaunchCommandReplayKeepsOriginalRunAndRejectsChangedConfiguration]' started.
Test Case '-[NeuroForgeTests.FocusedQuizRotationIntegrationTests testFixedLaunchCommandReplayKeepsOriginalRunAndRejectsChangedConfiguration]' passed (0.018 seconds).
Test Case '-[NeuroForgeTests.FocusedQuizRotationIntegrationTests testFutureOrdinaryDeliveryPinRemainsRetainedAndUnavailableAfterColdLoad]' started.
Test Case '-[NeuroForgeTests.FocusedQuizRotationIntegrationTests testFutureOrdinaryDeliveryPinRemainsRetainedAndUnavailableAfterColdLoad]' passed (0.011 seconds).
Test Case '-[NeuroForgeTests.FocusedQuizRotationIntegrationTests testLaunchAuthorityIsNotPortableAndDeletionTombstonePreventsResurrection]' started.
Test Case '-[NeuroForgeTests.FocusedQuizRotationIntegrationTests testLaunchAuthorityIsNotPortableAndDeletionTombstonePreventsResurrection]' passed (0.011 seconds).
Test Case '-[NeuroForgeTests.FocusedQuizRotationIntegrationTests testLegacyMigrationPreservesEpochBoundaryAndNeverConsultsLegacyAfterBootstrap]' started.
Test Case '-[NeuroForgeTests.FocusedQuizRotationIntegrationTests testLegacyMigrationPreservesEpochBoundaryAndNeverConsultsLegacyAfterBootstrap]' passed (0.093 seconds).
Test Case '-[NeuroForgeTests.FocusedQuizRotationIntegrationTests testLegacySourceChangedDuringPreparationRejectsAtomicBootstrap]' started.
Test Case '-[NeuroForgeTests.FocusedQuizRotationIntegrationTests testLegacySourceChangedDuringPreparationRejectsAtomicBootstrap]' passed (0.015 seconds).
Test Case '-[NeuroForgeTests.FocusedQuizRotationIntegrationTests testLoadRejectsBrokenLaunchReceiptReferenceWithoutOverwritingRecoveryFile]' started.
Test Case '-[NeuroForgeTests.FocusedQuizRotationIntegrationTests testLoadRejectsBrokenLaunchReceiptReferenceWithoutOverwritingRecoveryFile]' passed (0.016 seconds).
Test Case '-[NeuroForgeTests.FocusedQuizRotationIntegrationTests testMixedTenAndTwentyQuestionRunsGenerateUniqueQuestionFingerprints]' started.
Test Case '-[NeuroForgeTests.FocusedQuizRotationIntegrationTests testMixedTenAndTwentyQuestionRunsGenerateUniqueQuestionFingerprints]' passed (12.137 seconds).
Test Case '-[NeuroForgeTests.FocusedQuizRotationIntegrationTests testOneHundredTenQuestionLaunchesCoverFullLabBankBeforeAnyRepeat]' started.
Test Case '-[NeuroForgeTests.FocusedQuizRotationIntegrationTests testOneHundredTenQuestionLaunchesCoverFullLabBankBeforeAnyRepeat]' passed (19.068 seconds).
Test Case '-[NeuroForgeTests.FocusedQuizRotationIntegrationTests testSameDeviceRestoredRunWithoutLaunchReceiptCannotBeAcceptedAsDuplicate]' started.
Test Case '-[NeuroForgeTests.FocusedQuizRotationIntegrationTests testSameDeviceRestoredRunWithoutLaunchReceiptCannotBeAcceptedAsDuplicate]' passed (0.038 seconds).
Test Case '-[NeuroForgeTests.FocusedQuizRotationIntegrationTests testSelectedActivitiesStayInTheirFamilyAndStopBeforeRepeatingWhenFinitePoolExhausts]' started.
/Users/takamimarsh/Developer/Projects/Zacro Tech/NeuroForge/Tests/FocusedQuizRotationIntegrationTests.swift:1582: error: -[NeuroForgeTests.FocusedQuizRotationIntegrationTests testSelectedActivitiesStayInTheirFamilyAndStopBeforeRepeatingWhenFinitePoolExhausts] : XCTAssertTrue failed - Unexpected family: nf.fallback.spatial.practice.v4.rotation.labeled-faces for nf.default.spatial.object-rotation
/Users/takamimarsh/Developer/Projects/Zacro Tech/NeuroForge/Tests/FocusedQuizRotationIntegrationTests.swift:1582: error: -[NeuroForgeTests.FocusedQuizRotationIntegrationTests testSelectedActivitiesStayInTheirFamilyAndStopBeforeRepeatingWhenFinitePoolExhausts] : XCTAssertTrue failed - Unexpected family: nf.fallback.spatial.practice.v4.rotation.labeled-faces for nf.default.spatial.object-rotation
/Users/takamimarsh/Developer/Projects/Zacro Tech/NeuroForge/Tests/FocusedQuizRotationIntegrationTests.swift:1582: error: -[NeuroForgeTests.FocusedQuizRotationIntegrationTests testSelectedActivitiesStayInTheirFamilyAndStopBeforeRepeatingWhenFinitePoolExhausts] : XCTAssertTrue failed - Unexpected family: nf.fallback.spatial.practice.v4.rotation.labeled-faces for nf.default.spatial.object-rotation
/Users/takamimarsh/Developer/Projects/Zacro Tech/NeuroForge/Tests/FocusedQuizRotationIntegrationTests.swift:1582: error: -[NeuroForgeTests.FocusedQuizRotationIntegrationTests testSelectedActivitiesStayInTheirFamilyAndStopBeforeRepeatingWhenFinitePoolExhausts] : XCTAssertTrue failed - Unexpected family: nf.fallback.spatial.practice.v4.rotation.labeled-faces for nf.default.spatial.object-rotation
/Users/takamimarsh/Developer/Projects/Zacro Tech/NeuroForge/Tests/FocusedQuizRotationIntegrationTests.swift:1582: error: -[NeuroForgeTests.FocusedQuizRotationIntegrationTests testSelectedActivitiesStayInTheirFamilyAndStopBeforeRepeatingWhenFinitePoolExhausts] : XCTAssertTrue failed - Unexpected family: nf.fallback.spatial.practice.v4.rotation.labeled-faces for nf.default.spatial.object-rotation
/Users/takamimarsh/Developer/Projects/Zacro Tech/NeuroForge/Tests/FocusedQuizRotationIntegrationTests.swift:1582: error: -[NeuroForgeTests.FocusedQuizRotationIntegrationTests testSelectedActivitiesStayInTheirFamilyAndStopBeforeRepeatingWhenFinitePoolExhausts] : XCTAssertTrue failed - Unexpected family: nf.fallback.spatial.practice.v4.rotation.labeled-faces for nf.default.spatial.object-rotation
/Users/takamimarsh/Developer/Projects/Zacro Tech/NeuroForge/Tests/FocusedQuizRotationIntegrationTests.swift:1582: error: -[NeuroForgeTests.FocusedQuizRotationIntegrationTests testSelectedActivitiesStayInTheirFamilyAndStopBeforeRepeatingWhenFinitePoolExhausts] : XCTAssertTrue failed - Unexpected family: nf.fallback.spatial.practice.v4.rotation.labeled-faces for nf.default.spatial.object-rotation
/Users/takamimarsh/Developer/Projects/Zacro Tech/NeuroForge/Tests/FocusedQuizRotationIntegrationTests.swift:1582: error: -[NeuroForgeTests.FocusedQuizRotationIntegrationTests testSelectedActivitiesStayInTheirFamilyAndStopBeforeRepeatingWhenFinitePoolExhausts] : XCTAssertTrue failed - Unexpected family: nf.fallback.spatial.practice.v4.rotation.labeled-faces for nf.default.spatial.object-rotation
/Users/takamimarsh/Developer/Projects/Zacro Tech/NeuroForge/Tests/FocusedQuizRotationIntegrationTests.swift:1582: error: -[NeuroForgeTests.FocusedQuizRotationIntegrationTests testSelectedActivitiesStayInTheirFamilyAndStopBeforeRepeatingWhenFinitePoolExhausts] : XCTAssertTrue failed - Unexpected family: nf.fallback.spatial.practice.v4.rotation.labeled-faces for nf.default.spatial.object-rotation
/Users/takamimarsh/Developer/Projects/Zacro Tech/NeuroForge/Tests/FocusedQuizRotationIntegrationTests.swift:1582: error: -[NeuroForgeTests.FocusedQuizRotationIntegrationTests testSelectedActivitiesStayInTheirFamilyAndStopBeforeRepeatingWhenFinitePoolExhausts] : XCTAssertTrue failed - Unexpected family: nf.fallback.spatial.practice.v4.rotation.labeled-faces for nf.default.spatial.object-rotation
/Users/takamimarsh/Developer/Projects/Zacro Tech/NeuroForge/Tests/FocusedQuizRotationIntegrationTests.swift:1582: error: -[NeuroForgeTests.FocusedQuizRotationIntegrationTests testSelectedActivitiesStayInTheirFamilyAndStopBeforeRepeatingWhenFinitePoolExhausts] : XCTAssertTrue failed - Unexpected family: nf.fallback.spatial.practice.v4.rotation.labeled-faces for nf.default.spatial.object-rotation
/Users/takamimarsh/Developer/Projects/Zacro Tech/NeuroForge/Tests/FocusedQuizRotationIntegrationTests.swift:1582: error: -[NeuroForgeTests.FocusedQuizRotationIntegrationTests testSelectedActivitiesStayInTheirFamilyAndStopBeforeRepeatingWhenFinitePoolExhausts] : XCTAssertTrue failed - Unexpected family: nf.fallback.spatial.practice.v4.rotation.labeled-faces for nf.default.spatial.object-rotation
/Users/takamimarsh/Developer/Projects/Zacro Tech/NeuroForge/Tests/FocusedQuizRotationIntegrationTests.swift:1582: error: -[NeuroForgeTests.FocusedQuizRotationIntegrationTests testSelectedActivitiesStayInTheirFamilyAndStopBeforeRepeatingWhenFinitePoolExhausts] : XCTAssertTrue failed - Unexpected family: nf.fallback.spatial.practice.v4.rotation.labeled-faces for nf.default.spatial.object-rotation
/Users/takamimarsh/Developer/Projects/Zacro Tech/NeuroForge/Tests/FocusedQuizRotationIntegrationTests.swift:1582: error: -[NeuroForgeTests.FocusedQuizRotationIntegrationTests testSelectedActivitiesStayInTheirFamilyAndStopBeforeRepeatingWhenFinitePoolExhausts] : XCTAssertTrue failed - Unexpected family: nf.fallback.spatial.practice.v4.rotation.labeled-faces for nf.default.spatial.object-rotation
/Users/takamimarsh/Developer/Projects/Zacro Tech/NeuroForge/Tests/FocusedQuizRotationIntegrationTests.swift:1582: error: -[NeuroForgeTests.FocusedQuizRotationIntegrationTests testSelectedActivitiesStayInTheirFamilyAndStopBeforeRepeatingWhenFinitePoolExhausts] : XCTAssertTrue failed - Unexpected family: nf.fallback.spatial.practice.v4.rotation.labeled-faces for nf.default.spatial.object-rotation
/Users/takamimarsh/Developer/Projects/Zacro Tech/NeuroForge/Tests/FocusedQuizRotationIntegrationTests.swift:1582: error: -[NeuroForgeTests.FocusedQuizRotationIntegrationTests testSelectedActivitiesStayInTheirFamilyAndStopBeforeRepeatingWhenFinitePoolExhausts] : XCTAssertTrue failed - Unexpected family: nf.fallback.spatial.practice.v4.rotation.labeled-faces for nf.default.spatial.object-rotation
/Users/takamimarsh/Developer/Projects/Zacro Tech/NeuroForge/Tests/FocusedQuizRotationIntegrationTests.swift:1582: error: -[NeuroForgeTests.FocusedQuizRotationIntegrationTests testSelectedActivitiesStayInTheirFamilyAndStopBeforeRepeatingWhenFinitePoolExhausts] : XCTAssertTrue failed - Unexpected family: nf.fallback.spatial.practice.v4.rotation.labeled-faces for nf.default.spatial.object-rotation
/Users/takamimarsh/Developer/Projects/Zacro Tech/NeuroForge/Tests/FocusedQuizRotationIntegrationTests.swift:1582: error: -[NeuroForgeTests.FocusedQuizRotationIntegrationTests testSelectedActivitiesStayInTheirFamilyAndStopBeforeRepeatingWhenFinitePoolExhausts] : XCTAssertTrue failed - Unexpected family: nf.fallback.spatial.practice.v4.rotation.labeled-faces for nf.default.spatial.object-rotation
/Users/takamimarsh/Developer/Projects/Zacro Tech/NeuroForge/Tests/FocusedQuizRotationIntegrationTests.swift:1582: error: -[NeuroForgeTests.FocusedQuizRotationIntegrationTests testSelectedActivitiesStayInTheirFamilyAndStopBeforeRepeatingWhenFinitePoolExhausts] : XCTAssertTrue failed - Unexpected family: nf.fallback.spatial.practice.v4.rotation.labeled-faces for nf.default.spatial.object-rotation
/Users/takamimarsh/Developer/Projects/Zacro Tech/NeuroForge/Tests/FocusedQuizRotationIntegrationTests.swift:1582: error: -[NeuroForgeTests.FocusedQuizRotationIntegrationTests testSelectedActivitiesStayInTheirFamilyAndStopBeforeRepeatingWhenFinitePoolExhausts] : XCTAssertTrue failed - Unexpected family: nf.fallback.spatial.practice.v4.rotation.labeled-faces for nf.default.spatial.object-rotation
/Users/takamimarsh/Developer/Projects/Zacro Tech/NeuroForge/Tests/FocusedQuizRotationIntegrationTests.swift:1582: error: -[NeuroForgeTests.FocusedQuizRotationIntegrationTests testSelectedActivitiesStayInTheirFamilyAndStopBeforeRepeatingWhenFinitePoolExhausts] : XCTAssertTrue failed - Unexpected family: nf.fallback.spatial.practice.v4.orthographic.occupied-footprint for nf.default.spatial.top-view
/Users/takamimarsh/Developer/Projects/Zacro Tech/NeuroForge/Tests/FocusedQuizRotationIntegrationTests.swift:1582: error: -[NeuroForgeTests.FocusedQuizRotationIntegrationTests testSelectedActivitiesStayInTheirFamilyAndStopBeforeRepeatingWhenFinitePoolExhausts] : XCTAssertTrue failed - Unexpected family: nf.fallback.spatial.practice.v4.orthographic.occupied-footprint for nf.default.spatial.top-view
/Users/takamimarsh/Developer/Projects/Zacro Tech/NeuroForge/Tests/FocusedQuizRotationIntegrationTests.swift:1582: error: -[NeuroForgeTests.FocusedQuizRotationIntegrationTests testSelectedActivitiesStayInTheirFamilyAndStopBeforeRepeatingWhenFinitePoolExhausts] : XCTAssertTrue failed - Unexpected family: nf.fallback.spatial.practice.v4.orthographic.occupied-footprint for nf.default.spatial.top-view
/Users/takamimarsh/Developer/Projects/Zacro Tech/NeuroForge/Tests/FocusedQuizRotationIntegrationTests.swift:1582: error: -[NeuroForgeTests.FocusedQuizRotationIntegrationTests testSelectedActivitiesStayInTheirFamilyAndStopBeforeRepeatingWhenFinitePoolExhausts] : XCTAssertTrue failed - Unexpected family: nf.fallback.spatial.practice.v4.orthographic.occupied-footprint for nf.default.spatial.top-view
/Users/takamimarsh/Developer/Projects/Zacro Tech/NeuroForge/Tests/FocusedQuizRotationIntegrationTests.swift:1582: error: -[NeuroForgeTests.FocusedQuizRotationIntegrationTests testSelectedActivitiesStayInTheirFamilyAndStopBeforeRepeatingWhenFinitePoolExhausts] : XCTAssertTrue failed - Unexpected family: nf.fallback.spatial.practice.v4.orthographic.two-view-constraints for nf.default.spatial.top-view
/Users/takamimarsh/Developer/Projects/Zacro Tech/NeuroForge/Tests/FocusedQuizRotationIntegrationTests.swift:1582: error: -[NeuroForgeTests.FocusedQuizRotationIntegrationTests testSelectedActivitiesStayInTheirFamilyAndStopBeforeRepeatingWhenFinitePoolExhausts] : XCTAssertTrue failed - Unexpected family: nf.fallback.spatial.practice.v4.orthographic.two-view-constraints for nf.default.spatial.top-view
/Users/takamimarsh/Developer/Projects/Zacro Tech/NeuroForge/Tests/FocusedQuizRotationIntegrationTests.swift:1582: error: -[NeuroForgeTests.FocusedQuizRotationIntegrationTests testSelectedActivitiesStayInTheirFamilyAndStopBeforeRepeatingWhenFinitePoolExhausts] : XCTAssertTrue failed - Unexpected family: nf.fallback.spatial.practice.v4.orthographic.two-view-constraints for nf.default.spatial.top-view
/Users/takamimarsh/Developer/Projects/Zacro Tech/NeuroForge/Tests/FocusedQuizRotationIntegrationTests.swift:1582: error: -[NeuroForgeTests.FocusedQuizRotationIntegrationTests testSelectedActivitiesStayInTheirFamilyAndStopBeforeRepeatingWhenFinitePoolExhausts] : XCTAssertTrue failed - Unexpected family: nf.fallback.spatial.practice.v4.orthographic.occupied-footprint for nf.default.spatial.top-view
/Users/takamimarsh/Developer/Projects/Zacro Tech/NeuroForge/Tests/FocusedQuizRotationIntegrationTests.swift:1582: error: -[NeuroForgeTests.FocusedQuizRotationIntegrationTests testSelectedActivitiesStayInTheirFamilyAndStopBeforeRepeatingWhenFinitePoolExhausts] : XCTAssertTrue failed - Unexpected family: nf.fallback.spatial.practice.v4.orthographic.occupied-footprint for nf.default.spatial.top-view
/Users/takamimarsh/Developer/Projects/Zacro Tech/NeuroForge/Tests/FocusedQuizRotationIntegrationTests.swift:1582: error: -[NeuroForgeTests.FocusedQuizRotationIntegrationTests testSelectedActivitiesStayInTheirFamilyAndStopBeforeRepeatingWhenFinitePoolExhausts] : XCTAssertTrue failed - Unexpected family: nf.fallback.spatial.practice.v4.orthographic.occupied-footprint for nf.default.spatial.top-view
/Users/takamimarsh/Developer/Projects/Zacro Tech/NeuroForge/Tests/FocusedQuizRotationIntegrationTests.swift:1582: error: -[NeuroForgeTests.FocusedQuizRotationIntegrationTests testSelectedActivitiesStayInTheirFamilyAndStopBeforeRepeatingWhenFinitePoolExhausts] : XCTAssertTrue failed - Unexpected family: nf.fallback.spatial.practice.v4.orthographic.occupied-footprint for nf.default.spatial.top-view
/Users/takamimarsh/Developer/Projects/Zacro Tech/NeuroForge/Tests/FocusedQuizRotationIntegrationTests.swift:1582: error: -[NeuroForgeTests.FocusedQuizRotationIntegrationTests testSelectedActivitiesStayInTheirFamilyAndStopBeforeRepeatingWhenFinitePoolExhausts] : XCTAssertTrue failed - Unexpected family: nf.fallback.spatial.practice.v4.orthographic.occupied-footprint for nf.default.spatial.top-view
/Users/takamimarsh/Developer/Projects/Zacro Tech/NeuroForge/Tests/FocusedQuizRotationIntegrationTests.swift:1582: error: -[NeuroForgeTests.FocusedQuizRotationIntegrationTests testSelectedActivitiesStayInTheirFamilyAndStopBeforeRepeatingWhenFinitePoolExhausts] : XCTAssertTrue failed - Unexpected family: nf.fallback.spatial.practice.v4.orthographic.occupied-footprint for nf.default.spatial.top-view
/Users/takamimarsh/Developer/Projects/Zacro Tech/NeuroForge/Tests/FocusedQuizRotationIntegrationTests.swift:1582: error: -[NeuroForgeTests.FocusedQuizRotationIntegrationTests testSelectedActivitiesStayInTheirFamilyAndStopBeforeRepeatingWhenFinitePoolExhausts] : XCTAssertTrue failed - Unexpected family: nf.fallback.spatial.practice.v4.orthographic.occupied-footprint for nf.default.spatial.top-view
/Users/takamimarsh/Developer/Projects/Zacro Tech/NeuroForge/Tests/FocusedQuizRotationIntegrationTests.swift:1582: error: -[NeuroForgeTests.FocusedQuizRotationIntegrationTests testSelectedActivitiesStayInTheirFamilyAndStopBeforeRepeatingWhenFinitePoolExhausts] : XCTAssertTrue failed - Unexpected family: nf.fallback.spatial.practice.v4.orthographic.two-view-constraints for nf.default.spatial.top-view
/Users/takamimarsh/Developer/Projects/Zacro Tech/NeuroForge/Tests/FocusedQuizRotationIntegrationTests.swift:1582: error: -[NeuroForgeTests.FocusedQuizRotationIntegrationTests testSelectedActivitiesStayInTheirFamilyAndStopBeforeRepeatingWhenFinitePoolExhausts] : XCTAssertTrue failed - Unexpected family: nf.fallback.spatial.practice.v4.orthographic.occupied-footprint for nf.default.spatial.top-view
/Users/takamimarsh/Developer/Projects/Zacro Tech/NeuroForge/Tests/FocusedQuizRotationIntegrationTests.swift:1582: error: -[NeuroForgeTests.FocusedQuizRotationIntegrationTests testSelectedActivitiesStayInTheirFamilyAndStopBeforeRepeatingWhenFinitePoolExhausts] : XCTAssertTrue failed - Unexpected family: nf.fallback.spatial.practice.v4.orthographic.two-view-constraints for nf.default.spatial.top-view
/Users/takamimarsh/Developer/Projects/Zacro Tech/NeuroForge/Tests/FocusedQuizRotationIntegrationTests.swift:1582: error: -[NeuroForgeTests.FocusedQuizRotationIntegrationTests testSelectedActivitiesStayInTheirFamilyAndStopBeforeRepeatingWhenFinitePoolExhausts] : XCTAssertTrue failed - Unexpected family: nf.fallback.spatial.practice.v4.orthographic.occupied-footprint for nf.default.spatial.top-view
/Users/takamimarsh/Developer/Projects/Zacro Tech/NeuroForge/Tests/FocusedQuizRotationIntegrationTests.swift:1582: error: -[NeuroForgeTests.FocusedQuizRotationIntegrationTests testSelectedActivitiesStayInTheirFamilyAndStopBeforeRepeatingWhenFinitePoolExhausts] : XCTAssertTrue failed - Unexpected family: nf.fallback.spatial.practice.v4.orthographic.occupied-footprint for nf.default.spatial.top-view
/Users/takamimarsh/Developer/Projects/Zacro Tech/NeuroForge/Tests/FocusedQuizRotationIntegrationTests.swift:1582: error: -[NeuroForgeTests.FocusedQuizRotationIntegrationTests testSelectedActivitiesStayInTheirFamilyAndStopBeforeRepeatingWhenFinitePoolExhausts] : XCTAssertTrue failed - Unexpected family: nf.fallback.spatial.practice.v4.orthographic.occupied-footprint for nf.default.spatial.top-view
Test Case '-[NeuroForgeTests.FocusedQuizRotationIntegrationTests testSelectedActivitiesStayInTheirFamilyAndStopBeforeRepeatingWhenFinitePoolExhausts]' failed (6.529 seconds).
Test Case '-[NeuroForgeTests.FocusedQuizRotationIntegrationTests testSparseFixedBlockPersistsExactEligibilityAndReplaysBothProvisionalAndCanonicalRequests]' started.
Test Case '-[NeuroForgeTests.FocusedQuizRotationIntegrationTests testSparseFixedBlockPersistsExactEligibilityAndReplaysBothProvisionalAndCanonicalRequests]' passed (0.037 seconds).
Test Case '-[NeuroForgeTests.FocusedQuizRotationIntegrationTests testStaleIndependentRepositoryCannotPublishDuplicateFixedPositions]' started.
Test Case '-[NeuroForgeTests.FocusedQuizRotationIntegrationTests testStaleIndependentRepositoryCannotPublishDuplicateFixedPositions]' passed (0.026 seconds).
Test Suite 'FocusedQuizRotationIntegrationTests' failed at 2026-09-05 15:58:22.711.
	 Executed 41 tests, with 40 failures (0 unexpected) in 43.106 (43.124) seconds
Test Suite 'GeneratedLifecycleParityTests' started at 2026-09-05 15:58:22.712.
Test Case '-[NeuroForgeTests.GeneratedLifecycleParityTests testColdGeneratedMaximumRevisionDoesNotWrapOrEraseSavedPayload]' started.
Test Case '-[NeuroForgeTests.GeneratedLifecycleParityTests testColdGeneratedMaximumRevisionDoesNotWrapOrEraseSavedPayload]' passed (0.030 seconds).
Test Case '-[NeuroForgeTests.GeneratedLifecycleParityTests testCompletedInventoryKeepsEveryAttemptAndOriginalCompletionScope]' started.
Test Case '-[NeuroForgeTests.GeneratedLifecycleParityTests testCompletedInventoryKeepsEveryAttemptAndOriginalCompletionScope]' passed (0.111 seconds).
Test Case '-[NeuroForgeTests.GeneratedLifecycleParityTests testEarlyEndFailurePreservesEditorUntilDurableTerminalAcknowledgement]' started.
Test Case '-[NeuroForgeTests.GeneratedLifecycleParityTests testEarlyEndFailurePreservesEditorUntilDurableTerminalAcknowledgement]' passed (0.047 seconds).
Test Case '-[NeuroForgeTests.GeneratedLifecycleParityTests testExactLegacyPendingCommitKeepsOriginalRunAndAttemptProtocol]' started.
Test Case '-[NeuroForgeTests.GeneratedLifecycleParityTests testExactLegacyPendingCommitKeepsOriginalRunAndAttemptProtocol]' passed (0.019 seconds).
Test Case '-[NeuroForgeTests.GeneratedLifecycleParityTests testExpiredTemporaryInventoryStillPinsSuspendedRunUntilExplicitEnd]' started.
Test Case '-[NeuroForgeTests.GeneratedLifecycleParityTests testExpiredTemporaryInventoryStillPinsSuspendedRunUntilExplicitEnd]' passed (0.075 seconds).
Test Case '-[NeuroForgeTests.GeneratedLifecycleParityTests testGeneratedCheckpointRetainsCapturedGenerationAcrossRealPrewriteFailureHook]' started.
Test Case '-[NeuroForgeTests.GeneratedLifecycleParityTests testGeneratedCheckpointRetainsCapturedGenerationAcrossRealPrewriteFailureHook]' passed (0.012 seconds).
Test Case '-[NeuroForgeTests.GeneratedLifecycleParityTests testGeneratedReceiptThenWriterLossKeepsPreparedDraftAndColdReconcilesExactlyOnce]' started.
Test Case '-[NeuroForgeTests.GeneratedLifecycleParityTests testGeneratedReceiptThenWriterLossKeepsPreparedDraftAndColdReconcilesExactlyOnce]' passed (0.023 seconds).
Test Case '-[NeuroForgeTests.GeneratedLifecycleParityTests testHintFailureRevealsNoStageAndCapturedSkipCannotSkipTheFollowingItem]' started.
Test Case '-[NeuroForgeTests.GeneratedLifecycleParityTests testHintFailureRevealsNoStageAndCapturedSkipCannotSkipTheFollowingItem]' passed (0.027 seconds).
Test Case '-[NeuroForgeTests.GeneratedLifecycleParityTests testInitialFailedAcknowledgementCannotEditSubmitHintOrStartAnswerClock]' started.
Test Case '-[NeuroForgeTests.GeneratedLifecycleParityTests testInitialFailedAcknowledgementCannotEditSubmitHintOrStartAnswerClock]' passed (0.014 seconds).
Test Case '-[NeuroForgeTests.GeneratedLifecycleParityTests testInitialReferenceAndSelfRatingAreLockedWhilePausedAndCountAsActivity]' started.
Test Case '-[NeuroForgeTests.GeneratedLifecycleParityTests testInitialReferenceAndSelfRatingAreLockedWhilePausedAndCountAsActivity]' passed (0.021 seconds).
Test Case '-[NeuroForgeTests.GeneratedLifecycleParityTests testLegacyGeneratedCommandRejectsABAAndExactPayloadConflictWithoutInventingSlots]' started.
Test Case '-[NeuroForgeTests.GeneratedLifecycleParityTests testLegacyGeneratedCommandRejectsABAAndExactPayloadConflictWithoutInventingSlots]' passed (0.009 seconds).
Test Case '-[NeuroForgeTests.GeneratedLifecycleParityTests testNoDraftStartDoesNotInferRunFromSetHistoryAndRetainedTerminalCannotReopen]' started.
Test Case '-[NeuroForgeTests.GeneratedLifecycleParityTests testNoDraftStartDoesNotInferRunFromSetHistoryAndRetainedTerminalCannotReopen]' passed (0.020 seconds).
Test Case '-[NeuroForgeTests.GeneratedLifecycleParityTests testPreparedResponseCannotBeRewrittenByAValidLookingSameSlotCheckpoint]' started.
Test Case '-[NeuroForgeTests.GeneratedLifecycleParityTests testPreparedResponseCannotBeRewrittenByAValidLookingSameSlotCheckpoint]' passed (0.017 seconds).
Test Case '-[NeuroForgeTests.GeneratedLifecycleParityTests testRealUnwritableFileRetainsInitialIdentityAndCannotPublishOrAdvance]' started.
Test Case '-[NeuroForgeTests.GeneratedLifecycleParityTests testRealUnwritableFileRetainsInitialIdentityAndCannotPublishOrAdvance]' passed (0.032 seconds).
Test Case '-[NeuroForgeTests.GeneratedLifecycleParityTests testSkipFailedNextRetainsOneUnscoredReceiptAndExactDraftThenColdAdvances]' started.
Test Case '-[NeuroForgeTests.GeneratedLifecycleParityTests testSkipFailedNextRetainsOneUnscoredReceiptAndExactDraftThenColdAdvances]' passed (0.039 seconds).
Test Case '-[NeuroForgeTests.GeneratedLifecycleParityTests testTerminalCollectionFailedFileWritePreservesAllOriginalPayloadsForRetry]' started.
Test Case '-[NeuroForgeTests.GeneratedLifecycleParityTests testTerminalCollectionFailedFileWritePreservesAllOriginalPayloadsForRetry]' passed (0.031 seconds).
Test Case '-[NeuroForgeTests.GeneratedLifecycleParityTests testTerminalCollectionSkipsActiveOwnedAndAmbiguousLegacyPayloads]' started.
Test Case '-[NeuroForgeTests.GeneratedLifecycleParityTests testTerminalCollectionSkipsActiveOwnedAndAmbiguousLegacyPayloads]' passed (0.023 seconds).
Test Case '-[NeuroForgeTests.GeneratedLifecycleParityTests testTerminalInventoryCASRejectsTamperedCountsQuestionAndSourceClosure]' started.
Test Case '-[NeuroForgeTests.GeneratedLifecycleParityTests testTerminalInventoryCASRejectsTamperedCountsQuestionAndSourceClosure]' passed (0.038 seconds).
Test Case '-[NeuroForgeTests.GeneratedLifecycleParityTests testTerminalInventoryFailedWriteRetainsFullRunUntilAtomicRetry]' started.
Test Case '-[NeuroForgeTests.GeneratedLifecycleParityTests testTerminalInventoryFailedWriteRetainsFullRunUntilAtomicRetry]' passed (0.031 seconds).
Test Case '-[NeuroForgeTests.GeneratedLifecycleParityTests testTerminalInventoryReleasesFutureQuestionsAndRetainsExactUnfinishedSlotOnColdOpen]' started.
Test Case '-[NeuroForgeTests.GeneratedLifecycleParityTests testTerminalInventoryReleasesFutureQuestionsAndRetainsExactUnfinishedSlotOnColdOpen]' passed (0.055 seconds).
Test Case '-[NeuroForgeTests.GeneratedLifecycleParityTests testTerminalSourceClosureDropsOnlyUnusedChunksAndPreservesReusableCollection]' started.
Test Case '-[NeuroForgeTests.GeneratedLifecycleParityTests testTerminalSourceClosureDropsOnlyUnusedChunksAndPreservesReusableCollection]' passed (0.031 seconds).
Test Case '-[NeuroForgeTests.GeneratedLifecycleParityTests testTerminalSourceClosureRetainsLowercaseDocumentAndUnresolvedLegacyReferences]' started.
Test Case '-[NeuroForgeTests.GeneratedLifecycleParityTests testTerminalSourceClosureRetainsLowercaseDocumentAndUnresolvedLegacyReferences]' passed (0.048 seconds).
Test Case '-[NeuroForgeTests.GeneratedLifecycleParityTests testTwoRunsOfOneSetHaveSeparateAttemptSessionsAndStableNextSlots]' started.
Test Case '-[NeuroForgeTests.GeneratedLifecycleParityTests testTwoRunsOfOneSetHaveSeparateAttemptSessionsAndStableNextSlots]' passed (0.042 seconds).
Test Case '-[NeuroForgeTests.GeneratedLifecycleParityTests testWorkedSolutionWaitsForReceiptAndFeedbackFailureReplaysWithoutGrading]' started.
Test Case '-[NeuroForgeTests.GeneratedLifecycleParityTests testWorkedSolutionWaitsForReceiptAndFeedbackFailureReplaysWithoutGrading]' passed (0.024 seconds).
Test Suite 'GeneratedLifecycleParityTests' passed at 2026-09-05 15:58:23.537.
	 Executed 24 tests, with 0 failures (0 unexpected) in 0.819 (0.825) seconds
Test Suite 'LocalReservationBridgeTests' started at 2026-09-05 15:58:23.537.
Test Case '-[NeuroForgeTests.LocalReservationBridgeTests testAdaptiveNextCannotAppendCurrentContractUnderDifferentGeneratorOrScorerPins]' started.
Test Case '-[NeuroForgeTests.LocalReservationBridgeTests testAdaptiveNextCannotAppendCurrentContractUnderDifferentGeneratorOrScorerPins]' passed (0.032 seconds).
Test Case '-[NeuroForgeTests.LocalReservationBridgeTests testAdaptiveReplacementAuthenticatesOriginalDraftAndCannotReplaceCommittedAnswer]' started.
Test Case '-[NeuroForgeTests.LocalReservationBridgeTests testAdaptiveReplacementAuthenticatesOriginalDraftAndCannotReplaceCommittedAnswer]' passed (0.014 seconds).
Test Case '-[NeuroForgeTests.LocalReservationBridgeTests testFeedbackCommitsOnceAndNextPreservesOriginalSnapshot]' started.
Test Case '-[NeuroForgeTests.LocalReservationBridgeTests testFeedbackCommitsOnceAndNextPreservesOriginalSnapshot]' passed (0.026 seconds).
Test Case '-[NeuroForgeTests.LocalReservationBridgeTests testInitialSaveReservesExactIDsWithoutExposureAndVisibleCallbackIsIdempotent]' started.
Test Case '-[NeuroForgeTests.LocalReservationBridgeTests testInitialSaveReservesExactIDsWithoutExposureAndVisibleCallbackIsIdempotent]' passed (0.012 seconds).
Test Case '-[NeuroForgeTests.LocalReservationBridgeTests testOldResumedQ3CapturesOnlyCurrentSlotWithoutFabricatingEarlierHistory]' started.
Test Case '-[NeuroForgeTests.LocalReservationBridgeTests testOldResumedQ3CapturesOnlyCurrentSlotWithoutFabricatingEarlierHistory]' passed (0.014 seconds).
Test Case '-[NeuroForgeTests.LocalReservationBridgeTests testPersonalAndProtectedSnapshotsNeverEnterOrdinaryLedger]' started.
Test Case '-[NeuroForgeTests.LocalReservationBridgeTests testPersonalAndProtectedSnapshotsNeverEnterOrdinaryLedger]' passed (0.011 seconds).
Test Case '-[NeuroForgeTests.LocalReservationBridgeTests testPreparedSkipDoesNotCommitUntilAdvanceAndRevealRetainsDistinctDisposition]' started.
Test Case '-[NeuroForgeTests.LocalReservationBridgeTests testPreparedSkipDoesNotCommitUntilAdvanceAndRevealRetainsDistinctDisposition]' passed (0.028 seconds).
Test Case '-[NeuroForgeTests.LocalReservationBridgeTests testPresentationPinsHaveExplicitLegacyCompatibilityAndRejectUnknownFutureBeforeNext]' started.
Test Case '-[NeuroForgeTests.LocalReservationBridgeTests testPresentationPinsHaveExplicitLegacyCompatibilityAndRejectUnknownFutureBeforeNext]' passed (0.016 seconds).
Test Case '-[NeuroForgeTests.LocalReservationBridgeTests testTamperedSnapshotOrForeignOwnerCannotRewriteDecision]' started.
Test Case '-[NeuroForgeTests.LocalReservationBridgeTests testTamperedSnapshotOrForeignOwnerCannotRewriteDecision]' passed (0.011 seconds).
Test Suite 'LocalReservationBridgeTests' passed at 2026-09-05 15:58:23.704.
	 Executed 9 tests, with 0 failures (0 unexpected) in 0.165 (0.167) seconds
Test Suite 'LocalizationCatalogTests' started at 2026-09-05 15:58:23.704.
Test Case '-[NeuroForgeTests.LocalizationCatalogTests testAppIntentMetadataDoesNotNameApple]' started.
Test Case '-[NeuroForgeTests.LocalizationCatalogTests testAppIntentMetadataDoesNotNameApple]' passed (0.003 seconds).
Test Case '-[NeuroForgeTests.LocalizationCatalogTests testCentralizedCountAndDurationCopyHandlesSingularPluralRangesAndLocales]' started.
Test Case '-[NeuroForgeTests.LocalizationCatalogTests testCentralizedCountAndDurationCopyHandlesSingularPluralRangesAndLocales]' passed (0.003 seconds).
Test Case '-[NeuroForgeTests.LocalizationCatalogTests testCompositeResponseLabelsLocalizeWithoutChangingCanonicalKeys]' started.
Test Case '-[NeuroForgeTests.LocalizationCatalogTests testCompositeResponseLabelsLocalizeWithoutChangingCanonicalKeys]' passed (0.001 seconds).
Test Case '-[NeuroForgeTests.LocalizationCatalogTests testCurrentComputedQuestionWriterAndSettingsKeysAreManuallyInventoriedAndCataloged]' started.
Test Case '-[NeuroForgeTests.LocalizationCatalogTests testCurrentComputedQuestionWriterAndSettingsKeysAreManuallyInventoriedAndCataloged]' passed (0.165 seconds).
Test Case '-[NeuroForgeTests.LocalizationCatalogTests testDeterministicExercisesHonorRequestedJapaneseLocaleAcrossEveryLab]' started.
Test Case '-[NeuroForgeTests.LocalizationCatalogTests testDeterministicExercisesHonorRequestedJapaneseLocaleAcrossEveryLab]' passed (0.022 seconds).
Test Case '-[NeuroForgeTests.LocalizationCatalogTests testDynamicTitlesHonorExplicitAppLocale]' started.
Test Case '-[NeuroForgeTests.LocalizationCatalogTests testDynamicTitlesHonorExplicitAppLocale]' passed (0.001 seconds).
Test Case '-[NeuroForgeTests.LocalizationCatalogTests testEveryExtractedProductionKeyIsCataloged]' started.
Test Case '-[NeuroForgeTests.LocalizationCatalogTests testEveryExtractedProductionKeyIsCataloged]' passed (0.621 seconds).
Test Case '-[NeuroForgeTests.LocalizationCatalogTests testEveryTranslatableCatalogEntryHasJapaneseAndMatchingPlaceholders]' started.
Test Case '-[NeuroForgeTests.LocalizationCatalogTests testEveryTranslatableCatalogEntryHasJapaneseAndMatchingPlaceholders]' passed (0.234 seconds).
Test Case '-[NeuroForgeTests.LocalizationCatalogTests testJapaneseLocalizationDoesNotChangeDeterministicAuthorityTopology]' started.
Test Case '-[NeuroForgeTests.LocalizationCatalogTests testJapaneseLocalizationDoesNotChangeDeterministicAuthorityTopology]' passed (0.036 seconds).
Test Case '-[NeuroForgeTests.LocalizationCatalogTests testJapaneseMentalMathDomainPacksLocalizeVisibleCopyAndPreserveStableIDs]' started.
Test Case '-[NeuroForgeTests.LocalizationCatalogTests testJapaneseMentalMathDomainPacksLocalizeVisibleCopyAndPreserveStableIDs]' passed (0.022 seconds).
Test Case '-[NeuroForgeTests.LocalizationCatalogTests testLocaleAwareDateFormattingDiffersAcrossSupportedLanguages]' started.
Test Case '-[NeuroForgeTests.LocalizationCatalogTests testLocaleAwareDateFormattingDiffersAcrossSupportedLanguages]' passed (0.003 seconds).
Test Case '-[NeuroForgeTests.LocalizationCatalogTests testNewFirstRunAndQuestionWriterJourneysHaveRealJapaneseCopy]' started.
Test Case '-[NeuroForgeTests.LocalizationCatalogTests testNewFirstRunAndQuestionWriterJourneysHaveRealJapaneseCopy]' passed (0.022 seconds).
Test Case '-[NeuroForgeTests.LocalizationCatalogTests testPersistedDailyPlanPresentationReprojectsForSelectedLocaleWithoutChangingAuthority]' started.
Test Case '-[NeuroForgeTests.LocalizationCatalogTests testPersistedDailyPlanPresentationReprojectsForSelectedLocaleWithoutChangingAuthority]' passed (0.002 seconds).
Test Case '-[NeuroForgeTests.LocalizationCatalogTests testProductionAvoidsProcessLocaleDateConvenienceFormatting]' started.
Test Case '-[NeuroForgeTests.LocalizationCatalogTests testProductionAvoidsProcessLocaleDateConvenienceFormatting]' passed (0.034 seconds).
Test Case '-[NeuroForgeTests.LocalizationCatalogTests testRemovedNativeAndObsoleteConsentCopyIsAbsentFromShippingCatalog]' started.
Test Case '-[NeuroForgeTests.LocalizationCatalogTests testRemovedNativeAndObsoleteConsentCopyIsAbsentFromShippingCatalog]' passed (0.073 seconds).
Test Case '-[NeuroForgeTests.LocalizationCatalogTests testRuntimeComputedLocalizationAlwaysUsesTheExplicitAppBundleResolver]' started.
Test Case '-[NeuroForgeTests.LocalizationCatalogTests testRuntimeComputedLocalizationAlwaysUsesTheExplicitAppBundleResolver]' passed (0.031 seconds).
Test Case '-[NeuroForgeTests.LocalizationCatalogTests testShortcutPhraseMetadataIsCataloged]' started.
Test Case '-[NeuroForgeTests.LocalizationCatalogTests testShortcutPhraseMetadataIsCataloged]' passed (0.001 seconds).
Test Suite 'LocalizationCatalogTests' passed at 2026-09-05 15:58:24.982.
	 Executed 17 tests, with 0 failures (0 unexpected) in 1.274 (1.278) seconds
Test Suite 'LocalizationResidualTests' started at 2026-09-05 15:58:24.982.
Test Case '-[NeuroForgeTests.LocalizationResidualTests testReportHistorySearchIncludesLocaleFormattedCreatedDate]' started.
Test Case '-[NeuroForgeTests.LocalizationResidualTests testReportHistorySearchIncludesLocaleFormattedCreatedDate]' passed (0.004 seconds).
Test Case '-[NeuroForgeTests.LocalizationResidualTests testReportStatusesLocalizeInBothSupportedLanguages]' started.
Test Case '-[NeuroForgeTests.LocalizationResidualTests testReportStatusesLocalizeInBothSupportedLanguages]' passed (0.001 seconds).
Test Case '-[NeuroForgeTests.LocalizationResidualTests testUnknownScoringCodeNeverReachesLearnerFacingCopy]' started.
Test Case '-[NeuroForgeTests.LocalizationResidualTests testUnknownScoringCodeNeverReachesLearnerFacingCopy]' passed (0.001 seconds).
Test Suite 'LocalizationResidualTests' passed at 2026-09-05 15:58:24.989.
	 Executed 3 tests, with 0 failures (0 unexpected) in 0.006 (0.007) seconds
Test Suite 'NeuroForgeTests.xctest' failed at 2026-09-05 15:58:24.989.
	 Executed 189 tests, with 40 failures (0 unexpected) in 84.065 (84.121) seconds
Test Suite 'Selected tests' failed at 2026-09-05 15:58:24.989.
	 Executed 189 tests, with 40 failures (0 unexpected) in 84.065 (84.122) seconds
2026-09-05 15:58:35.821 xcodebuild[35463:5731356] [MT] IDETestOperationsObserverDebug: 99.146 elapsed -- Testing started completed.
2026-09-05 15:58:35.822 xcodebuild[35463:5731356] [MT] IDETestOperationsObserverDebug: 0.000 sec, +0.000 sec -- start
2026-09-05 15:58:35.822 xcodebuild[35463:5731356] [MT] IDETestOperationsObserverDebug: 99.147 sec, +99.147 sec -- end

Test session results, code coverage, and logs:
	/tmp/NeuroForge-improvement-build/Logs/Test/Test-NeuroForge-2026.09.05_15-55-46--0400.xcresult

Failing tests:
	FocusedQuizRotationIntegrationTests.testSelectedActivitiesStayInTheirFamilyAndStopBeforeRepeatingWhenFinitePoolExhausts()
	FocusedQuizRotationIntegrationTests.testSelectedActivitiesStayInTheirFamilyAndStopBeforeRepeatingWhenFinitePoolExhausts()
	FocusedQuizRotationIntegrationTests.testSelectedActivitiesStayInTheirFamilyAndStopBeforeRepeatingWhenFinitePoolExhausts()

** TEST FAILED **

Testing started
